ISO-10303-21;
HEADER;
/* Generated by software containing ST-Developer
 * from STEP Tools, Inc. (www.steptools.com) 
 */

FILE_DESCRIPTION(
/* description */ (''),
/* implementation_level */ '2;1');

FILE_NAME(
/* name */ 'Base insert.step',
/* time_stamp */ '2026-09-18T21:18:50-04:00',
/* author */ (''),
/* organization */ (''),
/* preprocessor_version */ 'ST-DEVELOPER v20.2',
/* originating_system */ 'Autodesk Translation Framework v15.15.0.0',
/* authorisation */ '');

FILE_SCHEMA (('AUTOMOTIVE_DESIGN { 1 0 10303 214 3 1 1 }'));
ENDSEC;

DATA;
#10=MECHANICAL_DESIGN_GEOMETRIC_PRESENTATION_REPRESENTATION('',(#13),#3030);
#11=SHAPE_REPRESENTATION_RELATIONSHIP('SRR','None',#3040,#12);
#12=ADVANCED_BREP_SHAPE_REPRESENTATION('',(#14),#3029);
#13=STYLED_ITEM('',(#3049),#14);
#14=MANIFOLD_SOLID_BREP('Body1',#903);
#15=FACE_BOUND('',#110,.T.);
#16=FACE_BOUND('',#138,.T.);
#17=FACE_BOUND('',#141,.T.);
#18=PLANE('',#941);
#19=PLANE('',#944);
#20=PLANE('',#945);
#21=PLANE('',#946);
#22=PLANE('',#947);
#23=PLANE('',#949);
#24=PLANE('',#952);
#25=PLANE('',#960);
#26=PLANE('',#962);
#27=PLANE('',#968);
#28=PLANE('',#970);
#29=PLANE('',#973);
#30=PLANE('',#977);
#31=B_SPLINE_SURFACE_WITH_KNOTS('',3,3,((#1688,#1689,#1690,#1691,#1692,
#1693,#1694,#1695,#1696,#1697,#1698,#1699,#1700,#1701,#1702,#1703,#1704,
#1705,#1706,#1707,#1708,#1709,#1710,#1711),(#1712,#1713,#1714,#1715,#1716,
#1717,#1718,#1719,#1720,#1721,#1722,#1723,#1724,#1725,#1726,#1727,#1728,
#1729,#1730,#1731,#1732,#1733,#1734,#1735),(#1736,#1737,#1738,#1739,#1740,
#1741,#1742,#1743,#1744,#1745,#1746,#1747,#1748,#1749,#1750,#1751,#1752,
#1753,#1754,#1755,#1756,#1757,#1758,#1759),(#1760,#1761,#1762,#1763,#1764,
#1765,#1766,#1767,#1768,#1769,#1770,#1771,#1772,#1773,#1774,#1775,#1776,
#1777,#1778,#1779,#1780,#1781,#1782,#1783)),.UNSPECIFIED.,.F.,.F.,.F.,(4,
4),(4,1,1,1,1,1,1,1,1,1,1,1,1,1,1,1,1,1,1,1,1,4),(0.,0.102359583925167),
(8.33649834222884,8.82367543107136,9.31085251991389,10.2852066975989,11.259560875284,
12.2339150529691,13.2082692306541,14.1826234083392,15.1569775860242,16.1313317637093,
17.1056859413943,18.0800401190794,19.0543942967644,20.0287484744495,21.0031026521345,
21.9774568298196,22.9518110075046,23.9261651851897,24.9005193628747,25.8748735405598,
26.3620506294023,26.8492277182449),.UNSPECIFIED.);
#32=B_SPLINE_SURFACE_WITH_KNOTS('',3,3,((#1921,#1922,#1923,#1924,#1925,
#1926,#1927,#1928,#1929,#1930,#1931,#1932,#1933,#1934,#1935,#1936,#1937,
#1938,#1939,#1940,#1941,#1942,#1943,#1944),(#1945,#1946,#1947,#1948,#1949,
#1950,#1951,#1952,#1953,#1954,#1955,#1956,#1957,#1958,#1959,#1960,#1961,
#1962,#1963,#1964,#1965,#1966,#1967,#1968),(#1969,#1970,#1971,#1972,#1973,
#1974,#1975,#1976,#1977,#1978,#1979,#1980,#1981,#1982,#1983,#1984,#1985,
#1986,#1987,#1988,#1989,#1990,#1991,#1992),(#1993,#1994,#1995,#1996,#1997,
#1998,#1999,#2000,#2001,#2002,#2003,#2004,#2005,#2006,#2007,#2008,#2009,
#2010,#2011,#2012,#2013,#2014,#2015,#2016)),.UNSPECIFIED.,.F.,.F.,.F.,(4,
4),(4,1,1,1,1,1,1,1,1,1,1,1,1,1,1,1,1,1,1,1,1,4),(0.,0.102359583925167),
(11.6289991029229,12.1161761917654,12.603353280608,13.577707458293,14.5520616359781,
15.5264158136631,16.5007699913482,17.4751241690332,18.4494783467183,19.4238325244033,
20.3981867020884,21.3725408797735,22.3468950574585,23.3212492351436,24.2956034128286,
25.2699575905137,26.2443117681987,27.2186659458838,28.1930201235688,29.1673743012539,
29.6545513900964,30.1417284789389),.UNSPECIFIED.);
#33=B_SPLINE_SURFACE_WITH_KNOTS('',3,3,((#2351,#2352,#2353,#2354,#2355),
(#2356,#2357,#2358,#2359,#2360),(#2361,#2362,#2363,#2364,#2365),(#2366,
#2367,#2368,#2369,#2370)),.UNSPECIFIED.,.F.,.F.,.F.,(4,4),(4,1,4),(0.0234001499826894,
0.07112377966147),(50.5827798455488,51.1978327806794,51.81288571581),
 .UNSPECIFIED.);
#34=B_SPLINE_SURFACE_WITH_KNOTS('',3,3,((#2399,#2400,#2401,#2402,#2403,
#2404),(#2405,#2406,#2407,#2408,#2409,#2410),(#2411,#2412,#2413,#2414,#2415,
#2416),(#2417,#2418,#2419,#2420,#2421,#2422)),.UNSPECIFIED.,.F.,.F.,.F.,
(4,4),(4,1,1,4),(0.,0.07112377966147),(47.441187191959,48.2768531510809,
49.1125191102027,49.9481850693246),.UNSPECIFIED.);
#35=B_SPLINE_SURFACE_WITH_KNOTS('',3,3,((#2439,#2440,#2441,#2442,#2443,
#2444),(#2445,#2446,#2447,#2448,#2449,#2450),(#2451,#2452,#2453,#2454,#2455,
#2456),(#2457,#2458,#2459,#2460,#2461,#2462)),.UNSPECIFIED.,.F.,.F.,.F.,
(4,4),(4,1,1,4),(0.,0.07112377966147),(44.2995945383692,45.1352604974911,
45.9709264566129,46.8065924157347),.UNSPECIFIED.);
#36=B_SPLINE_SURFACE_WITH_KNOTS('',3,3,((#2473,#2474,#2475,#2476,#2477,
#2478,#2479,#2480,#2481,#2482,#2483,#2484,#2485,#2486,#2487,#2488,#2489,
#2490,#2491,#2492,#2493,#2494,#2495,#2496,#2497,#2498,#2499,#2500,#2501,
#2502,#2503,#2504,#2505,#2506,#2507,#2508),(#2509,#2510,#2511,#2512,#2513,
#2514,#2515,#2516,#2517,#2518,#2519,#2520,#2521,#2522,#2523,#2524,#2525,
#2526,#2527,#2528,#2529,#2530,#2531,#2532,#2533,#2534,#2535,#2536,#2537,
#2538,#2539,#2540,#2541,#2542,#2543,#2544),(#2545,#2546,#2547,#2548,#2549,
#2550,#2551,#2552,#2553,#2554,#2555,#2556,#2557,#2558,#2559,#2560,#2561,
#2562,#2563,#2564,#2565,#2566,#2567,#2568,#2569,#2570,#2571,#2572,#2573,
#2574,#2575,#2576,#2577,#2578,#2579,#2580),(#2581,#2582,#2583,#2584,#2585,
#2586,#2587,#2588,#2589,#2590,#2591,#2592,#2593,#2594,#2595,#2596,#2597,
#2598,#2599,#2600,#2601,#2602,#2603,#2604,#2605,#2606,#2607,#2608,#2609,
#2610,#2611,#2612,#2613,#2614,#2615,#2616)),.UNSPECIFIED.,.F.,.F.,.F.,(4,
4),(4,1,1,1,1,1,1,1,1,1,1,1,1,1,1,1,1,1,1,1,1,1,1,1,1,1,1,1,1,1,1,1,1,4),
(0.,0.07112377966147),(11.8517336648509,12.8341982006795,13.8166627365081,
14.7991272723367,15.7815918081653,16.7640563439939,17.7465208798224,18.728985415651,
19.7114499514796,20.6939144873082,21.6763790231368,22.6588435589654,23.641308094794,
24.6237726306226,25.6062371664512,26.5887017022798,27.5711662381084,28.553630773937,
29.5360953097656,30.5185598455942,31.5010243814228,32.4834889172513,33.4659534530799,
34.4484179889085,35.4308825247371,36.4133470605657,37.3958115963943,38.3782761322229,
39.3607406680515,40.3432052038801,41.3256697397087,42.3081342755373,43.2905988113659,
44.2730633471945),.UNSPECIFIED.);
#37=B_SPLINE_SURFACE_WITH_KNOTS('',3,3,((#2723,#2724,#2725,#2726,#2727,
#2728),(#2729,#2730,#2731,#2732,#2733,#2734),(#2735,#2736,#2737,#2738,#2739,
#2740),(#2741,#2742,#2743,#2744,#2745,#2746)),.UNSPECIFIED.,.F.,.F.,.F.,
(4,4),(4,1,1,4),(0.,0.07112377966147),(50.5827798455488,51.4157620271328,
52.2487442087169,53.0817263903009),.UNSPECIFIED.);
#38=B_SPLINE_SURFACE_WITH_KNOTS('',3,3,((#2751,#2752,#2753,#2754),(#2755,
#2756,#2757,#2758),(#2759,#2760,#2761,#2762),(#2763,#2764,#2765,#2766)),
 .UNSPECIFIED.,.F.,.F.,.F.,(4,4),(4,4),(0.0362048537069989,0.07112377966147),
(53.7605791587327,54.6243668851091),.UNSPECIFIED.);
#39=B_SPLINE_SURFACE_WITH_KNOTS('',3,3,((#2789,#2790,#2791,#2792,#2793,
#2794,#2795,#2796,#2797,#2798,#2799,#2800,#2801,#2802,#2803,#2804,#2805,
#2806,#2807,#2808,#2809,#2810,#2811,#2812,#2813,#2814,#2815,#2816,#2817,
#2818,#2819,#2820,#2821,#2822,#2823,#2824),(#2825,#2826,#2827,#2828,#2829,
#2830,#2831,#2832,#2833,#2834,#2835,#2836,#2837,#2838,#2839,#2840,#2841,
#2842,#2843,#2844,#2845,#2846,#2847,#2848,#2849,#2850,#2851,#2852,#2853,
#2854,#2855,#2856,#2857,#2858,#2859,#2860),(#2861,#2862,#2863,#2864,#2865,
#2866,#2867,#2868,#2869,#2870,#2871,#2872,#2873,#2874,#2875,#2876,#2877,
#2878,#2879,#2880,#2881,#2882,#2883,#2884,#2885,#2886,#2887,#2888,#2889,
#2890,#2891,#2892,#2893,#2894,#2895,#2896),(#2897,#2898,#2899,#2900,#2901,
#2902,#2903,#2904,#2905,#2906,#2907,#2908,#2909,#2910,#2911,#2912,#2913,
#2914,#2915,#2916,#2917,#2918,#2919,#2920,#2921,#2922,#2923,#2924,#2925,
#2926,#2927,#2928,#2929,#2930,#2931,#2932)),.UNSPECIFIED.,.F.,.F.,.F.,(4,
4),(4,1,1,1,1,1,1,1,1,1,1,1,1,1,1,1,1,1,1,1,1,1,1,1,1,1,1,1,1,1,1,1,1,4),
(0.,0.07112377966147),(14.6632148341501,15.6456793699787,16.6281439058072,
17.6106084416358,18.5930729774644,19.575537513293,20.5580020491216,21.5404665849502,
22.5229311207788,23.5053956566074,24.487860192436,25.4703247282646,26.4527892640932,
27.4352537999218,28.4177183357504,29.400182871579,30.3826474074076,31.3651119432362,
32.3475764790647,33.3300410148933,34.3125055507219,35.2949700865505,36.2774346223791,
37.2598991582077,38.2423636940363,39.2248282298649,40.2072927656935,41.1897573015221,
42.1722218373507,43.1546863731793,44.1371509090079,45.1196154448365,46.1020799806651,
47.0845445164937),.UNSPECIFIED.);
#40=B_SPLINE_SURFACE_WITH_KNOTS('',3,3,((#2992,#2993,#2994,#2995,#2996,
#2997),(#2998,#2999,#3000,#3001,#3002,#3003),(#3004,#3005,#3006,#3007,#3008,
#3009),(#3010,#3011,#3012,#3013,#3014,#3015)),.UNSPECIFIED.,.F.,.F.,.F.,
(4,4),(4,1,1,4),(0.,0.07112377966147),(47.441187191959,48.2768531510809,
49.1125191102027,49.9481850693246),.UNSPECIFIED.);
#41=FACE_OUTER_BOUND('',#91,.T.);
#42=FACE_OUTER_BOUND('',#92,.T.);
#43=FACE_OUTER_BOUND('',#93,.T.);
#44=FACE_OUTER_BOUND('',#94,.T.);
#45=FACE_OUTER_BOUND('',#95,.T.);
#46=FACE_OUTER_BOUND('',#96,.T.);
#47=FACE_OUTER_BOUND('',#97,.T.);
#48=FACE_OUTER_BOUND('',#98,.T.);
#49=FACE_OUTER_BOUND('',#99,.T.);
#50=FACE_OUTER_BOUND('',#100,.T.);
#51=FACE_OUTER_BOUND('',#101,.T.);
#52=FACE_OUTER_BOUND('',#102,.T.);
#53=FACE_OUTER_BOUND('',#103,.T.);
#54=FACE_OUTER_BOUND('',#104,.T.);
#55=FACE_OUTER_BOUND('',#105,.T.);
#56=FACE_OUTER_BOUND('',#106,.T.);
#57=FACE_OUTER_BOUND('',#107,.T.);
#58=FACE_OUTER_BOUND('',#108,.T.);
#59=FACE_OUTER_BOUND('',#109,.T.);
#60=FACE_OUTER_BOUND('',#111,.T.);
#61=FACE_OUTER_BOUND('',#112,.T.);
#62=FACE_OUTER_BOUND('',#113,.T.);
#63=FACE_OUTER_BOUND('',#114,.T.);
#64=FACE_OUTER_BOUND('',#115,.T.);
#65=FACE_OUTER_BOUND('',#116,.T.);
#66=FACE_OUTER_BOUND('',#117,.T.);
#67=FACE_OUTER_BOUND('',#118,.T.);
#68=FACE_OUTER_BOUND('',#119,.T.);
#69=FACE_OUTER_BOUND('',#120,.T.);
#70=FACE_OUTER_BOUND('',#121,.T.);
#71=FACE_OUTER_BOUND('',#122,.T.);
#72=FACE_OUTER_BOUND('',#123,.T.);
#73=FACE_OUTER_BOUND('',#124,.T.);
#74=FACE_OUTER_BOUND('',#125,.T.);
#75=FACE_OUTER_BOUND('',#126,.T.);
#76=FACE_OUTER_BOUND('',#127,.T.);
#77=FACE_OUTER_BOUND('',#128,.T.);
#78=FACE_OUTER_BOUND('',#129,.T.);
#79=FACE_OUTER_BOUND('',#130,.T.);
#80=FACE_OUTER_BOUND('',#131,.T.);
#81=FACE_OUTER_BOUND('',#132,.T.);
#82=FACE_OUTER_BOUND('',#133,.T.);
#83=FACE_OUTER_BOUND('',#134,.T.);
#84=FACE_OUTER_BOUND('',#135,.T.);
#85=FACE_OUTER_BOUND('',#136,.T.);
#86=FACE_OUTER_BOUND('',#137,.T.);
#87=FACE_OUTER_BOUND('',#139,.T.);
#88=FACE_OUTER_BOUND('',#140,.T.);
#89=FACE_OUTER_BOUND('',#142,.T.);
#90=FACE_OUTER_BOUND('',#143,.T.);
#91=EDGE_LOOP('',(#552,#553,#554,#555));
#92=EDGE_LOOP('',(#556,#557,#558,#559));
#93=EDGE_LOOP('',(#560,#561,#562,#563));
#94=EDGE_LOOP('',(#564,#565,#566,#567,#568,#569));
#95=EDGE_LOOP('',(#570,#571,#572,#573,#574));
#96=EDGE_LOOP('',(#575,#576,#577,#578));
#97=EDGE_LOOP('',(#579,#580,#581,#582));
#98=EDGE_LOOP('',(#583,#584,#585,#586));
#99=EDGE_LOOP('',(#587,#588,#589,#590,#591,#592,#593));
#100=EDGE_LOOP('',(#594,#595,#596,#597));
#101=EDGE_LOOP('',(#598,#599,#600,#601));
#102=EDGE_LOOP('',(#602,#603,#604,#605));
#103=EDGE_LOOP('',(#606,#607,#608,#609));
#104=EDGE_LOOP('',(#610,#611,#612,#613));
#105=EDGE_LOOP('',(#614,#615,#616,#617));
#106=EDGE_LOOP('',(#618,#619,#620,#621,#622,#623,#624,#625,#626));
#107=EDGE_LOOP('',(#627,#628,#629,#630));
#108=EDGE_LOOP('',(#631,#632,#633,#634,#635,#636,#637,#638,#639));
#109=EDGE_LOOP('',(#640,#641,#642,#643));
#110=EDGE_LOOP('',(#644));
#111=EDGE_LOOP('',(#645,#646,#647,#648,#649,#650,#651,#652,#653,#654));
#112=EDGE_LOOP('',(#655,#656,#657,#658,#659,#660,#661,#662,#663));
#113=EDGE_LOOP('',(#664,#665,#666,#667,#668,#669,#670,#671,#672,#673));
#114=EDGE_LOOP('',(#674,#675,#676,#677,#678,#679));
#115=EDGE_LOOP('',(#680,#681,#682,#683,#684,#685));
#116=EDGE_LOOP('',(#686,#687,#688,#689,#690,#691,#692,#693,#694,#695));
#117=EDGE_LOOP('',(#696,#697,#698,#699));
#118=EDGE_LOOP('',(#700,#701,#702,#703));
#119=EDGE_LOOP('',(#704,#705,#706));
#120=EDGE_LOOP('',(#707,#708,#709,#710));
#121=EDGE_LOOP('',(#711,#712,#713,#714));
#122=EDGE_LOOP('',(#715,#716,#717,#718,#719,#720,#721,#722,#723,#724,#725,
#726,#727,#728,#729));
#123=EDGE_LOOP('',(#730,#731,#732,#733,#734));
#124=EDGE_LOOP('',(#735,#736,#737,#738));
#125=EDGE_LOOP('',(#739,#740,#741,#742));
#126=EDGE_LOOP('',(#743,#744,#745,#746,#747));
#127=EDGE_LOOP('',(#748,#749,#750));
#128=EDGE_LOOP('',(#751,#752,#753,#754,#755,#756,#757,#758,#759,#760,#761,
#762,#763,#764));
#129=EDGE_LOOP('',(#765,#766,#767,#768,#769,#770));
#130=EDGE_LOOP('',(#771,#772,#773,#774,#775));
#131=EDGE_LOOP('',(#776,#777,#778,#779));
#132=EDGE_LOOP('',(#780,#781,#782,#783));
#133=EDGE_LOOP('',(#784,#785,#786,#787));
#134=EDGE_LOOP('',(#788,#789,#790,#791));
#135=EDGE_LOOP('',(#792,#793,#794,#795));
#136=EDGE_LOOP('',(#796,#797,#798,#799));
#137=EDGE_LOOP('',(#800));
#138=EDGE_LOOP('',(#801,#802,#803,#804));
#139=EDGE_LOOP('',(#805,#806,#807,#808));
#140=EDGE_LOOP('',(#809,#810,#811,#812));
#141=EDGE_LOOP('',(#813));
#142=EDGE_LOOP('',(#814,#815,#816,#817));
#143=EDGE_LOOP('',(#818,#819,#820,#821,#822,#823,#824,#825));
#144=CIRCLE('',#918,0.18515);
#145=CIRCLE('',#922,0.10075);
#146=CIRCLE('',#924,0.10075);
#147=CIRCLE('',#928,0.10075);
#148=CIRCLE('',#930,0.125);
#149=CIRCLE('',#935,0.125);
#150=CIRCLE('',#937,0.15025);
#151=CIRCLE('',#940,0.15025);
#152=CIRCLE('',#942,0.18515);
#153=CIRCLE('',#943,0.15);
#154=CIRCLE('',#948,0.15);
#155=CIRCLE('',#950,0.15);
#156=CIRCLE('',#951,0.15);
#157=CIRCLE('',#954,0.125);
#158=CIRCLE('',#957,0.10075);
#159=CIRCLE('',#961,0.1955);
#160=CIRCLE('',#963,0.1955);
#161=CIRCLE('',#965,0.1955);
#162=CIRCLE('',#967,0.1955);
#163=CIRCLE('',#969,0.15);
#164=CIRCLE('',#971,0.15);
#165=CIRCLE('',#974,0.15);
#166=CIRCLE('',#976,0.15);
#167=B_SPLINE_CURVE_WITH_KNOTS('',3,(#1158,#1159,#1160,#1161,#1162,#1163,
#1164,#1165,#1166,#1167),.UNSPECIFIED.,.F.,.F.,(4,3,3,4),(-4.07896416502606,
-3.89741671074022,-2.92306253305516,-2.02565112997678),.UNSPECIFIED.);
#168=B_SPLINE_CURVE_WITH_KNOTS('',3,(#1170,#1171,#1172,#1173,#1174,#1175,
#1176,#1177,#1178,#1179),.UNSPECIFIED.,.F.,.F.,(4,3,3,4),(0.,0.487177088842528,
0.974354177685055,1.08827961854054),.UNSPECIFIED.);
#169=B_SPLINE_CURVE_WITH_KNOTS('',3,(#1184,#1185,#1186,#1187,#1188,#1189,
#1190,#1191,#1192,#1193,#1194,#1195,#1196,#1197,#1198,#1199,#1200,#1201,
#1202,#1203,#1204,#1205),.UNSPECIFIED.,.F.,.F.,(4,3,3,3,3,3,3,4),(-10.3621494722056,
-9.74354177685054,-8.76918759916549,-7.79483342148044,-6.82047924379538,
-5.84612506611033,-4.87177088842527,-4.07896416502606),.UNSPECIFIED.);
#170=B_SPLINE_CURVE_WITH_KNOTS('',3,(#1206,#1207,#1208,#1209,#1210,#1211,
#1212,#1213,#1214,#1215,#1216,#1217,#1218,#1219,#1220,#1221,#1222,#1223,
#1224,#1225,#1226,#1227),.UNSPECIFIED.,.F.,.F.,(4,3,3,3,3,3,3,4),(1.08827961854054,
1.94870835537011,2.92306253305516,3.89741671074022,4.87177088842527,5.84612506611032,
6.82047924379537,7.37146492572013),.UNSPECIFIED.);
#171=B_SPLINE_CURVE_WITH_KNOTS('',3,(#1232,#1233,#1234,#1235,#1236,#1237,
#1238,#1239,#1240,#1241,#1242,#1243,#1244,#1245,#1246,#1247,#1248,#1249,
#1250,#1251,#1252,#1253,#1254,#1255,#1256),.UNSPECIFIED.,.F.,.F.,(4,3,3,
3,3,3,3,3,4),(-16.6453347793852,-16.5640210206459,-15.5896668429609,-14.6153126652758,
-13.6409584875908,-12.6666043099057,-11.6922501322206,-10.7178959545356,
-10.3621494722056),.UNSPECIFIED.);
#172=B_SPLINE_CURVE_WITH_KNOTS('',3,(#1257,#1258,#1259,#1260,#1261,#1262,
#1263,#1264,#1265,#1266,#1267,#1268,#1269,#1270,#1271,#1272,#1273,#1274,
#1275,#1276,#1277,#1278,#1279,#1280,#1281),.UNSPECIFIED.,.F.,.F.,(4,3,3,
3,3,3,3,3,4),(7.37146492572013,7.79483342148043,8.76918759916548,9.74354177685054,
10.7178959545356,11.6922501322206,12.6666043099057,13.6409584875908,13.6546502328997),
 .UNSPECIFIED.);
#173=B_SPLINE_CURVE_WITH_KNOTS('',3,(#1291,#1292,#1293,#1294,#1295,#1296,
#1297,#1298,#1299,#1300),.UNSPECIFIED.,.F.,.F.,(4,3,3,4),(32.8581557718467,
33.6136383169308,34.4493042760527,35.2047868211368),.UNSPECIFIED.);
#174=B_SPLINE_CURVE_WITH_KNOTS('',3,(#1303,#1304,#1305,#1306,#1307,#1308,
#1309,#1310,#1311,#1312,#1313,#1314,#1315),.UNSPECIFIED.,.F.,.F.,(4,3,3,
3,4),(-31.7330826832564,-31.438865146515,-30.4564006106864,-29.4739360748578,
-28.9889708318164),.UNSPECIFIED.);
#175=B_SPLINE_CURVE_WITH_KNOTS('',3,(#1321,#1322,#1323,#1324,#1325,#1326,
#1327,#1328,#1329,#1330,#1331,#1332,#1333,#1334,#1335,#1336,#1337,#1338,
#1339,#1340,#1341,#1342),.UNSPECIFIED.,.F.,.F.,(4,3,3,3,3,3,3,4),(26.1774896625172,
26.526542467372,27.5090070032006,28.4914715390292,29.4739360748578,30.4564006106864,
31.438865146515,32.4213296823436),.UNSPECIFIED.);
#176=B_SPLINE_CURVE_WITH_KNOTS('',3,(#1344,#1345,#1346,#1347,#1348,#1349,
#1350,#1351,#1352,#1353,#1354,#1355,#1356,#1357,#1358,#1359,#1360,#1361,
#1362,#1363,#1364,#1365),.UNSPECIFIED.,.F.,.F.,(4,3,3,3,3,3,3,4),(-28.9889708318164,
-28.4914715390292,-27.5090070032006,-26.526542467372,-25.5440779315434,
-24.5616133957149,-23.5791488598862,-22.7057855246368),.UNSPECIFIED.);
#177=B_SPLINE_CURVE_WITH_KNOTS('',3,(#1370,#1371,#1372,#1373,#1374,#1375,
#1376,#1377,#1378,#1379,#1380,#1381,#1382,#1383,#1384,#1385,#1386,#1387,
#1388,#1389,#1390,#1391),.UNSPECIFIED.,.F.,.F.,(4,3,3,3,3,3,3,4),(19.8943043553377,
20.6317552524005,21.6142197882291,22.5966843240577,23.5791488598863,24.5616133957149,
25.5440779315434,26.1774896625172),.UNSPECIFIED.);
#178=B_SPLINE_CURVE_WITH_KNOTS('',3,(#1392,#1393,#1394,#1395,#1396,#1397,
#1398,#1399,#1400,#1401,#1402,#1403,#1404,#1405,#1406,#1407,#1408,#1409,
#1410,#1411,#1412,#1413,#1414,#1415,#1416),.UNSPECIFIED.,.F.,.F.,(4,3,3,
3,3,3,3,3,4),(-22.7057855246368,-22.5966843240577,-21.6142197882291,-20.6317552524005,
-19.6492907165719,-18.6668261807433,-17.6843616449147,-16.7018971090861,
-16.4226002174572),.UNSPECIFIED.);
#179=B_SPLINE_CURVE_WITH_KNOTS('',3,(#1421,#1422,#1423,#1424,#1425,#1426,
#1427,#1428,#1429,#1430,#1431,#1432,#1433,#1434,#1435,#1436,#1437,#1438,
#1439,#1440,#1441,#1442,#1443,#1444,#1445),.UNSPECIFIED.,.F.,.F.,(4,3,3,
3,3,3,3,3,4),(13.6111190481581,13.7545035016003,14.7369680374289,15.7194325732575,
16.7018971090861,17.6843616449147,18.6668261807433,19.6492907165719,19.8943043553377),
 .UNSPECIFIED.);
#180=B_SPLINE_CURVE_WITH_KNOTS('',3,(#1446,#1447,#1448,#1449,#1450,#1451,
#1452,#1453,#1454,#1455,#1456,#1457,#1458,#1459,#1460,#1461,#1462,#1463,
#1464,#1465,#1466,#1467),.UNSPECIFIED.,.F.,.F.,(4,3,3,3,3,3,3,4),(-16.4226002174572,
-15.7194325732575,-14.7369680374289,-13.7545035016003,-12.7720389657717,
-11.7895744299431,-10.8071098941145,-10.1394149102777),.UNSPECIFIED.);
#181=B_SPLINE_CURVE_WITH_KNOTS('',3,(#1473,#1474,#1475,#1476,#1477,#1478,
#1479,#1480,#1481,#1482,#1483,#1484,#1485),.UNSPECIFIED.,.F.,.F.,(4,3,3,
3,4),(-3.85622960309807,-2.94739360748578,-1.96492907165719,-0.982464535828594,
0.),.UNSPECIFIED.);
#182=B_SPLINE_CURVE_WITH_KNOTS('',3,(#1488,#1489,#1490,#1491,#1492,#1493,
#1494,#1495,#1496,#1497,#1498,#1499,#1500,#1501,#1502,#1503,#1504,#1505,
#1506,#1507,#1508,#1509),.UNSPECIFIED.,.F.,.F.,(4,3,3,3,3,3,3,4),(1.7593853833072,
1.96492907165719,2.94739360748578,3.92985814331437,4.91232267914297,5.89478721497156,
6.87725175080016,7.32793374097849),.UNSPECIFIED.);
#183=B_SPLINE_CURVE_WITH_KNOTS('',3,(#1515,#1516,#1517,#1518,#1519,#1520,
#1521),.UNSPECIFIED.,.F.,.F.,(4,1,1,1,4),(40.8407044966673,41.3256697397087,
42.3081342755373,43.2905988113659,44.2730633471945),.UNSPECIFIED.);
#184=B_SPLINE_CURVE_WITH_KNOTS('',3,(#1527,#1528,#1529,#1530,#1531,#1532),
 .UNSPECIFIED.,.F.,.F.,(4,1,1,4),(44.2995945383692,45.1352604974911,45.9709264566129,
46.8065924157347),.UNSPECIFIED.);
#185=B_SPLINE_CURVE_WITH_KNOTS('',3,(#1535,#1536,#1537,#1538,#1539,#1540,
#1541,#1542,#1543,#1544),.UNSPECIFIED.,.F.,.F.,(4,1,1,1,1,1,1,4),(40.8407044966673,
41.1897573015221,42.1722218373507,43.1546863731793,44.1371509090079,45.1196154448365,
46.1020799806651,46.8065924157347),.UNSPECIFIED.);
#186=B_SPLINE_CURVE_WITH_KNOTS('',3,(#1549,#1550,#1551,#1552,#1553,#1554,
#1555,#1556,#1557,#1558),.UNSPECIFIED.,.F.,.F.,(4,1,1,1,1,1,1,4),(34.5575191894877,
35.4308825247371,36.4133470605657,37.3958115963943,38.3782761322229,39.3607406680515,
40.3432052038801,40.8407044966673),.UNSPECIFIED.);
#187=B_SPLINE_CURVE_WITH_KNOTS('',3,(#1559,#1560,#1561,#1562,#1563,#1564,
#1565,#1566,#1567,#1568),.UNSPECIFIED.,.F.,.F.,(4,1,1,1,1,1,1,4),(34.5575191894877,
35.2949700865505,36.2774346223791,37.2598991582077,38.2423636940363,39.2248282298649,
40.2072927656935,40.8407044966673),.UNSPECIFIED.);
#188=B_SPLINE_CURVE_WITH_KNOTS('',3,(#1573,#1574,#1575,#1576,#1577,#1578,
#1579,#1580,#1581,#1582,#1583),.UNSPECIFIED.,.F.,.F.,(4,1,1,1,1,1,1,1,4),
(28.2743338823081,28.553630773937,29.5360953097656,30.5185598455942,31.5010243814228,
32.4834889172513,33.4659534530799,34.4484179889085,34.5575191894877),
 .UNSPECIFIED.);
#189=B_SPLINE_CURVE_WITH_KNOTS('',3,(#1584,#1585,#1586,#1587,#1588,#1589,
#1590,#1591,#1592,#1593,#1594),.UNSPECIFIED.,.F.,.F.,(4,1,1,1,1,1,1,1,4),
(28.2743338823081,28.4177183357504,29.400182871579,30.3826474074076,31.3651119432362,
32.3475764790647,33.3300410148933,34.3125055507219,34.5575191894877),
 .UNSPECIFIED.);
#190=B_SPLINE_CURVE_WITH_KNOTS('',3,(#1599,#1600,#1601,#1602,#1603,#1604,
#1605,#1606,#1607,#1608),.UNSPECIFIED.,.F.,.F.,(4,1,1,1,1,1,1,4),(21.9911485751285,
22.6588435589654,23.641308094794,24.6237726306226,25.6062371664512,26.5887017022798,
27.5711662381084,28.2743338823081),.UNSPECIFIED.);
#191=B_SPLINE_CURVE_WITH_KNOTS('',3,(#1609,#1610,#1611,#1612,#1613,#1614,
#1615,#1616,#1617,#1618),.UNSPECIFIED.,.F.,.F.,(4,1,1,1,1,1,1,4),(21.9911485751285,
22.5229311207788,23.5053956566074,24.487860192436,25.4703247282646,26.4527892640932,
27.4352537999218,28.2743338823081),.UNSPECIFIED.);
#192=B_SPLINE_CURVE_WITH_KNOTS('',3,(#1624,#1625,#1626,#1627,#1628),
 .UNSPECIFIED.,.F.,.F.,(4,1,4),(14.6632148341501,15.6456793699787,15.707963267949),
 .UNSPECIFIED.);
#193=B_SPLINE_CURVE_WITH_KNOTS('',3,(#1631,#1632,#1633,#1634,#1635,#1636),
 .UNSPECIFIED.,.F.,.F.,(4,1,1,4),(13.6111190481581,13.8166627365081,14.7991272723367,
15.707963267949),.UNSPECIFIED.);
#194=B_SPLINE_CURVE_WITH_KNOTS('',3,(#1642,#1643,#1644,#1645,#1646,#1647,
#1648,#1649,#1650,#1651),.UNSPECIFIED.,.F.,.F.,(4,1,1,1,1,1,1,4),(21.9911485751286,
22.3468950574585,23.3212492351436,24.2956034128286,25.2699575905137,26.2443117681987,
27.2186659458838,28.1160773489622),.UNSPECIFIED.);
#195=B_SPLINE_CURVE_WITH_KNOTS('',3,(#1654,#1655,#1656,#1657,#1658,#1659,
#1660,#1661,#1662),.UNSPECIFIED.,.F.,.F.,(4,1,1,1,1,1,4),(21.9911485751286,
22.9518110075046,23.9261651851897,24.9005193628747,25.8748735405598,26.3620506294023,
26.8492277182449),.UNSPECIFIED.);
#196=B_SPLINE_CURVE_WITH_KNOTS('',3,(#1667,#1668,#1669,#1670,#1671,#1672,
#1673,#1674,#1675,#1676),.UNSPECIFIED.,.F.,.F.,(4,1,1,1,1,1,1,4),(15.707963267949,
16.5007699913482,17.4751241690332,18.4494783467183,19.4238325244033,20.3981867020884,
21.3725408797735,21.9911485751286),.UNSPECIFIED.);
#197=B_SPLINE_CURVE_WITH_KNOTS('',3,(#1677,#1678,#1679,#1680,#1681,#1682,
#1683,#1684,#1685,#1686,#1687),.UNSPECIFIED.,.F.,.F.,(4,1,1,1,1,1,1,1,4),
(15.707963267949,16.1313317637093,17.1056859413943,18.0800401190794,19.0543942967644,
20.0287484744495,21.0031026521345,21.9774568298196,21.9911485751286),
 .UNSPECIFIED.);
#198=B_SPLINE_CURVE_WITH_KNOTS('',3,(#1785,#1786,#1787,#1788,#1789,#1790,
#1791,#1792,#1793,#1794,#1795,#1796,#1797,#1798,#1799,#1800,#1801,#1802,
#1803,#1804,#1805,#1806,#1807,#1808,#1809,#1810,#1811,#1812,#1813,#1814,
#1815,#1816,#1817,#1818,#1819,#1820,#1821,#1822,#1823,#1824,#1825,#1826,
#1827,#1828,#1829,#1830,#1831,#1832,#1833,#1834,#1835,#1836),
 .UNSPECIFIED.,.F.,.F.,(4,3,3,3,3,3,3,3,3,3,3,3,3,3,3,3,3,4),(0.,0.0362767546656067,
0.130279075415315,0.168776941435391,0.197754330775811,0.289154783418899,
0.349896678907735,0.379454437142641,0.466054430185585,0.474540559345384,
0.514390053718206,0.537883609774163,0.6233414059563,0.678336149003259,0.708430810220635,
0.75729551603928,0.799502173522852,0.871563260050765),.UNSPECIFIED.);
#199=B_SPLINE_CURVE_WITH_KNOTS('',3,(#1837,#1838,#1839,#1840,#1841,#1842,
#1843,#1844,#1845,#1846),.UNSPECIFIED.,.F.,.F.,(4,3,3,4),(13.6546502328997,
14.6153126652758,15.5896668429609,16.4870782460392),.UNSPECIFIED.);
#200=B_SPLINE_CURVE_WITH_KNOTS('',3,(#1848,#1849,#1850,#1851,#1852,#1853,
#1854,#1855,#1856,#1857,#1858,#1859,#1860,#1861,#1862,#1863,#1864,#1865,
#1866,#1867,#1868,#1869,#1870,#1871,#1872,#1873,#1874,#1875,#1876,#1877,
#1878,#1879,#1880,#1881,#1882,#1883,#1884,#1885,#1886,#1887,#1888,#1889,
#1890,#1891,#1892,#1893,#1894,#1895,#1896,#1897,#1898,#1899),
 .UNSPECIFIED.,.F.,.F.,(4,3,3,3,3,3,3,3,3,3,3,3,3,3,3,3,3,4),(0.,0.0297296343384838,
0.109973743528129,0.148073558478509,0.176904796459689,0.262150179709635,
0.299513043486164,0.326514742888872,0.414534786201252,0.428743959056324,
0.467232459418889,0.490897217168534,0.580331888668022,0.643336687500151,
0.672271731059134,0.741458886747619,0.777628148171064,0.867713034536557),
 .UNSPECIFIED.);
#201=B_SPLINE_CURVE_WITH_KNOTS('',3,(#1900,#1901,#1902,#1903,#1904,#1905,
#1906,#1907,#1908),.UNSPECIFIED.,.F.,.F.,(4,1,1,1,1,1,4),(10.3621494722056,
11.259560875284,12.2339150529691,13.2082692306541,14.1826234083392,15.1569775860242,
15.707963267949),.UNSPECIFIED.);
#202=B_SPLINE_CURVE_WITH_KNOTS('',3,(#1912,#1913,#1914,#1915,#1916,#1917,
#1918,#1919,#1920),.UNSPECIFIED.,.F.,.F.,(4,1,1,1,1,1,4),(11.6289991029229,
12.1161761917654,12.603353280608,13.577707458293,14.5520616359781,15.5264158136631,
15.707963267949),.UNSPECIFIED.);
#203=B_SPLINE_CURVE_WITH_KNOTS('',3,(#2018,#2019,#2020,#2021,#2022,#2023,
#2024,#2025,#2026,#2027,#2028,#2029,#2030,#2031,#2032,#2033,#2034,#2035,
#2036,#2037,#2038,#2039,#2040,#2041,#2042,#2043,#2044,#2045,#2046,#2047,
#2048,#2049,#2050,#2051,#2052,#2053,#2054,#2055,#2056,#2057,#2058,#2059,
#2060,#2061,#2062,#2063,#2064,#2065,#2066,#2067,#2068,#2069),
 .UNSPECIFIED.,.F.,.F.,(4,3,3,3,3,3,3,3,3,3,3,3,3,3,3,3,3,4),(0.,0.0297296343384828,
0.109973823822364,0.148074085966495,0.176904859497633,0.262150191869345,
0.299513070659452,0.326514744624463,0.414534536802031,0.428743959056315,
0.467232622332025,0.490897402207904,0.580332026061954,0.643336687500139,
0.672271734842713,0.741459952024851,0.777628334074504,0.867713034536539),
 .UNSPECIFIED.);
#204=B_SPLINE_CURVE_WITH_KNOTS('',3,(#2070,#2071,#2072,#2073,#2074,#2075,
#2076,#2077,#2078,#2079,#2080,#2081,#2082,#2083,#2084,#2085,#2086,#2087,
#2088,#2089,#2090,#2091,#2092,#2093,#2094,#2095,#2096,#2097,#2098,#2099,
#2100,#2101,#2102,#2103,#2104,#2105,#2106,#2107,#2108,#2109,#2110,#2111,
#2112,#2113,#2114,#2115,#2116,#2117,#2118,#2119,#2120,#2121),
 .UNSPECIFIED.,.F.,.F.,(4,3,3,3,3,3,3,3,3,3,3,3,3,3,3,3,3,4),(0.,0.0362767546656176,
0.130279028053274,0.168776727418489,0.197754297369368,0.289154378241506,
0.349896262915485,0.379454358656455,0.466053834354597,0.4745405593454,0.514389448938706,
0.537882705790172,0.623341327919823,0.678336149003283,0.708430806144395,
0.757293804290339,0.799502015294903,0.871563260050775),.UNSPECIFIED.);
#205=B_SPLINE_CURVE_WITH_KNOTS('',3,(#2122,#2123,#2124,#2125,#2126,#2127,
#2128,#2129,#2130,#2131),.UNSPECIFIED.,.F.,.F.,(4,3,3,4),(-18.512729376016,
-18.0255522871735,-17.538375198331,-16.6453347793852),.UNSPECIFIED.);
#206=B_SPLINE_CURVE_WITH_KNOTS('',3,(#2146,#2147,#2148,#2149),
 .UNSPECIFIED.,.F.,.F.,(4,4),(-0.0731110160535215,-0.0371285658915305),
 .UNSPECIFIED.);
#207=B_SPLINE_CURVE_WITH_KNOTS('',3,(#2153,#2154,#2155,#2156,#2157,#2158,
#2159,#2160,#2161,#2162,#2163,#2164,#2165),.UNSPECIFIED.,.F.,.F.,(4,3,3,
3,4),(-0.0754084290952652,-0.0522300172255792,-0.0277195840153192,-0.00449631687896917,
0.),.UNSPECIFIED.);
#208=B_SPLINE_CURVE_WITH_KNOTS('',3,(#2168,#2169,#2170,#2171,#2172,#2173),
 .UNSPECIFIED.,.F.,.F.,(4,2,4),(-0.0730213084486013,-0.00460235799851445,
0.),.UNSPECIFIED.);
#209=B_SPLINE_CURVE_WITH_KNOTS('',3,(#2176,#2177,#2178,#2179,#2180,#2181,
#2182),.UNSPECIFIED.,.F.,.F.,(4,3,4),(-0.0752671083172949,-0.0378602830910888,
-0.014692909415041),.UNSPECIFIED.);
#210=B_SPLINE_CURVE_WITH_KNOTS('',3,(#2184,#2185,#2186,#2187,#2188,#2189,
#2190),.UNSPECIFIED.,.F.,.F.,(4,3,4),(-0.0736783532424832,-0.0366895721833891,
0.),.UNSPECIFIED.);
#211=B_SPLINE_CURVE_WITH_KNOTS('',3,(#2194,#2195,#2196,#2197,#2198,#2199,
#2200),.UNSPECIFIED.,.F.,.F.,(4,3,4),(-0.0660760170940179,-0.0378602830915225,
0.),.UNSPECIFIED.);
#212=B_SPLINE_CURVE_WITH_KNOTS('',3,(#2218,#2219,#2220,#2221),
 .UNSPECIFIED.,.F.,.F.,(4,4),(-0.0748015820269814,-0.0249461418153942),
 .UNSPECIFIED.);
#213=B_SPLINE_CURVE_WITH_KNOTS('',3,(#2225,#2226,#2227,#2228,#2229,#2230,
#2231,#2232,#2233,#2234,#2235,#2236,#2237,#2238,#2239,#2240),
 .UNSPECIFIED.,.F.,.F.,(4,3,3,3,3,4),(-0.0738529623379632,-0.0678459157275531,
-0.0500692653064917,-0.0344781665309466,-0.0046023580063142,0.),
 .UNSPECIFIED.);
#214=B_SPLINE_CURVE_WITH_KNOTS('',3,(#2243,#2244,#2245,#2246,#2247,#2248),
 .UNSPECIFIED.,.F.,.F.,(4,2,4),(-0.0747012626044651,-0.00449631687977119,
0.),.UNSPECIFIED.);
#215=B_SPLINE_CURVE_WITH_KNOTS('',3,(#2250,#2251,#2252,#2253,#2254,#2255,
#2256),.UNSPECIFIED.,.F.,.F.,(4,3,4),(-0.089812530435984,-0.0525315399924603,
0.),.UNSPECIFIED.);
#216=B_SPLINE_CURVE_WITH_KNOTS('',3,(#2260,#2261,#2262,#2263,#2264,#2265,
#2266,#2267,#2268,#2269,#2270,#2271,#2272,#2273,#2274,#2275),
 .UNSPECIFIED.,.F.,.F.,(4,3,3,3,3,4),(-0.195760107625199,-0.167225370565961,
-0.130506498266556,-0.103621169806975,-0.0339540348436976,0.),
 .UNSPECIFIED.);
#217=B_SPLINE_CURVE_WITH_KNOTS('',3,(#2282,#2283,#2284,#2285,#2286,#2287,
#2288),.UNSPECIFIED.,.F.,.F.,(4,3,4),(-0.0736783532428196,-0.0366895721833403,
-0.0263555497797884),.UNSPECIFIED.);
#218=B_SPLINE_CURVE_WITH_KNOTS('',3,(#2290,#2291,#2292,#2293,#2294,#2295,
#2296),.UNSPECIFIED.,.F.,.F.,(4,3,4),(-0.0752671083169632,-0.0378602830910116,
0.),.UNSPECIFIED.);
#219=B_SPLINE_CURVE_WITH_KNOTS('',3,(#2300,#2301,#2302,#2303,#2304,#2305,
#2306),.UNSPECIFIED.,.F.,.F.,(4,3,4),(-0.0736783532427897,-0.0366895721834093,
0.),.UNSPECIFIED.);
#220=B_SPLINE_CURVE_WITH_KNOTS('',3,(#2316,#2317,#2318,#2319,#2320),
 .UNSPECIFIED.,.F.,.F.,(4,1,4),(50.5827798455488,51.1978327806794,51.81288571581),
 .UNSPECIFIED.);
#221=B_SPLINE_CURVE_WITH_KNOTS('',3,(#2323,#2324,#2325,#2326,#2327,#2328),
 .UNSPECIFIED.,.F.,.F.,(4,1,1,4),(50.5827798455488,51.4157620271328,52.2487442087169,
52.8649815018019),.UNSPECIFIED.);
#222=B_SPLINE_CURVE_WITH_KNOTS('',3,(#2330,#2331,#2332,#2333,#2334,#2335,
#2336,#2337,#2338,#2339,#2340),.UNSPECIFIED.,.F.,.F.,(4,1,1,1,1,1,1,1,4),
(15.707963267949,15.7815918081653,16.7640563439939,17.7465208798224,18.728985415651,
19.7114499514796,20.6939144873082,21.6763790231368,21.9911485751285),
 .UNSPECIFIED.);
#223=B_SPLINE_CURVE_WITH_KNOTS('',3,(#2341,#2342,#2343,#2344,#2345,#2346,
#2347,#2348,#2349,#2350),.UNSPECIFIED.,.F.,.F.,(4,1,1,1,1,1,1,4),(15.707963267949,
16.6281439058072,17.6106084416358,18.5930729774644,19.575537513293,20.5580020491216,
21.5404665849502,21.9911485751285),.UNSPECIFIED.);
#224=B_SPLINE_CURVE_WITH_KNOTS('',3,(#2371,#2372,#2373,#2374,#2375,#2376,
#2377,#2378,#2379,#2380,#2381,#2382,#2383,#2384,#2385,#2386,#2387,#2388,
#2389,#2390,#2391,#2392,#2393,#2394,#2395,#2396,#2397,#2398),
 .UNSPECIFIED.,.F.,.F.,(4,3,3,3,3,3,3,3,3,4),(0.,0.0694381487235086,0.106031263539667,
0.136086344417842,0.19065211856841,0.236314377223903,0.257955671781034,
0.306215236375269,0.340844946732777,0.354474800969505),.UNSPECIFIED.);
#225=B_SPLINE_CURVE_WITH_KNOTS('',3,(#2423,#2424,#2425,#2426,#2427,#2428),
 .UNSPECIFIED.,.F.,.F.,(4,1,1,4),(47.441187191959,48.2768531510809,49.1125191102027,
49.9481850693246),.UNSPECIFIED.);
#226=B_SPLINE_CURVE_WITH_KNOTS('',3,(#2429,#2430,#2431,#2432,#2433,#2434,
#2435,#2436,#2437,#2438),.UNSPECIFIED.,.F.,.F.,(4,3,3,4),(-38.016267990436,
-37.2607854453518,-36.42511948623,-35.6696369411458),.UNSPECIFIED.);
#227=B_SPLINE_CURVE_WITH_KNOTS('',3,(#2463,#2464,#2465,#2466,#2467,#2468,
#2469,#2470,#2471,#2472),.UNSPECIFIED.,.F.,.F.,(4,3,3,4),(-34.8746753368462,
-34.119192791762,-33.2835268326402,-32.528044287556),.UNSPECIFIED.);
#228=B_SPLINE_CURVE_WITH_KNOTS('',3,(#2617,#2618,#2619,#2620,#2621,#2622,
#2623,#2624,#2625,#2626,#2627,#2628,#2629,#2630,#2631,#2632,#2633,#2634,
#2635,#2636,#2637,#2638,#2639,#2640,#2641,#2642,#2643,#2644,#2645,#2646,
#2647,#2648,#2649,#2650,#2651,#2652,#2653,#2654,#2655,#2656),
 .UNSPECIFIED.,.F.,.F.,(4,3,3,3,3,3,3,3,3,3,3,3,3,4),(0.,0.0585203145425135,
0.090088367160265,0.116629515624525,0.164968760537132,0.197852242949256,
0.223905531277095,0.270994406375234,0.305491110935836,0.33638044947251,
0.384334165661857,0.412574491292153,0.437489522188403,0.508353027354265),
 .UNSPECIFIED.);
#229=B_SPLINE_CURVE_WITH_KNOTS('',3,(#2657,#2658,#2659,#2660,#2661,#2662,
#2663,#2664,#2665,#2666,#2667,#2668,#2669,#2670,#2671,#2672,#2673,#2674,
#2675,#2676,#2677,#2678,#2679,#2680,#2681),.UNSPECIFIED.,.F.,.F.,(4,3,3,
3,3,3,3,3,4),(-10.1394149102777,-9.82464535828594,-8.84218082245735,-7.85971628662875,
-6.87725175080016,-5.89478721497156,-4.91232267914297,-3.92985814331437,
-3.85622960309807),.UNSPECIFIED.);
#230=B_SPLINE_CURVE_WITH_KNOTS('',3,(#2684,#2685,#2686,#2687),
 .UNSPECIFIED.,.F.,.F.,(4,4),(39.1413410790263,39.9611520509591),
 .UNSPECIFIED.);
#231=B_SPLINE_CURVE_WITH_KNOTS('',3,(#2690,#2691,#2692,#2693,#2694,#2695,
#2696,#2697,#2698,#2699),.UNSPECIFIED.,.F.,.F.,(4,3,3,4),(35.9997484254365,
36.7525471929828,37.5855293745668,38.3463794747266),.UNSPECIFIED.);
#232=B_SPLINE_CURVE_WITH_KNOTS('',3,(#2701,#2702,#2703,#2704,#2705,#2706,
#2707,#2708,#2709,#2710,#2711,#2712,#2713,#2714,#2715,#2716,#2717,#2718,
#2719,#2720,#2721,#2722),.UNSPECIFIED.,.F.,.F.,(4,3,3,3,3,3,3,4),(7.32793374097849,
7.85971628662875,8.84218082245735,9.82464535828594,10.8071098941145,11.7895744299431,
12.7720389657717,13.6111190481581),.UNSPECIFIED.);
#233=B_SPLINE_CURVE_WITH_KNOTS('',3,(#2747,#2748,#2749,#2750),
 .UNSPECIFIED.,.F.,.F.,(4,4),(0.440056298605602,0.508353027354228),
 .UNSPECIFIED.);
#234=B_SPLINE_CURVE_WITH_KNOTS('',3,(#2767,#2768,#2769,#2770,#2771,#2772,
#2773,#2774,#2775,#2776,#2777,#2778,#2779,#2780,#2781,#2782,#2783,#2784,
#2785,#2786,#2787,#2788),.UNSPECIFIED.,.F.,.F.,(4,3,3,3,3,3,3,4),(0.,0.0591197310841576,
0.0985330400313073,0.119187812052091,0.177942528967081,0.207336200543605,
0.229115657808591,0.23647892433663),.UNSPECIFIED.);
#235=B_SPLINE_CURVE_WITH_KNOTS('',3,(#2933,#2934,#2935,#2936,#2937,#2938,
#2939,#2940,#2941,#2942,#2943,#2944,#2945,#2946,#2947,#2948,#2949,#2950,
#2951,#2952,#2953,#2954,#2955,#2956,#2957,#2958,#2959,#2960,#2961,#2962,
#2963,#2964,#2965,#2966,#2967,#2968,#2969,#2970,#2971,#2972),
 .UNSPECIFIED.,.F.,.F.,(4,3,3,3,3,3,3,3,3,3,3,3,3,4),(0.,0.0691950673984126,
0.105094600911865,0.136122483099677,0.202953595245153,0.235605025550055,
0.257548564817505,0.29835530180866,0.331299631659894,0.362550837061364,
0.406664377138681,0.432053379534171,0.492153819234268,0.510662728386357),
 .UNSPECIFIED.);
#236=B_SPLINE_CURVE_WITH_KNOTS('',3,(#2986,#2987,#2988,#2989,#2990,#2991),
 .UNSPECIFIED.,.F.,.F.,(4,1,1,4),(47.441187191959,48.2768531510809,49.1125191102027,
49.9481850693246),.UNSPECIFIED.);
#237=LINE('',#1156,#281);
#238=LINE('',#1183,#282);
#239=LINE('',#1231,#283);
#240=LINE('',#1285,#284);
#241=LINE('',#1289,#285);
#242=LINE('',#1302,#286);
#243=LINE('',#1319,#287);
#244=LINE('',#1369,#288);
#245=LINE('',#1420,#289);
#246=LINE('',#1471,#290);
#247=LINE('',#1513,#291);
#248=LINE('',#1525,#292);
#249=LINE('',#1534,#293);
#250=LINE('',#1548,#294);
#251=LINE('',#1572,#295);
#252=LINE('',#1598,#296);
#253=LINE('',#1622,#297);
#254=LINE('',#1640,#298);
#255=LINE('',#1666,#299);
#256=LINE('',#2138,#300);
#257=LINE('',#2140,#301);
#258=LINE('',#2142,#302);
#259=LINE('',#2144,#303);
#260=LINE('',#2151,#304);
#261=LINE('',#2167,#305);
#262=LINE('',#2192,#306);
#263=LINE('',#2202,#307);
#264=LINE('',#2204,#308);
#265=LINE('',#2206,#309);
#266=LINE('',#2207,#310);
#267=LINE('',#2210,#311);
#268=LINE('',#2212,#312);
#269=LINE('',#2214,#313);
#270=LINE('',#2216,#314);
#271=LINE('',#2223,#315);
#272=LINE('',#2242,#316);
#273=LINE('',#2277,#317);
#274=LINE('',#2298,#318);
#275=LINE('',#2308,#319);
#276=LINE('',#2310,#320);
#277=LINE('',#2312,#321);
#278=LINE('',#2313,#322);
#279=LINE('',#3022,#323);
#280=LINE('',#3026,#324);
#281=VECTOR('',#984,0.1955);
#282=VECTOR('',#989,0.1955);
#283=VECTOR('',#992,0.1955);
#284=VECTOR('',#995,0.101);
#285=VECTOR('',#998,0.393700787401575);
#286=VECTOR('',#999,0.393700787401575);
#287=VECTOR('',#1002,0.101);
#288=VECTOR('',#1007,0.101);
#289=VECTOR('',#1010,0.101);
#290=VECTOR('',#1013,0.101);
#291=VECTOR('',#1018,0.125);
#292=VECTOR('',#1021,0.393700787401575);
#293=VECTOR('',#1022,0.393700787401575);
#294=VECTOR('',#1025,0.125);
#295=VECTOR('',#1028,0.125);
#296=VECTOR('',#1031,0.125);
#297=VECTOR('',#1034,0.125);
#298=VECTOR('',#1039,0.15025);
#299=VECTOR('',#1044,0.15025);
#300=VECTOR('',#1057,0.393700787401575);
#301=VECTOR('',#1058,0.393700787401575);
#302=VECTOR('',#1059,0.393700787401575);
#303=VECTOR('',#1060,0.393700787401575);
#304=VECTOR('',#1061,0.393700787401575);
#305=VECTOR('',#1062,0.393700787401575);
#306=VECTOR('',#1065,0.393700787401575);
#307=VECTOR('',#1066,0.393700787401575);
#308=VECTOR('',#1067,0.393700787401575);
#309=VECTOR('',#1068,0.393700787401575);
#310=VECTOR('',#1069,0.393700787401575);
#311=VECTOR('',#1072,0.393700787401575);
#312=VECTOR('',#1073,0.393700787401575);
#313=VECTOR('',#1074,0.393700787401575);
#314=VECTOR('',#1075,0.393700787401575);
#315=VECTOR('',#1076,0.393700787401575);
#316=VECTOR('',#1077,0.393700787401575);
#317=VECTOR('',#1084,0.393700787401575);
#318=VECTOR('',#1091,0.393700787401575);
#319=VECTOR('',#1092,0.393700787401575);
#320=VECTOR('',#1093,0.393700787401575);
#321=VECTOR('',#1094,0.393700787401575);
#322=VECTOR('',#1095,0.393700787401575);
#323=VECTOR('',#1144,0.15);
#324=VECTOR('',#1151,0.15);
#325=VERTEX_POINT('',#1154);
#326=VERTEX_POINT('',#1155);
#327=VERTEX_POINT('',#1157);
#328=VERTEX_POINT('',#1168);
#329=VERTEX_POINT('',#1181);
#330=VERTEX_POINT('',#1182);
#331=VERTEX_POINT('',#1229);
#332=VERTEX_POINT('',#1230);
#333=VERTEX_POINT('',#1283);
#334=VERTEX_POINT('',#1284);
#335=VERTEX_POINT('',#1286);
#336=VERTEX_POINT('',#1288);
#337=VERTEX_POINT('',#1290);
#338=VERTEX_POINT('',#1301);
#339=VERTEX_POINT('',#1317);
#340=VERTEX_POINT('',#1318);
#341=VERTEX_POINT('',#1320);
#342=VERTEX_POINT('',#1367);
#343=VERTEX_POINT('',#1368);
#344=VERTEX_POINT('',#1418);
#345=VERTEX_POINT('',#1419);
#346=VERTEX_POINT('',#1469);
#347=VERTEX_POINT('',#1470);
#348=VERTEX_POINT('',#1472);
#349=VERTEX_POINT('',#1486);
#350=VERTEX_POINT('',#1511);
#351=VERTEX_POINT('',#1512);
#352=VERTEX_POINT('',#1514);
#353=VERTEX_POINT('',#1522);
#354=VERTEX_POINT('',#1524);
#355=VERTEX_POINT('',#1526);
#356=VERTEX_POINT('',#1533);
#357=VERTEX_POINT('',#1546);
#358=VERTEX_POINT('',#1547);
#359=VERTEX_POINT('',#1570);
#360=VERTEX_POINT('',#1571);
#361=VERTEX_POINT('',#1596);
#362=VERTEX_POINT('',#1597);
#363=VERTEX_POINT('',#1620);
#364=VERTEX_POINT('',#1621);
#365=VERTEX_POINT('',#1623);
#366=VERTEX_POINT('',#1629);
#367=VERTEX_POINT('',#1638);
#368=VERTEX_POINT('',#1639);
#369=VERTEX_POINT('',#1641);
#370=VERTEX_POINT('',#1652);
#371=VERTEX_POINT('',#1664);
#372=VERTEX_POINT('',#1665);
#373=VERTEX_POINT('',#1784);
#374=VERTEX_POINT('',#1847);
#375=VERTEX_POINT('',#1910);
#376=VERTEX_POINT('',#2017);
#377=VERTEX_POINT('',#2134);
#378=VERTEX_POINT('',#2137);
#379=VERTEX_POINT('',#2139);
#380=VERTEX_POINT('',#2141);
#381=VERTEX_POINT('',#2143);
#382=VERTEX_POINT('',#2145);
#383=VERTEX_POINT('',#2150);
#384=VERTEX_POINT('',#2152);
#385=VERTEX_POINT('',#2166);
#386=VERTEX_POINT('',#2175);
#387=VERTEX_POINT('',#2183);
#388=VERTEX_POINT('',#2191);
#389=VERTEX_POINT('',#2193);
#390=VERTEX_POINT('',#2201);
#391=VERTEX_POINT('',#2203);
#392=VERTEX_POINT('',#2205);
#393=VERTEX_POINT('',#2209);
#394=VERTEX_POINT('',#2211);
#395=VERTEX_POINT('',#2213);
#396=VERTEX_POINT('',#2215);
#397=VERTEX_POINT('',#2217);
#398=VERTEX_POINT('',#2222);
#399=VERTEX_POINT('',#2224);
#400=VERTEX_POINT('',#2241);
#401=VERTEX_POINT('',#2259);
#402=VERTEX_POINT('',#2276);
#403=VERTEX_POINT('',#2278);
#404=VERTEX_POINT('',#2289);
#405=VERTEX_POINT('',#2297);
#406=VERTEX_POINT('',#2299);
#407=VERTEX_POINT('',#2307);
#408=VERTEX_POINT('',#2309);
#409=VERTEX_POINT('',#2311);
#410=VERTEX_POINT('',#2315);
#411=VERTEX_POINT('',#2321);
#412=VERTEX_POINT('',#2683);
#413=VERTEX_POINT('',#3017);
#414=VERTEX_POINT('',#3020);
#415=EDGE_CURVE('',#325,#326,#237,.T.);
#416=EDGE_CURVE('',#325,#327,#167,.T.);
#417=EDGE_CURVE('',#327,#328,#144,.T.);
#418=EDGE_CURVE('',#328,#326,#168,.T.);
#419=EDGE_CURVE('',#329,#330,#238,.T.);
#420=EDGE_CURVE('',#329,#325,#169,.T.);
#421=EDGE_CURVE('',#326,#330,#170,.T.);
#422=EDGE_CURVE('',#331,#332,#239,.T.);
#423=EDGE_CURVE('',#331,#329,#171,.T.);
#424=EDGE_CURVE('',#330,#332,#172,.T.);
#425=EDGE_CURVE('',#333,#334,#240,.T.);
#426=EDGE_CURVE('',#334,#335,#145,.T.);
#427=EDGE_CURVE('',#335,#336,#241,.T.);
#428=EDGE_CURVE('',#336,#337,#173,.T.);
#429=EDGE_CURVE('',#337,#338,#242,.T.);
#430=EDGE_CURVE('',#338,#333,#174,.T.);
#431=EDGE_CURVE('',#339,#340,#243,.T.);
#432=EDGE_CURVE('',#340,#341,#175,.T.);
#433=EDGE_CURVE('',#341,#334,#146,.T.);
#434=EDGE_CURVE('',#333,#339,#176,.T.);
#435=EDGE_CURVE('',#342,#343,#244,.T.);
#436=EDGE_CURVE('',#343,#340,#177,.T.);
#437=EDGE_CURVE('',#339,#342,#178,.T.);
#438=EDGE_CURVE('',#344,#345,#245,.T.);
#439=EDGE_CURVE('',#345,#343,#179,.T.);
#440=EDGE_CURVE('',#342,#344,#180,.T.);
#441=EDGE_CURVE('',#346,#347,#246,.T.);
#442=EDGE_CURVE('',#346,#348,#181,.T.);
#443=EDGE_CURVE('',#349,#348,#147,.T.);
#444=EDGE_CURVE('',#349,#347,#182,.T.);
#445=EDGE_CURVE('',#350,#351,#247,.T.);
#446=EDGE_CURVE('',#351,#352,#183,.T.);
#447=EDGE_CURVE('',#352,#353,#148,.T.);
#448=EDGE_CURVE('',#353,#354,#248,.T.);
#449=EDGE_CURVE('',#354,#355,#184,.T.);
#450=EDGE_CURVE('',#355,#356,#249,.T.);
#451=EDGE_CURVE('',#350,#356,#185,.T.);
#452=EDGE_CURVE('',#357,#358,#250,.T.);
#453=EDGE_CURVE('',#358,#351,#186,.T.);
#454=EDGE_CURVE('',#357,#350,#187,.T.);
#455=EDGE_CURVE('',#359,#360,#251,.T.);
#456=EDGE_CURVE('',#360,#358,#188,.T.);
#457=EDGE_CURVE('',#359,#357,#189,.T.);
#458=EDGE_CURVE('',#361,#362,#252,.T.);
#459=EDGE_CURVE('',#362,#360,#190,.T.);
#460=EDGE_CURVE('',#361,#359,#191,.T.);
#461=EDGE_CURVE('',#363,#364,#253,.T.);
#462=EDGE_CURVE('',#365,#363,#192,.T.);
#463=EDGE_CURVE('',#366,#365,#149,.T.);
#464=EDGE_CURVE('',#366,#364,#193,.T.);
#465=EDGE_CURVE('',#367,#368,#254,.T.);
#466=EDGE_CURVE('',#367,#369,#194,.T.);
#467=EDGE_CURVE('',#370,#369,#150,.T.);
#468=EDGE_CURVE('',#368,#370,#195,.T.);
#469=EDGE_CURVE('',#371,#372,#255,.T.);
#470=EDGE_CURVE('',#371,#367,#196,.T.);
#471=EDGE_CURVE('',#372,#368,#197,.T.);
#472=EDGE_CURVE('',#373,#370,#198,.T.);
#473=EDGE_CURVE('',#332,#373,#199,.T.);
#474=EDGE_CURVE('',#374,#328,#200,.T.);
#475=EDGE_CURVE('',#374,#372,#201,.T.);
#476=EDGE_CURVE('',#375,#374,#151,.T.);
#477=EDGE_CURVE('',#375,#371,#202,.T.);
#478=EDGE_CURVE('',#369,#376,#203,.T.);
#479=EDGE_CURVE('',#327,#375,#204,.T.);
#480=EDGE_CURVE('',#376,#331,#205,.T.);
#481=EDGE_CURVE('',#376,#373,#152,.F.);
#482=EDGE_CURVE('',#377,#377,#153,.T.);
#483=EDGE_CURVE('',#335,#378,#256,.T.);
#484=EDGE_CURVE('',#379,#378,#257,.T.);
#485=EDGE_CURVE('',#380,#379,#258,.T.);
#486=EDGE_CURVE('',#381,#380,#259,.T.);
#487=EDGE_CURVE('',#382,#381,#206,.T.);
#488=EDGE_CURVE('',#383,#382,#260,.T.);
#489=EDGE_CURVE('',#384,#383,#207,.T.);
#490=EDGE_CURVE('',#385,#384,#261,.T.);
#491=EDGE_CURVE('',#336,#385,#208,.T.);
#492=EDGE_CURVE('',#356,#386,#209,.T.);
#493=EDGE_CURVE('',#387,#355,#210,.T.);
#494=EDGE_CURVE('',#388,#387,#262,.T.);
#495=EDGE_CURVE('',#389,#388,#211,.T.);
#496=EDGE_CURVE('',#390,#389,#263,.T.);
#497=EDGE_CURVE('',#391,#390,#264,.T.);
#498=EDGE_CURVE('',#392,#391,#265,.T.);
#499=EDGE_CURVE('',#392,#386,#266,.T.);
#500=EDGE_CURVE('',#353,#393,#267,.T.);
#501=EDGE_CURVE('',#394,#393,#268,.T.);
#502=EDGE_CURVE('',#395,#394,#269,.T.);
#503=EDGE_CURVE('',#396,#395,#270,.T.);
#504=EDGE_CURVE('',#397,#396,#212,.T.);
#505=EDGE_CURVE('',#398,#397,#271,.T.);
#506=EDGE_CURVE('',#399,#398,#213,.T.);
#507=EDGE_CURVE('',#400,#399,#272,.T.);
#508=EDGE_CURVE('',#354,#400,#214,.T.);
#509=EDGE_CURVE('',#386,#341,#215,.T.);
#510=EDGE_CURVE('',#392,#378,#154,.T.);
#511=EDGE_CURVE('',#401,#352,#216,.T.);
#512=EDGE_CURVE('',#402,#401,#273,.T.);
#513=EDGE_CURVE('',#402,#403,#155,.T.);
#514=EDGE_CURVE('',#403,#393,#156,.T.);
#515=EDGE_CURVE('',#338,#401,#217,.T.);
#516=EDGE_CURVE('',#404,#337,#218,.T.);
#517=EDGE_CURVE('',#405,#404,#274,.T.);
#518=EDGE_CURVE('',#406,#405,#219,.T.);
#519=EDGE_CURVE('',#407,#406,#275,.T.);
#520=EDGE_CURVE('',#408,#407,#276,.T.);
#521=EDGE_CURVE('',#409,#408,#277,.T.);
#522=EDGE_CURVE('',#402,#409,#278,.T.);
#523=EDGE_CURVE('',#397,#410,#220,.T.);
#524=EDGE_CURVE('',#411,#410,#157,.T.);
#525=EDGE_CURVE('',#398,#411,#221,.T.);
#526=EDGE_CURVE('',#364,#362,#222,.T.);
#527=EDGE_CURVE('',#363,#361,#223,.T.);
#528=EDGE_CURVE('',#410,#396,#224,.T.);
#529=EDGE_CURVE('',#384,#405,#225,.T.);
#530=EDGE_CURVE('',#406,#383,#226,.T.);
#531=EDGE_CURVE('',#387,#400,#227,.T.);
#532=EDGE_CURVE('',#348,#366,#228,.T.);
#533=EDGE_CURVE('',#344,#346,#229,.T.);
#534=EDGE_CURVE('',#382,#412,#230,.T.);
#535=EDGE_CURVE('',#407,#412,#158,.T.);
#536=EDGE_CURVE('',#399,#388,#231,.T.);
#537=EDGE_CURVE('',#347,#345,#232,.T.);
#538=EDGE_CURVE('',#389,#411,#233,.T.);
#539=EDGE_CURVE('',#412,#381,#234,.T.);
#540=EDGE_CURVE('',#365,#349,#235,.T.);
#541=EDGE_CURVE('',#395,#390,#159,.T.);
#542=EDGE_CURVE('',#380,#408,#160,.T.);
#543=EDGE_CURVE('',#394,#391,#161,.T.);
#544=EDGE_CURVE('',#379,#409,#162,.T.);
#545=EDGE_CURVE('',#393,#392,#163,.T.);
#546=EDGE_CURVE('',#378,#402,#164,.T.);
#547=EDGE_CURVE('',#385,#404,#236,.T.);
#548=EDGE_CURVE('',#413,#413,#165,.T.);
#549=EDGE_CURVE('',#414,#414,#166,.T.);
#550=EDGE_CURVE('',#414,#413,#279,.T.);
#551=EDGE_CURVE('',#403,#377,#280,.T.);
#552=ORIENTED_EDGE('',*,*,#415,.F.);
#553=ORIENTED_EDGE('',*,*,#416,.T.);
#554=ORIENTED_EDGE('',*,*,#417,.T.);
#555=ORIENTED_EDGE('',*,*,#418,.T.);
#556=ORIENTED_EDGE('',*,*,#419,.F.);
#557=ORIENTED_EDGE('',*,*,#420,.T.);
#558=ORIENTED_EDGE('',*,*,#415,.T.);
#559=ORIENTED_EDGE('',*,*,#421,.T.);
#560=ORIENTED_EDGE('',*,*,#422,.F.);
#561=ORIENTED_EDGE('',*,*,#423,.T.);
#562=ORIENTED_EDGE('',*,*,#419,.T.);
#563=ORIENTED_EDGE('',*,*,#424,.T.);
#564=ORIENTED_EDGE('',*,*,#425,.T.);
#565=ORIENTED_EDGE('',*,*,#426,.T.);
#566=ORIENTED_EDGE('',*,*,#427,.T.);
#567=ORIENTED_EDGE('',*,*,#428,.T.);
#568=ORIENTED_EDGE('',*,*,#429,.T.);
#569=ORIENTED_EDGE('',*,*,#430,.T.);
#570=ORIENTED_EDGE('',*,*,#431,.T.);
#571=ORIENTED_EDGE('',*,*,#432,.T.);
#572=ORIENTED_EDGE('',*,*,#433,.T.);
#573=ORIENTED_EDGE('',*,*,#425,.F.);
#574=ORIENTED_EDGE('',*,*,#434,.T.);
#575=ORIENTED_EDGE('',*,*,#435,.T.);
#576=ORIENTED_EDGE('',*,*,#436,.T.);
#577=ORIENTED_EDGE('',*,*,#431,.F.);
#578=ORIENTED_EDGE('',*,*,#437,.T.);
#579=ORIENTED_EDGE('',*,*,#438,.T.);
#580=ORIENTED_EDGE('',*,*,#439,.T.);
#581=ORIENTED_EDGE('',*,*,#435,.F.);
#582=ORIENTED_EDGE('',*,*,#440,.T.);
#583=ORIENTED_EDGE('',*,*,#441,.F.);
#584=ORIENTED_EDGE('',*,*,#442,.T.);
#585=ORIENTED_EDGE('',*,*,#443,.F.);
#586=ORIENTED_EDGE('',*,*,#444,.T.);
#587=ORIENTED_EDGE('',*,*,#445,.T.);
#588=ORIENTED_EDGE('',*,*,#446,.T.);
#589=ORIENTED_EDGE('',*,*,#447,.T.);
#590=ORIENTED_EDGE('',*,*,#448,.T.);
#591=ORIENTED_EDGE('',*,*,#449,.T.);
#592=ORIENTED_EDGE('',*,*,#450,.T.);
#593=ORIENTED_EDGE('',*,*,#451,.F.);
#594=ORIENTED_EDGE('',*,*,#452,.T.);
#595=ORIENTED_EDGE('',*,*,#453,.T.);
#596=ORIENTED_EDGE('',*,*,#445,.F.);
#597=ORIENTED_EDGE('',*,*,#454,.F.);
#598=ORIENTED_EDGE('',*,*,#455,.T.);
#599=ORIENTED_EDGE('',*,*,#456,.T.);
#600=ORIENTED_EDGE('',*,*,#452,.F.);
#601=ORIENTED_EDGE('',*,*,#457,.F.);
#602=ORIENTED_EDGE('',*,*,#458,.T.);
#603=ORIENTED_EDGE('',*,*,#459,.T.);
#604=ORIENTED_EDGE('',*,*,#455,.F.);
#605=ORIENTED_EDGE('',*,*,#460,.F.);
#606=ORIENTED_EDGE('',*,*,#461,.F.);
#607=ORIENTED_EDGE('',*,*,#462,.F.);
#608=ORIENTED_EDGE('',*,*,#463,.F.);
#609=ORIENTED_EDGE('',*,*,#464,.T.);
#610=ORIENTED_EDGE('',*,*,#465,.F.);
#611=ORIENTED_EDGE('',*,*,#466,.T.);
#612=ORIENTED_EDGE('',*,*,#467,.F.);
#613=ORIENTED_EDGE('',*,*,#468,.F.);
#614=ORIENTED_EDGE('',*,*,#469,.F.);
#615=ORIENTED_EDGE('',*,*,#470,.T.);
#616=ORIENTED_EDGE('',*,*,#465,.T.);
#617=ORIENTED_EDGE('',*,*,#471,.F.);
#618=ORIENTED_EDGE('',*,*,#472,.F.);
#619=ORIENTED_EDGE('',*,*,#473,.F.);
#620=ORIENTED_EDGE('',*,*,#424,.F.);
#621=ORIENTED_EDGE('',*,*,#421,.F.);
#622=ORIENTED_EDGE('',*,*,#418,.F.);
#623=ORIENTED_EDGE('',*,*,#474,.F.);
#624=ORIENTED_EDGE('',*,*,#475,.T.);
#625=ORIENTED_EDGE('',*,*,#471,.T.);
#626=ORIENTED_EDGE('',*,*,#468,.T.);
#627=ORIENTED_EDGE('',*,*,#469,.T.);
#628=ORIENTED_EDGE('',*,*,#475,.F.);
#629=ORIENTED_EDGE('',*,*,#476,.F.);
#630=ORIENTED_EDGE('',*,*,#477,.T.);
#631=ORIENTED_EDGE('',*,*,#478,.F.);
#632=ORIENTED_EDGE('',*,*,#466,.F.);
#633=ORIENTED_EDGE('',*,*,#470,.F.);
#634=ORIENTED_EDGE('',*,*,#477,.F.);
#635=ORIENTED_EDGE('',*,*,#479,.F.);
#636=ORIENTED_EDGE('',*,*,#416,.F.);
#637=ORIENTED_EDGE('',*,*,#420,.F.);
#638=ORIENTED_EDGE('',*,*,#423,.F.);
#639=ORIENTED_EDGE('',*,*,#480,.F.);
#640=ORIENTED_EDGE('',*,*,#472,.T.);
#641=ORIENTED_EDGE('',*,*,#467,.T.);
#642=ORIENTED_EDGE('',*,*,#478,.T.);
#643=ORIENTED_EDGE('',*,*,#481,.T.);
#644=ORIENTED_EDGE('',*,*,#482,.F.);
#645=ORIENTED_EDGE('',*,*,#427,.F.);
#646=ORIENTED_EDGE('',*,*,#483,.T.);
#647=ORIENTED_EDGE('',*,*,#484,.F.);
#648=ORIENTED_EDGE('',*,*,#485,.F.);
#649=ORIENTED_EDGE('',*,*,#486,.F.);
#650=ORIENTED_EDGE('',*,*,#487,.F.);
#651=ORIENTED_EDGE('',*,*,#488,.F.);
#652=ORIENTED_EDGE('',*,*,#489,.F.);
#653=ORIENTED_EDGE('',*,*,#490,.F.);
#654=ORIENTED_EDGE('',*,*,#491,.F.);
#655=ORIENTED_EDGE('',*,*,#492,.F.);
#656=ORIENTED_EDGE('',*,*,#450,.F.);
#657=ORIENTED_EDGE('',*,*,#493,.F.);
#658=ORIENTED_EDGE('',*,*,#494,.F.);
#659=ORIENTED_EDGE('',*,*,#495,.F.);
#660=ORIENTED_EDGE('',*,*,#496,.F.);
#661=ORIENTED_EDGE('',*,*,#497,.F.);
#662=ORIENTED_EDGE('',*,*,#498,.F.);
#663=ORIENTED_EDGE('',*,*,#499,.T.);
#664=ORIENTED_EDGE('',*,*,#448,.F.);
#665=ORIENTED_EDGE('',*,*,#500,.T.);
#666=ORIENTED_EDGE('',*,*,#501,.F.);
#667=ORIENTED_EDGE('',*,*,#502,.F.);
#668=ORIENTED_EDGE('',*,*,#503,.F.);
#669=ORIENTED_EDGE('',*,*,#504,.F.);
#670=ORIENTED_EDGE('',*,*,#505,.F.);
#671=ORIENTED_EDGE('',*,*,#506,.F.);
#672=ORIENTED_EDGE('',*,*,#507,.F.);
#673=ORIENTED_EDGE('',*,*,#508,.F.);
#674=ORIENTED_EDGE('',*,*,#433,.F.);
#675=ORIENTED_EDGE('',*,*,#509,.F.);
#676=ORIENTED_EDGE('',*,*,#499,.F.);
#677=ORIENTED_EDGE('',*,*,#510,.T.);
#678=ORIENTED_EDGE('',*,*,#483,.F.);
#679=ORIENTED_EDGE('',*,*,#426,.F.);
#680=ORIENTED_EDGE('',*,*,#511,.F.);
#681=ORIENTED_EDGE('',*,*,#512,.F.);
#682=ORIENTED_EDGE('',*,*,#513,.T.);
#683=ORIENTED_EDGE('',*,*,#514,.T.);
#684=ORIENTED_EDGE('',*,*,#500,.F.);
#685=ORIENTED_EDGE('',*,*,#447,.F.);
#686=ORIENTED_EDGE('',*,*,#515,.F.);
#687=ORIENTED_EDGE('',*,*,#429,.F.);
#688=ORIENTED_EDGE('',*,*,#516,.F.);
#689=ORIENTED_EDGE('',*,*,#517,.F.);
#690=ORIENTED_EDGE('',*,*,#518,.F.);
#691=ORIENTED_EDGE('',*,*,#519,.F.);
#692=ORIENTED_EDGE('',*,*,#520,.F.);
#693=ORIENTED_EDGE('',*,*,#521,.F.);
#694=ORIENTED_EDGE('',*,*,#522,.F.);
#695=ORIENTED_EDGE('',*,*,#512,.T.);
#696=ORIENTED_EDGE('',*,*,#505,.T.);
#697=ORIENTED_EDGE('',*,*,#523,.T.);
#698=ORIENTED_EDGE('',*,*,#524,.F.);
#699=ORIENTED_EDGE('',*,*,#525,.F.);
#700=ORIENTED_EDGE('',*,*,#461,.T.);
#701=ORIENTED_EDGE('',*,*,#526,.T.);
#702=ORIENTED_EDGE('',*,*,#458,.F.);
#703=ORIENTED_EDGE('',*,*,#527,.F.);
#704=ORIENTED_EDGE('',*,*,#504,.T.);
#705=ORIENTED_EDGE('',*,*,#528,.F.);
#706=ORIENTED_EDGE('',*,*,#523,.F.);
#707=ORIENTED_EDGE('',*,*,#518,.T.);
#708=ORIENTED_EDGE('',*,*,#529,.F.);
#709=ORIENTED_EDGE('',*,*,#489,.T.);
#710=ORIENTED_EDGE('',*,*,#530,.F.);
#711=ORIENTED_EDGE('',*,*,#508,.T.);
#712=ORIENTED_EDGE('',*,*,#531,.F.);
#713=ORIENTED_EDGE('',*,*,#493,.T.);
#714=ORIENTED_EDGE('',*,*,#449,.F.);
#715=ORIENTED_EDGE('',*,*,#515,.T.);
#716=ORIENTED_EDGE('',*,*,#511,.T.);
#717=ORIENTED_EDGE('',*,*,#446,.F.);
#718=ORIENTED_EDGE('',*,*,#453,.F.);
#719=ORIENTED_EDGE('',*,*,#456,.F.);
#720=ORIENTED_EDGE('',*,*,#459,.F.);
#721=ORIENTED_EDGE('',*,*,#526,.F.);
#722=ORIENTED_EDGE('',*,*,#464,.F.);
#723=ORIENTED_EDGE('',*,*,#532,.F.);
#724=ORIENTED_EDGE('',*,*,#442,.F.);
#725=ORIENTED_EDGE('',*,*,#533,.F.);
#726=ORIENTED_EDGE('',*,*,#440,.F.);
#727=ORIENTED_EDGE('',*,*,#437,.F.);
#728=ORIENTED_EDGE('',*,*,#434,.F.);
#729=ORIENTED_EDGE('',*,*,#430,.F.);
#730=ORIENTED_EDGE('',*,*,#519,.T.);
#731=ORIENTED_EDGE('',*,*,#530,.T.);
#732=ORIENTED_EDGE('',*,*,#488,.T.);
#733=ORIENTED_EDGE('',*,*,#534,.T.);
#734=ORIENTED_EDGE('',*,*,#535,.F.);
#735=ORIENTED_EDGE('',*,*,#507,.T.);
#736=ORIENTED_EDGE('',*,*,#536,.T.);
#737=ORIENTED_EDGE('',*,*,#494,.T.);
#738=ORIENTED_EDGE('',*,*,#531,.T.);
#739=ORIENTED_EDGE('',*,*,#441,.T.);
#740=ORIENTED_EDGE('',*,*,#537,.T.);
#741=ORIENTED_EDGE('',*,*,#438,.F.);
#742=ORIENTED_EDGE('',*,*,#533,.T.);
#743=ORIENTED_EDGE('',*,*,#506,.T.);
#744=ORIENTED_EDGE('',*,*,#525,.T.);
#745=ORIENTED_EDGE('',*,*,#538,.F.);
#746=ORIENTED_EDGE('',*,*,#495,.T.);
#747=ORIENTED_EDGE('',*,*,#536,.F.);
#748=ORIENTED_EDGE('',*,*,#487,.T.);
#749=ORIENTED_EDGE('',*,*,#539,.F.);
#750=ORIENTED_EDGE('',*,*,#534,.F.);
#751=ORIENTED_EDGE('',*,*,#509,.T.);
#752=ORIENTED_EDGE('',*,*,#432,.F.);
#753=ORIENTED_EDGE('',*,*,#436,.F.);
#754=ORIENTED_EDGE('',*,*,#439,.F.);
#755=ORIENTED_EDGE('',*,*,#537,.F.);
#756=ORIENTED_EDGE('',*,*,#444,.F.);
#757=ORIENTED_EDGE('',*,*,#540,.F.);
#758=ORIENTED_EDGE('',*,*,#462,.T.);
#759=ORIENTED_EDGE('',*,*,#527,.T.);
#760=ORIENTED_EDGE('',*,*,#460,.T.);
#761=ORIENTED_EDGE('',*,*,#457,.T.);
#762=ORIENTED_EDGE('',*,*,#454,.T.);
#763=ORIENTED_EDGE('',*,*,#451,.T.);
#764=ORIENTED_EDGE('',*,*,#492,.T.);
#765=ORIENTED_EDGE('',*,*,#503,.T.);
#766=ORIENTED_EDGE('',*,*,#541,.T.);
#767=ORIENTED_EDGE('',*,*,#496,.T.);
#768=ORIENTED_EDGE('',*,*,#538,.T.);
#769=ORIENTED_EDGE('',*,*,#524,.T.);
#770=ORIENTED_EDGE('',*,*,#528,.T.);
#771=ORIENTED_EDGE('',*,*,#520,.T.);
#772=ORIENTED_EDGE('',*,*,#535,.T.);
#773=ORIENTED_EDGE('',*,*,#539,.T.);
#774=ORIENTED_EDGE('',*,*,#486,.T.);
#775=ORIENTED_EDGE('',*,*,#542,.T.);
#776=ORIENTED_EDGE('',*,*,#502,.T.);
#777=ORIENTED_EDGE('',*,*,#543,.T.);
#778=ORIENTED_EDGE('',*,*,#497,.T.);
#779=ORIENTED_EDGE('',*,*,#541,.F.);
#780=ORIENTED_EDGE('',*,*,#521,.T.);
#781=ORIENTED_EDGE('',*,*,#542,.F.);
#782=ORIENTED_EDGE('',*,*,#485,.T.);
#783=ORIENTED_EDGE('',*,*,#544,.T.);
#784=ORIENTED_EDGE('',*,*,#501,.T.);
#785=ORIENTED_EDGE('',*,*,#545,.T.);
#786=ORIENTED_EDGE('',*,*,#498,.T.);
#787=ORIENTED_EDGE('',*,*,#543,.F.);
#788=ORIENTED_EDGE('',*,*,#522,.T.);
#789=ORIENTED_EDGE('',*,*,#544,.F.);
#790=ORIENTED_EDGE('',*,*,#484,.T.);
#791=ORIENTED_EDGE('',*,*,#546,.T.);
#792=ORIENTED_EDGE('',*,*,#517,.T.);
#793=ORIENTED_EDGE('',*,*,#547,.F.);
#794=ORIENTED_EDGE('',*,*,#490,.T.);
#795=ORIENTED_EDGE('',*,*,#529,.T.);
#796=ORIENTED_EDGE('',*,*,#516,.T.);
#797=ORIENTED_EDGE('',*,*,#428,.F.);
#798=ORIENTED_EDGE('',*,*,#491,.T.);
#799=ORIENTED_EDGE('',*,*,#547,.T.);
#800=ORIENTED_EDGE('',*,*,#548,.F.);
#801=ORIENTED_EDGE('',*,*,#540,.T.);
#802=ORIENTED_EDGE('',*,*,#443,.T.);
#803=ORIENTED_EDGE('',*,*,#532,.T.);
#804=ORIENTED_EDGE('',*,*,#463,.T.);
#805=ORIENTED_EDGE('',*,*,#549,.F.);
#806=ORIENTED_EDGE('',*,*,#550,.T.);
#807=ORIENTED_EDGE('',*,*,#548,.T.);
#808=ORIENTED_EDGE('',*,*,#550,.F.);
#809=ORIENTED_EDGE('',*,*,#474,.T.);
#810=ORIENTED_EDGE('',*,*,#417,.F.);
#811=ORIENTED_EDGE('',*,*,#479,.T.);
#812=ORIENTED_EDGE('',*,*,#476,.T.);
#813=ORIENTED_EDGE('',*,*,#549,.T.);
#814=ORIENTED_EDGE('',*,*,#422,.T.);
#815=ORIENTED_EDGE('',*,*,#473,.T.);
#816=ORIENTED_EDGE('',*,*,#481,.F.);
#817=ORIENTED_EDGE('',*,*,#480,.T.);
#818=ORIENTED_EDGE('',*,*,#510,.F.);
#819=ORIENTED_EDGE('',*,*,#545,.F.);
#820=ORIENTED_EDGE('',*,*,#514,.F.);
#821=ORIENTED_EDGE('',*,*,#551,.T.);
#822=ORIENTED_EDGE('',*,*,#482,.T.);
#823=ORIENTED_EDGE('',*,*,#551,.F.);
#824=ORIENTED_EDGE('',*,*,#513,.F.);
#825=ORIENTED_EDGE('',*,*,#546,.F.);
#826=CYLINDRICAL_SURFACE('',#917,0.18515);
#827=CYLINDRICAL_SURFACE('',#919,0.18515);
#828=CYLINDRICAL_SURFACE('',#920,0.18515);
#829=CYLINDRICAL_SURFACE('',#921,0.10075);
#830=CYLINDRICAL_SURFACE('',#923,0.10075);
#831=CYLINDRICAL_SURFACE('',#925,0.10075);
#832=CYLINDRICAL_SURFACE('',#926,0.10075);
#833=CYLINDRICAL_SURFACE('',#927,0.10075);
#834=CYLINDRICAL_SURFACE('',#929,0.125);
#835=CYLINDRICAL_SURFACE('',#931,0.125);
#836=CYLINDRICAL_SURFACE('',#932,0.125);
#837=CYLINDRICAL_SURFACE('',#933,0.125);
#838=CYLINDRICAL_SURFACE('',#934,0.125);
#839=CYLINDRICAL_SURFACE('',#936,0.15025);
#840=CYLINDRICAL_SURFACE('',#938,0.15025);
#841=CYLINDRICAL_SURFACE('',#939,0.15025);
#842=CYLINDRICAL_SURFACE('',#953,0.125);
#843=CYLINDRICAL_SURFACE('',#955,0.125);
#844=CYLINDRICAL_SURFACE('',#956,0.10075);
#845=CYLINDRICAL_SURFACE('',#958,0.10075);
#846=CYLINDRICAL_SURFACE('',#959,0.10075);
#847=CYLINDRICAL_SURFACE('',#964,0.1955);
#848=CYLINDRICAL_SURFACE('',#966,0.1955);
#849=CYLINDRICAL_SURFACE('',#972,0.125);
#850=CYLINDRICAL_SURFACE('',#975,0.15);
#851=CYLINDRICAL_SURFACE('',#978,0.18515);
#852=CYLINDRICAL_SURFACE('',#979,0.15);
#853=ADVANCED_FACE('',(#41),#826,.T.);
#854=ADVANCED_FACE('',(#42),#827,.T.);
#855=ADVANCED_FACE('',(#43),#828,.T.);
#856=ADVANCED_FACE('',(#44),#829,.F.);
#857=ADVANCED_FACE('',(#45),#830,.F.);
#858=ADVANCED_FACE('',(#46),#831,.F.);
#859=ADVANCED_FACE('',(#47),#832,.F.);
#860=ADVANCED_FACE('',(#48),#833,.F.);
#861=ADVANCED_FACE('',(#49),#834,.F.);
#862=ADVANCED_FACE('',(#50),#835,.F.);
#863=ADVANCED_FACE('',(#51),#836,.F.);
#864=ADVANCED_FACE('',(#52),#837,.F.);
#865=ADVANCED_FACE('',(#53),#838,.F.);
#866=ADVANCED_FACE('',(#54),#839,.T.);
#867=ADVANCED_FACE('',(#55),#840,.T.);
#868=ADVANCED_FACE('',(#56),#31,.F.);
#869=ADVANCED_FACE('',(#57),#841,.T.);
#870=ADVANCED_FACE('',(#58),#32,.F.);
#871=ADVANCED_FACE('',(#59,#15),#18,.T.);
#872=ADVANCED_FACE('',(#60),#19,.F.);
#873=ADVANCED_FACE('',(#61),#20,.F.);
#874=ADVANCED_FACE('',(#62),#21,.F.);
#875=ADVANCED_FACE('',(#63),#22,.T.);
#876=ADVANCED_FACE('',(#64),#23,.T.);
#877=ADVANCED_FACE('',(#65),#24,.F.);
#878=ADVANCED_FACE('',(#66),#842,.F.);
#879=ADVANCED_FACE('',(#67),#843,.F.);
#880=ADVANCED_FACE('',(#68),#33,.F.);
#881=ADVANCED_FACE('',(#69),#34,.F.);
#882=ADVANCED_FACE('',(#70),#35,.F.);
#883=ADVANCED_FACE('',(#71),#36,.F.);
#884=ADVANCED_FACE('',(#72),#844,.F.);
#885=ADVANCED_FACE('',(#73),#845,.F.);
#886=ADVANCED_FACE('',(#74),#846,.F.);
#887=ADVANCED_FACE('',(#75),#37,.F.);
#888=ADVANCED_FACE('',(#76),#38,.F.);
#889=ADVANCED_FACE('',(#77),#39,.F.);
#890=ADVANCED_FACE('',(#78),#25,.T.);
#891=ADVANCED_FACE('',(#79),#26,.T.);
#892=ADVANCED_FACE('',(#80),#847,.T.);
#893=ADVANCED_FACE('',(#81),#848,.T.);
#894=ADVANCED_FACE('',(#82),#27,.T.);
#895=ADVANCED_FACE('',(#83),#28,.T.);
#896=ADVANCED_FACE('',(#84),#849,.F.);
#897=ADVANCED_FACE('',(#85),#40,.F.);
#898=ADVANCED_FACE('',(#86,#16),#29,.T.);
#899=ADVANCED_FACE('',(#87),#850,.T.);
#900=ADVANCED_FACE('',(#88,#17),#30,.T.);
#901=ADVANCED_FACE('',(#89),#851,.T.);
#902=ADVANCED_FACE('',(#90),#852,.T.);
#903=CLOSED_SHELL('',(#853,#854,#855,#856,#857,#858,#859,#860,#861,#862,
#863,#864,#865,#866,#867,#868,#869,#870,#871,#872,#873,#874,#875,#876,#877,
#878,#879,#880,#881,#882,#883,#884,#885,#886,#887,#888,#889,#890,#891,#892,
#893,#894,#895,#896,#897,#898,#899,#900,#901,#902));
#904=DERIVED_UNIT_ELEMENT(#906,1.);
#905=DERIVED_UNIT_ELEMENT(#3034,-3.);
#906=(
MASS_UNIT()
NAMED_UNIT(*)
SI_UNIT(.KILO.,.GRAM.)
);
#907=DERIVED_UNIT((#904,#905));
#908=MEASURE_REPRESENTATION_ITEM('density measure',
POSITIVE_RATIO_MEASURE(7850.),#907);
#909=PROPERTY_DEFINITION_REPRESENTATION(#914,#911);
#910=PROPERTY_DEFINITION_REPRESENTATION(#915,#912);
#911=REPRESENTATION('material name',(#913),#3029);
#912=REPRESENTATION('density',(#908),#3029);
#913=DESCRIPTIVE_REPRESENTATION_ITEM('Steel','Steel');
#914=PROPERTY_DEFINITION('material property','material name',#3042);
#915=PROPERTY_DEFINITION('material property','density of part',#3042);
#916=AXIS2_PLACEMENT_3D('',#1152,#980,#981);
#917=AXIS2_PLACEMENT_3D('',#1153,#982,#983);
#918=AXIS2_PLACEMENT_3D('',#1169,#985,#986);
#919=AXIS2_PLACEMENT_3D('',#1180,#987,#988);
#920=AXIS2_PLACEMENT_3D('',#1228,#990,#991);
#921=AXIS2_PLACEMENT_3D('',#1282,#993,#994);
#922=AXIS2_PLACEMENT_3D('',#1287,#996,#997);
#923=AXIS2_PLACEMENT_3D('',#1316,#1000,#1001);
#924=AXIS2_PLACEMENT_3D('',#1343,#1003,#1004);
#925=AXIS2_PLACEMENT_3D('',#1366,#1005,#1006);
#926=AXIS2_PLACEMENT_3D('',#1417,#1008,#1009);
#927=AXIS2_PLACEMENT_3D('',#1468,#1011,#1012);
#928=AXIS2_PLACEMENT_3D('',#1487,#1014,#1015);
#929=AXIS2_PLACEMENT_3D('',#1510,#1016,#1017);
#930=AXIS2_PLACEMENT_3D('',#1523,#1019,#1020);
#931=AXIS2_PLACEMENT_3D('',#1545,#1023,#1024);
#932=AXIS2_PLACEMENT_3D('',#1569,#1026,#1027);
#933=AXIS2_PLACEMENT_3D('',#1595,#1029,#1030);
#934=AXIS2_PLACEMENT_3D('',#1619,#1032,#1033);
#935=AXIS2_PLACEMENT_3D('',#1630,#1035,#1036);
#936=AXIS2_PLACEMENT_3D('',#1637,#1037,#1038);
#937=AXIS2_PLACEMENT_3D('',#1653,#1040,#1041);
#938=AXIS2_PLACEMENT_3D('',#1663,#1042,#1043);
#939=AXIS2_PLACEMENT_3D('',#1909,#1045,#1046);
#940=AXIS2_PLACEMENT_3D('',#1911,#1047,#1048);
#941=AXIS2_PLACEMENT_3D('',#2132,#1049,#1050);
#942=AXIS2_PLACEMENT_3D('',#2133,#1051,#1052);
#943=AXIS2_PLACEMENT_3D('',#2135,#1053,#1054);
#944=AXIS2_PLACEMENT_3D('',#2136,#1055,#1056);
#945=AXIS2_PLACEMENT_3D('',#2174,#1063,#1064);
#946=AXIS2_PLACEMENT_3D('',#2208,#1070,#1071);
#947=AXIS2_PLACEMENT_3D('',#2249,#1078,#1079);
#948=AXIS2_PLACEMENT_3D('',#2257,#1080,#1081);
#949=AXIS2_PLACEMENT_3D('',#2258,#1082,#1083);
#950=AXIS2_PLACEMENT_3D('',#2279,#1085,#1086);
#951=AXIS2_PLACEMENT_3D('',#2280,#1087,#1088);
#952=AXIS2_PLACEMENT_3D('',#2281,#1089,#1090);
#953=AXIS2_PLACEMENT_3D('',#2314,#1096,#1097);
#954=AXIS2_PLACEMENT_3D('',#2322,#1098,#1099);
#955=AXIS2_PLACEMENT_3D('',#2329,#1100,#1101);
#956=AXIS2_PLACEMENT_3D('',#2682,#1102,#1103);
#957=AXIS2_PLACEMENT_3D('',#2688,#1104,#1105);
#958=AXIS2_PLACEMENT_3D('',#2689,#1106,#1107);
#959=AXIS2_PLACEMENT_3D('',#2700,#1108,#1109);
#960=AXIS2_PLACEMENT_3D('',#2973,#1110,#1111);
#961=AXIS2_PLACEMENT_3D('',#2974,#1112,#1113);
#962=AXIS2_PLACEMENT_3D('',#2975,#1114,#1115);
#963=AXIS2_PLACEMENT_3D('',#2976,#1116,#1117);
#964=AXIS2_PLACEMENT_3D('',#2977,#1118,#1119);
#965=AXIS2_PLACEMENT_3D('',#2978,#1120,#1121);
#966=AXIS2_PLACEMENT_3D('',#2979,#1122,#1123);
#967=AXIS2_PLACEMENT_3D('',#2980,#1124,#1125);
#968=AXIS2_PLACEMENT_3D('',#2981,#1126,#1127);
#969=AXIS2_PLACEMENT_3D('',#2982,#1128,#1129);
#970=AXIS2_PLACEMENT_3D('',#2983,#1130,#1131);
#971=AXIS2_PLACEMENT_3D('',#2984,#1132,#1133);
#972=AXIS2_PLACEMENT_3D('',#2985,#1134,#1135);
#973=AXIS2_PLACEMENT_3D('',#3016,#1136,#1137);
#974=AXIS2_PLACEMENT_3D('',#3018,#1138,#1139);
#975=AXIS2_PLACEMENT_3D('',#3019,#1140,#1141);
#976=AXIS2_PLACEMENT_3D('',#3021,#1142,#1143);
#977=AXIS2_PLACEMENT_3D('',#3023,#1145,#1146);
#978=AXIS2_PLACEMENT_3D('',#3024,#1147,#1148);
#979=AXIS2_PLACEMENT_3D('',#3025,#1149,#1150);
#980=DIRECTION('axis',(0.,0.,1.));
#981=DIRECTION('refdir',(1.,0.,0.));
#982=DIRECTION('center_axis',(0.,0.,-1.));
#983=DIRECTION('ref_axis',(-1.,0.,0.));
#984=DIRECTION('',(0.,0.,1.));
#985=DIRECTION('center_axis',(0.,0.,-1.));
#986=DIRECTION('ref_axis',(-1.,0.,0.));
#987=DIRECTION('center_axis',(0.,0.,-1.));
#988=DIRECTION('ref_axis',(-1.,0.,0.));
#989=DIRECTION('',(0.,0.,1.));
#990=DIRECTION('center_axis',(0.,0.,-1.));
#991=DIRECTION('ref_axis',(-1.,0.,0.));
#992=DIRECTION('',(0.,0.,1.));
#993=DIRECTION('center_axis',(0.,0.,-1.));
#994=DIRECTION('ref_axis',(-0.197446003310754,0.980313763943264,0.));
#995=DIRECTION('',(0.,0.,-1.));
#996=DIRECTION('center_axis',(0.,0.,-1.));
#997=DIRECTION('ref_axis',(1.,0.,0.));
#998=DIRECTION('',(0.,0.,-1.));
#999=DIRECTION('',(0.,0.,1.));
#1000=DIRECTION('center_axis',(0.,0.,-1.));
#1001=DIRECTION('ref_axis',(1.,0.,0.));
#1002=DIRECTION('',(0.,0.,-1.));
#1003=DIRECTION('center_axis',(0.,0.,-1.));
#1004=DIRECTION('ref_axis',(1.,0.,0.));
#1005=DIRECTION('center_axis',(0.,0.,-1.));
#1006=DIRECTION('ref_axis',(1.,0.,0.));
#1007=DIRECTION('',(0.,0.,-1.));
#1008=DIRECTION('center_axis',(0.,0.,-1.));
#1009=DIRECTION('ref_axis',(1.,0.,0.));
#1010=DIRECTION('',(0.,0.,-1.));
#1011=DIRECTION('center_axis',(0.,0.,-1.));
#1012=DIRECTION('ref_axis',(0.936773294686588,-0.349936843390398,0.));
#1013=DIRECTION('',(0.,0.,-1.));
#1014=DIRECTION('center_axis',(0.,0.,-1.));
#1015=DIRECTION('ref_axis',(1.,0.,0.));
#1016=DIRECTION('center_axis',(0.,0.,-1.));
#1017=DIRECTION('ref_axis',(0.987438866897618,0.158001532081017,0.));
#1018=DIRECTION('',(1.22464679914735E-16,-1.14795882003923E-30,-1.));
#1019=DIRECTION('center_axis',(0.,0.,-1.));
#1020=DIRECTION('ref_axis',(1.,-9.2513304489215E-15,0.));
#1021=DIRECTION('',(-1.16351500479299E-16,3.82089801333974E-17,-1.));
#1022=DIRECTION('',(-1.16351500479299E-16,-3.82089801333974E-17,1.));
#1023=DIRECTION('center_axis',(0.,0.,-1.));
#1024=DIRECTION('ref_axis',(1.,-9.2513304489215E-15,0.));
#1025=DIRECTION('',(1.22464679914735E-16,-1.14795882003923E-30,-1.));
#1026=DIRECTION('center_axis',(0.,0.,-1.));
#1027=DIRECTION('ref_axis',(1.,-9.2513304489215E-15,0.));
#1028=DIRECTION('',(1.22464679914735E-16,-1.14795882003923E-30,-1.));
#1029=DIRECTION('center_axis',(0.,0.,-1.));
#1030=DIRECTION('ref_axis',(1.,-9.2513304489215E-15,0.));
#1031=DIRECTION('',(1.22464679914735E-16,-1.14795882003923E-30,-1.));
#1032=DIRECTION('center_axis',(0.,0.,-1.));
#1033=DIRECTION('ref_axis',(-0.499099626625144,-0.866544610913161,0.));
#1034=DIRECTION('',(1.22464679914735E-16,-1.14795882003923E-30,-1.));
#1035=DIRECTION('center_axis',(0.,0.,-1.));
#1036=DIRECTION('ref_axis',(1.,-9.2513304489215E-15,0.));
#1037=DIRECTION('center_axis',(0.,0.,-1.));
#1038=DIRECTION('ref_axis',(-0.996899803634767,-0.0786815195135668,0.));
#1039=DIRECTION('',(0.,0.,-1.));
#1040=DIRECTION('center_axis',(0.,0.,-1.));
#1041=DIRECTION('ref_axis',(-1.,3.01821437420476E-16,0.));
#1042=DIRECTION('center_axis',(0.,0.,-1.));
#1043=DIRECTION('ref_axis',(-1.,3.01821437420476E-16,0.));
#1044=DIRECTION('',(0.,0.,-1.));
#1045=DIRECTION('center_axis',(0.,0.,-1.));
#1046=DIRECTION('ref_axis',(-0.892264815053771,0.451512458097292,0.));
#1047=DIRECTION('center_axis',(0.,0.,1.));
#1048=DIRECTION('ref_axis',(-1.,3.01821437420476E-16,0.));
#1049=DIRECTION('center_axis',(0.,0.,-1.));
#1050=DIRECTION('ref_axis',(-1.,0.,0.));
#1051=DIRECTION('center_axis',(0.,0.,1.));
#1052=DIRECTION('ref_axis',(-1.,0.,0.));
#1053=DIRECTION('center_axis',(0.,0.,-1.));
#1054=DIRECTION('ref_axis',(1.,0.,0.));
#1055=DIRECTION('center_axis',(0.,1.,0.));
#1056=DIRECTION('ref_axis',(-1.,0.,0.));
#1057=DIRECTION('',(-1.,0.,0.));
#1058=DIRECTION('',(1.,0.,0.));
#1059=DIRECTION('',(0.,0.,1.));
#1060=DIRECTION('',(-1.,0.,0.));
#1061=DIRECTION('',(0.,0.,-1.));
#1062=DIRECTION('',(1.16351500479299E-16,-3.82089801333974E-17,-1.));
#1063=DIRECTION('center_axis',(0.,-1.,0.));
#1064=DIRECTION('ref_axis',(1.,0.,0.));
#1065=DIRECTION('',(0.,0.,1.));
#1066=DIRECTION('',(1.,0.,0.));
#1067=DIRECTION('',(0.,0.,-1.));
#1068=DIRECTION('',(-1.,0.,0.));
#1069=DIRECTION('',(1.,0.,0.));
#1070=DIRECTION('center_axis',(0.,-1.,0.));
#1071=DIRECTION('ref_axis',(1.,0.,0.));
#1072=DIRECTION('',(1.,0.,0.));
#1073=DIRECTION('',(-1.,0.,0.));
#1074=DIRECTION('',(0.,0.,1.));
#1075=DIRECTION('',(1.,0.,0.));
#1076=DIRECTION('',(-1.16351500479299E-16,3.82089801333974E-17,-1.));
#1077=DIRECTION('',(0.,0.,-1.));
#1078=DIRECTION('center_axis',(0.,0.,-1.));
#1079=DIRECTION('ref_axis',(1.,0.,0.));
#1080=DIRECTION('center_axis',(0.,0.,-1.));
#1081=DIRECTION('ref_axis',(1.,0.,0.));
#1082=DIRECTION('center_axis',(0.,0.,-1.));
#1083=DIRECTION('ref_axis',(1.,0.,0.));
#1084=DIRECTION('',(-1.,0.,0.));
#1085=DIRECTION('center_axis',(0.,0.,-1.));
#1086=DIRECTION('ref_axis',(1.,0.,0.));
#1087=DIRECTION('center_axis',(0.,0.,-1.));
#1088=DIRECTION('ref_axis',(1.,0.,0.));
#1089=DIRECTION('center_axis',(0.,1.,0.));
#1090=DIRECTION('ref_axis',(-1.,0.,0.));
#1091=DIRECTION('',(1.16351500479299E-16,3.82089801333974E-17,1.));
#1092=DIRECTION('',(0.,0.,1.));
#1093=DIRECTION('',(-1.,0.,0.));
#1094=DIRECTION('',(0.,0.,-1.));
#1095=DIRECTION('',(1.,0.,0.));
#1096=DIRECTION('center_axis',(0.,0.,-1.));
#1097=DIRECTION('ref_axis',(1.,-9.2513304489215E-15,0.));
#1098=DIRECTION('center_axis',(0.,0.,1.));
#1099=DIRECTION('ref_axis',(1.,-9.2513304489215E-15,0.));
#1100=DIRECTION('center_axis',(0.,0.,-1.));
#1101=DIRECTION('ref_axis',(1.,-9.2513304489215E-15,0.));
#1102=DIRECTION('center_axis',(0.,0.,-1.));
#1103=DIRECTION('ref_axis',(1.,0.,0.));
#1104=DIRECTION('center_axis',(0.,0.,1.));
#1105=DIRECTION('ref_axis',(1.,0.,0.));
#1106=DIRECTION('center_axis',(0.,0.,-1.));
#1107=DIRECTION('ref_axis',(1.,0.,0.));
#1108=DIRECTION('center_axis',(0.,0.,-1.));
#1109=DIRECTION('ref_axis',(1.,0.,0.));
#1110=DIRECTION('center_axis',(0.,0.,-1.));
#1111=DIRECTION('ref_axis',(-1.,0.,0.));
#1112=DIRECTION('center_axis',(0.,0.,-1.));
#1113=DIRECTION('ref_axis',(1.,0.,0.));
#1114=DIRECTION('center_axis',(0.,0.,-1.));
#1115=DIRECTION('ref_axis',(-1.,0.,0.));
#1116=DIRECTION('center_axis',(0.,0.,-1.));
#1117=DIRECTION('ref_axis',(1.,0.,0.));
#1118=DIRECTION('center_axis',(0.,0.,-1.));
#1119=DIRECTION('ref_axis',(-1.,0.,0.));
#1120=DIRECTION('center_axis',(0.,0.,-1.));
#1121=DIRECTION('ref_axis',(1.,0.,0.));
#1122=DIRECTION('center_axis',(0.,0.,-1.));
#1123=DIRECTION('ref_axis',(-1.,0.,0.));
#1124=DIRECTION('center_axis',(0.,0.,-1.));
#1125=DIRECTION('ref_axis',(1.,0.,0.));
#1126=DIRECTION('center_axis',(0.,0.,1.));
#1127=DIRECTION('ref_axis',(1.,0.,0.));
#1128=DIRECTION('center_axis',(0.,0.,-1.));
#1129=DIRECTION('ref_axis',(1.,0.,0.));
#1130=DIRECTION('center_axis',(0.,0.,1.));
#1131=DIRECTION('ref_axis',(1.,0.,0.));
#1132=DIRECTION('center_axis',(0.,0.,-1.));
#1133=DIRECTION('ref_axis',(1.,0.,0.));
#1134=DIRECTION('center_axis',(0.,0.,-1.));
#1135=DIRECTION('ref_axis',(1.,-9.2513304489215E-15,0.));
#1136=DIRECTION('center_axis',(0.,0.,1.));
#1137=DIRECTION('ref_axis',(1.,0.,0.));
#1138=DIRECTION('center_axis',(0.,0.,-1.));
#1139=DIRECTION('ref_axis',(1.,0.,0.));
#1140=DIRECTION('center_axis',(0.,0.,-1.));
#1141=DIRECTION('ref_axis',(-1.,0.,0.));
#1142=DIRECTION('center_axis',(0.,0.,-1.));
#1143=DIRECTION('ref_axis',(1.,0.,0.));
#1144=DIRECTION('',(0.,0.,1.));
#1145=DIRECTION('center_axis',(0.,0.,1.));
#1146=DIRECTION('ref_axis',(1.,0.,0.));
#1147=DIRECTION('center_axis',(0.,0.,-1.));
#1148=DIRECTION('ref_axis',(0.153720323750524,-0.988114397256732,0.));
#1149=DIRECTION('center_axis',(0.,0.,-1.));
#1150=DIRECTION('ref_axis',(-1.,0.,0.));
#1151=DIRECTION('',(0.,0.,1.));
#1152=CARTESIAN_POINT('',(0.,0.,0.));
#1153=CARTESIAN_POINT('Origin',(0.1955,0.,0.192));
#1154=CARTESIAN_POINT('',(0.380712380701761,0.000130525832550278,0.253575317547305));
#1155=CARTESIAN_POINT('',(0.380710979326088,4.60628115172389E-5,0.263174682452695));
#1156=CARTESIAN_POINT('',(0.38065,-2.26743354862132E-17,0.192));
#1157=CARTESIAN_POINT('',(0.10958854512725,0.164011415522358,0.274));
#1158=CARTESIAN_POINT('Ctrl Pts',(0.380712380701761,0.000130525832550278,
0.253575317547305));
#1159=CARTESIAN_POINT('Ctrl Pts',(0.38080662903768,0.0113199557202243,0.254177279521375));
#1160=CARTESIAN_POINT('Ctrl Pts',(0.379876383781829,0.0224943640116437,
0.254779241495445));
#1161=CARTESIAN_POINT('Ctrl Pts',(0.377864226817636,0.0334707450388565,
0.255381203469514));
#1162=CARTESIAN_POINT('Ctrl Pts',(0.36706510241277,0.0923803163781998,0.258611896879948));
#1163=CARTESIAN_POINT('Ctrl Pts',(0.325102551974043,0.145585902860729,0.261842590290381));
#1164=CARTESIAN_POINT('Ctrl Pts',(0.270270295961808,0.169709345111064,0.265073283700815));
#1165=CARTESIAN_POINT('Ctrl Pts',(0.219768032073738,0.191927808019887,0.268048855800543));
#1166=CARTESIAN_POINT('Ctrl Pts',(0.15834839702023,0.189475888140528,0.271024427900272));
#1167=CARTESIAN_POINT('Ctrl Pts',(0.109357017045267,0.164147105541452,0.274));
#1168=CARTESIAN_POINT('',(0.281411454872746,0.16401141552236,0.274));
#1169=CARTESIAN_POINT('Origin',(0.1955,0.,0.274));
#1170=CARTESIAN_POINT('Ctrl Pts',(0.281411454872746,0.16401141552236,0.274));
#1171=CARTESIAN_POINT('Ctrl Pts',(0.308045656189788,0.150060051361316,0.272384653294783));
#1172=CARTESIAN_POINT('Ctrl Pts',(0.331049816684535,0.129505975382273,0.270769306589566));
#1173=CARTESIAN_POINT('Ctrl Pts',(0.348113830427564,0.104717322180202,0.26915395988435));
#1174=CARTESIAN_POINT('Ctrl Pts',(0.365177844170592,0.0799286689781313,
0.267538613179133));
#1175=CARTESIAN_POINT('Ctrl Pts',(0.376301711161901,0.0509054385530318,
0.265923266473916));
#1176=CARTESIAN_POINT('Ctrl Pts',(0.379634525602929,0.0210682546412458,
0.264307919768699));
#1177=CARTESIAN_POINT('Ctrl Pts',(0.380413897956801,0.0140908856128447,
0.263930173996698));
#1178=CARTESIAN_POINT('Ctrl Pts',(0.380767217085246,0.00706900558851436,
0.263552428224696));
#1179=CARTESIAN_POINT('Ctrl Pts',(0.380710979326088,4.60628115172389E-5,
0.263174682452695));
#1180=CARTESIAN_POINT('Origin',(0.1955,0.,0.192));
#1181=CARTESIAN_POINT('',(0.3804576175591,-0.000109678691443855,0.191075317547305));
#1182=CARTESIAN_POINT('',(0.380396807146018,-5.81865490852129E-5,0.200674682452695));
#1183=CARTESIAN_POINT('',(0.38065,-2.26743354862132E-17,0.192));
#1184=CARTESIAN_POINT('Ctrl Pts',(0.3804576175591,-0.000109678691443855,
0.191075317547305));
#1185=CARTESIAN_POINT('Ctrl Pts',(0.380241857876706,0.0381614236303444,
0.193126452392106));
#1186=CARTESIAN_POINT('Ctrl Pts',(0.368611540270527,0.0765532815943591,
0.195177587236907));
#1187=CARTESIAN_POINT('Ctrl Pts',(0.346563267096518,0.107528825153183,0.197228722081708));
#1188=CARTESIAN_POINT('Ctrl Pts',(0.311835559634835,0.1563176625686,0.200459415492142));
#1189=CARTESIAN_POINT('Ctrl Pts',(0.251262314725985,0.186707627918254,0.203690108902576));
#1190=CARTESIAN_POINT('Ctrl Pts',(0.191390775444788,0.185379807903268,0.20692080231301));
#1191=CARTESIAN_POINT('Ctrl Pts',(0.131519236163591,0.184051987888282,0.210151495723443));
#1192=CARTESIAN_POINT('Ctrl Pts',(0.0723494025100465,0.151006382508657,
0.213382189133877));
#1193=CARTESIAN_POINT('Ctrl Pts',(0.0398186333936059,0.100727761968183,
0.21661288254431));
#1194=CARTESIAN_POINT('Ctrl Pts',(0.00728786427716512,0.0504491414277086,
0.219843575954744));
#1195=CARTESIAN_POINT('Ctrl Pts',(0.00139615969782846,-0.0170624942736149,
0.223074269365178));
#1196=CARTESIAN_POINT('Ctrl Pts',(0.0247193521005601,-0.0722202838137214,
0.226304962775611));
#1197=CARTESIAN_POINT('Ctrl Pts',(0.0480425445032916,-0.127378073353828,
0.229535656186045));
#1198=CARTESIAN_POINT('Ctrl Pts',(0.100580633888091,-0.170182016732717,
0.232766349596479));
#1199=CARTESIAN_POINT('Ctrl Pts',(0.159319016029094,-0.181863984852361,
0.235997043006912));
#1200=CARTESIAN_POINT('Ctrl Pts',(0.218057398170097,-0.193545952972005,
0.239227736417346));
#1201=CARTESIAN_POINT('Ctrl Pts',(0.282996073067304,-0.174105945832403,
0.24245842982778));
#1202=CARTESIAN_POINT('Ctrl Pts',(0.325647561330406,-0.132079164164524,
0.245689123238213));
#1203=CARTESIAN_POINT('Ctrl Pts',(0.360351971115262,-0.097883061933723,
0.248317854674577));
#1204=CARTESIAN_POINT('Ctrl Pts',(0.380300803934242,-0.0487330359334279,
0.250946586110941));
#1205=CARTESIAN_POINT('Ctrl Pts',(0.380712380701761,0.000130525832550278,
0.253575317547305));
#1206=CARTESIAN_POINT('Ctrl Pts',(0.380710979326088,4.60628115172389E-5,
0.263174682452695));
#1207=CARTESIAN_POINT('Ctrl Pts',(0.380286240271217,-0.0529951344580467,
0.260321734814263));
#1208=CARTESIAN_POINT('Ctrl Pts',(0.356499899713745,-0.106096952376533,
0.25746878717583));
#1209=CARTESIAN_POINT('Ctrl Pts',(0.316458692435741,-0.140541591579882,
0.254615839537398));
#1210=CARTESIAN_POINT('Ctrl Pts',(0.271115811705568,-0.179546888207122,
0.251385146126965));
#1211=CARTESIAN_POINT('Ctrl Pts',(0.204928631564292,-0.194627299691282,
0.248154452716531));
#1212=CARTESIAN_POINT('Ctrl Pts',(0.147092872648139,-0.179021291942647,
0.244923759306097));
#1213=CARTESIAN_POINT('Ctrl Pts',(0.0892571137319874,-0.163415284194011,
0.241693065895664));
#1214=CARTESIAN_POINT('Ctrl Pts',(0.0397727760409596,-0.117122857212579,
0.23846237248523));
#1215=CARTESIAN_POINT('Ctrl Pts',(0.0202401662467133,-0.0605062760940779,
0.235231679074796));
#1216=CARTESIAN_POINT('Ctrl Pts',(0.00070755645246698,-0.00388969497557654,
0.232000985664363));
#1217=CARTESIAN_POINT('Ctrl Pts',(0.0111266745550022,0.0630510402799947,
0.228770292253929));
#1218=CARTESIAN_POINT('Ctrl Pts',(0.046975293178391,0.111012250051962,0.225539598843495));
#1219=CARTESIAN_POINT('Ctrl Pts',(0.0828239118017799,0.15897345982393,0.222308905433062));
#1220=CARTESIAN_POINT('Ctrl Pts',(0.144102030946022,0.187955144112294,0.219078212022628));
#1221=CARTESIAN_POINT('Ctrl Pts',(0.203929082561039,0.185236431967125,0.215847518612194));
#1222=CARTESIAN_POINT('Ctrl Pts',(0.263756134176057,0.182517719821955,0.212616825201761));
#1223=CARTESIAN_POINT('Ctrl Pts',(0.322132118261849,0.148098611243252,0.209386131791327));
#1224=CARTESIAN_POINT('Ctrl Pts',(0.353482449483844,0.0970739978477667,
0.206155438380894));
#1225=CARTESIAN_POINT('Ctrl Pts',(0.371210688375331,0.0682201867280226,
0.204328519738161));
#1226=CARTESIAN_POINT('Ctrl Pts',(0.38029675104978,0.0340563207680594,0.202501601095428));
#1227=CARTESIAN_POINT('Ctrl Pts',(0.380396807146018,-5.81865490852129E-5,
0.200674682452695));
#1228=CARTESIAN_POINT('Origin',(0.1955,0.,0.192));
#1229=CARTESIAN_POINT('',(0.380879460716438,4.94394722570435E-5,0.128575317547306));
#1230=CARTESIAN_POINT('',(0.380925817006715,6.68414750932574E-6,0.138174682452695));
#1231=CARTESIAN_POINT('',(0.38065,-2.26743354862132E-17,0.192));
#1232=CARTESIAN_POINT('Ctrl Pts',(0.380879460716438,4.94394722570435E-5,
0.128575317547306));
#1233=CARTESIAN_POINT('Ctrl Pts',(0.380908113913962,0.00504212178267315,
0.128844931852404));
#1234=CARTESIAN_POINT('Ctrl Pts',(0.380723225589479,0.0100337025386921,
0.129114546157503));
#1235=CARTESIAN_POINT('Ctrl Pts',(0.380317963575189,0.0150087258018972,
0.129384160462602));
#1236=CARTESIAN_POINT('Ctrl Pts',(0.375461851364875,0.0746226801404897,
0.132614853873036));
#1237=CARTESIAN_POINT('Ctrl Pts',(0.338963633758492,0.131859245721067,0.135845547283469));
#1238=CARTESIAN_POINT('Ctrl Pts',(0.286845897222971,0.161393265153081,0.139076240693903));
#1239=CARTESIAN_POINT('Ctrl Pts',(0.234728160687449,0.190927284585095,0.142306934104336));
#1240=CARTESIAN_POINT('Ctrl Pts',(0.16699090522279,0.192758757868546,0.14553762751477));
#1241=CARTESIAN_POINT('Ctrl Pts',(0.113311121420448,0.166198646908108,0.148768320925204));
#1242=CARTESIAN_POINT('Ctrl Pts',(0.0596313376181056,0.13963853594767,0.151999014335637));
#1243=CARTESIAN_POINT('Ctrl Pts',(0.0200090254780815,0.0846868407433435,
0.155229707746071));
#1244=CARTESIAN_POINT('Ctrl Pts',(0.0118166590171914,0.0253717081026123,
0.158460401156505));
#1245=CARTESIAN_POINT('Ctrl Pts',(0.00362429255630131,-0.0339434245381189,
0.161691094566938));
#1246=CARTESIAN_POINT('Ctrl Pts',(0.0268618717745452,-0.097621994615255,
0.164921787977372));
#1247=CARTESIAN_POINT('Ctrl Pts',(0.0713412455026069,-0.137725002338496,
0.168152481387806));
#1248=CARTESIAN_POINT('Ctrl Pts',(0.115820619230669,-0.177828010061737,
0.171383174798239));
#1249=CARTESIAN_POINT('Ctrl Pts',(0.181541787468548,-0.194355455431083,
0.174613868208673));
#1250=CARTESIAN_POINT('Ctrl Pts',(0.239701098067621,-0.18007793318645,0.177844561619107));
#1251=CARTESIAN_POINT('Ctrl Pts',(0.297860408666695,-0.165800410941816,
0.18107525502954));
#1252=CARTESIAN_POINT('Ctrl Pts',(0.348457861626963,-0.120717921083204,
0.184305948439974));
#1253=CARTESIAN_POINT('Ctrl Pts',(0.369315503099839,-0.0645828214133084,
0.187536641850408));
#1254=CARTESIAN_POINT('Ctrl Pts',(0.376930837188419,-0.0440873335299878,
0.18871620041604));
#1255=CARTESIAN_POINT('Ctrl Pts',(0.38058169578932,-0.0221184738100541,
0.189895758981673));
#1256=CARTESIAN_POINT('Ctrl Pts',(0.3804576175591,-0.000109678691443855,
0.191075317547305));
#1257=CARTESIAN_POINT('Ctrl Pts',(0.380396807146018,-5.81865490852129E-5,
0.200674682452695));
#1258=CARTESIAN_POINT('Ctrl Pts',(0.38047368863377,-0.0262712227862696,
0.199270907684994));
#1259=CARTESIAN_POINT('Ctrl Pts',(0.375245108457101,-0.0524551170030245,
0.197867132917293));
#1260=CARTESIAN_POINT('Ctrl Pts',(0.364555083031442,-0.076178494252087,
0.196463358149592));
#1261=CARTESIAN_POINT('Ctrl Pts',(0.339952706998844,-0.13077625474419,0.193232664739159));
#1262=CARTESIAN_POINT('Ctrl Pts',(0.286423276575449,-0.172341657516129,
0.190001971328725));
#1263=CARTESIAN_POINT('Ctrl Pts',(0.227431786594093,-0.182655234162152,
0.186771277918292));
#1264=CARTESIAN_POINT('Ctrl Pts',(0.168440296612738,-0.192968810808175,
0.183540584507858));
#1265=CARTESIAN_POINT('Ctrl Pts',(0.103986747073422,-0.172030561328283,
0.180309891097424));
#1266=CARTESIAN_POINT('Ctrl Pts',(0.0623189942664744,-0.129017027069019,
0.177079197686991));
#1267=CARTESIAN_POINT('Ctrl Pts',(0.020651241459527,-0.0860034928097547,
0.173848504276557));
#1268=CARTESIAN_POINT('Ctrl Pts',(0.00176928538494811,-0.0209146737711188,
0.170617810866123));
#1269=CARTESIAN_POINT('Ctrl Pts',(0.0139507566523139,0.037718116670448,
0.16738711745569));
#1270=CARTESIAN_POINT('Ctrl Pts',(0.0261322279196796,0.0963509071120145,
0.164156424045256));
#1271=CARTESIAN_POINT('Ctrl Pts',(0.0693771265289896,0.148527668956512,
0.160925730634822));
#1272=CARTESIAN_POINT('Ctrl Pts',(0.124729040473661,0.171386366700461,0.157695037224389));
#1273=CARTESIAN_POINT('Ctrl Pts',(0.180080954418333,0.19424506444441,0.154464343813955));
#1274=CARTESIAN_POINT('Ctrl Pts',(0.247539883698366,0.18778569808781,0.151233650403521));
#1275=CARTESIAN_POINT('Ctrl Pts',(0.297542684742577,0.154825306882496,0.148002956993088));
#1276=CARTESIAN_POINT('Ctrl Pts',(0.347545485786787,0.121864915677182,0.144772263582654));
#1277=CARTESIAN_POINT('Ctrl Pts',(0.380092158595176,0.0624034996231555,
0.141541570172221));
#1278=CARTESIAN_POINT('Ctrl Pts',(0.380910093867441,0.0025308674621567,
0.138310876761787));
#1279=CARTESIAN_POINT('Ctrl Pts',(0.380921587594962,0.00168952983637346,
0.138265478658756));
#1280=CARTESIAN_POINT('Ctrl Pts',(0.380926816096898,0.000848111010962582,
0.138220080555725));
#1281=CARTESIAN_POINT('Ctrl Pts',(0.380925817006715,6.68414750932574E-6,
0.138174682452695));
#1282=CARTESIAN_POINT('Origin',(0.1955,0.,0.147));
#1283=CARTESIAN_POINT('',(0.0949068492282193,-3.5689280740032E-6,0.0733130998484823));
#1284=CARTESIAN_POINT('',(0.09475,1.23383165014096E-17,0.06));
#1285=CARTESIAN_POINT('',(0.09475,1.23383165014096E-17,0.147));
#1286=CARTESIAN_POINT('',(0.102604561468283,0.039,0.06));
#1287=CARTESIAN_POINT('Origin',(0.1955,0.,0.06));
#1288=CARTESIAN_POINT('',(0.102617383320458,0.0389932641625431,0.0565238484292042));
#1289=CARTESIAN_POINT('',(0.102604561468283,0.039,0.147));
#1290=CARTESIAN_POINT('',(0.288382616679541,0.0389932641625435,0.0378499518738318));
#1291=CARTESIAN_POINT('Ctrl Pts',(0.102617383320458,0.0389932641625431,
0.0565238484292042));
#1292=CARTESIAN_POINT('Ctrl Pts',(0.11251037942528,0.0623495469724297,0.054519868738041));
#1293=CARTESIAN_POINT('Ctrl Pts',(0.131458216598167,0.0818883368761407,
0.0525158890468778));
#1294=CARTESIAN_POINT('Ctrl Pts',(0.154580850212844,0.0921500450459337,
0.0505119093557147));
#1295=CARTESIAN_POINT('Ctrl Pts',(0.180157612935905,0.10350088333563,0.0482952365529168));
#1296=CARTESIAN_POINT('Ctrl Pts',(0.210842387064096,0.10350088333563,0.046078563750119));
#1297=CARTESIAN_POINT('Ctrl Pts',(0.236419149787157,0.0921500450459333,
0.0438618909473212));
#1298=CARTESIAN_POINT('Ctrl Pts',(0.259541783401834,0.0818883368761402,
0.041857911256158));
#1299=CARTESIAN_POINT('Ctrl Pts',(0.27848962057472,0.0623495469724295,0.0398539315649949));
#1300=CARTESIAN_POINT('Ctrl Pts',(0.288382616679541,0.0389932641625435,
0.0378499518738318));
#1301=CARTESIAN_POINT('',(0.288278230217249,0.0390867205640315,0.0514761515707962));
#1302=CARTESIAN_POINT('',(0.288395438531717,0.039,0.147));
#1303=CARTESIAN_POINT('Ctrl Pts',(0.288278230217249,0.0390867205640315,
0.0514761515707962));
#1304=CARTESIAN_POINT('Ctrl Pts',(0.284535391757651,0.0482155494207367,
0.0522565878260747));
#1305=CARTESIAN_POINT('Ctrl Pts',(0.279487428032662,0.0567746107649817,
0.0530370240813532));
#1306=CARTESIAN_POINT('Ctrl Pts',(0.273220140986507,0.0643383933094584,
0.0538174603366317));
#1307=CARTESIAN_POINT('Ctrl Pts',(0.252292131980309,0.0895957188549436,
0.0564235284581251));
#1308=CARTESIAN_POINT('Ctrl Pts',(0.217767985878214,0.103755129044107,0.0590295965796186));
#1309=CARTESIAN_POINT('Ctrl Pts',(0.18508142059649,0.100382284928913,0.061635664701112));
#1310=CARTESIAN_POINT('Ctrl Pts',(0.152394855314766,0.0970094408137195,
0.0642417328226054));
#1311=CARTESIAN_POINT('Ctrl Pts',(0.121545870853413,0.0761043423941679,
0.0668478009440989));
#1312=CARTESIAN_POINT('Ctrl Pts',(0.106234188636803,0.0470310690797914,
0.0694538690655923));
#1313=CARTESIAN_POINT('Ctrl Pts',(0.0986760189352484,0.0326798873885111,
0.0707402793265556));
#1314=CARTESIAN_POINT('Ctrl Pts',(0.0949036963995404,0.01633843342933,0.072026689587519));
#1315=CARTESIAN_POINT('Ctrl Pts',(0.0949068492282193,-3.5689280740032E-6,
0.0733130998484823));
#1316=CARTESIAN_POINT('Origin',(0.1955,0.,0.147));
#1317=CARTESIAN_POINT('',(0.0946411000391845,-5.73617598106563E-5,0.123313099848482));
#1318=CARTESIAN_POINT('',(0.0948537272516432,6.39966749498974E-5,0.109686900151518));
#1319=CARTESIAN_POINT('',(0.09475,1.23383165014096E-17,0.147));
#1320=CARTESIAN_POINT('',(0.0948279730415728,-0.00396301502415822,0.0599999999999999));
#1321=CARTESIAN_POINT('Ctrl Pts',(0.0948537272516432,6.39966749498974E-5,
0.109686900151518));
#1322=CARTESIAN_POINT('Ctrl Pts',(0.0947818441650486,0.0118135650967768,
0.108761008829972));
#1323=CARTESIAN_POINT('Ctrl Pts',(0.0966891573302281,0.0235406481277241,
0.107835117508427));
#1324=CARTESIAN_POINT('Ctrl Pts',(0.100680857163104,0.0345093308809982,
0.106909226186881));
#1325=CARTESIAN_POINT('Ctrl Pts',(0.111916130075766,0.065382429907747,0.104303158065388));
#1326=CARTESIAN_POINT('Ctrl Pts',(0.139664547720142,0.0902472514186798,
0.101697089943895));
#1327=CARTESIAN_POINT('Ctrl Pts',(0.171583541942534,0.0980318800708295,
0.0990910218224012));
#1328=CARTESIAN_POINT('Ctrl Pts',(0.203502536164926,0.105816508722979,0.0964849537009078));
#1329=CARTESIAN_POINT('Ctrl Pts',(0.239592106965335,0.0965209445163455,
0.0938788855794144));
#1330=CARTESIAN_POINT('Ctrl Pts',(0.263779415753007,0.074294432260141,0.091272817457921));
#1331=CARTESIAN_POINT('Ctrl Pts',(0.28796672454068,0.0520679200039365,0.0886667493364276));
#1332=CARTESIAN_POINT('Ctrl Pts',(0.300251771315615,0.0169104596981612,
0.0860606812149341));
#1333=CARTESIAN_POINT('Ctrl Pts',(0.295190938487873,-0.0155562786735552,
0.0834546130934407));
#1334=CARTESIAN_POINT('Ctrl Pts',(0.290130105660131,-0.0480230170452716,
0.0808485449719472));
#1335=CARTESIAN_POINT('Ctrl Pts',(0.26772339322971,-0.0777990334829292,
0.0782424768504538));
#1336=CARTESIAN_POINT('Ctrl Pts',(0.237894915550234,-0.0915850668559938,
0.0756364087289604));
#1337=CARTESIAN_POINT('Ctrl Pts',(0.208066437870758,-0.105371100229058,
0.073030340607467));
#1338=CARTESIAN_POINT('Ctrl Pts',(0.170816194942227,-0.10316715053753,0.0704242724859735));
#1339=CARTESIAN_POINT('Ctrl Pts',(0.142831038877947,-0.0860573539226911,
0.0678182043644801));
#1340=CARTESIAN_POINT('Ctrl Pts',(0.114845882813667,-0.0689475573078524,
0.0652121362429867));
#1341=CARTESIAN_POINT('Ctrl Pts',(0.0961258136136367,-0.0369319137697032,
0.0626060681214934));
#1342=CARTESIAN_POINT('Ctrl Pts',(0.0948279730415728,-0.00396301502415861,
0.06));
#1343=CARTESIAN_POINT('Origin',(0.1955,0.,0.06));
#1344=CARTESIAN_POINT('Ctrl Pts',(0.0949068492282193,-3.5689280740032E-6,
0.0733130998484823));
#1345=CARTESIAN_POINT('Ctrl Pts',(0.0949100835425553,-0.0167679344824962,
0.0746327577090124));
#1346=CARTESIAN_POINT('Ctrl Pts',(0.0988864713898305,-0.0335328771484411,
0.0759524155695425));
#1347=CARTESIAN_POINT('Ctrl Pts',(0.106824815819627,-0.0481503766807253,
0.0772720734300726));
#1348=CARTESIAN_POINT('Ctrl Pts',(0.122501505190931,-0.0770171009176644,
0.079878141551566));
#1349=CARTESIAN_POINT('Ctrl Pts',(0.153629263905405,-0.0975091011823417,
0.0824842096730594));
#1350=CARTESIAN_POINT('Ctrl Pts',(0.186348206131471,-0.100491280360309,
0.0850902777945528));
#1351=CARTESIAN_POINT('Ctrl Pts',(0.219067148357538,-0.103473459538277,
0.0876963459160462));
#1352=CARTESIAN_POINT('Ctrl Pts',(0.253377274095196,-0.0889458176295346,
0.0903024140375396));
#1353=CARTESIAN_POINT('Ctrl Pts',(0.274013399231792,-0.063381565140065,
0.0929084821590331));
#1354=CARTESIAN_POINT('Ctrl Pts',(0.294649524368388,-0.0378173126505957,
0.0955145502805265));
#1355=CARTESIAN_POINT('Ctrl Pts',(0.301611648903922,-0.00121644958039926,
0.0981206184020199));
#1356=CARTESIAN_POINT('Ctrl Pts',(0.291799537634502,0.0301368237035009,
0.100726686523513));
#1357=CARTESIAN_POINT('Ctrl Pts',(0.281987426365082,0.061490096987401,0.103332754645007));
#1358=CARTESIAN_POINT('Ctrl Pts',(0.255401079290708,0.087595780485005,0.1059388227665));
#1359=CARTESIAN_POINT('Ctrl Pts',(0.223873092703889,0.0968340414325039,
0.108544890887994));
#1360=CARTESIAN_POINT('Ctrl Pts',(0.19234510611707,0.106072302380003,0.111150959009487));
#1361=CARTESIAN_POINT('Ctrl Pts',(0.155875480017806,0.0984431407773965,
0.11375702713098));
#1362=CARTESIAN_POINT('Ctrl Pts',(0.130693638306663,0.0773428256877893,
0.116363095252474));
#1363=CARTESIAN_POINT('Ctrl Pts',(0.108308202026239,0.0585856686714999,
0.118679763451143));
#1364=CARTESIAN_POINT('Ctrl Pts',(0.0948427656921197,0.0291831374835386,
0.120996431649813));
#1365=CARTESIAN_POINT('Ctrl Pts',(0.0946411000391845,-5.73617598106563E-5,
0.123313099848482));
#1366=CARTESIAN_POINT('Origin',(0.1955,0.,0.147));
#1367=CARTESIAN_POINT('',(0.0947968469156713,8.20350421490402E-5,0.173313099848482));
#1368=CARTESIAN_POINT('',(0.0947651093981193,-8.49316842376541E-5,0.159686900151518));
#1369=CARTESIAN_POINT('',(0.09475,1.23383165014096E-17,0.147));
#1370=CARTESIAN_POINT('Ctrl Pts',(0.0947651093981193,-8.49316842376541E-5,
0.159686900151518));
#1371=CARTESIAN_POINT('Ctrl Pts',(0.0949781938901485,0.0246841357767982,
0.157730750892266));
#1372=CARTESIAN_POINT('Ctrl Pts',(0.104230137131722,0.0495956704806051,
0.155774601633015));
#1373=CARTESIAN_POINT('Ctrl Pts',(0.120811713272813,0.0678487796889571,
0.153818452373763));
#1374=CARTESIAN_POINT('Ctrl Pts',(0.142902418663028,0.0921663749854539,
0.15121238425227));
#1375=CARTESIAN_POINT('Ctrl Pts',(0.178002299547176,0.104666103415882,0.148606316130776));
#1376=CARTESIAN_POINT('Ctrl Pts',(0.210491114756655,0.0997851411651197,
0.146000248009283));
#1377=CARTESIAN_POINT('Ctrl Pts',(0.242979929966135,0.094904178914357,0.143394179887789));
#1378=CARTESIAN_POINT('Ctrl Pts',(0.272857679500946,0.0726425259824027,
0.140788111766296));
#1379=CARTESIAN_POINT('Ctrl Pts',(0.286827764823279,0.0429074287873462,
0.138182043644802));
#1380=CARTESIAN_POINT('Ctrl Pts',(0.300797850145612,0.0131723315922897,
0.135575975523309));
#1381=CARTESIAN_POINT('Ctrl Pts',(0.298860271255466,-0.0240362098658691,
0.132969907401816));
#1382=CARTESIAN_POINT('Ctrl Pts',(0.281877737899073,-0.052159882745525,
0.130363839280322));
#1383=CARTESIAN_POINT('Ctrl Pts',(0.26489520454268,-0.0802835556251808,
0.127757771158829));
#1384=CARTESIAN_POINT('Ctrl Pts',(0.232867716720039,-0.0993223599263338,
0.125151703037335));
#1385=CARTESIAN_POINT('Ctrl Pts',(0.200047489307243,-0.100802654910809,
0.122545634915842));
#1386=CARTESIAN_POINT('Ctrl Pts',(0.167227261894447,-0.102282949895285,
0.119939566794349));
#1387=CARTESIAN_POINT('Ctrl Pts',(0.133614294891496,-0.0862047355630835,
0.117333498672855));
#1388=CARTESIAN_POINT('Ctrl Pts',(0.114168875480495,-0.0597249401257001,
0.114727430551362));
#1389=CARTESIAN_POINT('Ctrl Pts',(0.101632080187171,-0.0426529620011365,
0.113047253751414));
#1390=CARTESIAN_POINT('Ctrl Pts',(0.0949841705246219,-0.0212574606196292,
0.111367076951466));
#1391=CARTESIAN_POINT('Ctrl Pts',(0.0948537272516432,6.39966749498974E-5,
0.109686900151518));
#1392=CARTESIAN_POINT('Ctrl Pts',(0.0946411000391845,-5.73617598106563E-5,
0.123313099848482));
#1393=CARTESIAN_POINT('Ctrl Pts',(0.0946159078150976,-0.00371010677923952,
0.123602499771306));
#1394=CARTESIAN_POINT('Ctrl Pts',(0.0947976992940904,-0.0073603232588799,
0.12389189969413));
#1395=CARTESIAN_POINT('Ctrl Pts',(0.0951949422766465,-0.01098694310736,
0.124181299616954));
#1396=CARTESIAN_POINT('Ctrl Pts',(0.0987721452807962,-0.0436449282362936,
0.126787367738448));
#1397=CARTESIAN_POINT('Ctrl Pts',(0.119820608612118,-0.0743894299175534,
0.129393435859941));
#1398=CARTESIAN_POINT('Ctrl Pts',(0.148973086386417,-0.089538057741217,
0.131999503981434));
#1399=CARTESIAN_POINT('Ctrl Pts',(0.178125564160717,-0.104686685564881,
0.134605572102928));
#1400=CARTESIAN_POINT('Ctrl Pts',(0.215382056377995,-0.104239439530948,
0.137211640224421));
#1401=CARTESIAN_POINT('Ctrl Pts',(0.244162526687209,-0.0883955050306042,
0.139817708345915));
#1402=CARTESIAN_POINT('Ctrl Pts',(0.272942996996423,-0.0725515705302606,
0.142423776467408));
#1403=CARTESIAN_POINT('Ctrl Pts',(0.293247445397574,-0.0413109475635061,
0.145029844588901));
#1404=CARTESIAN_POINT('Ctrl Pts',(0.2960398303535,-0.00857644638976829,
0.147635912710395));
#1405=CARTESIAN_POINT('Ctrl Pts',(0.298832215309426,0.0241580547839696,
0.150241980831888));
#1406=CARTESIAN_POINT('Ctrl Pts',(0.284112536820128,0.0583864341646906,
0.152848048953382));
#1407=CARTESIAN_POINT('Ctrl Pts',(0.258431451773106,0.0788761349868368,
0.155454117074875));
#1408=CARTESIAN_POINT('Ctrl Pts',(0.232750366726084,0.099365835808983,0.158060185196369));
#1409=CARTESIAN_POINT('Ctrl Pts',(0.19610787512134,0.106116858072554,0.160666253317862));
#1410=CARTESIAN_POINT('Ctrl Pts',(0.164810826615389,0.0961248436763936,
0.163272321439355));
#1411=CARTESIAN_POINT('Ctrl Pts',(0.133513778109438,0.086132829280233,0.165878389560849));
#1412=CARTESIAN_POINT('Ctrl Pts',(0.107562172702282,0.0593977782243406,
0.168484457682342));
#1413=CARTESIAN_POINT('Ctrl Pts',(0.0985051526137082,0.0278174680562559,
0.171090525803836));
#1414=CARTESIAN_POINT('Ctrl Pts',(0.0959304056728173,0.0188397572636908,
0.171831383818718));
#1415=CARTESIAN_POINT('Ctrl Pts',(0.0947210149609549,0.00947047102932951,
0.1725722418336));
#1416=CARTESIAN_POINT('Ctrl Pts',(0.0947968469156713,8.20350421490402E-5,
0.173313099848482));
#1417=CARTESIAN_POINT('Origin',(0.1955,0.,0.147));
#1418=CARTESIAN_POINT('',(0.0948271028113378,-7.52167799013664E-5,0.223313099848482));
#1419=CARTESIAN_POINT('',(0.0946691146115139,7.00371559699673E-5,0.209686900151518));
#1420=CARTESIAN_POINT('',(0.09475,1.23383165014096E-17,0.147));
#1421=CARTESIAN_POINT('Ctrl Pts',(0.0946691146115139,7.00371559699673E-5,
0.209686900151518));
#1422=CARTESIAN_POINT('Ctrl Pts',(0.0946307991052187,0.00487410605689309,
0.209306561076054));
#1423=CARTESIAN_POINT('Ctrl Pts',(0.0949454253280923,0.00967313857480499,
0.208926222000589));
#1424=CARTESIAN_POINT('Ctrl Pts',(0.0956305632607831,0.0144186780102419,
0.208545882925125));
#1425=CARTESIAN_POINT('Ctrl Pts',(0.100325100952004,0.0469349242751894,
0.205939814803631));
#1426=CARTESIAN_POINT('Ctrl Pts',(0.122414924617078,0.0769397047952782,
0.203333746682138));
#1427=CARTESIAN_POINT('Ctrl Pts',(0.152069481617715,0.0910801370072433,
0.200727678560644));
#1428=CARTESIAN_POINT('Ctrl Pts',(0.181724038618353,0.105220569219209,0.198121610439151));
#1429=CARTESIAN_POINT('Ctrl Pts',(0.218943328954552,0.10349665312305,0.195515542317658));
#1430=CARTESIAN_POINT('Ctrl Pts',(0.247163809050021,0.0866755626370358,
0.192909474196164));
#1431=CARTESIAN_POINT('Ctrl Pts',(0.27538428914549,0.0698544721510218,0.190303406074671));
#1432=CARTESIAN_POINT('Ctrl Pts',(0.294605959000227,0.0379362072751529,
0.187697337953177));
#1433=CARTESIAN_POINT('Ctrl Pts',(0.296274670938769,0.00512523376896791,
0.185091269831684));
#1434=CARTESIAN_POINT('Ctrl Pts',(0.297943382877311,-0.0276857397372171,
0.182485201710191));
#1435=CARTESIAN_POINT('Ctrl Pts',(0.282059136899657,-0.061389421873718,
0.179879133588697));
#1436=CARTESIAN_POINT('Ctrl Pts',(0.255690843553619,-0.080986811497403,
0.177273065467204));
#1437=CARTESIAN_POINT('Ctrl Pts',(0.229322550207582,-0.100584201121088,
0.17466699734571));
#1438=CARTESIAN_POINT('Ctrl Pts',(0.19247020949316,-0.106075298231957,0.172060929224217));
#1439=CARTESIAN_POINT('Ctrl Pts',(0.161534052354499,-0.0950164042190324,
0.169454861102724));
#1440=CARTESIAN_POINT('Ctrl Pts',(0.130597895215838,-0.0839575102061075,
0.16684879298123));
#1441=CARTESIAN_POINT('Ctrl Pts',(0.105577921652938,-0.0563486250693887,
0.164242724859737));
#1442=CARTESIAN_POINT('Ctrl Pts',(0.0976086998196284,-0.0244764514197467,
0.161636656738243));
#1443=CARTESIAN_POINT('Ctrl Pts',(0.0956212814769764,-0.0165279535793769,
0.160986737876001));
#1444=CARTESIAN_POINT('Ctrl Pts',(0.0946943133533053,-0.00831430583190578,
0.16033681901376));
#1445=CARTESIAN_POINT('Ctrl Pts',(0.0947651093981193,-8.49316842376541E-5,
0.159686900151518));
#1446=CARTESIAN_POINT('Ctrl Pts',(0.0947968469156713,8.20350421490402E-5,
0.173313099848482));
#1447=CARTESIAN_POINT('Ctrl Pts',(0.0949877641029055,-0.0235546204799566,
0.175178309955094));
#1448=CARTESIAN_POINT('Ctrl Pts',(0.103325047495094,-0.0473126564470667,
0.177043520061705));
#1449=CARTESIAN_POINT('Ctrl Pts',(0.118529926089953,-0.0652489055144434,
0.178908730168316));
#1450=CARTESIAN_POINT('Ctrl Pts',(0.139774154424762,-0.090309399636782,
0.181514798289809));
#1451=CARTESIAN_POINT('Ctrl Pts',(0.17442504586437,-0.104004818601182,0.184120866411303));
#1452=CARTESIAN_POINT('Ctrl Pts',(0.207062056281001,-0.100240360082138,
0.186726934532796));
#1453=CARTESIAN_POINT('Ctrl Pts',(0.239699066697633,-0.0964759015630948,
0.18933300265429));
#1454=CARTESIAN_POINT('Ctrl Pts',(0.270322196091287,-0.0752515655606078,
0.191939070775783));
#1455=CARTESIAN_POINT('Ctrl Pts',(0.285303357262191,-0.046012708213837,
0.194545138897276));
#1456=CARTESIAN_POINT('Ctrl Pts',(0.300284518433095,-0.016773850867066,
0.19715120701877));
#1457=CARTESIAN_POINT('Ctrl Pts',(0.299623711381248,0.0204795278239889,
0.199757275140263));
#1458=CARTESIAN_POINT('Ctrl Pts',(0.283615012334407,0.0491686640198248,
0.202363343261757));
#1459=CARTESIAN_POINT('Ctrl Pts',(0.267606313287567,0.0778578002156605,
0.20496941138325));
#1460=CARTESIAN_POINT('Ctrl Pts',(0.236249722245734,0.0979826939162774,
0.207575479504744));
#1461=CARTESIAN_POINT('Ctrl Pts',(0.203499735979378,0.100587330402288,0.210181547626237));
#1462=CARTESIAN_POINT('Ctrl Pts',(0.170749749713023,0.103191966888299,0.21278761574773));
#1463=CARTESIAN_POINT('Ctrl Pts',(0.136606368222145,0.0882763461597046,
0.215393683869224));
#1464=CARTESIAN_POINT('Ctrl Pts',(0.116264280354938,0.0624781418321991,
0.217999751990717));
#1465=CARTESIAN_POINT('Ctrl Pts',(0.102439547212537,0.0449453648277379,
0.219770867943305));
#1466=CARTESIAN_POINT('Ctrl Pts',(0.0949892572991165,0.0223862175983206,
0.221541983895894));
#1467=CARTESIAN_POINT('Ctrl Pts',(0.0948271028113378,-7.52167799013664E-5,
0.223313099848482));
#1468=CARTESIAN_POINT('Origin',(0.1955,0.,0.147));
#1469=CARTESIAN_POINT('',(0.0946175434960772,3.7368625377038E-5,0.273313099848482));
#1470=CARTESIAN_POINT('',(0.0948996855612494,-2.13804920866373E-5,0.259686900151518));
#1471=CARTESIAN_POINT('',(0.09475,1.23383165014096E-17,0.147));
#1472=CARTESIAN_POINT('',(0.271599619777157,0.066025831079753,0.304));
#1473=CARTESIAN_POINT('Ctrl Pts',(0.0946175434960772,3.7368625377038E-5,
0.273313099848482));
#1474=CARTESIAN_POINT('Ctrl Pts',(0.094777325644325,-0.0303661102948695,
0.275723862201175));
#1475=CARTESIAN_POINT('Ctrl Pts',(0.109505197813493,-0.0608945112994843,
0.278134624553867));
#1476=CARTESIAN_POINT('Ctrl Pts',(0.133477366740495,-0.0795832865661816,
0.280545386906559));
#1477=CARTESIAN_POINT('Ctrl Pts',(0.159391619621516,-0.0997861163465214,
0.283151455028053));
#1478=CARTESIAN_POINT('Ctrl Pts',(0.196108679192562,-0.106153260029855,
0.285757523149546));
#1479=CARTESIAN_POINT('Ctrl Pts',(0.227289829378564,-0.0957839061242471,
0.28836359127104));
#1480=CARTESIAN_POINT('Ctrl Pts',(0.258470979564567,-0.085414552218639,
0.290969659392533));
#1481=CARTESIAN_POINT('Ctrl Pts',(0.284116220365526,-0.0583087007240895,
0.293575727514026));
#1482=CARTESIAN_POINT('Ctrl Pts',(0.292804050209046,-0.0266790363679163,
0.29618179563552));
#1483=CARTESIAN_POINT('Ctrl Pts',(0.301491880052566,0.00495062798825704,
0.298787863757013));
#1484=CARTESIAN_POINT('Ctrl Pts',(0.293222298938646,0.041104105206054,0.301393931878507));
#1485=CARTESIAN_POINT('Ctrl Pts',(0.271599619777157,0.0660258310797531,
0.304));
#1486=CARTESIAN_POINT('',(0.119437036668401,0.0661033532807864,0.304));
#1487=CARTESIAN_POINT('Origin',(0.1955,0.,0.304));
#1488=CARTESIAN_POINT('Ctrl Pts',(0.119437036668401,0.0661033532807864,
0.304));
#1489=CARTESIAN_POINT('Ctrl Pts',(0.123909054320808,0.0713594451341058,
0.303454778432963));
#1490=CARTESIAN_POINT('Ctrl Pts',(0.128910437830618,0.0761407706520328,
0.302909556865925));
#1491=CARTESIAN_POINT('Ctrl Pts',(0.134378493226815,0.080307625698335,0.302364335298888));
#1492=CARTESIAN_POINT('Ctrl Pts',(0.160514885688364,0.100224497589627,0.299758267177395));
#1493=CARTESIAN_POINT('Ctrl Pts',(0.197313239720457,0.106102682459465,0.297152199055901));
#1494=CARTESIAN_POINT('Ctrl Pts',(0.228376959167359,0.0953907048861157,
0.294546130934408));
#1495=CARTESIAN_POINT('Ctrl Pts',(0.259440678614262,0.0846787273127661,
0.291940062812914));
#1496=CARTESIAN_POINT('Ctrl Pts',(0.284769763475975,0.0573765872962282,
0.289333994691421));
#1497=CARTESIAN_POINT('Ctrl Pts',(0.293102589483744,0.0256022617457204,
0.286727926569928));
#1498=CARTESIAN_POINT('Ctrl Pts',(0.301435415491514,-0.00617206380478767,
0.284121858448434));
#1499=CARTESIAN_POINT('Ctrl Pts',(0.292771982645338,-0.0424185748892659,
0.28151579032694));
#1500=CARTESIAN_POINT('Ctrl Pts',(0.270962347458153,-0.066990152950572,
0.278909722205447));
#1501=CARTESIAN_POINT('Ctrl Pts',(0.249152712270967,-0.0915617310118781,
0.276303654083954));
#1502=CARTESIAN_POINT('Ctrl Pts',(0.214196874742772,-0.104458376050012,
0.27369758596246));
#1503=CARTESIAN_POINT('Ctrl Pts',(0.18165386940602,-0.0999492292804317,
0.271091517840967));
#1504=CARTESIAN_POINT('Ctrl Pts',(0.149110864069269,-0.0954400825108511,
0.268485449719474));
#1505=CARTESIAN_POINT('Ctrl Pts',(0.118980690923962,-0.0735251439335556,
0.26587938159798));
#1506=CARTESIAN_POINT('Ctrl Pts',(0.104670625668586,-0.043952759267075,
0.263273313476487));
#1507=CARTESIAN_POINT('Ctrl Pts',(0.0981062272056573,-0.0303871386367402,
0.262077842368164));
#1508=CARTESIAN_POINT('Ctrl Pts',(0.0948708462784305,-0.0152101653856176,
0.260882371259841));
#1509=CARTESIAN_POINT('Ctrl Pts',(0.0948996855612494,-2.13804920866373E-5,
0.259686900151518));
#1510=CARTESIAN_POINT('Origin',(0.1955,0.,0.412313843876331));
#1511=CARTESIAN_POINT('',(0.0706286938605996,7.94003411289014E-5,0.0956861561236696));
#1512=CARTESIAN_POINT('',(0.0706946020201232,-4.42795046311604E-6,0.0873138438763307));
#1513=CARTESIAN_POINT('',(0.0705,1.17172439110453E-15,0.412313843876331));
#1514=CARTESIAN_POINT('',(0.315253062317849,-0.0358357930775549,0.06));
#1515=CARTESIAN_POINT('Ctrl Pts',(0.0706946020201232,-4.42795046312518E-6,
0.0873138438763307));
#1516=CARTESIAN_POINT('Ctrl Pts',(0.0706906903220105,0.0202710092175315,
0.0860274336153674));
#1517=CARTESIAN_POINT('Ctrl Pts',(0.0848525566248973,0.0816192857697285,
0.0821349552329106));
#1518=CARTESIAN_POINT('Ctrl Pts',(0.180293845876079,0.146295954383711,0.0756364087289604));
#1519=CARTESIAN_POINT('Ctrl Pts',(0.30879563037519,0.093593435069206,0.0678182043644802));
#1520=CARTESIAN_POINT('Ctrl Pts',(0.326988860921846,0.00338191918383013,
0.0626060681214934));
#1521=CARTESIAN_POINT('Ctrl Pts',(0.315253062317849,-0.0358357930775558,
0.0599999999999999));
#1522=CARTESIAN_POINT('',(0.314260262714428,-0.039,0.06));
#1523=CARTESIAN_POINT('Origin',(0.1955,0.,0.06));
#1524=CARTESIAN_POINT('',(0.314260262714428,-0.0389999999999999,0.059788871488921));
#1525=CARTESIAN_POINT('',(0.314260262714428,-0.039,0.412313843876331));
#1526=CARTESIAN_POINT('',(0.0767397372855719,-0.0390000000000002,0.0398388162637404));
#1527=CARTESIAN_POINT('Ctrl Pts',(0.314260262714428,-0.0389999999999999,
0.059788871488921));
#1528=CARTESIAN_POINT('Ctrl Pts',(0.303396605245844,-0.072081302948938,
0.0575721986861231));
#1529=CARTESIAN_POINT('Ctrl Pts',(0.252603421660602,-0.128412643323772,
0.0531388530805275));
#1530=CARTESIAN_POINT('Ctrl Pts',(0.138396578339398,-0.128412643323772,
0.0464888346721339));
#1531=CARTESIAN_POINT('Ctrl Pts',(0.0876033947541559,-0.0720813029489383,
0.0420554890665383));
#1532=CARTESIAN_POINT('Ctrl Pts',(0.0767397372855719,-0.0390000000000002,
0.0398388162637404));
#1533=CARTESIAN_POINT('',(0.0769245721188909,-0.0389580326737988,0.0482111285110792));
#1534=CARTESIAN_POINT('',(0.0767397372855718,-0.039,0.412313843876331));
#1535=CARTESIAN_POINT('Ctrl Pts',(0.0706286938605996,7.94003411289014E-5,
0.0956861561236696));
#1536=CARTESIAN_POINT('Ctrl Pts',(0.0705395088896385,0.0146570286560506,
0.0947602648021241));
#1537=CARTESIAN_POINT('Ctrl Pts',(0.0795664926101843,0.0701592867762506,
0.0912283053590851));
#1538=CARTESIAN_POINT('Ctrl Pts',(0.160652562486995,0.142818949044185,0.0850902777945526));
#1539=CARTESIAN_POINT('Ctrl Pts',(0.294980989783802,0.108220074825945,0.0772720734300725));
#1540=CARTESIAN_POINT('Ctrl Pts',(0.340706970335672,-0.0226389585702407,
0.0694538690655922));
#1541=CARTESIAN_POINT('Ctrl Pts',(0.257307296277034,-0.133467803871696,
0.0616356647011119));
#1542=CARTESIAN_POINT('Ctrl Pts',(0.131733913424516,-0.126038122971816,
0.0545547511829409));
#1543=CARTESIAN_POINT('Ctrl Pts',(0.0862688532443309,-0.0668165547253407,
0.0500799057862634));
#1544=CARTESIAN_POINT('Ctrl Pts',(0.0769245721188909,-0.0389580326737988,
0.0482111285110793));
#1545=CARTESIAN_POINT('Origin',(0.1955,0.,0.412313843876331));
#1546=CARTESIAN_POINT('',(0.0705187461515128,-0.000105374298062468,0.14568615612367));
#1547=CARTESIAN_POINT('',(0.0703648883860849,-7.11684364905463E-5,0.137313843876331));
#1548=CARTESIAN_POINT('',(0.0705,1.17172439110453E-15,0.412313843876331));
#1549=CARTESIAN_POINT('Ctrl Pts',(0.0703648883860849,-7.1168436490541E-5,
0.137313843876331));
#1550=CARTESIAN_POINT('Ctrl Pts',(0.0706150939108181,0.0362073666048861,
0.134997175677661));
#1551=CARTESIAN_POINT('Ctrl Pts',(0.10611507534876,0.113723555869121,0.130074439357498));
#1552=CARTESIAN_POINT('Ctrl Pts',(0.236833414660463,0.141068813874205,0.122545634915842));
#1553=CARTESIAN_POINT('Ctrl Pts',(0.335790041488158,0.04390125743151,0.114727430551362));
#1554=CARTESIAN_POINT('Ctrl Pts',(0.30987642659163,-0.0923302428297671,
0.106909226186881));
#1555=CARTESIAN_POINT('Ctrl Pts',(0.18217124394526,-0.14640335167124,0.0990910218224012));
#1556=CARTESIAN_POINT('Ctrl Pts',(0.0853747711523958,-0.0826803780936767,
0.0925592277188844));
#1557=CARTESIAN_POINT('Ctrl Pts',(0.070698614817066,-0.0208038889360989,
0.0886335017368608));
#1558=CARTESIAN_POINT('Ctrl Pts',(0.0706946020201232,-4.42795046312518E-6,
0.0873138438763307));
#1559=CARTESIAN_POINT('Ctrl Pts',(0.0705187461515128,-0.000105374298062479,
0.14568615612367));
#1560=CARTESIAN_POINT('Ctrl Pts',(0.0707831189704074,0.0306254786312627,
0.143730006864418));
#1561=CARTESIAN_POINT('Ctrl Pts',(0.0975545695289179,0.102709569750933,
0.139167789483673));
#1562=CARTESIAN_POINT('Ctrl Pts',(0.217338933537623,0.145367037030163,0.131999503981434));
#1563=CARTESIAN_POINT('Ctrl Pts',(0.328546438009624,0.0625072866630874,
0.124181299616954));
#1564=CARTESIAN_POINT('Ctrl Pts',(0.321334605912309,-0.075986043826337,
0.116363095252474));
#1565=CARTESIAN_POINT('Ctrl Pts',(0.202125594165507,-0.146850079686708,
0.108544890887993));
#1566=CARTESIAN_POINT('Ctrl Pts',(0.0918318098730692,-0.0940928475385394,
0.101652577845059));
#1567=CARTESIAN_POINT('Ctrl Pts',(0.0707905341496549,-0.0263740206198874,
0.0973663329236174));
#1568=CARTESIAN_POINT('Ctrl Pts',(0.0706286938605996,7.94003411289014E-5,
0.0956861561236696));
#1569=CARTESIAN_POINT('Origin',(0.1955,0.,0.412313843876331));
#1570=CARTESIAN_POINT('',(0.0703996459199925,8.68947344527406E-5,0.19568615612367));
#1571=CARTESIAN_POINT('',(0.070558122724158,0.000101780449315543,0.187313843876331));
#1572=CARTESIAN_POINT('',(0.0705,1.17172439110453E-15,0.412313843876331));
#1573=CARTESIAN_POINT('Ctrl Pts',(0.070558122724158,0.000101780449315553,
0.187313843876331));
#1574=CARTESIAN_POINT('Ctrl Pts',(0.0704640384130954,0.0117499640562397,
0.186572985861449));
#1575=CARTESIAN_POINT('Ctrl Pts',(0.0772426809331049,0.0642648721231126,
0.183226059725073));
#1576=CARTESIAN_POINT('Ctrl Pts',(0.150792039102476,0.140034590987748,0.177273065467204));
#1577=CARTESIAN_POINT('Ctrl Pts',(0.287178484281425,0.114906716557583,0.169454861102724));
#1578=CARTESIAN_POINT('Ctrl Pts',(0.341966369477327,-0.0124941992515529,
0.161636656738243));
#1579=CARTESIAN_POINT('Ctrl Pts',(0.266391499497856,-0.128774433619125,
0.153818452373763));
#1580=CARTESIAN_POINT('Ctrl Pts',(0.127719692237519,-0.130439121090339,
0.146000248009283));
#1581=CARTESIAN_POINT('Ctrl Pts',(0.0725902546734524,-0.0499141412285955,
0.140498711843472));
#1582=CARTESIAN_POINT('Ctrl Pts',(0.070333632524935,-0.00460311014794045,
0.137603243799155));
#1583=CARTESIAN_POINT('Ctrl Pts',(0.0703648883860849,-7.1168436490541E-5,
0.137313843876331));
#1584=CARTESIAN_POINT('Ctrl Pts',(0.0703996459199925,8.68947344527399E-5,
0.19568615612367));
#1585=CARTESIAN_POINT('Ctrl Pts',(0.0703521080709909,0.00604727798621885,
0.195305817048205));
#1586=CARTESIAN_POINT('Ctrl Pts',(0.0734171608112649,0.0527989048383839,
0.192319409851247));
#1587=CARTESIAN_POINT('Ctrl Pts',(0.132230456925748,0.13268546565182,0.186726934532796));
#1588=CARTESIAN_POINT('Ctrl Pts',(0.270763795646094,0.126268904499865,0.178908730168316));
#1589=CARTESIAN_POINT('Ctrl Pts',(0.34230847252477,0.00746642977578638,
0.171090525803835));
#1590=CARTESIAN_POINT('Ctrl Pts',(0.28318596888586,-0.117981518623101,0.163272321439355));
#1591=CARTESIAN_POINT('Ctrl Pts',(0.146018447616301,-0.138419845338494,
0.155454117074875));
#1592=CARTESIAN_POINT('Ctrl Pts',(0.0761926448273168,-0.0613689018619263,
0.149592061969646));
#1593=CARTESIAN_POINT('Ctrl Pts',(0.0704309098676245,-0.0103155159204792,
0.146336074985911));
#1594=CARTESIAN_POINT('Ctrl Pts',(0.0705187461515128,-0.000105374298062479,
0.14568615612367));
#1595=CARTESIAN_POINT('Origin',(0.1955,0.,0.412313843876331));
#1596=CARTESIAN_POINT('',(0.0706857140958429,-2.65266651207953E-5,0.24568615612367));
#1597=CARTESIAN_POINT('',(0.0705956610562505,-9.33210668755895E-5,0.237313843876331));
#1598=CARTESIAN_POINT('',(0.0705,1.17172439110453E-15,0.412313843876331));
#1599=CARTESIAN_POINT('Ctrl Pts',(0.0705956610562505,-9.33210668756022E-5,
0.237313843876331));
#1600=CARTESIAN_POINT('Ctrl Pts',(0.0707968452842635,0.0277744635214892,
0.235542727923742));
#1601=CARTESIAN_POINT('Ctrl Pts',(0.0936415709224613,0.0969472789523942,
0.23116554384966));
#1602=CARTESIAN_POINT('Ctrl Pts',(0.207154008937842,0.146535468507313,0.224182291654086));
#1603=CARTESIAN_POINT('Ctrl Pts',(0.323865886264765,0.0716289162717658,
0.216364087289605));
#1604=CARTESIAN_POINT('Ctrl Pts',(0.326325465862212,-0.067031302181291,
0.208545882925125));
#1605=CARTESIAN_POINT('Ctrl Pts',(0.212343594669947,-0.146030071421318,
0.200727678560644));
#1606=CARTESIAN_POINT('Ctrl Pts',(0.0955916680851559,-0.0998850378291402,
0.193650332211047));
#1607=CARTESIAN_POINT('Ctrl Pts',(0.0707949926835058,-0.0292240948882841,
0.189179053982942));
#1608=CARTESIAN_POINT('Ctrl Pts',(0.070558122724158,0.000101780449315553,
0.187313843876331));
#1609=CARTESIAN_POINT('Ctrl Pts',(0.0706857140958429,-2.65266651207967E-5,
0.245686156123669));
#1610=CARTESIAN_POINT('Ctrl Pts',(0.07072793361565,0.0222092275555335,0.244275559110499));
#1611=CARTESIAN_POINT('Ctrl Pts',(0.0869040596869711,0.0855834808665081,
0.240258893975835));
#1612=CARTESIAN_POINT('Ctrl Pts',(0.187192062074576,0.14676241027222,0.233636160719678));
#1613=CARTESIAN_POINT('Ctrl Pts',(0.312976607306065,0.0883615430426978,
0.225817956355197));
#1614=CARTESIAN_POINT('Ctrl Pts',(0.334201375449436,-0.0486871946349765,
0.217999751990717));
#1615=CARTESIAN_POINT('Ctrl Pts',(0.231974469301352,-0.142401023294056,
0.210181547626237));
#1616=CARTESIAN_POINT('Ctrl Pts',(0.103835955190986,-0.110977800834555,
0.202743682337221));
#1617=CARTESIAN_POINT('Ctrl Pts',(0.0706778355095825,-0.0347930294824383,
0.197911885169699));
#1618=CARTESIAN_POINT('Ctrl Pts',(0.0703996459199925,8.68947344527399E-5,
0.19568615612367));
#1619=CARTESIAN_POINT('Origin',(0.1955,0.,0.412313843876331));
#1620=CARTESIAN_POINT('',(0.0703438587033532,-8.14958176742E-5,0.295686156123669));
#1621=CARTESIAN_POINT('',(0.070335661905803,4.63630587800402E-5,0.287313843876331));
#1622=CARTESIAN_POINT('',(0.0705,1.17172439110453E-15,0.412313843876331));
#1623=CARTESIAN_POINT('',(0.132735062972544,-0.108099781128083,0.304));
#1624=CARTESIAN_POINT('Ctrl Pts',(0.132735062972544,-0.108099781128083,
0.304));
#1625=CARTESIAN_POINT('Ctrl Pts',(0.0973336625428191,-0.0875450062204197,
0.301393931878507));
#1626=CARTESIAN_POINT('Ctrl Pts',(0.0715504805528203,-0.045958514037587,
0.298622650586396));
#1627=CARTESIAN_POINT('Ctrl Pts',(0.0703313970750771,-0.00266380868920109,
0.295851369294286));
#1628=CARTESIAN_POINT('Ctrl Pts',(0.0703438587033532,-8.14958176741956E-5,
0.295686156123669));
#1629=CARTESIAN_POINT('',(0.258190777158125,-0.108176043103136,0.304));
#1630=CARTESIAN_POINT('Origin',(0.1955,0.,0.304));
#1631=CARTESIAN_POINT('Ctrl Pts',(0.258190777158125,-0.108176043103136,
0.304));
#1632=CARTESIAN_POINT('Ctrl Pts',(0.250828145800608,-0.112546600229361,
0.303454778432963));
#1633=CARTESIAN_POINT('Ctrl Pts',(0.205785782307055,-0.133356507387403,
0.300303488744432));
#1634=CARTESIAN_POINT('Ctrl Pts',(0.108559845475381,-0.116496456043799,
0.294741436703209));
#1635=CARTESIAN_POINT('Ctrl Pts',(0.0705339027845226,-0.0376750748075307,
0.289724606229023));
#1636=CARTESIAN_POINT('Ctrl Pts',(0.070335661905803,4.63630587800247E-5,
0.287313843876331));
#1637=CARTESIAN_POINT('Origin',(0.1955,0.,0.389675793152587));
#1638=CARTESIAN_POINT('',(0.345593880843936,-8.90047172002979E-5,0.170925793152587));
#1639=CARTESIAN_POINT('',(0.345973826655462,5.42421368233E-6,0.158324206847412));
#1640=CARTESIAN_POINT('',(0.34575,-6.37489891296155E-17,0.389675793152587));
#1641=CARTESIAN_POINT('',(0.344072999679975,0.0235941258201269,0.11));
#1642=CARTESIAN_POINT('Ctrl Pts',(0.345593880843936,-8.90047172003003E-5,
0.170925793152587));
#1643=CARTESIAN_POINT('Ctrl Pts',(0.345694570847126,-0.0179492340802634,
0.169746234586955));
#1644=CARTESIAN_POINT('Ctrl Pts',(0.334617379143934,-0.0846056832120163,
0.165335982610889));
#1645=CARTESIAN_POINT('Ctrl Pts',(0.237505855224903,-0.171132356712203,
0.157695037224389));
#1646=CARTESIAN_POINT('Ctrl Pts',(0.0775068458637132,-0.130896083419021,
0.148002956993088));
#1647=CARTESIAN_POINT('Ctrl Pts',(0.0209346674536492,0.0241301950701448,
0.138310876761787));
#1648=CARTESIAN_POINT('Ctrl Pts',(0.117395683911201,0.157910787094721,0.128618796530486));
#1649=CARTESIAN_POINT('Ctrl Pts',(0.277962087184004,0.153569408398512,0.11918183760989));
#1650=CARTESIAN_POINT('Ctrl Pts',(0.336782934277247,0.0677521922156275,
0.112975572099728));
#1651=CARTESIAN_POINT('Ctrl Pts',(0.344072999679975,0.0235941258201269,
0.11));
#1652=CARTESIAN_POINT('',(0.217312591130227,0.148658243525832,0.11));
#1653=CARTESIAN_POINT('Origin',(0.1955,0.,0.11));
#1654=CARTESIAN_POINT('Ctrl Pts',(0.345973826655462,5.42421368233085E-6,
0.158324206847412));
#1655=CARTESIAN_POINT('Ctrl Pts',(0.345916940386316,-0.0479037994154737,
0.15513891154001));
#1656=CARTESIAN_POINT('Ctrl Pts',(0.2956895413183,-0.144469749424861,0.148722922822173));
#1657=CARTESIAN_POINT('Ctrl Pts',(0.132753035627657,-0.164757726931869,
0.139076240693903));
#1658=CARTESIAN_POINT('Ctrl Pts',(0.0239590124304422,-0.0403561607759477,
0.129384160462602));
#1659=CARTESIAN_POINT('Ctrl Pts',(0.0587773529485197,0.0921490993086784,
0.121307426936518));
#1660=CARTESIAN_POINT('Ctrl Pts',(0.143358591707051,0.147152045722338,0.11484604011565));
#1661=CARTESIAN_POINT('Ctrl Pts',(0.193171627692441,0.152200441741477,0.111615346705217));
#1662=CARTESIAN_POINT('Ctrl Pts',(0.217312591130227,0.148658243525832,0.11));
#1663=CARTESIAN_POINT('Origin',(0.1955,0.,0.389675793152587));
#1664=CARTESIAN_POINT('',(0.345800622200592,0.000105922259468457,0.233425793152588));
#1665=CARTESIAN_POINT('',(0.345544532939181,-4.72186281401879E-5,0.220824206847412));
#1666=CARTESIAN_POINT('',(0.34575,-6.37489891296155E-17,0.389675793152587));
#1667=CARTESIAN_POINT('Ctrl Pts',(0.345800622200592,0.000105922259468448,
0.233425793152588));
#1668=CARTESIAN_POINT('Ctrl Pts',(0.345466625930974,-0.0395470626464899,
0.230797061716223));
#1669=CARTESIAN_POINT('Ctrl Pts',(0.309382430640375,-0.128451468875475,
0.224937636869425));
#1670=CARTESIAN_POINT('Ctrl Pts',(0.161107416536602,-0.1728389981462,0.215847518612195));
#1671=CARTESIAN_POINT('Ctrl Pts',(0.0332027781882439,-0.068632260484658,
0.206155438380893));
#1672=CARTESIAN_POINT('Ctrl Pts',(0.0475462069710473,0.0957256643998757,
0.196463358149593));
#1673=CARTESIAN_POINT('Ctrl Pts',(0.191595910019037,0.176175605662993,0.186771277918292));
#1674=CARTESIAN_POINT('Ctrl Pts',(0.32111509060045,0.111195045088638,0.178258756252623));
#1675=CARTESIAN_POINT('Ctrl Pts',(0.345418790958548,0.0309681550119315,
0.172976927997389));
#1676=CARTESIAN_POINT('Ctrl Pts',(0.345593880843936,-8.90047172003003E-5,
0.170925793152587));
#1677=CARTESIAN_POINT('Ctrl Pts',(0.345544532939181,-4.72186281401784E-5,
0.220824206847412));
#1678=CARTESIAN_POINT('Ctrl Pts',(0.345606922588301,-0.021319207257019,
0.219420432079712));
#1679=CARTESIAN_POINT('Ctrl Pts',(0.331598894338369,-0.0914691748367714,
0.214785963901577));
#1680=CARTESIAN_POINT('Ctrl Pts',(0.225845262675377,-0.173586474794935,
0.206920802313009));
#1681=CARTESIAN_POINT('Ctrl Pts',(0.068932286953818,-0.122612043506458,
0.197228722081709));
#1682=CARTESIAN_POINT('Ctrl Pts',(0.0229639277822466,0.0358475037885195,
0.187536641850407));
#1683=CARTESIAN_POINT('Ctrl Pts',(0.128244176489493,0.162872485702684,0.177844561619107));
#1684=CARTESIAN_POINT('Ctrl Pts',(0.29247378692954,0.147147077194784,0.168152481387805));
#1685=CARTESIAN_POINT('Ctrl Pts',(0.345668450697394,0.0499626413915889,
0.161645696463908));
#1686=CARTESIAN_POINT('Ctrl Pts',(0.345974637421328,0.000688245635415437,
0.158369604950443));
#1687=CARTESIAN_POINT('Ctrl Pts',(0.345973826655462,5.42421368233085E-6,
0.158324206847412));
#1688=CARTESIAN_POINT('Ctrl Pts',(0.265217505236997,0.133095950214607,0.294149524394718));
#1689=CARTESIAN_POINT('Ctrl Pts',(0.286831271091092,0.121774359800366,0.292534177689501));
#1690=CARTESIAN_POINT('Ctrl Pts',(0.324167216155481,0.0884149224160704,
0.289303484279068));
#1691=CARTESIAN_POINT('Ctrl Pts',(0.36027547465819,-0.00579496948500877,
0.2828420974582));
#1692=CARTESIAN_POINT('Ctrl Pts',(0.310573721442011,-0.133465234283688,
0.274765363932116));
#1693=CARTESIAN_POINT('Ctrl Pts',(0.149440200250111,-0.170178685412424,
0.265073283700815));
#1694=CARTESIAN_POINT('Ctrl Pts',(0.0289699587473789,-0.0574791906142585,
0.255381203469514));
#1695=CARTESIAN_POINT('Ctrl Pts',(0.0543354326048881,0.105488869966075,
0.245689123238213));
#1696=CARTESIAN_POINT('Ctrl Pts',(0.203517783154535,0.176045144300292,0.235997043006913));
#1697=CARTESIAN_POINT('Ctrl Pts',(0.345634849461157,0.0922513922514089,
0.226304962775611));
#1698=CARTESIAN_POINT('Ctrl Pts',(0.356163333230847,-0.0723949797938466,
0.21661288254431));
#1699=CARTESIAN_POINT('Ctrl Pts',(0.225845262675377,-0.173586474794935,
0.206920802313009));
#1700=CARTESIAN_POINT('Ctrl Pts',(0.068932286953818,-0.122612043506458,
0.197228722081709));
#1701=CARTESIAN_POINT('Ctrl Pts',(0.0229639277822466,0.0358475037885195,
0.187536641850407));
#1702=CARTESIAN_POINT('Ctrl Pts',(0.128244176489493,0.162872485702684,0.177844561619107));
#1703=CARTESIAN_POINT('Ctrl Pts',(0.29247378692954,0.147147077194784,0.168152481387805));
#1704=CARTESIAN_POINT('Ctrl Pts',(0.371709070582693,0.00238751313130781,
0.158460401156505));
#1705=CARTESIAN_POINT('Ctrl Pts',(0.296456334312457,-0.144374272484613,
0.148768320925204));
#1706=CARTESIAN_POINT('Ctrl Pts',(0.132753035627657,-0.164757726931869,
0.139076240693903));
#1707=CARTESIAN_POINT('Ctrl Pts',(0.0239590124304422,-0.0403561607759477,
0.129384160462602));
#1708=CARTESIAN_POINT('Ctrl Pts',(0.0587773529485197,0.0921490993086784,
0.121307426936518));
#1709=CARTESIAN_POINT('Ctrl Pts',(0.143358591707051,0.147152045722338,0.11484604011565));
#1710=CARTESIAN_POINT('Ctrl Pts',(0.193171627692441,0.152200441741477,0.111615346705217));
#1711=CARTESIAN_POINT('Ctrl Pts',(0.217312591130227,0.148658243525832,0.11));
#1712=CARTESIAN_POINT('Ctrl Pts',(0.270615488448914,0.143401105317191,0.287433016263145));
#1713=CARTESIAN_POINT('Ctrl Pts',(0.293902732790657,0.131202923654016,0.285817669557929));
#1714=CARTESIAN_POINT('Ctrl Pts',(0.334129469830081,0.0952605814117905,
0.282586976147495));
#1715=CARTESIAN_POINT('Ctrl Pts',(0.3730334648203,-0.0062436537557281,0.276125589326628));
#1716=CARTESIAN_POINT('Ctrl Pts',(0.319483478243622,-0.143798981763446,
0.268048855800543));
#1717=CARTESIAN_POINT('Ctrl Pts',(0.145873950641079,-0.18335502733343,0.258356775569242));
#1718=CARTESIAN_POINT('Ctrl Pts',(0.0160761186148964,-0.0619296038198884,
0.248664695337942));
#1719=CARTESIAN_POINT('Ctrl Pts',(0.0434055526224378,0.113656505155905,
0.238972615106641));
#1720=CARTESIAN_POINT('Ctrl Pts',(0.204138572133112,0.18967570566708,0.22928053487534));
#1721=CARTESIAN_POINT('Ctrl Pts',(0.357259267089985,0.0993940957224554,
0.219588454644039));
#1722=CARTESIAN_POINT('Ctrl Pts',(0.368602934627977,-0.0780002705199813,
0.209896374412738));
#1723=CARTESIAN_POINT('Ctrl Pts',(0.228194790500936,-0.187026669959313,
0.200204294181437));
#1724=CARTESIAN_POINT('Ctrl Pts',(0.0591325904805805,-0.132105466287102,
0.190512213950136));
#1725=CARTESIAN_POINT('Ctrl Pts',(0.00960506162495418,0.0386230509481853,
0.180820133718835));
#1726=CARTESIAN_POINT('Ctrl Pts',(0.123036792705762,0.175483134068793,0.171128053487534));
#1727=CARTESIAN_POINT('Ctrl Pts',(0.299982128945826,0.158540162040259,0.161435973256233));
#1728=CARTESIAN_POINT('Ctrl Pts',(0.38535232418965,0.00257236994391478,
0.151743893024932));
#1729=CARTESIAN_POINT('Ctrl Pts',(0.304273031078968,-0.155552668734669,
0.142051812793631));
#1730=CARTESIAN_POINT('Ctrl Pts',(0.127894757077253,-0.177514342949445,
0.13235973256233));
#1731=CARTESIAN_POINT('Ctrl Pts',(0.0106771922059774,-0.0434807975171135,
0.122667652331029));
#1732=CARTESIAN_POINT('Ctrl Pts',(0.0481913953620599,0.0992838825940315,
0.114590918804945));
#1733=CARTESIAN_POINT('Ctrl Pts',(0.139321464365013,0.158545515263568,0.108129531984078));
#1734=CARTESIAN_POINT('Ctrl Pts',(0.192991349947497,0.163984790974484,0.104898838573644));
#1735=CARTESIAN_POINT('Ctrl Pts',(0.21900146396538,0.16016833270842,0.103283491868427));
#1736=CARTESIAN_POINT('Ctrl Pts',(0.27601347166083,0.153706260419776,0.280716508131573));
#1737=CARTESIAN_POINT('Ctrl Pts',(0.300974194490222,0.140631487507666,0.279101161426356));
#1738=CARTESIAN_POINT('Ctrl Pts',(0.344091723504682,0.102106240407511,0.275870468015922));
#1739=CARTESIAN_POINT('Ctrl Pts',(0.38579145498241,-0.00669233802644758,
0.269409081195055));
#1740=CARTESIAN_POINT('Ctrl Pts',(0.328393235045233,-0.154132729243204,
0.261332347668971));
#1741=CARTESIAN_POINT('Ctrl Pts',(0.142307701032047,-0.196531369254436,
0.25164026743767));
#1742=CARTESIAN_POINT('Ctrl Pts',(0.00318227848241412,-0.0663800170255181,
0.241948187206369));
#1743=CARTESIAN_POINT('Ctrl Pts',(0.0324756726399875,0.121824140345736,
0.232256106975068));
#1744=CARTESIAN_POINT('Ctrl Pts',(0.204759361111688,0.20330626703387,0.222564026743767));
#1745=CARTESIAN_POINT('Ctrl Pts',(0.368883684718812,0.106536799193502,0.212871946512466));
#1746=CARTESIAN_POINT('Ctrl Pts',(0.381042536025108,-0.083605561246116,
0.203179866281165));
#1747=CARTESIAN_POINT('Ctrl Pts',(0.230544318326495,-0.20046686512369,0.193487786049864));
#1748=CARTESIAN_POINT('Ctrl Pts',(0.0493328940073433,-0.141598889067746,
0.183795705818563));
#1749=CARTESIAN_POINT('Ctrl Pts',(-0.00375380453233826,0.041398598107851,
0.174103625587262));
#1750=CARTESIAN_POINT('Ctrl Pts',(0.117829408922031,0.188093782434902,0.164411545355961));
#1751=CARTESIAN_POINT('Ctrl Pts',(0.307490470962113,0.169933246885734,0.15471946512466));
#1752=CARTESIAN_POINT('Ctrl Pts',(0.398995577796607,0.00275722675652203,
0.145027384893359));
#1753=CARTESIAN_POINT('Ctrl Pts',(0.312089727845479,-0.166731064984726,
0.135335304662059));
#1754=CARTESIAN_POINT('Ctrl Pts',(0.123036478526849,-0.190270958967021,
0.125643224430757));
#1755=CARTESIAN_POINT('Ctrl Pts',(-0.00260462801848765,-0.0466054342582798,
0.115951144199457));
#1756=CARTESIAN_POINT('Ctrl Pts',(0.0376054377756005,0.106418665879385,
0.107874410673372));
#1757=CARTESIAN_POINT('Ctrl Pts',(0.135284337022974,0.169938984804798,0.101413023852505));
#1758=CARTESIAN_POINT('Ctrl Pts',(0.192811072202552,0.17576914020749,0.0981823304420715));
#1759=CARTESIAN_POINT('Ctrl Pts',(0.220690336800532,0.171678421891008,0.0965669837368547));
#1760=CARTESIAN_POINT('Ctrl Pts',(0.281411454872746,0.16401141552236,0.274));
#1761=CARTESIAN_POINT('Ctrl Pts',(0.308045656189788,0.150060051361316,0.272384653294783));
#1762=CARTESIAN_POINT('Ctrl Pts',(0.354053977179283,0.108951899403231,0.269153959884349));
#1763=CARTESIAN_POINT('Ctrl Pts',(0.398549445144519,-0.00714102229716719,
0.262692573063482));
#1764=CARTESIAN_POINT('Ctrl Pts',(0.337302991846844,-0.164466476722961,
0.254615839537398));
#1765=CARTESIAN_POINT('Ctrl Pts',(0.138741451423015,-0.209707711175443,
0.244923759306097));
#1766=CARTESIAN_POINT('Ctrl Pts',(-0.0097115616500683,-0.0708304302311477,
0.235231679074796));
#1767=CARTESIAN_POINT('Ctrl Pts',(0.0215457926575374,0.129991775535566,
0.225539598843495));
#1768=CARTESIAN_POINT('Ctrl Pts',(0.205380150090265,0.216936828400659,0.215847518612194));
#1769=CARTESIAN_POINT('Ctrl Pts',(0.380508102347641,0.113679502664548,0.206155438380894));
#1770=CARTESIAN_POINT('Ctrl Pts',(0.393482137422239,-0.0892108519722509,
0.196463358149592));
#1771=CARTESIAN_POINT('Ctrl Pts',(0.232893846152054,-0.213907060288068,
0.186771277918292));
#1772=CARTESIAN_POINT('Ctrl Pts',(0.0395331975341059,-0.151092311848391,
0.177079197686991));
#1773=CARTESIAN_POINT('Ctrl Pts',(-0.0171126706896308,0.0441741452675168,
0.16738711745569));
#1774=CARTESIAN_POINT('Ctrl Pts',(0.112622025138301,0.200704430801011,0.157695037224389));
#1775=CARTESIAN_POINT('Ctrl Pts',(0.314998812978399,0.18132633173121,0.148002956993088));
#1776=CARTESIAN_POINT('Ctrl Pts',(0.412638831403564,0.00294208356912891,
0.138310876761787));
#1777=CARTESIAN_POINT('Ctrl Pts',(0.31990642461199,-0.177909461234783,0.128618796530486));
#1778=CARTESIAN_POINT('Ctrl Pts',(0.118178199976444,-0.203027574984596,
0.118926716299185));
#1779=CARTESIAN_POINT('Ctrl Pts',(-0.0158864482429526,-0.0497300709994456,
0.109234636067884));
#1780=CARTESIAN_POINT('Ctrl Pts',(0.0270194801891409,0.113553449164738,
0.1011579025418));
#1781=CARTESIAN_POINT('Ctrl Pts',(0.131247209680936,0.181332454346029,0.0946965157209325));
#1782=CARTESIAN_POINT('Ctrl Pts',(0.192630794457607,0.187553489440496,0.0914658223104989));
#1783=CARTESIAN_POINT('Ctrl Pts',(0.222379209635684,0.183188511073596,0.0898504756052821));
#1784=CARTESIAN_POINT('',(0.0188682051640487,-0.0562681466821297,0.11));
#1785=CARTESIAN_POINT('Ctrl Pts',(0.0188682051640484,-0.0562681466821291,
0.11));
#1786=CARTESIAN_POINT('Ctrl Pts',(0.0178287496086038,-0.0516453991036496,
0.11));
#1787=CARTESIAN_POINT('Ctrl Pts',(0.0169806145556241,-0.0469926329112218,
0.11));
#1788=CARTESIAN_POINT('Ctrl Pts',(0.0163309231907273,-0.042317776340536,
0.11));
#1789=CARTESIAN_POINT('Ctrl Pts',(0.01464740721378,-0.0302040310271183,
0.11));
#1790=CARTESIAN_POINT('Ctrl Pts',(0.0142926567417914,-0.0179411850366322,
0.11));
#1791=CARTESIAN_POINT('Ctrl Pts',(0.0151951093906635,-0.00571538367902471,
0.11));
#1792=CARTESIAN_POINT('Ctrl Pts',(0.0155647013421032,-0.00070840875649653,
0.11));
#1793=CARTESIAN_POINT('Ctrl Pts',(0.0161457572296615,0.00429222792311314,
0.11));
#1794=CARTESIAN_POINT('Ctrl Pts',(0.0169356508667943,0.00927277868618807,
0.11));
#1795=CARTESIAN_POINT('Ctrl Pts',(0.0175302047428138,0.0130216451432557,
0.11));
#1796=CARTESIAN_POINT('Ctrl Pts',(0.0182435902921449,0.0167599886589156,
0.11));
#1797=CARTESIAN_POINT('Ctrl Pts',(0.019070657566016,0.0204655543337105,
0.11));
#1798=CARTESIAN_POINT('Ctrl Pts',(0.021679392338843,0.0321536459004172,
0.11));
#1799=CARTESIAN_POINT('Ctrl Pts',(0.0254209041972181,0.0435565314994139,
0.11));
#1800=CARTESIAN_POINT('Ctrl Pts',(0.0302388834490584,0.0544933744227675,
0.11));
#1801=CARTESIAN_POINT('Ctrl Pts',(0.0334407624739408,0.061761659760722,
0.11));
#1802=CARTESIAN_POINT('Ctrl Pts',(0.0371190813658928,0.0688237978541972,
0.11));
#1803=CARTESIAN_POINT('Ctrl Pts',(0.0412667934472573,0.0756178673245057,
0.11));
#1804=CARTESIAN_POINT('Ctrl Pts',(0.0432851214882633,0.0789239456287536,
0.11));
#1805=CARTESIAN_POINT('Ctrl Pts',(0.045410687247551,0.0821595404364555,
0.11));
#1806=CARTESIAN_POINT('Ctrl Pts',(0.0476375928685619,0.0853123076787285,
0.11));
#1807=CARTESIAN_POINT('Ctrl Pts',(0.054162106999647,0.0945494635914674,
0.11));
#1808=CARTESIAN_POINT('Ctrl Pts',(0.0615645612603195,0.103095640571953,
0.11));
#1809=CARTESIAN_POINT('Ctrl Pts',(0.0698148956124034,0.1107746925115,0.11));
#1810=CARTESIAN_POINT('Ctrl Pts',(0.0706233645332796,0.111527180176845,
0.11));
#1811=CARTESIAN_POINT('Ctrl Pts',(0.0714399980244356,0.112271306383307,
0.11));
#1812=CARTESIAN_POINT('Ctrl Pts',(0.0722647818886602,0.113006881250271,
0.11));
#1813=CARTESIAN_POINT('Ctrl Pts',(0.0761378339406974,0.116461022233737,
0.11));
#1814=CARTESIAN_POINT('Ctrl Pts',(0.0801905859268085,0.119726768002009,
0.11));
#1815=CARTESIAN_POINT('Ctrl Pts',(0.0844059034363835,0.122794558845162,
0.11));
#1816=CARTESIAN_POINT('Ctrl Pts',(0.0868910741961009,0.124603197004214,
0.11));
#1817=CARTESIAN_POINT('Ctrl Pts',(0.0894311896072799,0.126341643914872,
0.11));
#1818=CARTESIAN_POINT('Ctrl Pts',(0.0920149077392202,0.128003553190382,
0.11));
#1819=CARTESIAN_POINT('Ctrl Pts',(0.101413180907639,0.134048747191727,0.11));
#1820=CARTESIAN_POINT('Ctrl Pts',(0.111414676490418,0.139105338494739,0.11));
#1821=CARTESIAN_POINT('Ctrl Pts',(0.121836487479559,0.143097055939588,0.11));
#1822=CARTESIAN_POINT('Ctrl Pts',(0.12854324617259,0.145665849952573,0.11));
#1823=CARTESIAN_POINT('Ctrl Pts',(0.135424507616554,0.147792685734779,0.11));
#1824=CARTESIAN_POINT('Ctrl Pts',(0.142431419038457,0.149445719069583,0.11));
#1825=CARTESIAN_POINT('Ctrl Pts',(0.146265796903307,0.150350305134282,0.11));
#1826=CARTESIAN_POINT('Ctrl Pts',(0.150129213136861,0.151110733224758,0.11));
#1827=CARTESIAN_POINT('Ctrl Pts',(0.154010551332524,0.151725661814283,0.11));
#1828=CARTESIAN_POINT('Ctrl Pts',(0.160312680728293,0.152724121455,0.11));
#1829=CARTESIAN_POINT('Ctrl Pts',(0.166665268138441,0.153340026188098,0.11));
#1830=CARTESIAN_POINT('Ctrl Pts',(0.173035604077769,0.153566544615395,0.11));
#1831=CARTESIAN_POINT('Ctrl Pts',(0.178537951478454,0.153762198830734,0.11));
#1832=CARTESIAN_POINT('Ctrl Pts',(0.18405723529262,0.153666446786538,0.11));
#1833=CARTESIAN_POINT('Ctrl Pts',(0.189544976285161,0.153274887051601,0.11));
#1834=CARTESIAN_POINT('Ctrl Pts',(0.198914412342972,0.152606361714072,0.11));
#1835=CARTESIAN_POINT('Ctrl Pts',(0.208208001666641,0.151078901194505,0.11));
#1836=CARTESIAN_POINT('Ctrl Pts',(0.217312591130227,0.148658243525832,0.11));
#1837=CARTESIAN_POINT('Ctrl Pts',(0.380925817006715,6.68414750932574E-6,
0.138174682452695));
#1838=CARTESIAN_POINT('Ctrl Pts',(0.380855717221474,-0.0590308716257901,
0.134989387145292));
#1839=CARTESIAN_POINT('Ctrl Pts',(0.350127594012468,-0.118107998149202,
0.131804091837889));
#1840=CARTESIAN_POINT('Ctrl Pts',(0.301740454971328,-0.151953889392433,
0.128618796530486));
#1841=CARTESIAN_POINT('Ctrl Pts',(0.252663683066808,-0.186282165818054,
0.125388103120052));
#1842=CARTESIAN_POINT('Ctrl Pts',(0.185420941521625,-0.194654870401325,
0.122157409709619));
#1843=CARTESIAN_POINT('Ctrl Pts',(0.129455462712468,-0.173291638695435,
0.118926716299185));
#1844=CARTESIAN_POINT('Ctrl Pts',(0.0779094643349524,-0.153615418098711,
0.115951144199457));
#1845=CARTESIAN_POINT('Ctrl Pts',(0.0359299678728171,-0.108714202915566,
0.112975572099728));
#1846=CARTESIAN_POINT('Ctrl Pts',(0.0188682051640487,-0.0562681466821297,
0.11));
#1847=CARTESIAN_POINT('',(0.284636603262696,-0.121182883392512,0.274));
#1848=CARTESIAN_POINT('Ctrl Pts',(0.284636603262695,-0.121182883392513,
0.274));
#1849=CARTESIAN_POINT('Ctrl Pts',(0.288023477312365,-0.119273434432074,
0.274));
#1850=CARTESIAN_POINT('Ctrl Pts',(0.29132249154543,-0.117230346679898,0.274));
#1851=CARTESIAN_POINT('Ctrl Pts',(0.294524533266817,-0.115056348828895,
0.274));
#1852=CARTESIAN_POINT('Ctrl Pts',(0.303167255965501,-0.109188448842376,
0.274));
#1853=CARTESIAN_POINT('Ctrl Pts',(0.311105147919539,-0.102370600519367,
0.274));
#1854=CARTESIAN_POINT('Ctrl Pts',(0.318297317561296,-0.0947803220587231,
0.274));
#1855=CARTESIAN_POINT('Ctrl Pts',(0.32171215181156,-0.0911764661783005,
0.274));
#1856=CARTESIAN_POINT('Ctrl Pts',(0.324958587207586,-0.0873977336404768,
0.274));
#1857=CARTESIAN_POINT('Ctrl Pts',(0.32803022278985,-0.0834596987678586,
0.274));
#1858=CARTESIAN_POINT('Ctrl Pts',(0.330354618763401,-0.0804796732549128,
0.274));
#1859=CARTESIAN_POINT('Ctrl Pts',(0.332573855502709,-0.0774145146877082,
0.274));
#1860=CARTESIAN_POINT('Ctrl Pts',(0.334681487080792,-0.0742789058517426,
0.274));
#1861=CARTESIAN_POINT('Ctrl Pts',(0.340913125893549,-0.0650078444731682,
0.274));
#1862=CARTESIAN_POINT('Ctrl Pts',(0.346185133993451,-0.0551068119801932,
0.274));
#1863=CARTESIAN_POINT('Ctrl Pts',(0.350439365253388,-0.0447601736010267,
0.274));
#1864=CARTESIAN_POINT('Ctrl Pts',(0.352303985447221,-0.0402252647817147,
0.274));
#1865=CARTESIAN_POINT('Ctrl Pts',(0.353972650881805,-0.0356042072657875,
0.274));
#1866=CARTESIAN_POINT('Ctrl Pts',(0.355438058094847,-0.030910514676453,
0.274));
#1867=CARTESIAN_POINT('Ctrl Pts',(0.3564970905423,-0.0275184385994168,0.274));
#1868=CARTESIAN_POINT('Ctrl Pts',(0.357449758276276,-0.0240878230827699,
0.274));
#1869=CARTESIAN_POINT('Ctrl Pts',(0.35828982164507,-0.0206393074074524,
0.274));
#1870=CARTESIAN_POINT('Ctrl Pts',(0.3610282572155,-0.00939784832082797,
0.274));
#1871=CARTESIAN_POINT('Ctrl Pts',(0.362586256254222,0.00206952339400645,
0.274));
#1872=CARTESIAN_POINT('Ctrl Pts',(0.362890703389802,0.0135805048531285,
0.274));
#1873=CARTESIAN_POINT('Ctrl Pts',(0.362939850627316,0.0154387353098408,
0.274));
#1874=CARTESIAN_POINT('Ctrl Pts',(0.362956232349975,0.0172981528975959,
0.274));
#1875=CARTESIAN_POINT('Ctrl Pts',(0.362939421217543,0.0191580386765768,
0.274));
#1876=CARTESIAN_POINT('Ctrl Pts',(0.362893884768427,0.0241959261883105,
0.274));
#1877=CARTESIAN_POINT('Ctrl Pts',(0.362604959852525,0.0292372421119291,
0.274));
#1878=CARTESIAN_POINT('Ctrl Pts',(0.362080389245786,0.0342677232978843,
0.274));
#1879=CARTESIAN_POINT('Ctrl Pts',(0.361757855600305,0.0373607281566958,
0.274));
#1880=CARTESIAN_POINT('Ctrl Pts',(0.36134615978623,0.0404482171083611,0.274));
#1881=CARTESIAN_POINT('Ctrl Pts',(0.360849085157984,0.0435172114460632,
0.274));
#1882=CARTESIAN_POINT('Ctrl Pts',(0.358970523519697,0.0551156610617278,
0.274));
#1883=CARTESIAN_POINT('Ctrl Pts',(0.355873352688941,0.0664869044021262,
0.274));
#1884=CARTESIAN_POINT('Ctrl Pts',(0.351677165386825,0.0774542813185922,
0.274));
#1885=CARTESIAN_POINT('Ctrl Pts',(0.348721041856666,0.0851805620188241,
0.274));
#1886=CARTESIAN_POINT('Ctrl Pts',(0.345218250268293,0.0927068735450297,
0.274));
#1887=CARTESIAN_POINT('Ctrl Pts',(0.341195237020654,0.0999700684562419,
0.274));
#1888=CARTESIAN_POINT('Ctrl Pts',(0.339347662459406,0.103305701059296,0.274));
#1889=CARTESIAN_POINT('Ctrl Pts',(0.337394662939261,0.10657765717155,0.274));
#1890=CARTESIAN_POINT('Ctrl Pts',(0.335341556167874,0.109781265911834,0.274));
#1891=CARTESIAN_POINT('Ctrl Pts',(0.33043233190673,0.117441478215547,0.274));
#1892=CARTESIAN_POINT('Ctrl Pts',(0.324950549782942,0.124713622716639,0.274));
#1893=CARTESIAN_POINT('Ctrl Pts',(0.318948238955383,0.131546938716945,0.274));
#1894=CARTESIAN_POINT('Ctrl Pts',(0.315810385587856,0.135119220166365,0.274));
#1895=CARTESIAN_POINT('Ctrl Pts',(0.312529229523405,0.138571725926114,0.274));
#1896=CARTESIAN_POINT('Ctrl Pts',(0.309123173136426,0.141885681891909,0.274));
#1897=CARTESIAN_POINT('Ctrl Pts',(0.300639886762859,0.150139578566873,0.274));
#1898=CARTESIAN_POINT('Ctrl Pts',(0.291369391617153,0.157553921000397,0.274));
#1899=CARTESIAN_POINT('Ctrl Pts',(0.281411454872746,0.16401141552236,0.274));
#1900=CARTESIAN_POINT('Ctrl Pts',(0.284636603262696,-0.121182883392512,
0.274));
#1901=CARTESIAN_POINT('Ctrl Pts',(0.248421884954991,-0.147480554162769,
0.271024427900272));
#1902=CARTESIAN_POINT('Ctrl Pts',(0.146269103315326,-0.167212135183518,
0.26481816239011));
#1903=CARTESIAN_POINT('Ctrl Pts',(0.0289699587473789,-0.0574791906142585,
0.255381203469514));
#1904=CARTESIAN_POINT('Ctrl Pts',(0.0543354326048881,0.105488869966075,
0.245689123238213));
#1905=CARTESIAN_POINT('Ctrl Pts',(0.203517783154535,0.176045144300292,0.235997043006913));
#1906=CARTESIAN_POINT('Ctrl Pts',(0.325050996771145,0.104387853362957,0.227708737543312));
#1907=CARTESIAN_POINT('Ctrl Pts',(0.345463336998269,0.0276368468560673,
0.222651125490145));
#1908=CARTESIAN_POINT('Ctrl Pts',(0.345544532939181,-4.72186281401784E-5,
0.220824206847412));
#1909=CARTESIAN_POINT('Origin',(0.1955,0.,0.389675793152587));
#1910=CARTESIAN_POINT('',(0.106565726477762,-0.121102260478786,0.274));
#1911=CARTESIAN_POINT('Origin',(0.1955,0.,0.274));
#1912=CARTESIAN_POINT('Ctrl Pts',(0.106565726477762,-0.121102260478786,
0.274));
#1913=CARTESIAN_POINT('Ctrl Pts',(0.086899644240327,-0.10666001365449,0.272384653294783));
#1914=CARTESIAN_POINT('Ctrl Pts',(0.0550037072887537,-0.0680667985732931,
0.26915395988435));
#1915=CARTESIAN_POINT('Ctrl Pts',(0.0334677213634144,0.0305008171465073,
0.262692573063482));
#1916=CARTESIAN_POINT('Ctrl Pts',(0.101798952448862,0.149248103459362,0.254615839537398));
#1917=CARTESIAN_POINT('Ctrl Pts',(0.266620228089016,0.161320125702536,0.244923759306097));
#1918=CARTESIAN_POINT('Ctrl Pts',(0.341070715848602,0.0669221011843835,
0.237860410511161));
#1919=CARTESIAN_POINT('Ctrl Pts',(0.345877105119695,0.00918619144997917,
0.234027755126657));
#1920=CARTESIAN_POINT('Ctrl Pts',(0.345800622200592,0.000105922259468448,
0.233425793152588));
#1921=CARTESIAN_POINT('Ctrl Pts',(0.0859081148576213,-0.149231837122444,
0.294149524394718));
#1922=CARTESIAN_POINT('Ctrl Pts',(0.0616740042003098,-0.131434951934301,
0.292534177689501));
#1923=CARTESIAN_POINT('Ctrl Pts',(0.0223692938736289,-0.0838773228342445,
0.289303484279068));
#1924=CARTESIAN_POINT('Ctrl Pts',(-0.00416906082904366,0.0375855327432668,
0.2828420974582));
#1925=CARTESIAN_POINT('Ctrl Pts',(0.0800341167780815,0.183915383397676,
0.274765363932116));
#1926=CARTESIAN_POINT('Ctrl Pts',(0.283140001535317,0.198791489343259,0.265073283700815));
#1927=CARTESIAN_POINT('Ctrl Pts',(0.409027652851497,0.0391747298956704,
0.255381203469514));
#1928=CARTESIAN_POINT('Ctrl Pts',(0.347934747964511,-0.154665938692802,
0.245689123238213));
#1929=CARTESIAN_POINT('Ctrl Pts',(0.153118723272891,-0.212985960111607,
0.235997043006912));
#1930=CARTESIAN_POINT('Ctrl Pts',(-0.00449554488150822,-0.0845741299749379,
0.226304962775612));
#1931=CARTESIAN_POINT('Ctrl Pts',(0.0131795688565017,0.117960777129032,
0.21661288254431));
#1932=CARTESIAN_POINT('Ctrl Pts',(0.190689069817136,0.217097593267908,0.20692080231301));
#1933=CARTESIAN_POINT('Ctrl Pts',(0.372408804543686,0.125927697218945,0.197228722081708));
#1934=CARTESIAN_POINT('Ctrl Pts',(0.39905531458723,-0.0756354312245919,
0.187536641850408));
#1935=CARTESIAN_POINT('Ctrl Pts',(0.247262955706427,-0.210882900800429,
0.177844561619107));
#1936=CARTESIAN_POINT('Ctrl Pts',(0.0500994509927891,-0.161300564692391,
0.168152481387806));
#1937=CARTESIAN_POINT('Ctrl Pts',(-0.0196132866619427,0.0297351455390171,
0.158460401156505));
#1938=CARTESIAN_POINT('Ctrl Pts',(0.0992536497581297,0.194590231151997,
0.148768320925204));
#1939=CARTESIAN_POINT('Ctrl Pts',(0.302465416152109,0.189095811301645,0.139076240693903));
#1940=CARTESIAN_POINT('Ctrl Pts',(0.411960068971258,0.0173861145599121,
0.129384160462602));
#1941=CARTESIAN_POINT('Ctrl Pts',(0.344995086006869,-0.137592243181606,
0.121307426936518));
#1942=CARTESIAN_POINT('Ctrl Pts',(0.231761323438392,-0.188930577493831,
0.114846040115651));
#1943=CARTESIAN_POINT('Ctrl Pts',(0.170140559136924,-0.185853282190181,
0.111615346705217));
#1944=CARTESIAN_POINT('Ctrl Pts',(0.141386449059464,-0.177065654785467,
0.11));
#1945=CARTESIAN_POINT('Ctrl Pts',(0.0927939853976682,-0.139855311574558,
0.287433016263145));
#1946=CARTESIAN_POINT('Ctrl Pts',(0.0700825508803156,-0.123176639174364,
0.285817669557929));
#1947=CARTESIAN_POINT('Ctrl Pts',(0.0332474316786705,-0.078607148080594,
0.282586976147495));
#1948=CARTESIAN_POINT('Ctrl Pts',(0.00837653323510897,0.0352239608776802,
0.276125589326628));
#1949=CARTESIAN_POINT('Ctrl Pts',(0.087289062001675,0.172359623418238,0.268048855800544));
#1950=CARTESIAN_POINT('Ctrl Pts',(0.27763341038655,0.186301034796351,0.258356775569242));
#1951=CARTESIAN_POINT('Ctrl Pts',(0.395611296591677,0.036713305693026,0.248664695337942));
#1952=CARTESIAN_POINT('Ctrl Pts',(0.338356977320958,-0.14494797801159,0.238972615106641));
#1953=CARTESIAN_POINT('Ctrl Pts',(0.155781621027461,-0.199603639456471,
0.22928053487534));
#1954=CARTESIAN_POINT('Ctrl Pts',(0.00807056280840901,-0.0792601734781781,
0.219588454644039));
#1955=CARTESIAN_POINT('Ctrl Pts',(0.0246351148946836,0.11054907288598,0.209896374412738));
#1956=CARTESIAN_POINT('Ctrl Pts',(0.190991349884436,0.203456930732936,0.200204294181437));
#1957=CARTESIAN_POINT('Ctrl Pts',(0.361293281492872,0.118015415946209,0.190512213950136));
#1958=CARTESIAN_POINT('Ctrl Pts',(0.386265539667625,-0.0708831104941244,
0.180820133718835));
#1959=CARTESIAN_POINT('Ctrl Pts',(0.244010588879253,-0.197632719437687,
0.171128053487534));
#1960=CARTESIAN_POINT('Ctrl Pts',(0.059235249283097,-0.151165737601268,
0.161435973256233));
#1961=CARTESIAN_POINT('Ctrl Pts',(-0.00609730195674526,0.0278668287160597,
0.151743893024932));
#1962=CARTESIAN_POINT('Ctrl Pts',(0.10530099447582,0.182363749799571,0.142051812793631));
#1963=CARTESIAN_POINT('Ctrl Pts',(0.295744571748997,0.177214554996977,0.13235973256233));
#1964=CARTESIAN_POINT('Ctrl Pts',(0.39835946332341,0.0162937112866366,0.122667652331029));
#1965=CARTESIAN_POINT('Ctrl Pts',(0.33560202002138,-0.12894705587935,0.114590918804945));
#1966=CARTESIAN_POINT('Ctrl Pts',(0.229482954209838,-0.177059703149543,
0.108129531984078));
#1967=CARTESIAN_POINT('Ctrl Pts',(0.171733941954678,-0.174175760273829,
0.104898838573644));
#1968=CARTESIAN_POINT('Ctrl Pts',(0.144786508340812,-0.165940276529975,
0.103283491868427));
#1969=CARTESIAN_POINT('Ctrl Pts',(0.099679855937715,-0.130478786026672,
0.280716508131573));
#1970=CARTESIAN_POINT('Ctrl Pts',(0.0784910975603213,-0.114918326414427,
0.279101161426356));
#1971=CARTESIAN_POINT('Ctrl Pts',(0.0441255694837121,-0.0733369733269435,
0.275870468015922));
#1972=CARTESIAN_POINT('Ctrl Pts',(0.0209221272992617,0.0328623890120937,
0.269409081195055));
#1973=CARTESIAN_POINT('Ctrl Pts',(0.0945440072252683,0.1608038634388,0.261332347668971));
#1974=CARTESIAN_POINT('Ctrl Pts',(0.272126819237783,0.173810580249444,0.251640267437669));
#1975=CARTESIAN_POINT('Ctrl Pts',(0.382194940331857,0.0342518814903814,
0.241948187206369));
#1976=CARTESIAN_POINT('Ctrl Pts',(0.328779206677406,-0.135230017330379,
0.232256106975068));
#1977=CARTESIAN_POINT('Ctrl Pts',(0.158444518782031,-0.186221318801335,
0.222564026743767));
#1978=CARTESIAN_POINT('Ctrl Pts',(0.0206366704983265,-0.073946216981418,
0.212871946512466));
#1979=CARTESIAN_POINT('Ctrl Pts',(0.0360906609328654,0.103137368642928,
0.203179866281165));
#1980=CARTESIAN_POINT('Ctrl Pts',(0.191293629951736,0.189816268197965,0.193487786049864));
#1981=CARTESIAN_POINT('Ctrl Pts',(0.350177758442058,0.110103134673473,0.183795705818563));
#1982=CARTESIAN_POINT('Ctrl Pts',(0.373475764748021,-0.0661307897636566,
0.174103625587262));
#1983=CARTESIAN_POINT('Ctrl Pts',(0.240758222052078,-0.184382538074945,
0.164411545355962));
#1984=CARTESIAN_POINT('Ctrl Pts',(0.0683710475734052,-0.141030910510144,
0.15471946512466));
#1985=CARTESIAN_POINT('Ctrl Pts',(0.00741868274845185,0.0259985118931023,
0.14502738489336));
#1986=CARTESIAN_POINT('Ctrl Pts',(0.111348339193511,0.170137268447146,0.135335304662058));
#1987=CARTESIAN_POINT('Ctrl Pts',(0.289023727345885,0.16533329869231,0.125643224430757));
#1988=CARTESIAN_POINT('Ctrl Pts',(0.384758857675563,0.0152013080133611,
0.115951144199457));
#1989=CARTESIAN_POINT('Ctrl Pts',(0.326208954035892,-0.120301868577094,
0.107874410673372));
#1990=CARTESIAN_POINT('Ctrl Pts',(0.227204584981285,-0.165188828805255,
0.101413023852505));
#1991=CARTESIAN_POINT('Ctrl Pts',(0.173327324772431,-0.162498238357478,
0.0981823304420715));
#1992=CARTESIAN_POINT('Ctrl Pts',(0.14818656762216,-0.154814898274483,0.0965669837368547));
#1993=CARTESIAN_POINT('Ctrl Pts',(0.106565726477762,-0.121102260478786,
0.274));
#1994=CARTESIAN_POINT('Ctrl Pts',(0.086899644240327,-0.10666001365449,0.272384653294783));
#1995=CARTESIAN_POINT('Ctrl Pts',(0.0550037072887537,-0.0680667985732931,
0.26915395988435));
#1996=CARTESIAN_POINT('Ctrl Pts',(0.0334677213634144,0.0305008171465073,
0.262692573063482));
#1997=CARTESIAN_POINT('Ctrl Pts',(0.101798952448862,0.149248103459362,0.254615839537398));
#1998=CARTESIAN_POINT('Ctrl Pts',(0.266620228089016,0.161320125702536,0.244923759306097));
#1999=CARTESIAN_POINT('Ctrl Pts',(0.368778584072036,0.031790457287737,0.235231679074797));
#2000=CARTESIAN_POINT('Ctrl Pts',(0.319201436033852,-0.125512056649168,
0.225539598843495));
#2001=CARTESIAN_POINT('Ctrl Pts',(0.161107416536602,-0.1728389981462,0.215847518612195));
#2002=CARTESIAN_POINT('Ctrl Pts',(0.0332027781882439,-0.068632260484658,
0.206155438380893));
#2003=CARTESIAN_POINT('Ctrl Pts',(0.0475462069710473,0.0957256643998757,
0.196463358149593));
#2004=CARTESIAN_POINT('Ctrl Pts',(0.191595910019037,0.176175605662993,0.186771277918292));
#2005=CARTESIAN_POINT('Ctrl Pts',(0.339062235391244,0.102190853400737,0.177079197686991));
#2006=CARTESIAN_POINT('Ctrl Pts',(0.360685989828416,-0.0613784690331888,
0.16738711745569));
#2007=CARTESIAN_POINT('Ctrl Pts',(0.237505855224903,-0.171132356712203,
0.157695037224389));
#2008=CARTESIAN_POINT('Ctrl Pts',(0.0775068458637132,-0.130896083419021,
0.148002956993088));
#2009=CARTESIAN_POINT('Ctrl Pts',(0.0209346674536492,0.0241301950701448,
0.138310876761787));
#2010=CARTESIAN_POINT('Ctrl Pts',(0.117395683911201,0.157910787094721,0.128618796530486));
#2011=CARTESIAN_POINT('Ctrl Pts',(0.282302882942773,0.153452042387643,0.118926716299185));
#2012=CARTESIAN_POINT('Ctrl Pts',(0.371158252027715,0.0141089047400854,
0.109234636067884));
#2013=CARTESIAN_POINT('Ctrl Pts',(0.316815888050403,-0.111656681274838,
0.1011579025418));
#2014=CARTESIAN_POINT('Ctrl Pts',(0.224926215752732,-0.153317954460967,
0.0946965157209325));
#2015=CARTESIAN_POINT('Ctrl Pts',(0.174920707590185,-0.150820716441127,
0.0914658223104989));
#2016=CARTESIAN_POINT('Ctrl Pts',(0.151586626903508,-0.143689520018992,
0.089850475605282));
#2017=CARTESIAN_POINT('',(0.141386449059464,-0.177065654785467,0.11));
#2018=CARTESIAN_POINT('Ctrl Pts',(0.344072999679975,0.0235941258201269,
0.11));
#2019=CARTESIAN_POINT('Ctrl Pts',(0.34514121215405,0.0198556922700595,0.11));
#2020=CARTESIAN_POINT('Ctrl Pts',(0.34605300877387,0.0160839035941472,0.11));
#2021=CARTESIAN_POINT('Ctrl Pts',(0.346803822931778,0.0122871042794389,
0.11));
#2022=CARTESIAN_POINT('Ctrl Pts',(0.348830368999194,0.00203904403850434,
0.11));
#2023=CARTESIAN_POINT('Ctrl Pts',(0.349687925984922,-0.00838969783369948,
0.11));
#2024=CARTESIAN_POINT('Ctrl Pts',(0.349472126387556,-0.0188440715461878,
0.11));
#2025=CARTESIAN_POINT('Ctrl Pts',(0.349369663875527,-0.0238078500024276,
0.11));
#2026=CARTESIAN_POINT('Ctrl Pts',(0.349024497167568,-0.0287777345810267,
0.11));
#2027=CARTESIAN_POINT('Ctrl Pts',(0.348443014727107,-0.0337381447588779,
0.11));
#2028=CARTESIAN_POINT('Ctrl Pts',(0.348003002306986,-0.037491726871205,
0.11));
#2029=CARTESIAN_POINT('Ctrl Pts',(0.347428350981912,-0.0412319934975815,
0.11));
#2030=CARTESIAN_POINT('Ctrl Pts',(0.346724790489156,-0.0449439694006226,
0.11));
#2031=CARTESIAN_POINT('Ctrl Pts',(0.344644539399682,-0.0559193467788523,
0.11));
#2032=CARTESIAN_POINT('Ctrl Pts',(0.341438825889772,-0.0666686830347384,
0.11));
#2033=CARTESIAN_POINT('Ctrl Pts',(0.33719581529065,-0.0770199326392702,
0.11));
#2034=CARTESIAN_POINT('Ctrl Pts',(0.335336111230505,-0.0815568670794322,
0.11));
#2035=CARTESIAN_POINT('Ctrl Pts',(0.333276444133726,-0.0860174096603698,
0.11));
#2036=CARTESIAN_POINT('Ctrl Pts',(0.331021112189139,-0.0903868125561634,
0.11));
#2037=CARTESIAN_POINT('Ctrl Pts',(0.329391212678646,-0.0935445240664776,
0.11));
#2038=CARTESIAN_POINT('Ctrl Pts',(0.327658550200742,-0.0966549192750979,
0.11));
#2039=CARTESIAN_POINT('Ctrl Pts',(0.325833187006255,-0.099698928138595,
0.11));
#2040=CARTESIAN_POINT('Ctrl Pts',(0.319882885953232,-0.109621758400855,
0.11));
#2041=CARTESIAN_POINT('Ctrl Pts',(0.312933916366069,-0.118875886557861,
0.11));
#2042=CARTESIAN_POINT('Ctrl Pts',(0.305062342679396,-0.127280217340448,
0.11));
#2043=CARTESIAN_POINT('Ctrl Pts',(0.303791599911747,-0.128636965429714,
0.11));
#2044=CARTESIAN_POINT('Ctrl Pts',(0.302496707802515,-0.129971534114689,
0.11));
#2045=CARTESIAN_POINT('Ctrl Pts',(0.301177867431526,-0.13128311149834,0.11));
#2046=CARTESIAN_POINT('Ctrl Pts',(0.29760556153161,-0.13483574434829,0.11));
#2047=CARTESIAN_POINT('Ctrl Pts',(0.293857661590908,-0.138219793393737,
0.11));
#2048=CARTESIAN_POINT('Ctrl Pts',(0.289949701013619,-0.141430552676649,
0.11));
#2049=CARTESIAN_POINT('Ctrl Pts',(0.287546888887807,-0.143404690129027,
0.11));
#2050=CARTESIAN_POINT('Ctrl Pts',(0.285084509707151,-0.145312251846445,
0.11));
#2051=CARTESIAN_POINT('Ctrl Pts',(0.28257437535308,-0.147146662111945,0.11));
#2052=CARTESIAN_POINT('Ctrl Pts',(0.273088002652511,-0.154079318699055,
0.11));
#2053=CARTESIAN_POINT('Ctrl Pts',(0.262894189851508,-0.159994050384079,
0.11));
#2054=CARTESIAN_POINT('Ctrl Pts',(0.252202185008549,-0.164849218049433,
0.11));
#2055=CARTESIAN_POINT('Ctrl Pts',(0.244669910412913,-0.168269573408454,
0.11));
#2056=CARTESIAN_POINT('Ctrl Pts',(0.236889181344636,-0.171163541465615,
0.11));
#2057=CARTESIAN_POINT('Ctrl Pts',(0.228923193810113,-0.173504783471022,
0.11));
#2058=CARTESIAN_POINT('Ctrl Pts',(0.225264794238077,-0.174580004680381,
0.11));
#2059=CARTESIAN_POINT('Ctrl Pts',(0.221576127152722,-0.175535845598542,
0.11));
#2060=CARTESIAN_POINT('Ctrl Pts',(0.217864257295553,-0.176372718003212,
0.11));
#2061=CARTESIAN_POINT('Ctrl Pts',(0.208988596758731,-0.178373810622918,
0.11));
#2062=CARTESIAN_POINT('Ctrl Pts',(0.199978228765586,-0.17969647039729,0.11));
#2063=CARTESIAN_POINT('Ctrl Pts',(0.19090583118034,-0.180341121578847,0.11));
#2064=CARTESIAN_POINT('Ctrl Pts',(0.186163203673323,-0.180678115234313,
0.11));
#2065=CARTESIAN_POINT('Ctrl Pts',(0.18140277403122,-0.180829202648305,0.11));
#2066=CARTESIAN_POINT('Ctrl Pts',(0.176650824032452,-0.180793953597775,
0.11));
#2067=CARTESIAN_POINT('Ctrl Pts',(0.164815127548658,-0.180706158679158,
0.11));
#2068=CARTESIAN_POINT('Ctrl Pts',(0.153009210670005,-0.179467856043116,
0.11));
#2069=CARTESIAN_POINT('Ctrl Pts',(0.141386449059464,-0.177065654785467,
0.11));
#2070=CARTESIAN_POINT('Ctrl Pts',(0.109357017045269,0.164147105541453,0.274));
#2071=CARTESIAN_POINT('Ctrl Pts',(0.105369224636329,0.161588230057348,0.274));
#2072=CARTESIAN_POINT('Ctrl Pts',(0.101496469459899,0.158873563950118,0.274));
#2073=CARTESIAN_POINT('Ctrl Pts',(0.0977493905224666,0.156003743338145,
0.274));
#2074=CARTESIAN_POINT('Ctrl Pts',(0.0880397585025018,0.148567310166907,
0.274));
#2075=CARTESIAN_POINT('Ctrl Pts',(0.0791708125590543,0.14009113081016,0.274));
#2076=CARTESIAN_POINT('Ctrl Pts',(0.0712224376903874,0.13075793698681,0.274));
#2077=CARTESIAN_POINT('Ctrl Pts',(0.0679672595430028,0.126935619962126,
0.274));
#2078=CARTESIAN_POINT('Ctrl Pts',(0.0648669973734104,0.122969228913436,
0.274));
#2079=CARTESIAN_POINT('Ctrl Pts',(0.0619294429105808,0.118870390915722,
0.274));
#2080=CARTESIAN_POINT('Ctrl Pts',(0.0597183188347336,0.115785158115982,
0.274));
#2081=CARTESIAN_POINT('Ctrl Pts',(0.0575991428984794,0.112623914600494,
0.274));
#2082=CARTESIAN_POINT('Ctrl Pts',(0.0555838887073202,0.109406114464589,
0.274));
#2083=CARTESIAN_POINT('Ctrl Pts',(0.049227441415083,0.099256637018737,0.274));
#2084=CARTESIAN_POINT('Ctrl Pts',(0.0438774020580446,0.088514152412521,
0.274));
#2085=CARTESIAN_POINT('Ctrl Pts',(0.0396207770576714,0.0773468960508411,
0.274));
#2086=CARTESIAN_POINT('Ctrl Pts',(0.0367919455905008,0.0699254562493289,
0.274));
#2087=CARTESIAN_POINT('Ctrl Pts',(0.0344469731872663,0.0623159265502368,
0.274));
#2088=CARTESIAN_POINT('Ctrl Pts',(0.0326243577428282,0.0545673174216855,
0.274));
#2089=CARTESIAN_POINT('Ctrl Pts',(0.0317374402213383,0.050796704578334,
0.274));
#2090=CARTESIAN_POINT('Ctrl Pts',(0.0309763562370181,0.047000891376907,
0.274));
#2091=CARTESIAN_POINT('Ctrl Pts',(0.0303455834518526,0.0431928063075926,
0.274));
#2092=CARTESIAN_POINT('Ctrl Pts',(0.0284975417864257,0.0320358571825025,
0.274));
#2093=CARTESIAN_POINT('Ctrl Pts',(0.0277597099319562,0.0207536800468507,
0.274));
#2094=CARTESIAN_POINT('Ctrl Pts',(0.0282344746727969,0.0094927278361775,
0.274));
#2095=CARTESIAN_POINT('Ctrl Pts',(0.0282810014878654,0.00838915759194558,
0.274));
#2096=CARTESIAN_POINT('Ctrl Pts',(0.0283392147823928,0.00728579999644083,
0.274));
#2097=CARTESIAN_POINT('Ctrl Pts',(0.0284092379087514,0.00618280016232678,
0.274));
#2098=CARTESIAN_POINT('Ctrl Pts',(0.0287380271453843,0.00100373301231546,
0.274));
#2099=CARTESIAN_POINT('Ctrl Pts',(0.0293270537843556,-0.00416755088419305,
0.274));
#2100=CARTESIAN_POINT('Ctrl Pts',(0.0301708399463903,-0.00931221067277695,
0.274));
#2101=CARTESIAN_POINT('Ctrl Pts',(0.0306683013621213,-0.0123452892619207,
0.274));
#2102=CARTESIAN_POINT('Ctrl Pts',(0.0312541766494746,-0.0153670321884752,
0.274));
#2103=CARTESIAN_POINT('Ctrl Pts',(0.0319248541093937,-0.0183649539055273,
0.274));
#2104=CARTESIAN_POINT('Ctrl Pts',(0.0343644976198896,-0.0292701366484574,
0.274));
#2105=CARTESIAN_POINT('Ctrl Pts',(0.0379280228814476,-0.0398957440439606,
0.274));
#2106=CARTESIAN_POINT('Ctrl Pts',(0.042538838476946,-0.0500589800895041,
0.274));
#2107=CARTESIAN_POINT('Ctrl Pts',(0.0455060168891906,-0.0565992838531862,
0.274));
#2108=CARTESIAN_POINT('Ctrl Pts',(0.0489078898055911,-0.0629477318321954,
0.274));
#2109=CARTESIAN_POINT('Ctrl Pts',(0.0527320617310107,-0.0690473386381632,
0.274));
#2110=CARTESIAN_POINT('Ctrl Pts',(0.0548247522912638,-0.0723852088576628,
0.274));
#2111=CARTESIAN_POINT('Ctrl Pts',(0.0570393900640418,-0.0756409090434499,
0.274));
#2112=CARTESIAN_POINT('Ctrl Pts',(0.0593690101216327,-0.078805673812411,
0.274));
#2113=CARTESIAN_POINT('Ctrl Pts',(0.0631514828715652,-0.0839441239470311,
0.274));
#2114=CARTESIAN_POINT('Ctrl Pts',(0.0672386259701013,-0.088845842869518,
0.274));
#2115=CARTESIAN_POINT('Ctrl Pts',(0.0716119766924534,-0.093482989923522,
0.274));
#2116=CARTESIAN_POINT('Ctrl Pts',(0.0753897086591792,-0.0974885910683801,
0.274));
#2117=CARTESIAN_POINT('Ctrl Pts',(0.0793842618596019,-0.101298733294651,
0.274));
#2118=CARTESIAN_POINT('Ctrl Pts',(0.0835642377404005,-0.104876217551418,
0.274));
#2119=CARTESIAN_POINT('Ctrl Pts',(0.0907006279794299,-0.110983985743945,
0.274));
#2120=CARTESIAN_POINT('Ctrl Pts',(0.0983865932510147,-0.116427294995715,
0.274));
#2121=CARTESIAN_POINT('Ctrl Pts',(0.106565726477762,-0.121102260478786,
0.274));
#2122=CARTESIAN_POINT('Ctrl Pts',(0.141386449059465,-0.177065654785467,
0.11));
#2123=CARTESIAN_POINT('Ctrl Pts',(0.170140559136924,-0.185853282190181,
0.111615346705217));
#2124=CARTESIAN_POINT('Ctrl Pts',(0.200950941287658,-0.187391929842006,
0.113230693410434));
#2125=CARTESIAN_POINT('Ctrl Pts',(0.230510352684084,-0.18174396187889,0.11484604011565));
#2126=CARTESIAN_POINT('Ctrl Pts',(0.26006976408051,-0.176095993915775,0.116461386820867));
#2127=CARTESIAN_POINT('Ctrl Pts',(0.28837820472263,-0.163261410337719,0.118076733526084));
#2128=CARTESIAN_POINT('Ctrl Pts',(0.311714830681668,-0.14437313076958,0.119692080231301));
#2129=CARTESIAN_POINT('Ctrl Pts',(0.354493012785336,-0.109749176800868,
0.122653159336636));
#2130=CARTESIAN_POINT('Ctrl Pts',(0.380564772723681,-0.054783434708995,
0.125614238441971));
#2131=CARTESIAN_POINT('Ctrl Pts',(0.380879460716438,4.94394722570435E-5,
0.128575317547306));
#2132=CARTESIAN_POINT('Origin',(0.0455,0.,0.11));
#2133=CARTESIAN_POINT('Origin',(0.1955,0.,0.11));
#2134=CARTESIAN_POINT('',(0.3455,-1.83697019872103E-17,0.11));
#2135=CARTESIAN_POINT('Origin',(0.1955,0.,0.11));
#2136=CARTESIAN_POINT('Origin',(0.387070483112613,0.039,0.));
#2137=CARTESIAN_POINT('',(0.0506587075451203,0.039,0.06));
#2138=CARTESIAN_POINT('',(0.391,0.039,0.06));
#2139=CARTESIAN_POINT('',(0.00392951688738681,0.039,0.06));
#2140=CARTESIAN_POINT('',(0.193535241556307,0.039,0.06));
#2141=CARTESIAN_POINT('',(0.00392951688738681,0.039,0.));
#2142=CARTESIAN_POINT('',(0.00392951688738685,0.039,0.03));
#2143=CARTESIAN_POINT('',(0.0898102446291044,0.039,0.));
#2144=CARTESIAN_POINT('',(0.291285241556307,0.039,0.));
#2145=CARTESIAN_POINT('',(0.102604561468283,0.0389999999999997,0.00652384842920416));
#2146=CARTESIAN_POINT('Ctrl Pts',(0.102608648450484,0.0389965042687612,
0.00652384842920425));
#2147=CARTESIAN_POINT('Ctrl Pts',(0.0983717941546884,0.0389988303304127,
0.00439929573524545));
#2148=CARTESIAN_POINT('Ctrl Pts',(0.09407974808154,0.0390003000986283,0.00220809098807782));
#2149=CARTESIAN_POINT('Ctrl Pts',(0.0898102446291039,0.0389999999999987,
1.23266411959554E-16));
#2150=CARTESIAN_POINT('',(0.102604561468283,0.0390000000000001,0.0201500481261684));
#2151=CARTESIAN_POINT('',(0.102604561468283,0.039,0.147));
#2152=CARTESIAN_POINT('',(0.0767397372855717,0.0389999999999994,0.034788871488921));
#2153=CARTESIAN_POINT('Ctrl Pts',(0.0767397372855719,0.0390000000000003,
0.034788871488921));
#2154=CARTESIAN_POINT('Ctrl Pts',(0.0793829690597145,0.0389999999999999,
0.03328647785975));
#2155=CARTESIAN_POINT('Ctrl Pts',(0.082036534159298,0.0389997874363815,
0.03177998608402));
#2156=CARTESIAN_POINT('Ctrl Pts',(0.0846823506680679,0.0389993599919543,
0.030280013648218));
#2157=CARTESIAN_POINT('Ctrl Pts',(0.0874802174584853,0.0389989079830704,
0.0286938405138525));
#2158=CARTESIAN_POINT('Ctrl Pts',(0.0902920996554553,0.0389982111717147,
0.0271021001339483));
#2159=CARTESIAN_POINT('Ctrl Pts',(0.0930933877571992,0.03899728279169,0.0255192648010075));
#2160=CARTESIAN_POINT('Ctrl Pts',(0.0957475661372632,0.0389964031655675,
0.0240195521090936));
#2161=CARTESIAN_POINT('Ctrl Pts',(0.0984156324070111,0.0389953074265362,
0.0225146125436486));
#2162=CARTESIAN_POINT('Ctrl Pts',(0.101073374447622,0.0389940287245792,
0.0210187143734045));
#2163=CARTESIAN_POINT('Ctrl Pts',(0.101587946765418,0.0389937811517828,
0.0207290896555472));
#2164=CARTESIAN_POINT('Ctrl Pts',(0.102102676394438,0.0389935265685931,
0.0204394973618664));
#2165=CARTESIAN_POINT('Ctrl Pts',(0.102617376037948,0.0389932653429784,
0.0201500481261684));
#2166=CARTESIAN_POINT('',(0.0767397372855716,0.0389999999999995,0.0431611837362598));
#2167=CARTESIAN_POINT('',(0.0767397372855718,0.039,0.412313843876331));
#2168=CARTESIAN_POINT('Ctrl Pts',(0.102604561468283,0.039,0.0565238484292041));
#2169=CARTESIAN_POINT('Ctrl Pts',(0.0945514874661063,0.039,0.0524831005949066));
#2170=CARTESIAN_POINT('Ctrl Pts',(0.0862839577082015,0.0389999999999999,
0.0481961887060412));
#2171=CARTESIAN_POINT('Ctrl Pts',(0.0778078489965283,0.0389999999999999,
0.0437255384000873));
#2172=CARTESIAN_POINT('Ctrl Pts',(0.0772736952529877,0.0390000000000002,
0.0434434700242229));
#2173=CARTESIAN_POINT('Ctrl Pts',(0.0767397372855722,0.0390000000000002,
0.0431611837362599));
#2174=CARTESIAN_POINT('Origin',(0.00392951688738683,-0.039,0.));
#2175=CARTESIAN_POINT('',(0.0975481694328879,-0.039,0.06));
#2176=CARTESIAN_POINT('Ctrl Pts',(0.0769245721188912,-0.0389580326737996,
0.0482111285110793));
#2177=CARTESIAN_POINT('Ctrl Pts',(0.0811893857738771,-0.0389579951969108,
0.0506338412993862));
#2178=CARTESIAN_POINT('Ctrl Pts',(0.0854973690152156,-0.0389581520344554,
0.0530772424274541));
#2179=CARTESIAN_POINT('Ctrl Pts',(0.0897675065683549,-0.0389586400976553,
0.055493963287218));
#2180=CARTESIAN_POINT('Ctrl Pts',(0.0924120690473732,-0.0389589423627727,
0.0569906760343971));
#2181=CARTESIAN_POINT('Ctrl Pts',(0.0950780594640198,-0.0389594752596021,
0.058497486346287));
#2182=CARTESIAN_POINT('Ctrl Pts',(0.0977408703665263,-0.0389599908103273,
0.06));
#2183=CARTESIAN_POINT('',(0.102604561468283,-0.039,0.0264761515707961));
#2184=CARTESIAN_POINT('Ctrl Pts',(0.102617406498757,-0.0389932603127388,
0.0264761515707961));
#2185=CARTESIAN_POINT('Ctrl Pts',(0.0982699839860634,-0.0389954685963975,
0.0286554012964696));
#2186=CARTESIAN_POINT('Ctrl Pts',(0.0938949643544883,-0.0389971953414264,
0.0308891479243897));
#2187=CARTESIAN_POINT('Ctrl Pts',(0.0895797419497212,-0.038998323216323,
0.0331208844597787));
#2188=CARTESIAN_POINT('Ctrl Pts',(0.0852994261519624,-0.0389994419676375,
0.0353345680785669));
#2189=CARTESIAN_POINT('Ctrl Pts',(0.0809964008034275,-0.0390000000000004,
0.037588456091424));
#2190=CARTESIAN_POINT('Ctrl Pts',(0.0767397372855719,-0.0390000000000002,
0.0398388162637404));
#2191=CARTESIAN_POINT('',(0.102604561468283,-0.0390000000000003,0.0128499518738319));
#2192=CARTESIAN_POINT('',(0.102604561468283,-0.039,0.147));
#2193=CARTESIAN_POINT('',(0.0798883048048546,-0.039,0.));
#2194=CARTESIAN_POINT('Ctrl Pts',(0.0798883048048545,-0.0389999999999998,
-4.2002162902588E-17));
#2195=CARTESIAN_POINT('Ctrl Pts',(0.0831158601319513,-0.0390000796593087,
0.00183294853031029));
#2196=CARTESIAN_POINT('Ctrl Pts',(0.0863574578658315,-0.0389996550522777,
0.00367103375327875));
#2197=CARTESIAN_POINT('Ctrl Pts',(0.0895785895265656,-0.0389989689995694,
0.00549396328721804));
#2198=CARTESIAN_POINT('Ctrl Pts',(0.0939007221853596,-0.0389980484501702,
0.00793998043372723));
#2199=CARTESIAN_POINT('Ctrl Pts',(0.0982814020119693,-0.0389964802251769,
0.0104127059458569));
#2200=CARTESIAN_POINT('Ctrl Pts',(0.102615038566038,-0.0389943813975358,
0.0128499518738318));
#2201=CARTESIAN_POINT('',(0.00392951688738683,-0.039,0.));
#2202=CARTESIAN_POINT('',(0.0997147584436934,-0.039,0.));
#2203=CARTESIAN_POINT('',(0.00392951688738683,-0.039,0.06));
#2204=CARTESIAN_POINT('',(0.00392951688738685,-0.039,0.03));
#2205=CARTESIAN_POINT('',(0.0506587075451203,-0.039,0.06));
#2206=CARTESIAN_POINT('',(0.00196475844369341,-0.039,0.06));
#2207=CARTESIAN_POINT('',(0.,-0.039,0.06));
#2208=CARTESIAN_POINT('Origin',(0.00392951688738683,-0.039,0.));
#2209=CARTESIAN_POINT('',(0.34034129245488,-0.039,0.06));
#2210=CARTESIAN_POINT('',(0.,-0.039,0.06));
#2211=CARTESIAN_POINT('',(0.387070483112613,-0.039,0.06));
#2212=CARTESIAN_POINT('',(0.00196475844369341,-0.039,0.06));
#2213=CARTESIAN_POINT('',(0.387070483112613,-0.039,0.));
#2214=CARTESIAN_POINT('',(0.387070483112613,-0.039,0.03));
#2215=CARTESIAN_POINT('',(0.296993172026933,-0.039,0.));
#2216=CARTESIAN_POINT('',(0.0997147584436934,-0.039,0.));
#2217=CARTESIAN_POINT('',(0.314260262714428,-0.0389999999999999,0.009788871488921));
#2218=CARTESIAN_POINT('Ctrl Pts',(0.314260262714428,-0.039,0.00978887148892098));
#2219=CARTESIAN_POINT('Ctrl Pts',(0.308592128403573,-0.039,0.00656714535759199));
#2220=CARTESIAN_POINT('Ctrl Pts',(0.302762299486365,-0.039,0.00326061538185613));
#2221=CARTESIAN_POINT('Ctrl Pts',(0.296993172026934,-0.039,5.46369598732853E-18));
#2222=CARTESIAN_POINT('',(0.314260262714428,-0.0389999999999999,0.0181611837362598));
#2223=CARTESIAN_POINT('',(0.314260262714428,-0.039,0.412313843876331));
#2224=CARTESIAN_POINT('',(0.288395438531717,-0.0390000000000001,0.0315238484292041));
#2225=CARTESIAN_POINT('Ctrl Pts',(0.288382718964505,-0.0389933202032049,
0.0315238484292041));
#2226=CARTESIAN_POINT('Ctrl Pts',(0.289088251747419,-0.0389936751765848,
0.0311701795715186));
#2227=CARTESIAN_POINT('Ctrl Pts',(0.289793540864325,-0.0389940176489551,
0.0308155633125395));
#2228=CARTESIAN_POINT('Ctrl Pts',(0.290498195137032,-0.0389943467746603,
0.0304602572436198));
#2229=CARTESIAN_POINT('Ctrl Pts',(0.292583478219722,-0.0389953207562163,
0.0294088001484274));
#2230=CARTESIAN_POINT('Ctrl Pts',(0.29467000051986,-0.0389961800819623,
0.0283478723153507));
#2231=CARTESIAN_POINT('Ctrl Pts',(0.296748163905333,-0.0389969100995338,
0.0272837191200468));
#2232=CARTESIAN_POINT('Ctrl Pts',(0.298570827334447,-0.0389975503650388,
0.0263503983207225));
#2233=CARTESIAN_POINT('Ctrl Pts',(0.300394042422615,-0.0389980939262315,
0.0254110214374318));
#2234=CARTESIAN_POINT('Ctrl Pts',(0.302211936990134,-0.038998536131962,
0.0244693678578581));
#2235=CARTESIAN_POINT('Ctrl Pts',(0.305695403473096,-0.0389993834906966,
0.0226649625080566));
#2236=CARTESIAN_POINT('Ctrl Pts',(0.309189763465901,-0.0389998629030785,
0.0208364266963214));
#2237=CARTESIAN_POINT('Ctrl Pts',(0.312657873691642,-0.0389999742906349,
0.0190073127702172));
#2238=CARTESIAN_POINT('Ctrl Pts',(0.313192134876609,-0.0389999914498494,
0.0187255384003177));
#2239=CARTESIAN_POINT('Ctrl Pts',(0.313726304746108,-0.0389999999999987,
0.0184434700247012));
#2240=CARTESIAN_POINT('Ctrl Pts',(0.314260262714429,-0.038999999999999,
0.0181611837362598));
#2241=CARTESIAN_POINT('',(0.288395438531717,-0.0389999999999997,0.0451500481261684));
#2242=CARTESIAN_POINT('',(0.288395438531717,-0.039,0.147));
#2243=CARTESIAN_POINT('Ctrl Pts',(0.314260262714428,-0.039,0.0597888714889208));
#2244=CARTESIAN_POINT('Ctrl Pts',(0.306282976191607,-0.039,0.0552546401108022));
#2245=CARTESIAN_POINT('Ctrl Pts',(0.29796503486882,-0.0390000000000001,
0.050540879544102));
#2246=CARTESIAN_POINT('Ctrl Pts',(0.28942387719834,-0.0390000000000001,
0.0457290896556551));
#2247=CARTESIAN_POINT('Ctrl Pts',(0.288909636145747,-0.0389999999999998,
0.0454394973619181));
#2248=CARTESIAN_POINT('Ctrl Pts',(0.288395438531717,-0.0389999999999998,
0.0451500481261684));
#2249=CARTESIAN_POINT('Origin',(0.1955,0.,0.06));
#2250=CARTESIAN_POINT('Ctrl Pts',(0.0977408703665258,-0.0389599908103259,
0.0599999999999999));
#2251=CARTESIAN_POINT('Ctrl Pts',(0.0965122955992974,-0.0342264702023232,
0.0599999999999999));
#2252=CARTESIAN_POINT('Ctrl Pts',(0.095604612086245,-0.0294019957787542,
0.0600000000000001));
#2253=CARTESIAN_POINT('Ctrl Pts',(0.0950466848236947,-0.0245524116680142,
0.06));
#2254=CARTESIAN_POINT('Ctrl Pts',(0.0942605260345407,-0.0177190062614152,
0.06));
#2255=CARTESIAN_POINT('Ctrl Pts',(0.0941629415555545,-0.0108247662675571,
0.06));
#2256=CARTESIAN_POINT('Ctrl Pts',(0.0948279730415728,-0.00396301502415933,
0.06));
#2257=CARTESIAN_POINT('Origin',(0.1955,0.,0.06));
#2258=CARTESIAN_POINT('Origin',(0.1955,0.,0.06));
#2259=CARTESIAN_POINT('',(0.305042549403747,0.039,0.06));
#2260=CARTESIAN_POINT('Ctrl Pts',(0.304858668147318,0.0390874697004084,
0.0600000000000001));
#2261=CARTESIAN_POINT('Ctrl Pts',(0.306492725299356,0.035730717023245,0.0599999999999999));
#2262=CARTESIAN_POINT('Ctrl Pts',(0.307970651134411,0.0322910473661066,
0.0599999999999999));
#2263=CARTESIAN_POINT('Ctrl Pts',(0.309286421664986,0.028792501211886,0.0599999999999999));
#2264=CARTESIAN_POINT('Ctrl Pts',(0.310979572367135,0.0242905263311043,
0.06));
#2265=CARTESIAN_POINT('Ctrl Pts',(0.312406674996619,0.0196865402828076,
0.06));
#2266=CARTESIAN_POINT('Ctrl Pts',(0.313562596534982,0.0150078548644749,
0.06));
#2267=CARTESIAN_POINT('Ctrl Pts',(0.314408955049997,0.0115821506869267,
0.0600000000000001));
#2268=CARTESIAN_POINT('Ctrl Pts',(0.315109578909169,0.00811552722966992,
0.06));
#2269=CARTESIAN_POINT('Ctrl Pts',(0.315659779473409,0.00463452261215008,
0.06));
#2270=CARTESIAN_POINT('Ctrl Pts',(0.317085497482522,-0.00438569891354701,
0.06));
#2271=CARTESIAN_POINT('Ctrl Pts',(0.317511385828912,-0.0135252706831915,
0.06));
#2272=CARTESIAN_POINT('Ctrl Pts',(0.316899079018152,-0.0226099716952649,
0.0600000000000001));
#2273=CARTESIAN_POINT('Ctrl Pts',(0.316600655854941,-0.0270376297993495,
0.0600000000000001));
#2274=CARTESIAN_POINT('Ctrl Pts',(0.316054940396778,-0.031452629125858,
0.06));
#2275=CARTESIAN_POINT('Ctrl Pts',(0.315253062317849,-0.0358357930775549,
0.06));
#2276=CARTESIAN_POINT('',(0.34034129245488,0.039,0.06));
#2277=CARTESIAN_POINT('',(0.391,0.039,0.06));
#2278=CARTESIAN_POINT('',(0.3455,-1.83697019872103E-17,0.06));
#2279=CARTESIAN_POINT('Origin',(0.1955,0.,0.06));
#2280=CARTESIAN_POINT('Origin',(0.1955,0.,0.06));
#2281=CARTESIAN_POINT('Origin',(0.387070483112613,0.039,0.));
#2282=CARTESIAN_POINT('Ctrl Pts',(0.288278230217248,0.0390867205640321,
0.0514761515707962));
#2283=CARTESIAN_POINT('Ctrl Pts',(0.292602792001236,0.0390870469641009,
0.0536554012964602));
#2284=CARTESIAN_POINT('Ctrl Pts',(0.296956794376457,0.0390872169105736,
0.0558891479243623));
#2285=CARTESIAN_POINT('Ctrl Pts',(0.301253275711068,0.0390873581387997,
0.0581208844597786));
#2286=CARTESIAN_POINT('Ctrl Pts',(0.302453647332754,0.0390873975958212,
0.0587443977478767));
#2287=CARTESIAN_POINT('Ctrl Pts',(0.303655949249531,0.0390874343125376,
0.0593710900851855));
#2288=CARTESIAN_POINT('Ctrl Pts',(0.304858668147318,0.0390874697004076,
0.06));
#2289=CARTESIAN_POINT('',(0.314260262714428,0.0389999999999998,0.0232111285110792));
#2290=CARTESIAN_POINT('Ctrl Pts',(0.314260262714428,0.0390000000000007,
0.0232111285110793));
#2291=CARTESIAN_POINT('Ctrl Pts',(0.309997870158099,0.0390000000000003,
0.0256338412993785));
#2292=CARTESIAN_POINT('Ctrl Pts',(0.305690944454014,0.0389994397361802,
0.0280772424274515));
#2293=CARTESIAN_POINT('Ctrl Pts',(0.301420152920927,0.0389983240656489,
0.030493963287218));
#2294=CARTESIAN_POINT('Ctrl Pts',(0.297097589445181,0.0389971948705914,
0.0329399804338224));
#2295=CARTESIAN_POINT('Ctrl Pts',(0.292716538535609,0.0389954641881367,
0.0354127059458898));
#2296=CARTESIAN_POINT('Ctrl Pts',(0.288382616679541,0.0389932641625441,
0.0378499518738319));
#2297=CARTESIAN_POINT('',(0.314260262714428,0.0389999999999998,0.0148388162637404));
#2298=CARTESIAN_POINT('',(0.314260262714428,0.039,0.412313843876331));
#2299=CARTESIAN_POINT('',(0.288395438531717,0.0390000000000003,0.0014761515707962));
#2300=CARTESIAN_POINT('Ctrl Pts',(0.288382623962052,0.0389932653429787,
0.00147615157079617));
#2301=CARTESIAN_POINT('Ctrl Pts',(0.292730035478976,0.0389954717856268,
0.00365540129646421));
#2302=CARTESIAN_POINT('Ctrl Pts',(0.297105047457418,0.038997197271105,0.00588914792437405));
#2303=CARTESIAN_POINT('Ctrl Pts',(0.301420265013285,0.0389983243513711,
0.00812088445977868));
#2304=CARTESIAN_POINT('Ctrl Pts',(0.305700576001337,0.0389994423144828,
0.0103345680785665));
#2305=CARTESIAN_POINT('Ctrl Pts',(0.31000359919657,0.0390000000000002,0.0125884560914228));
#2306=CARTESIAN_POINT('Ctrl Pts',(0.314260262714428,0.0389999999999998,
0.0148388162637404));
#2307=CARTESIAN_POINT('',(0.288395438531717,0.039,0.));
#2308=CARTESIAN_POINT('',(0.288395438531717,0.039,0.147));
#2309=CARTESIAN_POINT('',(0.387070483112613,0.039,0.));
#2310=CARTESIAN_POINT('',(0.291285241556307,0.039,0.));
#2311=CARTESIAN_POINT('',(0.387070483112613,0.039,0.06));
#2312=CARTESIAN_POINT('',(0.387070483112613,0.039,0.03));
#2313=CARTESIAN_POINT('',(0.193535241556307,0.039,0.06));
#2314=CARTESIAN_POINT('Origin',(0.1955,0.,0.412313843876331));
#2315=CARTESIAN_POINT('',(0.198423866861644,-0.124965799331559,0.));
#2316=CARTESIAN_POINT('Ctrl Pts',(0.314260262714428,-0.038999999999999,
0.009788871488921));
#2317=CARTESIAN_POINT('Ctrl Pts',(0.306264574557731,-0.0633479493864616,
0.00815739290743416));
#2318=CARTESIAN_POINT('Ctrl Pts',(0.274852731836436,-0.106925481162028,
0.00489443574446053));
#2319=CARTESIAN_POINT('Ctrl Pts',(0.224044060751582,-0.124366355033164,
0.00163147858148677));
#2320=CARTESIAN_POINT('Ctrl Pts',(0.198423866861643,-0.124965799331559,
-8.74191357972564E-17));
#2321=CARTESIAN_POINT('',(0.0884211996822622,-0.0644913212960785,0.));
#2322=CARTESIAN_POINT('Origin',(0.1955,0.,0.));
#2323=CARTESIAN_POINT('Ctrl Pts',(0.314260262714429,-0.038999999999999,
0.0181611837362598));
#2324=CARTESIAN_POINT('Ctrl Pts',(0.303431494353836,-0.0719750609071178,
0.0159516298744837));
#2325=CARTESIAN_POINT('Ctrl Pts',(0.252906742139956,-0.128162974469443,
0.0115325221509314));
#2326=CARTESIAN_POINT('Ctrl Pts',(0.148995620435413,-0.128581288230715,
0.00547879423884481));
#2327=CARTESIAN_POINT('Ctrl Pts',(0.101836587253,-0.0864063668684723,0.00163462018853431));
#2328=CARTESIAN_POINT('Ctrl Pts',(0.0884972374627724,-0.0644527032010804,
-3.55140239176354E-17));
#2329=CARTESIAN_POINT('Origin',(0.1955,0.,0.412313843876331));
#2330=CARTESIAN_POINT('Ctrl Pts',(0.070335661905803,4.63630587800247E-5,
0.287313843876331));
#2331=CARTESIAN_POINT('Ctrl Pts',(0.0703196015972525,0.00310233181262041,
0.28711853810753));
#2332=CARTESIAN_POINT('Ctrl Pts',(0.0717907909073571,0.0469211163052383,
0.284317164217235));
#2333=CARTESIAN_POINT('Ctrl Pts',(0.123136300763269,0.127965198985174,0.278909722205447));
#2334=CARTESIAN_POINT('Ctrl Pts',(0.26177987797974,0.131201442354362,0.271091517840967));
#2335=CARTESIAN_POINT('Ctrl Pts',(0.341431125049122,0.017683972594258,0.263273313476487));
#2336=CARTESIAN_POINT('Ctrl Pts',(0.291195999685658,-0.11158466319137,0.255455109112006));
#2337=CARTESIAN_POINT('Ctrl Pts',(0.155786523700638,-0.14153123686206,0.247636904747526));
#2338=CARTESIAN_POINT('Ctrl Pts',(0.0783919649035533,-0.0672629595767427,
0.241589816335634));
#2339=CARTESIAN_POINT('Ctrl Pts',(0.0705008173463943,-0.0132309516949715,
0.238148796045236));
#2340=CARTESIAN_POINT('Ctrl Pts',(0.0705956610562505,-9.33210668756022E-5,
0.237313843876331));
#2341=CARTESIAN_POINT('Ctrl Pts',(0.0703438587033532,-8.14958176741956E-5,
0.295686156123669));
#2342=CARTESIAN_POINT('Ctrl Pts',(0.0705279664652227,0.0380695252761629,
0.293245301172793));
#2343=CARTESIAN_POINT('Ctrl Pts',(0.109332982924479,0.11751732455645,0.288198378100423));
#2344=CARTESIAN_POINT('Ctrl Pts',(0.243405203166935,0.138934078572337,0.280545386906559));
#2345=CARTESIAN_POINT('Ctrl Pts',(0.337682193967355,0.0373132100244294,
0.272727182542079));
#2346=CARTESIAN_POINT('Ctrl Pts',(0.305436166003925,-0.0975993622503027,
0.264908978177599));
#2347=CARTESIAN_POINT('Ctrl Pts',(0.175327589596248,-0.145601763136658,
0.257090773813119));
#2348=CARTESIAN_POINT('Ctrl Pts',(0.0834146380106732,-0.0787496186520677,
0.250683166461809));
#2349=CARTESIAN_POINT('Ctrl Pts',(0.0706499333479288,-0.01887117293501,
0.246881627231992));
#2350=CARTESIAN_POINT('Ctrl Pts',(0.0706857140958429,-2.65266651207967E-5,
0.245686156123669));
#2351=CARTESIAN_POINT('Ctrl Pts',(0.298800902425773,-0.0339232593674247,
0.000394456197822449));
#2352=CARTESIAN_POINT('Ctrl Pts',(0.291846035678063,-0.0551017671136278,
-0.00123702238366439));
#2353=CARTESIAN_POINT('Ctrl Pts',(0.2645231616308,-0.0930066879601601,-0.00449997954663802));
#2354=CARTESIAN_POINT('Ctrl Pts',(0.220328399391678,-0.108177233804394,
-0.00776293670961178));
#2355=CARTESIAN_POINT('Ctrl Pts',(0.198043258818035,-0.108698646738003,
-0.00939441529109864));
#2356=CARTESIAN_POINT('Ctrl Pts',(0.303954022521992,-0.0356155062449495,
0.00352592796152197));
#2357=CARTESIAN_POINT('Ctrl Pts',(0.296652215304619,-0.0578504945379058,
0.00189444938003513));
#2358=CARTESIAN_POINT('Ctrl Pts',(0.267966351699345,-0.0976462856941159,
-0.0013685077829385));
#2359=CARTESIAN_POINT('Ctrl Pts',(0.221566953178313,-0.113573607547317,
-0.00463146494591226));
#2360=CARTESIAN_POINT('Ctrl Pts',(0.198170128165904,-0.114121030935855,
-0.00626294352739912));
#2361=CARTESIAN_POINT('Ctrl Pts',(0.30910714261821,-0.0373077531224743,
0.00665739972522148));
#2362=CARTESIAN_POINT('Ctrl Pts',(0.301458394931175,-0.0605992219621836,
0.00502592114373464));
#2363=CARTESIAN_POINT('Ctrl Pts',(0.271409541767891,-0.102285883428072,
0.00176296398076101));
#2364=CARTESIAN_POINT('Ctrl Pts',(0.222805506964947,-0.11896998129024,-0.00149999318221275));
#2365=CARTESIAN_POINT('Ctrl Pts',(0.198296997513774,-0.119543415133707,
-0.00313147176369961));
#2366=CARTESIAN_POINT('Ctrl Pts',(0.314260262714428,-0.038999999999999,
0.009788871488921));
#2367=CARTESIAN_POINT('Ctrl Pts',(0.306264574557731,-0.0633479493864616,
0.00815739290743416));
#2368=CARTESIAN_POINT('Ctrl Pts',(0.274852731836436,-0.106925481162028,
0.00489443574446053));
#2369=CARTESIAN_POINT('Ctrl Pts',(0.224044060751582,-0.124366355033164,
0.00163147858148677));
#2370=CARTESIAN_POINT('Ctrl Pts',(0.198423866861643,-0.124965799331559,
-8.74191357972564E-17));
#2371=CARTESIAN_POINT('Ctrl Pts',(0.198423866861643,-0.124965799331559,
-8.84708972748172E-17));
#2372=CARTESIAN_POINT('Ctrl Pts',(0.207455746745434,-0.12375544750886,-9.58588644602516E-17));
#2373=CARTESIAN_POINT('Ctrl Pts',(0.216298617524527,-0.121532633773279,
-2.35134804092244E-17));
#2374=CARTESIAN_POINT('Ctrl Pts',(0.224798805429804,-0.118370295033219,
-5.20417042793042E-18));
#2375=CARTESIAN_POINT('Ctrl Pts',(0.229278307802703,-0.116703778475248,
4.44462774233682E-18));
#2376=CARTESIAN_POINT('Ctrl Pts',(0.233662316239083,-0.114775511625095,
-3.74875426740872E-17));
#2377=CARTESIAN_POINT('Ctrl Pts',(0.237924715544892,-0.112591580078493,
-3.46944695195361E-17));
#2378=CARTESIAN_POINT('Ctrl Pts',(0.241425558709371,-0.110797848126587,
-3.24004303271791E-17));
#2379=CARTESIAN_POINT('Ctrl Pts',(0.244847792027621,-0.108828775786295,
-5.26402788055718E-17));
#2380=CARTESIAN_POINT('Ctrl Pts',(0.248152257082771,-0.106702958450851,
-6.67868538251071E-17));
#2381=CARTESIAN_POINT('Ctrl Pts',(0.254151598579093,-0.102843482275046,
-9.24703254700152E-17));
#2382=CARTESIAN_POINT('Ctrl Pts',(0.259779756433338,-0.0984617212705584,
-6.00959102655135E-17));
#2383=CARTESIAN_POINT('Ctrl Pts',(0.264950748515064,-0.0935828487586686,
-2.94902990916057E-17));
#2384=CARTESIAN_POINT('Ctrl Pts',(0.269277988100995,-0.089500063495321,
-3.87861566022784E-18));
#2385=CARTESIAN_POINT('Ctrl Pts',(0.273284837556741,-0.0850685518000897,
-2.96375017643541E-17));
#2386=CARTESIAN_POINT('Ctrl Pts',(0.276934445573224,-0.0803315833669762,
-2.90566182226115E-17));
#2387=CARTESIAN_POINT('Ctrl Pts',(0.278664150682617,-0.0780865317162841,
-2.87813127033404E-17));
#2388=CARTESIAN_POINT('Ctrl Pts',(0.280307173939934,-0.0757809998423923,
-1.12261692106067E-16));
#2389=CARTESIAN_POINT('Ctrl Pts',(0.281860785433161,-0.0734204584837448,
-9.58434720477186E-17));
#2390=CARTESIAN_POINT('Ctrl Pts',(0.285325301569836,-0.0681565082207755,
-5.92312375376002E-17));
#2391=CARTESIAN_POINT('Ctrl Pts',(0.2883464466246,-0.0626189311054553,-6.97072734288394E-17));
#2392=CARTESIAN_POINT('Ctrl Pts',(0.290884221185424,-0.0568630828014599,
-1.13407547241984E-16));
#2393=CARTESIAN_POINT('Ctrl Pts',(0.292705257051224,-0.0527328474521563,
-1.44765638377222E-16));
#2394=CARTESIAN_POINT('Ctrl Pts',(0.294277098353409,-0.0484900771656405,
-7.5303960220334E-17));
#2395=CARTESIAN_POINT('Ctrl Pts',(0.295579606003913,-0.0441552116243712,
-6.85757874097082E-17));
#2396=CARTESIAN_POINT('Ctrl Pts',(0.296092257979206,-0.0424490585883408,
-6.59276562604256E-17));
#2397=CARTESIAN_POINT('Ctrl Pts',(0.296563245076835,-0.0407279632491126,
-8.81875084402552E-17));
#2398=CARTESIAN_POINT('Ctrl Pts',(0.296989987443881,-0.0389985782506934,
1.74855345644474E-17));
#2399=CARTESIAN_POINT('Ctrl Pts',(0.099779228252171,0.0314340000000002,
0.0207881274610725));
#2400=CARTESIAN_POINT('Ctrl Pts',(0.10853533617185,0.0580975301768443,0.0185714546582747));
#2401=CARTESIAN_POINT('Ctrl Pts',(0.149472272208841,0.103500973119641,0.014138109052679));
#2402=CARTESIAN_POINT('Ctrl Pts',(0.24152772779116,0.10350097311964,0.00748809064428545));
#2403=CARTESIAN_POINT('Ctrl Pts',(0.282464663828151,0.0580975301768434,
0.00305474503868977));
#2404=CARTESIAN_POINT('Ctrl Pts',(0.291220771747829,0.0314339999999992,
0.000838072235891927));
#2405=CARTESIAN_POINT('Ctrl Pts',(0.0920993979299713,0.0339560000000003,
0.025455042137022));
#2406=CARTESIAN_POINT('Ctrl Pts',(0.101558022365952,0.0627587877675424,
0.0232383693342242));
#2407=CARTESIAN_POINT('Ctrl Pts',(0.145779394131304,0.111805021417908,0.0188050237286284));
#2408=CARTESIAN_POINT('Ctrl Pts',(0.245220605868697,0.111805021417908,0.012155005320235));
#2409=CARTESIAN_POINT('Ctrl Pts',(0.289441977634049,0.0627587877675413,
0.00772165971463925));
#2410=CARTESIAN_POINT('Ctrl Pts',(0.298900602070029,0.0339559999999991,
0.00550498691184141));
#2411=CARTESIAN_POINT('Ctrl Pts',(0.0844195676077716,0.0364780000000003,
0.0301219568129715));
#2412=CARTESIAN_POINT('Ctrl Pts',(0.0945807085600538,0.0674200453582403,
0.0279052840101736));
#2413=CARTESIAN_POINT('Ctrl Pts',(0.142086516053767,0.120109069716175,0.0234719384045779));
#2414=CARTESIAN_POINT('Ctrl Pts',(0.248913483946234,0.120109069716175,0.0168219199961844));
#2415=CARTESIAN_POINT('Ctrl Pts',(0.296419291439947,0.0674200453582392,
0.0123885743905887));
#2416=CARTESIAN_POINT('Ctrl Pts',(0.306580432392229,0.036477999999999,0.0101719015877909));
#2417=CARTESIAN_POINT('Ctrl Pts',(0.0767397372855719,0.0390000000000003,
0.034788871488921));
#2418=CARTESIAN_POINT('Ctrl Pts',(0.0876033947541559,0.0720813029489384,
0.0325721986861231));
#2419=CARTESIAN_POINT('Ctrl Pts',(0.13839363797623,0.128413118014443,0.0281388530805274));
#2420=CARTESIAN_POINT('Ctrl Pts',(0.252606362023771,0.128413118014442,0.0214888346721339));
#2421=CARTESIAN_POINT('Ctrl Pts',(0.303396605245845,0.0720813029489372,
0.0170554890665382));
#2422=CARTESIAN_POINT('Ctrl Pts',(0.314260262714429,0.038999999999999,0.0148388162637404));
#2423=CARTESIAN_POINT('Ctrl Pts',(0.0767397372855719,0.0390000000000003,
0.034788871488921));
#2424=CARTESIAN_POINT('Ctrl Pts',(0.0876033947541559,0.0720813029489384,
0.0325721986861231));
#2425=CARTESIAN_POINT('Ctrl Pts',(0.13839363797623,0.128413118014443,0.0281388530805274));
#2426=CARTESIAN_POINT('Ctrl Pts',(0.252606362023771,0.128413118014442,0.0214888346721339));
#2427=CARTESIAN_POINT('Ctrl Pts',(0.303396605245845,0.0720813029489372,
0.0170554890665382));
#2428=CARTESIAN_POINT('Ctrl Pts',(0.314260262714429,0.038999999999999,0.0148388162637404));
#2429=CARTESIAN_POINT('Ctrl Pts',(0.288382623962052,0.0389932653429787,
0.00147615157079617));
#2430=CARTESIAN_POINT('Ctrl Pts',(0.27848967189778,0.0623495553806881,0.00348013126195927));
#2431=CARTESIAN_POINT('Ctrl Pts',(0.259542062170769,0.0818883839218735,
0.00548411095312236));
#2432=CARTESIAN_POINT('Ctrl Pts',(0.236419385870021,0.0921501123839412,
0.00748809064428545));
#2433=CARTESIAN_POINT('Ctrl Pts',(0.210842575930387,0.103500973119641,0.0097047634470833));
#2434=CARTESIAN_POINT('Ctrl Pts',(0.180157424069614,0.103500973119641,0.0119214362498811));
#2435=CARTESIAN_POINT('Ctrl Pts',(0.15458061412998,0.0921501123839417,0.014138109052679));
#2436=CARTESIAN_POINT('Ctrl Pts',(0.131457937829232,0.081888383921874,0.0161420887438421));
#2437=CARTESIAN_POINT('Ctrl Pts',(0.11251032810222,0.0623495553806883,0.0181460684350053));
#2438=CARTESIAN_POINT('Ctrl Pts',(0.102617376037948,0.0389932653429784,
0.0201500481261684));
#2439=CARTESIAN_POINT('Ctrl Pts',(0.291220771747829,-0.0314339999999999,
0.0457881274610725));
#2440=CARTESIAN_POINT('Ctrl Pts',(0.28246466382815,-0.058097530176844,0.0435714546582747));
#2441=CARTESIAN_POINT('Ctrl Pts',(0.241525357858445,-0.10350059051896,0.039138109052679));
#2442=CARTESIAN_POINT('Ctrl Pts',(0.149474642141555,-0.10350059051896,0.0324880906442855));
#2443=CARTESIAN_POINT('Ctrl Pts',(0.10853533617185,-0.0580975301768443,
0.0280547450386898));
#2444=CARTESIAN_POINT('Ctrl Pts',(0.0997792282521709,-0.0314340000000002,
0.025838072235892));
#2445=CARTESIAN_POINT('Ctrl Pts',(0.298900602070029,-0.0339559999999999,
0.050455042137022));
#2446=CARTESIAN_POINT('Ctrl Pts',(0.289441977634048,-0.062758787767542,
0.0482383693342241));
#2447=CARTESIAN_POINT('Ctrl Pts',(0.245218045792497,-0.111804608120564,
0.0438050237286285));
#2448=CARTESIAN_POINT('Ctrl Pts',(0.145781954207503,-0.111804608120564,
0.037155005320235));
#2449=CARTESIAN_POINT('Ctrl Pts',(0.101558022365952,-0.0627587877675423,
0.0327216597146393));
#2450=CARTESIAN_POINT('Ctrl Pts',(0.0920993979299713,-0.0339560000000002,
0.0305049869118415));
#2451=CARTESIAN_POINT('Ctrl Pts',(0.306580432392228,-0.0364779999999999,
0.0551219568129715));
#2452=CARTESIAN_POINT('Ctrl Pts',(0.296419291439946,-0.06742004535824,0.0529052840101736));
#2453=CARTESIAN_POINT('Ctrl Pts',(0.24891073372655,-0.120108625722168,0.048471938404578));
#2454=CARTESIAN_POINT('Ctrl Pts',(0.142089266273451,-0.120108625722168,
0.0418219199961844));
#2455=CARTESIAN_POINT('Ctrl Pts',(0.0945807085600538,-0.0674200453582403,
0.0373885743905888));
#2456=CARTESIAN_POINT('Ctrl Pts',(0.0844195676077716,-0.0364780000000002,
0.0351719015877909));
#2457=CARTESIAN_POINT('Ctrl Pts',(0.314260262714428,-0.0389999999999999,
0.059788871488921));
#2458=CARTESIAN_POINT('Ctrl Pts',(0.303396605245844,-0.072081302948938,
0.0575721986861231));
#2459=CARTESIAN_POINT('Ctrl Pts',(0.252603421660602,-0.128412643323772,
0.0531388530805275));
#2460=CARTESIAN_POINT('Ctrl Pts',(0.138396578339398,-0.128412643323772,
0.0464888346721339));
#2461=CARTESIAN_POINT('Ctrl Pts',(0.0876033947541559,-0.0720813029489383,
0.0420554890665383));
#2462=CARTESIAN_POINT('Ctrl Pts',(0.0767397372855719,-0.0390000000000002,
0.0398388162637404));
#2463=CARTESIAN_POINT('Ctrl Pts',(0.102617406498757,-0.0389932603127388,
0.0264761515707961));
#2464=CARTESIAN_POINT('Ctrl Pts',(0.11251054277296,-0.0623495195501955,
0.0284801312619592));
#2465=CARTESIAN_POINT('Ctrl Pts',(0.131459103845703,-0.0818881834437551,
0.0304841109531224));
#2466=CARTESIAN_POINT('Ctrl Pts',(0.154581601601944,-0.0921498254334313,
0.0324880906442855));
#2467=CARTESIAN_POINT('Ctrl Pts',(0.180158214047185,-0.10350059051896,0.0347047634470833));
#2468=CARTESIAN_POINT('Ctrl Pts',(0.210841785952815,-0.10350059051896,0.0369214362498812));
#2469=CARTESIAN_POINT('Ctrl Pts',(0.236418398398056,-0.0921498254334312,
0.039138109052679));
#2470=CARTESIAN_POINT('Ctrl Pts',(0.259540896154297,-0.081888183443755,
0.0411420887438421));
#2471=CARTESIAN_POINT('Ctrl Pts',(0.278489457227039,-0.0623495195501956,
0.0431460684350052));
#2472=CARTESIAN_POINT('Ctrl Pts',(0.288382593501242,-0.0389932603127392,
0.0451500481261683));
#2473=CARTESIAN_POINT('Ctrl Pts',(0.271599619777157,0.0660258310797531,
0.304));
#2474=CARTESIAN_POINT('Ctrl Pts',(0.293222298938646,0.041104105206054,0.301393931878507));
#2475=CARTESIAN_POINT('Ctrl Pts',(0.309761461166486,-0.0312028492295399,
0.296181795635519));
#2476=CARTESIAN_POINT('Ctrl Pts',(0.232825738763607,-0.112520403713189,
0.28836359127104));
#2477=CARTESIAN_POINT('Ctrl Pts',(0.12267456005047,-0.0934189726631878,
0.280545386906559));
#2478=CARTESIAN_POINT('Ctrl Pts',(0.0773402214774804,0.00869657496884969,
0.272727182542079));
#2479=CARTESIAN_POINT('Ctrl Pts',(0.137174858415195,0.103139950382051,0.264908978177599));
#2480=CARTESIAN_POINT('Ctrl Pts',(0.24892158165167,0.105748362537616,0.257090773813118));
#2481=CARTESIAN_POINT('Ctrl Pts',(0.313120486789593,0.014253281910972,0.249272569448639));
#2482=CARTESIAN_POINT('Ctrl Pts',(0.27263097574664,-0.0899372385322439,
0.241454365084158));
#2483=CARTESIAN_POINT('Ctrl Pts',(0.163490938102714,-0.11407417691082,0.233636160719678));
#2484=CARTESIAN_POINT('Ctrl Pts',(0.0828406040006568,-0.0366816383481394,
0.225817956355197));
#2485=CARTESIAN_POINT('Ctrl Pts',(0.102462986731267,0.0733607254311097,
0.217999751990717));
#2486=CARTESIAN_POINT('Ctrl Pts',(0.204893131203901,0.118107587616894,0.210181547626237));
#2487=CARTESIAN_POINT('Ctrl Pts',(0.298962904329401,0.0577329065150433,
0.202363343261757));
#2488=CARTESIAN_POINT('Ctrl Pts',(0.300945325484942,-0.0540272295581206,
0.194545138897276));
#2489=CARTESIAN_POINT('Ctrl Pts',(0.209075937303978,-0.117700237565582,
0.186726934532796));
#2490=CARTESIAN_POINT('Ctrl Pts',(0.105123262985154,-0.0766139806723821,
0.178908730168316));
#2491=CARTESIAN_POINT('Ctrl Pts',(0.0816105672951252,0.0326627271684486,
0.171090525803836));
#2492=CARTESIAN_POINT('Ctrl Pts',(0.159465383516595,0.112867880336125,0.163272321439355));
#2493=CARTESIAN_POINT('Ctrl Pts',(0.269392858330829,0.0926148135454118,
0.155454117074875));
#2494=CARTESIAN_POINT('Ctrl Pts',(0.313551893798725,-0.0100703245967516,
0.147635912710395));
#2495=CARTESIAN_POINT('Ctrl Pts',(0.252638548595272,-0.103792193497015,
0.139817708345915));
#2496=CARTESIAN_POINT('Ctrl Pts',(0.14086907194344,-0.105133931598814,0.131999503981434));
#2497=CARTESIAN_POINT('Ctrl Pts',(0.0777236819494742,-0.0129004265550334,
0.124181299616954));
#2498=CARTESIAN_POINT('Ctrl Pts',(0.119405853918543,0.0908139791747901,
0.116363095252474));
#2499=CARTESIAN_POINT('Ctrl Pts',(0.228814732216333,0.113701463982609,0.108544890887994));
#2500=CARTESIAN_POINT('Ctrl Pts',(0.308573773439456,0.0353844134897971,
0.100726686523513));
#2501=CARTESIAN_POINT('Ctrl Pts',(0.287687399832853,-0.0744181757207923,
0.0929084821590331));
#2502=CARTESIAN_POINT('Ctrl Pts',(0.18475702261988,-0.118001101447019,0.0850902777945528));
#2503=CARTESIAN_POINT('Ctrl Pts',(0.0913737464764561,-0.0565251006529872,
0.0772720734300726));
#2504=CARTESIAN_POINT('Ctrl Pts',(0.0906968863920602,0.0551992439746165,
0.0694538690655923));
#2505=CARTESIAN_POINT('Ctrl Pts',(0.183243839776119,0.117914539233271,0.061635664701112));
#2506=CARTESIAN_POINT('Ctrl Pts',(0.286816278082404,0.07543630866578,0.0538174603366317));
#2507=CARTESIAN_POINT('Ctrl Pts',(0.301480021903008,0.00272582686216708,
0.0486053240936449));
#2508=CARTESIAN_POINT('Ctrl Pts',(0.292020968228186,-0.02888364922051,0.0459992559721515));
#2509=CARTESIAN_POINT('Ctrl Pts',(0.277705213754315,0.0713231889083189,
0.308666914675949));
#2510=CARTESIAN_POINT('Ctrl Pts',(0.301062714982524,0.044401953183711,0.306060846554456));
#2511=CARTESIAN_POINT('Ctrl Pts',(0.318928840598371,-0.0337063036342258,
0.300848710311469));
#2512=CARTESIAN_POINT('Ctrl Pts',(0.235820442369952,-0.12154809532624,0.293030505946989));
#2513=CARTESIAN_POINT('Ctrl Pts',(0.116831658747654,-0.100914125970325,
0.285212301582508));
#2514=CARTESIAN_POINT('Ctrl Pts',(0.0678600738210006,0.00939431506147048,
0.277394097218029));
#2515=CARTESIAN_POINT('Ctrl Pts',(0.132495339197886,0.111415033249758,0.269575892853548));
#2516=CARTESIAN_POINT('Ctrl Pts',(0.253207680427693,0.114232722476531,0.261757688489068));
#2517=CARTESIAN_POINT('Ctrl Pts',(0.322557366209436,0.0153968454720672,
0.253939484124588));
#2518=CARTESIAN_POINT('Ctrl Pts',(0.278819317059646,-0.0971530467519524,
0.246121279760108));
#2519=CARTESIAN_POINT('Ctrl Pts',(0.160922799968689,-0.1232265302279,0.238303075395627));
#2520=CARTESIAN_POINT('Ctrl Pts',(0.0738017608146053,-0.0396246647499338,
0.230484871031147));
#2521=CARTESIAN_POINT('Ctrl Pts',(0.0949984786360918,0.0792465735426213,
0.222666666666667));
#2522=CARTESIAN_POINT('Ctrl Pts',(0.205646757115215,0.127583547913701,0.214848462302186));
#2523=CARTESIAN_POINT('Ctrl Pts',(0.307263898307855,0.0623649097672841,
0.207030257937706));
#2524=CARTESIAN_POINT('Ctrl Pts',(0.309405372277366,-0.0583619204325107,
0.199212053573226));
#2525=CARTESIAN_POINT('Ctrl Pts',(0.210165156425967,-0.127143515517494,
0.191393849208746));
#2526=CARTESIAN_POINT('Ctrl Pts',(0.0978721931005886,-0.0827608426452695,
0.183575644844265));
#2527=CARTESIAN_POINT('Ctrl Pts',(0.0724730363006066,0.0352833099106648,
0.175757440479785));
#2528=CARTESIAN_POINT('Ctrl Pts',(0.156574268711889,0.121923450553333,0.167939236115305));
#2529=CARTESIAN_POINT('Ctrl Pts',(0.275321400314361,0.100045447882802,0.160121031750825));
#2530=CARTESIAN_POINT('Ctrl Pts',(0.323023385691592,-0.0108782828150187,
0.152302827386344));
#2531=CARTESIAN_POINT('Ctrl Pts',(0.2572228655628,-0.112119606871052,0.144484623021864));
#2532=CARTESIAN_POINT('Ctrl Pts',(0.1364859453748,-0.113568994762655,0.136666418657384));
#2533=CARTESIAN_POINT('Ctrl Pts',(0.0682742999388033,-0.0139354483712768,
0.128848214292904));
#2534=CARTESIAN_POINT('Ctrl Pts',(0.113300699104728,0.0981001296958444,
0.121030009928423));
#2535=CARTESIAN_POINT('Ctrl Pts',(0.231487626364377,0.122823913946474,0.113211805563943));
#2536=CARTESIAN_POINT('Ctrl Pts',(0.317645862789023,0.0382233614703681,
0.105393601199463));
#2537=CARTESIAN_POINT('Ctrl Pts',(0.295083742085779,-0.0803888647571173,
0.0975753968349827));
#2538=CARTESIAN_POINT('Ctrl Pts',(0.183895096395006,-0.127468518188426,
0.0897571924705021));
#2539=CARTESIAN_POINT('Ctrl Pts',(0.083019530933211,-0.0610601997128216,
0.0819389881060222));
#2540=CARTESIAN_POINT('Ctrl Pts',(0.0822883652837305,0.0596279674365998,
0.0741207837415417));
#2541=CARTESIAN_POINT('Ctrl Pts',(0.182260508476106,0.127375010950084,0.0663025793770615));
#2542=CARTESIAN_POINT('Ctrl Pts',(0.294142728846666,0.0814886841335887,
0.0584843750125812));
#2543=CARTESIAN_POINT('Ctrl Pts',(0.30998296824262,0.00294452430272142,
0.0532722387695944));
#2544=CARTESIAN_POINT('Ctrl Pts',(0.299764999591407,-0.0312010305061919,
0.050666170648101));
#2545=CARTESIAN_POINT('Ctrl Pts',(0.283810807731474,0.0766205467368847,
0.313333829351899));
#2546=CARTESIAN_POINT('Ctrl Pts',(0.308903131026403,0.0476998011613678,
0.310727761230406));
#2547=CARTESIAN_POINT('Ctrl Pts',(0.328096220030256,-0.0362097580389118,
0.305515624987419));
#2548=CARTESIAN_POINT('Ctrl Pts',(0.238815145976296,-0.130575786939292,
0.297697420622939));
#2549=CARTESIAN_POINT('Ctrl Pts',(0.110988757444839,-0.108409279277463,
0.289879216258458));
#2550=CARTESIAN_POINT('Ctrl Pts',(0.0583799261645205,0.0100920551540911,
0.282061011893978));
#2551=CARTESIAN_POINT('Ctrl Pts',(0.127815819980577,0.119690116117466,0.274242807529498));
#2552=CARTESIAN_POINT('Ctrl Pts',(0.257493779203717,0.122717082415447,0.266424603165017));
#2553=CARTESIAN_POINT('Ctrl Pts',(0.331994245629279,0.0165404090331626,
0.258606398800537));
#2554=CARTESIAN_POINT('Ctrl Pts',(0.285007658372652,-0.104368854971661,
0.250788194436057));
#2555=CARTESIAN_POINT('Ctrl Pts',(0.158354661834663,-0.13237888354498,0.242969990071577));
#2556=CARTESIAN_POINT('Ctrl Pts',(0.064762917628554,-0.0425676911517283,
0.235151785707096));
#2557=CARTESIAN_POINT('Ctrl Pts',(0.0875339705409163,0.085132421654133,
0.227333581342616));
#2558=CARTESIAN_POINT('Ctrl Pts',(0.206400383026528,0.137059508210507,0.219515376978136));
#2559=CARTESIAN_POINT('Ctrl Pts',(0.31556489228631,0.066996913019525,0.211697172613656));
#2560=CARTESIAN_POINT('Ctrl Pts',(0.317865419069788,-0.0626966113069009,
0.203878968249175));
#2561=CARTESIAN_POINT('Ctrl Pts',(0.211254375547958,-0.136586793469406,
0.196060763884695));
#2562=CARTESIAN_POINT('Ctrl Pts',(0.0906211232160226,-0.0889077046181572,
0.188242559520215));
#2563=CARTESIAN_POINT('Ctrl Pts',(0.0633355053060883,0.0379038926528812,
0.180424355155735));
#2564=CARTESIAN_POINT('Ctrl Pts',(0.153683153907182,0.130979020770541,0.172606150791254));
#2565=CARTESIAN_POINT('Ctrl Pts',(0.281249942297893,0.107476082220193,0.164787946426774));
#2566=CARTESIAN_POINT('Ctrl Pts',(0.332494877584459,-0.0116862410332858,
0.156969742062294));
#2567=CARTESIAN_POINT('Ctrl Pts',(0.261807182530328,-0.120447020245089,
0.149151537697814));
#2568=CARTESIAN_POINT('Ctrl Pts',(0.132102818806159,-0.122004057926497,
0.141333333333333));
#2569=CARTESIAN_POINT('Ctrl Pts',(0.0588249179281326,-0.0149704701875202,
0.133515128968853));
#2570=CARTESIAN_POINT('Ctrl Pts',(0.107195544290914,0.105386280216899,0.125696924604373));
#2571=CARTESIAN_POINT('Ctrl Pts',(0.23416052051242,0.13194636391034,0.117878720239893));
#2572=CARTESIAN_POINT('Ctrl Pts',(0.326717952138591,0.041062309450939,0.110060515875412));
#2573=CARTESIAN_POINT('Ctrl Pts',(0.302480084338704,-0.0863595537934421,
0.102242311510932));
#2574=CARTESIAN_POINT('Ctrl Pts',(0.183033170170134,-0.136935934929833,
0.0944241071464517));
#2575=CARTESIAN_POINT('Ctrl Pts',(0.0746653153899654,-0.0655952987726559,
0.0866059027819716));
#2576=CARTESIAN_POINT('Ctrl Pts',(0.0738798441754014,0.064056690898583,
0.0787876984174912));
#2577=CARTESIAN_POINT('Ctrl Pts',(0.181277177176092,0.136835482666898,0.070969494053011));
#2578=CARTESIAN_POINT('Ctrl Pts',(0.301469179610928,0.0875410596013973,
0.0631512896885306));
#2579=CARTESIAN_POINT('Ctrl Pts',(0.318485914582233,0.00316322174327579,
0.0579391534455439));
#2580=CARTESIAN_POINT('Ctrl Pts',(0.307509030954628,-0.0335184117918738,
0.0553330853240505));
#2581=CARTESIAN_POINT('Ctrl Pts',(0.289916401708632,0.0819179045654505,
0.318000744027848));
#2582=CARTESIAN_POINT('Ctrl Pts',(0.316743547070281,0.0509976491390248,
0.315394675906355));
#2583=CARTESIAN_POINT('Ctrl Pts',(0.337263599462141,-0.0387132124435978,
0.310182539663368));
#2584=CARTESIAN_POINT('Ctrl Pts',(0.241809849582639,-0.139603478552343,
0.302364335298888));
#2585=CARTESIAN_POINT('Ctrl Pts',(0.105145856142023,-0.1159044325846,0.294546130934407));
#2586=CARTESIAN_POINT('Ctrl Pts',(0.0488997785080403,0.0107897952467118,
0.286727926569927));
#2587=CARTESIAN_POINT('Ctrl Pts',(0.123136300763269,0.127965198985174,0.278909722205447));
#2588=CARTESIAN_POINT('Ctrl Pts',(0.26177987797974,0.131201442354362,0.271091517840967));
#2589=CARTESIAN_POINT('Ctrl Pts',(0.341431125049122,0.017683972594258,0.263273313476487));
#2590=CARTESIAN_POINT('Ctrl Pts',(0.291195999685658,-0.11158466319137,0.255455109112006));
#2591=CARTESIAN_POINT('Ctrl Pts',(0.155786523700638,-0.14153123686206,0.247636904747526));
#2592=CARTESIAN_POINT('Ctrl Pts',(0.0557240744425025,-0.0455107175535227,
0.239818700383046));
#2593=CARTESIAN_POINT('Ctrl Pts',(0.0800694624457408,0.0910182697656446,
0.232000496018565));
#2594=CARTESIAN_POINT('Ctrl Pts',(0.207154008937842,0.146535468507313,0.224182291654086));
#2595=CARTESIAN_POINT('Ctrl Pts',(0.323865886264765,0.0716289162717658,
0.216364087289605));
#2596=CARTESIAN_POINT('Ctrl Pts',(0.326325465862212,-0.067031302181291,
0.208545882925125));
#2597=CARTESIAN_POINT('Ctrl Pts',(0.212343594669947,-0.146030071421318,
0.200727678560644));
#2598=CARTESIAN_POINT('Ctrl Pts',(0.0833700533314572,-0.0950545665910447,
0.192909474196165));
#2599=CARTESIAN_POINT('Ctrl Pts',(0.0541979743115696,0.0405244753950975,
0.185091269831684));
#2600=CARTESIAN_POINT('Ctrl Pts',(0.150792039102476,0.140034590987748,0.177273065467204));
#2601=CARTESIAN_POINT('Ctrl Pts',(0.287178484281425,0.114906716557583,0.169454861102724));
#2602=CARTESIAN_POINT('Ctrl Pts',(0.341966369477327,-0.0124941992515529,
0.161636656738243));
#2603=CARTESIAN_POINT('Ctrl Pts',(0.266391499497856,-0.128774433619125,
0.153818452373763));
#2604=CARTESIAN_POINT('Ctrl Pts',(0.127719692237519,-0.130439121090339,
0.146000248009283));
#2605=CARTESIAN_POINT('Ctrl Pts',(0.0493755359174617,-0.0160054920037636,
0.138182043644803));
#2606=CARTESIAN_POINT('Ctrl Pts',(0.1010903894771,0.112672430737953,0.130363839280322));
#2607=CARTESIAN_POINT('Ctrl Pts',(0.236833414660463,0.141068813874205,0.122545634915842));
#2608=CARTESIAN_POINT('Ctrl Pts',(0.335790041488158,0.04390125743151,0.114727430551362));
#2609=CARTESIAN_POINT('Ctrl Pts',(0.30987642659163,-0.0923302428297671,
0.106909226186881));
#2610=CARTESIAN_POINT('Ctrl Pts',(0.18217124394526,-0.14640335167124,0.0990910218224012));
#2611=CARTESIAN_POINT('Ctrl Pts',(0.0663110998467201,-0.0701303978324903,
0.0912728174579211));
#2612=CARTESIAN_POINT('Ctrl Pts',(0.0654713230670719,0.0684854143605663,
0.0834546130934407));
#2613=CARTESIAN_POINT('Ctrl Pts',(0.180293845876079,0.146295954383711,0.0756364087289604));
#2614=CARTESIAN_POINT('Ctrl Pts',(0.30879563037519,0.093593435069206,0.0678182043644802));
#2615=CARTESIAN_POINT('Ctrl Pts',(0.326988860921846,0.00338191918383013,
0.0626060681214934));
#2616=CARTESIAN_POINT('Ctrl Pts',(0.315253062317849,-0.0358357930775558,
0.0599999999999999));
#2617=CARTESIAN_POINT('Ctrl Pts',(0.271599619777157,0.0660258310797531,
0.304));
#2618=CARTESIAN_POINT('Ctrl Pts',(0.277372362089669,0.0609607293963318,
0.304));
#2619=CARTESIAN_POINT('Ctrl Pts',(0.282474956008021,0.0552263234520775,
0.304));
#2620=CARTESIAN_POINT('Ctrl Pts',(0.286897466201848,0.0489904742053973,
0.304));
#2621=CARTESIAN_POINT('Ctrl Pts',(0.289283134077913,0.0456266232303217,
0.304));
#2622=CARTESIAN_POINT('Ctrl Pts',(0.291470581675806,0.0421159599519001,
0.304));
#2623=CARTESIAN_POINT('Ctrl Pts',(0.293455178141471,0.0384797879397845,
0.304));
#2624=CARTESIAN_POINT('Ctrl Pts',(0.29512374699729,0.0354226408175423,0.304));
#2625=CARTESIAN_POINT('Ctrl Pts',(0.296649621454317,0.0322736670371643,
0.304));
#2626=CARTESIAN_POINT('Ctrl Pts',(0.298019756459785,0.0290686195458345,
0.304));
#2627=CARTESIAN_POINT('Ctrl Pts',(0.300515175664491,0.0232312845168488,
0.304));
#2628=CARTESIAN_POINT('Ctrl Pts',(0.302503581508538,0.0171945871136102,
0.304));
#2629=CARTESIAN_POINT('Ctrl Pts',(0.303972911963784,0.0110357831557564,
0.304));
#2630=CARTESIAN_POINT('Ctrl Pts',(0.304972445619514,0.00684616616869039,
0.304));
#2631=CARTESIAN_POINT('Ctrl Pts',(0.305731551517979,0.00259969805308913,
0.304));
#2632=CARTESIAN_POINT('Ctrl Pts',(0.306242655157585,-0.00168196126748833,
0.304));
#2633=CARTESIAN_POINT('Ctrl Pts',(0.306647597989404,-0.0050742815638161,
0.304));
#2634=CARTESIAN_POINT('Ctrl Pts',(0.306896331386747,-0.00849080660612037,
0.304));
#2635=CARTESIAN_POINT('Ctrl Pts',(0.306984429011925,-0.0118980408120791,
0.304));
#2636=CARTESIAN_POINT('Ctrl Pts',(0.307143657206702,-0.0180562970726931,
0.304));
#2637=CARTESIAN_POINT('Ctrl Pts',(0.306781513476069,-0.0241996446076497,
0.304));
#2638=CARTESIAN_POINT('Ctrl Pts',(0.305882416868548,-0.0302648914170348,
0.304));
#2639=CARTESIAN_POINT('Ctrl Pts',(0.305223750251933,-0.0347082132597083,
0.304));
#2640=CARTESIAN_POINT('Ctrl Pts',(0.304276709627311,-0.0391098241684449,
0.304));
#2641=CARTESIAN_POINT('Ctrl Pts',(0.303059671064318,-0.0434527408573232,
0.304));
#2642=CARTESIAN_POINT('Ctrl Pts',(0.301969899833607,-0.0473415130037659,
0.304));
#2643=CARTESIAN_POINT('Ctrl Pts',(0.300661375582518,-0.051187248799502,
0.304));
#2644=CARTESIAN_POINT('Ctrl Pts',(0.299156944992496,-0.0549506542655426,
0.304));
#2645=CARTESIAN_POINT('Ctrl Pts',(0.296821413027159,-0.0607930997879574,
0.304));
#2646=CARTESIAN_POINT('Ctrl Pts',(0.294012220866489,-0.0664491486516243,
0.304));
#2647=CARTESIAN_POINT('Ctrl Pts',(0.290779431322458,-0.0718741663579758,
0.304));
#2648=CARTESIAN_POINT('Ctrl Pts',(0.288875615796313,-0.0750690025198398,
0.304));
#2649=CARTESIAN_POINT('Ctrl Pts',(0.286824612534167,-0.0781837207926117,
0.304));
#2650=CARTESIAN_POINT('Ctrl Pts',(0.284634507289719,-0.0812087735194327,
0.304));
#2651=CARTESIAN_POINT('Ctrl Pts',(0.282702286657923,-0.0838776266742516,
0.304));
#2652=CARTESIAN_POINT('Ctrl Pts',(0.280667780957071,-0.0864683513410933,
0.304));
#2653=CARTESIAN_POINT('Ctrl Pts',(0.278538113157258,-0.0889748196105204,
0.304));
#2654=CARTESIAN_POINT('Ctrl Pts',(0.272480897103141,-0.0961037341961874,
0.304));
#2655=CARTESIAN_POINT('Ctrl Pts',(0.265656951421167,-0.102553603179293,
0.304));
#2656=CARTESIAN_POINT('Ctrl Pts',(0.258190777158125,-0.108176043103136,
0.304));
#2657=CARTESIAN_POINT('Ctrl Pts',(0.0948271028113378,-7.52167799013664E-5,
0.223313099848482));
#2658=CARTESIAN_POINT('Ctrl Pts',(0.0947506587811937,-0.0106641470661468,
0.224148052017387));
#2659=CARTESIAN_POINT('Ctrl Pts',(0.0962939559869166,-0.0212313612995046,
0.224983004186292));
#2660=CARTESIAN_POINT('Ctrl Pts',(0.0995527234727682,-0.0312400008120448,
0.225817956355197));
#2661=CARTESIAN_POINT('Ctrl Pts',(0.109724048701343,-0.0624791512023664,
0.228424024476691));
#2662=CARTESIAN_POINT('Ctrl Pts',(0.136607493402028,-0.0882766640565932,
0.231030092598184));
#2663=CARTESIAN_POINT('Ctrl Pts',(0.168239222026359,-0.0971525974206106,
0.233636160719678));
#2664=CARTESIAN_POINT('Ctrl Pts',(0.199870950650689,-0.106028530784628,
0.236242228841171));
#2665=CARTESIAN_POINT('Ctrl Pts',(0.236250963198665,-0.097982884658436,
0.238848296962664));
#2666=CARTESIAN_POINT('Ctrl Pts',(0.261189221313145,-0.076594974854804,
0.241454365084158));
#2667=CARTESIAN_POINT('Ctrl Pts',(0.286127479427624,-0.0552070650511719,
0.244060433205651));
#2668=CARTESIAN_POINT('Ctrl Pts',(0.299623983108609,-0.0204768915701,0.246666501327145));
#2669=CARTESIAN_POINT('Ctrl Pts',(0.295672417426114,0.0121373752748767,
0.249272569448638));
#2670=CARTESIAN_POINT('Ctrl Pts',(0.291720851743619,0.0447516421198533,
0.251878637570132));
#2671=CARTESIAN_POINT('Ctrl Pts',(0.270321216697644,0.0752500023287346,
0.254484705691625));
#2672=CARTESIAN_POINT('Ctrl Pts',(0.240996945301911,0.0900644470739144,
0.257090773813118));
#2673=CARTESIAN_POINT('Ctrl Pts',(0.211672673906178,0.104878891819094,0.259696841934612));
#2674=CARTESIAN_POINT('Ctrl Pts',(0.174423766160686,0.104009421100572,0.262302910056105));
#2675=CARTESIAN_POINT('Ctrl Pts',(0.145826872798321,0.0878341231724446,
0.264908978177599));
#2676=CARTESIAN_POINT('Ctrl Pts',(0.117229979435956,0.0716588252443169,
0.267515046299092));
#2677=CARTESIAN_POINT('Ctrl Pts',(0.0972851004567185,0.0401777001065833,
0.270121114420586));
#2678=CARTESIAN_POINT('Ctrl Pts',(0.0948683840625978,0.00741787959904365,
0.272727182542079));
#2679=CARTESIAN_POINT('Ctrl Pts',(0.0946872688225796,0.00496277035717776,
0.27292248831088));
#2680=CARTESIAN_POINT('Ctrl Pts',(0.0946045988873855,0.00250047944097227,
0.273117794079681));
#2681=CARTESIAN_POINT('Ctrl Pts',(0.0946175434960772,3.7368625377038E-5,
0.273313099848482));
#2682=CARTESIAN_POINT('Origin',(0.1955,0.,0.147));
#2683=CARTESIAN_POINT('',(0.160621581548771,0.0945201482560251,0.));
#2684=CARTESIAN_POINT('Ctrl Pts',(0.102608648450484,0.0389965042687625,
0.00652384842920415));
#2685=CARTESIAN_POINT('Ctrl Pts',(0.113314079400085,0.0643407228898217,
0.00434923228613611));
#2686=CARTESIAN_POINT('Ctrl Pts',(0.134792030012435,0.0849889115460309,
0.00217461614306804));
#2687=CARTESIAN_POINT('Ctrl Pts',(0.160621581548771,0.094520148256025,0.));
#2688=CARTESIAN_POINT('Origin',(0.1955,0.,0.));
#2689=CARTESIAN_POINT('Origin',(0.1955,0.,0.147));
#2690=CARTESIAN_POINT('Ctrl Pts',(0.288382718964505,-0.0389933202032056,
0.0315238484292041));
#2691=CARTESIAN_POINT('Ctrl Pts',(0.27852547515916,-0.0622669601435993,
0.0295269876790627));
#2692=CARTESIAN_POINT('Ctrl Pts',(0.259680017087872,-0.0817514013520724,
0.0275301269289213));
#2693=CARTESIAN_POINT('Ctrl Pts',(0.236666158379051,-0.0920390231198177,
0.0255332661787799));
#2694=CARTESIAN_POINT('Ctrl Pts',(0.211201007451103,-0.103422417982882,
0.0233237123170038));
#2695=CARTESIAN_POINT('Ctrl Pts',(0.180632180737402,-0.103545478543393,
0.0211141584552276));
#2696=CARTESIAN_POINT('Ctrl Pts',(0.155076204672804,-0.0923674788217389,
0.0189046045934515));
#2697=CARTESIAN_POINT('Ctrl Pts',(0.131733248030617,-0.0821574378438717,
0.0168863870202449));
#2698=CARTESIAN_POINT('Ctrl Pts',(0.11257255638325,-0.0625188237584276,
0.0148681694470384));
#2699=CARTESIAN_POINT('Ctrl Pts',(0.102615038566038,-0.0389943813975364,
0.0128499518738319));
#2700=CARTESIAN_POINT('Origin',(0.1955,0.,0.147));
#2701=CARTESIAN_POINT('Ctrl Pts',(0.0948996855612494,-2.13804920866373E-5,
0.259686900151518));
#2702=CARTESIAN_POINT('Ctrl Pts',(0.094933714494214,0.0179006374097606,
0.258276303138347));
#2703=CARTESIAN_POINT('Ctrl Pts',(0.0995124641412055,0.035839100469246,
0.256865706125177));
#2704=CARTESIAN_POINT('Ctrl Pts',(0.108529483756673,0.0511662408276833,
0.255455109112006));
#2705=CARTESIAN_POINT('Ctrl Pts',(0.125188364465582,0.0794830255002949,
0.252849040990513));
#2706=CARTESIAN_POINT('Ctrl Pts',(0.156996083248846,0.0988867640898523,
0.25024297286902));
#2707=CARTESIAN_POINT('Ctrl Pts',(0.189796999883241,0.100743450220132,0.247636904747526));
#2708=CARTESIAN_POINT('Ctrl Pts',(0.222597916517635,0.102600136350411,0.245030836626033));
#2709=CARTESIAN_POINT('Ctrl Pts',(0.256392031003162,0.0869097700214127,
0.242424768504539));
#2710=CARTESIAN_POINT('Ctrl Pts',(0.276140282099851,0.060654373095546,0.239818700383046));
#2711=CARTESIAN_POINT('Ctrl Pts',(0.295888533196541,0.0343989761696792,
0.237212632261552));
#2712=CARTESIAN_POINT('Ctrl Pts',(0.301590920904393,-0.00242145135305586,
0.234606564140059));
#2713=CARTESIAN_POINT('Ctrl Pts',(0.290709633699093,-0.0334205560976264,
0.232000496018566));
#2714=CARTESIAN_POINT('Ctrl Pts',(0.279828346493793,-0.064419660842197,
0.229394427897072));
#2715=CARTESIAN_POINT('Ctrl Pts',(0.252363384375341,-0.089597442808603,
0.226788359775579));
#2716=CARTESIAN_POINT('Ctrl Pts',(0.220537419962439,-0.0977492950416909,
0.224182291654085));
#2717=CARTESIAN_POINT('Ctrl Pts',(0.188711455549536,-0.105901147274779,
0.221576223532592));
#2718=CARTESIAN_POINT('Ctrl Pts',(0.152524488842182,-0.0970270697745486,
0.218970155411098));
#2719=CARTESIAN_POINT('Ctrl Pts',(0.128080631347189,-0.0750761750195303,
0.216364087289605));
#2720=CARTESIAN_POINT('Ctrl Pts',(0.10720419946312,-0.0563288738113895,
0.214138358243576));
#2721=CARTESIAN_POINT('Ctrl Pts',(0.0948933354207232,-0.0280431817628445,
0.211912629197547));
#2722=CARTESIAN_POINT('Ctrl Pts',(0.0946691146115139,7.00371559699673E-5,
0.209686900151518));
#2723=CARTESIAN_POINT('Ctrl Pts',(0.314260262714429,-0.038999999999999,
0.0181611837362598));
#2724=CARTESIAN_POINT('Ctrl Pts',(0.303431494353836,-0.0719750609071178,
0.0159516298744837));
#2725=CARTESIAN_POINT('Ctrl Pts',(0.252906742139956,-0.128162974469443,
0.0115325221509314));
#2726=CARTESIAN_POINT('Ctrl Pts',(0.139126990103846,-0.128621016257945,
0.00490386056560302));
#2727=CARTESIAN_POINT('Ctrl Pts',(0.0881514927949283,-0.072841711037552,
0.000484752842050718));
#2728=CARTESIAN_POINT('Ctrl Pts',(0.0770575850993117,-0.0399549039855336,
-0.00172480101972541));
#2729=CARTESIAN_POINT('Ctrl Pts',(0.306580432392229,-0.0364779999999991,
0.0228280984122093));
#2730=CARTESIAN_POINT('Ctrl Pts',(0.296451924385622,-0.0673206736351241,
0.0206185445504332));
#2731=CARTESIAN_POINT('Ctrl Pts',(0.249194439481572,-0.119875102120419,
0.0161994368268809));
#2732=CARTESIAN_POINT('Ctrl Pts',(0.142772444743798,-0.120303523873265,
0.00957077524155251));
#2733=CARTESIAN_POINT('Ctrl Pts',(0.0950933629275229,-0.068131280390457,
0.0051516675180002));
#2734=CARTESIAN_POINT('Ctrl Pts',(0.0847168612628895,-0.0373711535278024,
0.00294211365622407));
#2735=CARTESIAN_POINT('Ctrl Pts',(0.298900602070029,-0.0339559999999992,
0.0274950130881588));
#2736=CARTESIAN_POINT('Ctrl Pts',(0.289472354417407,-0.0626662863631306,
0.0252854592263826));
#2737=CARTESIAN_POINT('Ctrl Pts',(0.245482136823188,-0.111587229771395,
0.0208663515028304));
#2738=CARTESIAN_POINT('Ctrl Pts',(0.146417899383749,-0.111986031488584,
0.014237689917502));
#2739=CARTESIAN_POINT('Ctrl Pts',(0.102035233060118,-0.063420849743362,
0.00981858219394968));
#2740=CARTESIAN_POINT('Ctrl Pts',(0.0923761374264673,-0.0347874030700713,
0.00760902833217355));
#2741=CARTESIAN_POINT('Ctrl Pts',(0.291220771747829,-0.0314339999999992,
0.0321619277641082));
#2742=CARTESIAN_POINT('Ctrl Pts',(0.282492784449192,-0.0580118990911369,
0.0299523739023321));
#2743=CARTESIAN_POINT('Ctrl Pts',(0.241769834164805,-0.103299357422371,
0.0255332661787799));
#2744=CARTESIAN_POINT('Ctrl Pts',(0.1500633540237,-0.103668539103904,0.0189046045934515));
#2745=CARTESIAN_POINT('Ctrl Pts',(0.108977103192712,-0.0587104190962669,
0.0144854968698992));
#2746=CARTESIAN_POINT('Ctrl Pts',(0.100035413590045,-0.0322036526123401,
0.012275943008123));
#2747=CARTESIAN_POINT('Ctrl Pts',(0.0798883048048545,-0.0389999999999997,
-3.41480999208033E-17));
#2748=CARTESIAN_POINT('Ctrl Pts',(0.0817844317696906,-0.0477729149671631,
-2.36998281620804E-17));
#2749=CARTESIAN_POINT('Ctrl Pts',(0.0846940926657431,-0.0562952189833354,
-6.66100708185965E-17));
#2750=CARTESIAN_POINT('Ctrl Pts',(0.0884972374627724,-0.0644527032010804,
-3.55140239176354E-17));
#2751=CARTESIAN_POINT('Ctrl Pts',(0.0898102446290834,0.0389999999999594,
0.));
#2752=CARTESIAN_POINT('Ctrl Pts',(0.101039485071966,0.0694311711643359,
-0.00229126810724875));
#2753=CARTESIAN_POINT('Ctrl Pts',(0.126068781132542,0.0944604798648613,
-0.00458253621449753));
#2754=CARTESIAN_POINT('Ctrl Pts',(0.156499946626081,0.105689735675668,-0.00687380432174628));
#2755=CARTESIAN_POINT('Ctrl Pts',(0.0935334411294473,0.0376261235726325,
0.00229126810724876));
#2756=CARTESIAN_POINT('Ctrl Pts',(0.104367102373835,0.066985277590375,1.19518349722812E-17));
#2757=CARTESIAN_POINT('Ctrl Pts',(0.12851467638697,0.0911328637981831,-0.00229126810724877));
#2758=CARTESIAN_POINT('Ctrl Pts',(0.157873824933644,0.10196653986912,-0.00458253621449752));
#2759=CARTESIAN_POINT('Ctrl Pts',(0.0972566376298111,0.0362522471453057,
0.00458253621449752));
#2760=CARTESIAN_POINT('Ctrl Pts',(0.107694719675705,0.0645393840164142,
0.00229126810724876));
#2761=CARTESIAN_POINT('Ctrl Pts',(0.130960571641397,0.087805247731505,-1.0244429976241E-17));
#2762=CARTESIAN_POINT('Ctrl Pts',(0.159247703241207,0.0982433440625725,
-0.00229126810724876));
#2763=CARTESIAN_POINT('Ctrl Pts',(0.100979834130175,0.0348783707179789,
0.00687380432174628));
#2764=CARTESIAN_POINT('Ctrl Pts',(0.111022336977575,0.0620934904424533,
0.00458253621449753));
#2765=CARTESIAN_POINT('Ctrl Pts',(0.133406466895824,0.0844776316648269,
0.00229126810724875));
#2766=CARTESIAN_POINT('Ctrl Pts',(0.160621581548771,0.094520148256025,0.));
#2767=CARTESIAN_POINT('Ctrl Pts',(0.160621581548771,0.094520148256025,0.));
#2768=CARTESIAN_POINT('Ctrl Pts',(0.153045948000401,0.0928456276247723,
4.23899726341179E-18));
#2769=CARTESIAN_POINT('Ctrl Pts',(0.145738403041293,0.0902597729715266,
1.13131233308469E-17));
#2770=CARTESIAN_POINT('Ctrl Pts',(0.138794964684793,0.0868965802673553,
2.08166817117217E-17));
#2771=CARTESIAN_POINT('Ctrl Pts',(0.134165987588963,0.0846544429864936,
2.71524121978684E-17));
#2772=CARTESIAN_POINT('Ctrl Pts',(0.12969851018604,0.0820656240976195,-2.66576566321877E-17));
#2773=CARTESIAN_POINT('Ctrl Pts',(0.125421768128149,0.0791576262236637,
-2.51534904016637E-17));
#2774=CARTESIAN_POINT('Ctrl Pts',(0.123180516770242,0.0776336731548153,
-2.43652234075248E-17));
#2775=CARTESIAN_POINT('Ctrl Pts',(0.120995803207284,0.0760244654368084,
-6.61763981983669E-17));
#2776=CARTESIAN_POINT('Ctrl Pts',(0.118877731469377,0.0743395874070725,
-6.24500451351651E-17));
#2777=CARTESIAN_POINT('Ctrl Pts',(0.112852648973131,0.0695467709299019,
-5.18500337124574E-17));
#2778=CARTESIAN_POINT('Ctrl Pts',(0.107350196234601,0.0641338244481837,
7.72694929837431E-18));
#2779=CARTESIAN_POINT('Ctrl Pts',(0.10246116159725,0.0581961698964027,-1.2793585635329E-17));
#2780=CARTESIAN_POINT('Ctrl Pts',(0.100015286848769,0.0552256940436737,
-2.30595505839574E-17));
#2781=CARTESIAN_POINT('Ctrl Pts',(0.0977231088894605,0.0521233052940985,
-5.26768296674747E-17));
#2782=CARTESIAN_POINT('Ctrl Pts',(0.0955978647039675,0.0488978643590514,
-5.52943107967607E-17));
#2783=CARTESIAN_POINT('Ctrl Pts',(0.094023149384886,0.0465079501619527,
-5.72337527017564E-17));
#2784=CARTESIAN_POINT('Ctrl Pts',(0.0925456462915203,0.0440587264017195,
-1.35911580654191E-18));
#2785=CARTESIAN_POINT('Ctrl Pts',(0.0911702046309121,0.0415562992934216,
1.03622622635302E-16));
#2786=CARTESIAN_POINT('Ctrl Pts',(0.0907051910441361,0.040710270967683,
1.39115174691087E-16));
#2787=CARTESIAN_POINT('Ctrl Pts',(0.0902518160690991,0.0398581123951961,
8.07652930188985E-17));
#2788=CARTESIAN_POINT('Ctrl Pts',(0.0898102446290835,0.0389999999999593,
9.2882831784585E-17));
#2789=CARTESIAN_POINT('Ctrl Pts',(0.132735062972544,-0.108099781128083,
0.304));
#2790=CARTESIAN_POINT('Ctrl Pts',(0.0973336625428191,-0.0875450062204197,
0.301393931878507));
#2791=CARTESIAN_POINT('Ctrl Pts',(0.0488414875722762,-0.00933047644968467,
0.29618179563552));
#2792=CARTESIAN_POINT('Ctrl Pts',(0.106438624883712,0.117054978560531,0.288363591271039));
#2793=CARTESIAN_POINT('Ctrl Pts',(0.243405203166935,0.138934078572337,0.280545386906559));
#2794=CARTESIAN_POINT('Ctrl Pts',(0.337682193967355,0.0373132100244294,
0.272727182542079));
#2795=CARTESIAN_POINT('Ctrl Pts',(0.305436166003925,-0.0975993622503027,
0.264908978177599));
#2796=CARTESIAN_POINT('Ctrl Pts',(0.175327589596248,-0.145601763136658,
0.257090773813119));
#2797=CARTESIAN_POINT('Ctrl Pts',(0.0631805431496954,-0.0640325128489581,
0.249272569448638));
#2798=CARTESIAN_POINT('Ctrl Pts',(0.0688010492336463,0.0745400582019072,
0.241454365084158));
#2799=CARTESIAN_POINT('Ctrl Pts',(0.187192062074576,0.14676241027222,0.233636160719678));
#2800=CARTESIAN_POINT('Ctrl Pts',(0.312976607306065,0.0883615430426978,
0.225817956355197));
#2801=CARTESIAN_POINT('Ctrl Pts',(0.334201375449436,-0.0486871946349765,
0.217999751990717));
#2802=CARTESIAN_POINT('Ctrl Pts',(0.231974469301352,-0.142401023294056,
0.210181547626237));
#2803=CARTESIAN_POINT('Ctrl Pts',(0.0972835262218716,-0.109370958156723,
0.202363343261756));
#2804=CARTESIAN_POINT('Ctrl Pts',(0.050010269586761,0.0210051411353606,
0.194545138897277));
#2805=CARTESIAN_POINT('Ctrl Pts',(0.132230456925748,0.13268546565182,0.186726934532796));
#2806=CARTESIAN_POINT('Ctrl Pts',(0.270763795646094,0.126268904499865,0.178908730168316));
#2807=CARTESIAN_POINT('Ctrl Pts',(0.34230847252477,0.00746642977578638,
0.171090525803835));
#2808=CARTESIAN_POINT('Ctrl Pts',(0.28318596888586,-0.117981518623101,0.163272321439355));
#2809=CARTESIAN_POINT('Ctrl Pts',(0.146018447616301,-0.138419845338494,
0.155454117074875));
#2810=CARTESIAN_POINT('Ctrl Pts',(0.0528919951489309,-0.0356572455740324,
0.147635912710395));
#2811=CARTESIAN_POINT('Ctrl Pts',(0.0866942156065502,0.0988419932444483,
0.139817708345915));
#2812=CARTESIAN_POINT('Ctrl Pts',(0.217338933537623,0.145367037030163,0.131999503981434));
#2813=CARTESIAN_POINT('Ctrl Pts',(0.328546438009624,0.0625072866630874,
0.124181299616954));
#2814=CARTESIAN_POINT('Ctrl Pts',(0.321334605912309,-0.075986043826337,
0.116363095252474));
#2815=CARTESIAN_POINT('Ctrl Pts',(0.202125594165507,-0.146850079686708,
0.108544890887993));
#2816=CARTESIAN_POINT('Ctrl Pts',(0.0770152951470784,-0.0870056094675953,
0.100726686523513));
#2817=CARTESIAN_POINT('Ctrl Pts',(0.0573706109570604,0.0502699856039879,
0.0929084821590331));
#2818=CARTESIAN_POINT('Ctrl Pts',(0.160652562486995,0.142818949044185,0.0850902777945526));
#2819=CARTESIAN_POINT('Ctrl Pts',(0.294980989783802,0.108220074825945,0.0772720734300725));
#2820=CARTESIAN_POINT('Ctrl Pts',(0.340706970335672,-0.0226389585702407,
0.0694538690655922));
#2821=CARTESIAN_POINT('Ctrl Pts',(0.257307296277034,-0.133467803871696,
0.0616356647011119));
#2822=CARTESIAN_POINT('Ctrl Pts',(0.118658749396645,-0.125264517178662,
0.0538174603366317));
#2823=CARTESIAN_POINT('Ctrl Pts',(0.0722069647811866,-0.0458212329648918,
0.0486053240936449));
#2824=CARTESIAN_POINT('Ctrl Pts',(0.0705967407463682,-0.00491689208952592,
0.0459992559721515));
#2825=CARTESIAN_POINT('Ctrl Pts',(0.136793862233653,-0.101109328615134,
0.308666914675949));
#2826=CARTESIAN_POINT('Ctrl Pts',(0.10368175236505,-0.0818837624848326,
0.306060846554456));
#2827=CARTESIAN_POINT('Ctrl Pts',(0.0583254047092688,-0.0087271056392717,
0.300848710311469));
#2828=CARTESIAN_POINT('Ctrl Pts',(0.112197927141232,0.109485423280283,0.293030505946989));
#2829=CARTESIAN_POINT('Ctrl Pts',(0.240307333362139,0.12994967482466,0.285212301582509));
#2830=CARTESIAN_POINT('Ctrl Pts',(0.328487745424133,0.0349002891095163,
0.277394097218028));
#2831=CARTESIAN_POINT('Ctrl Pts',(0.298326960602338,-0.091287936824783,
0.269575892853548));
#2832=CARTESIAN_POINT('Ctrl Pts',(0.176632072135691,-0.136186182453821,
0.261757688489068));
#2833=CARTESIAN_POINT('Ctrl Pts',(0.0717372013593486,-0.0598917436847253,
0.253939484124588));
#2834=CARTESIAN_POINT('Ctrl Pts',(0.0769942480498702,0.0697198011048505,
0.246121279760107));
#2835=CARTESIAN_POINT('Ctrl Pts',(0.187729308727087,0.13727177440795,0.238303075395627));
#2836=CARTESIAN_POINT('Ctrl Pts',(0.305379786700272,0.0826474965926032,
0.230484871031147));
#2837=CARTESIAN_POINT('Ctrl Pts',(0.325232019837039,-0.0455387560485812,
0.222666666666667));
#2838=CARTESIAN_POINT('Ctrl Pts',(0.229615786953198,-0.133192423787707,
0.214848462302186));
#2839=CARTESIAN_POINT('Ctrl Pts',(0.103634858192857,-0.102298302862588,
0.207030257937706));
#2840=CARTESIAN_POINT('Ctrl Pts',(0.059418605486817,0.019646808675274,0.199212053573226));
#2841=CARTESIAN_POINT('Ctrl Pts',(0.136321887377883,0.124105138873003,0.191393849208745));
#2842=CARTESIAN_POINT('Ctrl Pts',(0.26589673686098,0.118103515342207,0.183575644844265));
#2843=CARTESIAN_POINT('Ctrl Pts',(0.332814857968168,0.00698360065028555,
0.175757440479785));
#2844=CARTESIAN_POINT('Ctrl Pts',(0.277515609564574,-0.110352047085474,
0.167939236115305));
#2845=CARTESIAN_POINT('Ctrl Pts',(0.149218254670447,-0.129468695339938,
0.160121031750825));
#2846=CARTESIAN_POINT('Ctrl Pts',(0.0621139794626335,-0.0333514103602449,
0.152302827386344));
#2847=CARTESIAN_POINT('Ctrl Pts',(0.0937303229973264,0.0924502110146406,
0.144484623021864));
#2848=CARTESIAN_POINT('Ctrl Pts',(0.215926682502191,0.135966635302212,0.136666418657384));
#2849=CARTESIAN_POINT('Ctrl Pts',(0.319942768351668,0.0584651487922077,
0.128848214292904));
#2850=CARTESIAN_POINT('Ctrl Pts',(0.313197301396647,-0.0710722796589005,
0.121030009928423));
#2851=CARTESIAN_POINT('Ctrl Pts',(0.201697139076137,-0.137353774533634,
0.113211805563943));
#2852=CARTESIAN_POINT('Ctrl Pts',(0.084677306060901,-0.0813792467220242,
0.105393601199463));
#2853=CARTESIAN_POINT('Ctrl Pts',(0.0663029781151702,0.0470191932015967,
0.0975753968349825));
#2854=CARTESIAN_POINT('Ctrl Pts',(0.162906030112836,0.133583323672661,0.0897571924705022));
#2855=CARTESIAN_POINT('Ctrl Pts',(0.288547885777782,0.101221843320534,0.0819389881060219));
#2856=CARTESIAN_POINT('Ctrl Pts',(0.331316919587299,-0.0211749725826985,
0.0741207837415417));
#2857=CARTESIAN_POINT('Ctrl Pts',(0.253310424451119,-0.124836885887993,
0.0663025793770613));
#2858=CARTESIAN_POINT('Ctrl Pts',(0.123627816935663,-0.117164078401109,
0.0584843750125812));
#2859=CARTESIAN_POINT('Ctrl Pts',(0.0801799143920032,-0.0428581265664955,
0.0532722387695943));
#2860=CARTESIAN_POINT('Ctrl Pts',(0.078673818178103,-0.00459893306773658,
0.0506661706481009));
#2861=CARTESIAN_POINT('Ctrl Pts',(0.140852661494762,-0.0941188761021844,
0.313333829351899));
#2862=CARTESIAN_POINT('Ctrl Pts',(0.110029842187281,-0.0762225187492454,
0.310727761230406));
#2863=CARTESIAN_POINT('Ctrl Pts',(0.0678093218462619,-0.00812373482885879,
0.305515624987418));
#2864=CARTESIAN_POINT('Ctrl Pts',(0.117957229398752,0.101915868000036,0.297697420622939));
#2865=CARTESIAN_POINT('Ctrl Pts',(0.237209463557344,0.120965271076982,0.289879216258458));
#2866=CARTESIAN_POINT('Ctrl Pts',(0.319293296880911,0.0324873681946032,
0.282061011893978));
#2867=CARTESIAN_POINT('Ctrl Pts',(0.291217755200751,-0.0849765113992635,
0.274242807529497));
#2868=CARTESIAN_POINT('Ctrl Pts',(0.177936554675133,-0.126770601770984,
0.266424603165018));
#2869=CARTESIAN_POINT('Ctrl Pts',(0.0802938595690013,-0.0557509745204927,
0.258606398800537));
#2870=CARTESIAN_POINT('Ctrl Pts',(0.0851874468660946,0.0648995440077937,
0.250788194436057));
#2871=CARTESIAN_POINT('Ctrl Pts',(0.188266555379598,0.12778113854368,0.242969990071576));
#2872=CARTESIAN_POINT('Ctrl Pts',(0.29778296609448,0.0769334501425088,0.235151785707097));
#2873=CARTESIAN_POINT('Ctrl Pts',(0.316262664224642,-0.0423903174621861,
0.227333581342616));
#2874=CARTESIAN_POINT('Ctrl Pts',(0.227257104605044,-0.123983824281358,
0.219515376978136));
#2875=CARTESIAN_POINT('Ctrl Pts',(0.109986190163843,-0.0952256475684533,
0.211697172613655));
#2876=CARTESIAN_POINT('Ctrl Pts',(0.0688269413868734,0.0182884762151873,
0.203878968249175));
#2877=CARTESIAN_POINT('Ctrl Pts',(0.140413317830018,0.115524812094185,0.196060763884695));
#2878=CARTESIAN_POINT('Ctrl Pts',(0.261029678075866,0.109938126184549,0.188242559520215));
#2879=CARTESIAN_POINT('Ctrl Pts',(0.323321243411566,0.00650077152478471,
0.180424355155734));
#2880=CARTESIAN_POINT('Ctrl Pts',(0.271845250243289,-0.102722575547846,
0.172606150791254));
#2881=CARTESIAN_POINT('Ctrl Pts',(0.152418061724592,-0.120517545341382,
0.164787946426774));
#2882=CARTESIAN_POINT('Ctrl Pts',(0.071335963776336,-0.0310455751464575,
0.156969742062294));
#2883=CARTESIAN_POINT('Ctrl Pts',(0.100766430388103,0.0860584287848329,
0.149151537697813));
#2884=CARTESIAN_POINT('Ctrl Pts',(0.214514431466758,0.126566233574262,0.141333333333333));
#2885=CARTESIAN_POINT('Ctrl Pts',(0.311339098693712,0.0544230109213281,
0.133515128968853));
#2886=CARTESIAN_POINT('Ctrl Pts',(0.305059996880984,-0.066158515491464,
0.125696924604373));
#2887=CARTESIAN_POINT('Ctrl Pts',(0.201268683986768,-0.127857469380561,
0.117878720239892));
#2888=CARTESIAN_POINT('Ctrl Pts',(0.0923393169747229,-0.0757528839764529,
0.110060515875412));
#2889=CARTESIAN_POINT('Ctrl Pts',(0.0752353452732807,0.0437684007992054,
0.102242311510932));
#2890=CARTESIAN_POINT('Ctrl Pts',(0.165159497738677,0.124347698301137,0.0944241071464517));
#2891=CARTESIAN_POINT('Ctrl Pts',(0.282114781771763,0.0942236118151225,
0.0866059027819715));
#2892=CARTESIAN_POINT('Ctrl Pts',(0.321926868838925,-0.0197109865951562,
0.0787876984174911));
#2893=CARTESIAN_POINT('Ctrl Pts',(0.249313552625205,-0.11620596790429,0.070969494053011));
#2894=CARTESIAN_POINT('Ctrl Pts',(0.128596884474679,-0.109063639623555,
0.0631512896885306));
#2895=CARTESIAN_POINT('Ctrl Pts',(0.0881528640028198,-0.039895020168099,
0.0579391534455438));
#2896=CARTESIAN_POINT('Ctrl Pts',(0.0867508956098379,-0.00428097404594724,
0.0553330853240504));
#2897=CARTESIAN_POINT('Ctrl Pts',(0.144911460755871,-0.0871284235892351,
0.318000744027848));
#2898=CARTESIAN_POINT('Ctrl Pts',(0.116377932009512,-0.0705612750136583,
0.315394675906355));
#2899=CARTESIAN_POINT('Ctrl Pts',(0.0772932389832545,-0.00752036401844586,
0.310182539663368));
#2900=CARTESIAN_POINT('Ctrl Pts',(0.123716531656272,0.0943463127197879,
0.302364335298888));
#2901=CARTESIAN_POINT('Ctrl Pts',(0.234111593752549,0.111980867329304,0.294546130934407));
#2902=CARTESIAN_POINT('Ctrl Pts',(0.310098848337689,0.0300744472796901,
0.286727926569928));
#2903=CARTESIAN_POINT('Ctrl Pts',(0.284108549799163,-0.0786650859737438,
0.278909722205447));
#2904=CARTESIAN_POINT('Ctrl Pts',(0.179241037214576,-0.117355021088147,
0.271091517840967));
#2905=CARTESIAN_POINT('Ctrl Pts',(0.0888505177786545,-0.0516102053562601,
0.263273313476487));
#2906=CARTESIAN_POINT('Ctrl Pts',(0.0933806456823187,0.0600792869107371,
0.255455109112006));
#2907=CARTESIAN_POINT('Ctrl Pts',(0.188803802032109,0.11829050267941,0.247636904747526));
#2908=CARTESIAN_POINT('Ctrl Pts',(0.290186145488688,0.0712194036924143,
0.239818700383046));
#2909=CARTESIAN_POINT('Ctrl Pts',(0.307293308612246,-0.039241878875791,
0.232000496018566));
#2910=CARTESIAN_POINT('Ctrl Pts',(0.224898422256889,-0.114775224775009,
0.224182291654085));
#2911=CARTESIAN_POINT('Ctrl Pts',(0.116337522134829,-0.0881529922743185,
0.216364087289605));
#2912=CARTESIAN_POINT('Ctrl Pts',(0.0782352772869292,0.0169301437551006,
0.208545882925125));
#2913=CARTESIAN_POINT('Ctrl Pts',(0.144504748282153,0.106944485315367,0.200727678560644));
#2914=CARTESIAN_POINT('Ctrl Pts',(0.256162619290752,0.101772737026891,0.192909474196164));
#2915=CARTESIAN_POINT('Ctrl Pts',(0.313827628854965,0.00601794239928386,
0.185091269831684));
#2916=CARTESIAN_POINT('Ctrl Pts',(0.266174890922003,-0.0950931040102192,
0.177273065467204));
#2917=CARTESIAN_POINT('Ctrl Pts',(0.155617868778739,-0.111566395342826,
0.169454861102724));
#2918=CARTESIAN_POINT('Ctrl Pts',(0.0805579480900382,-0.0287397399326701,
0.161636656738243));
#2919=CARTESIAN_POINT('Ctrl Pts',(0.10780253777888,0.0796666465550254,0.153818452373763));
#2920=CARTESIAN_POINT('Ctrl Pts',(0.213102180431324,0.117165831846311,0.146000248009283));
#2921=CARTESIAN_POINT('Ctrl Pts',(0.302735429035757,0.0503808730504485,
0.138182043644803));
#2922=CARTESIAN_POINT('Ctrl Pts',(0.296922692365321,-0.0612447513240277,
0.130363839280322));
#2923=CARTESIAN_POINT('Ctrl Pts',(0.200840228897398,-0.118361164227487,
0.122545634915842));
#2924=CARTESIAN_POINT('Ctrl Pts',(0.100001327888545,-0.0701265212308818,
0.114727430551362));
#2925=CARTESIAN_POINT('Ctrl Pts',(0.0841677124313905,0.0405176083968142,
0.106909226186881));
#2926=CARTESIAN_POINT('Ctrl Pts',(0.167412965364518,0.115112072929613,0.0990910218224011));
#2927=CARTESIAN_POINT('Ctrl Pts',(0.275681677765744,0.0872253803097115,
0.091272817457921));
#2928=CARTESIAN_POINT('Ctrl Pts',(0.312536818090551,-0.0182470006076141,
0.0834546130934406));
#2929=CARTESIAN_POINT('Ctrl Pts',(0.24531668079929,-0.107575049920587,0.0756364087289604));
#2930=CARTESIAN_POINT('Ctrl Pts',(0.133565952013696,-0.100963200846002,
0.0678182043644801));
#2931=CARTESIAN_POINT('Ctrl Pts',(0.0961258136136364,-0.0369319137697028,
0.0626060681214933));
#2932=CARTESIAN_POINT('Ctrl Pts',(0.0948279730415727,-0.00396301502415789,
0.0599999999999999));
#2933=CARTESIAN_POINT('Ctrl Pts',(0.132735062972544,-0.108099781128083,
0.304));
#2934=CARTESIAN_POINT('Ctrl Pts',(0.125429123400328,-0.102706945380787,
0.304));
#2935=CARTESIAN_POINT('Ctrl Pts',(0.118805510497638,-0.0964914978512606,
0.304));
#2936=CARTESIAN_POINT('Ctrl Pts',(0.112931322811044,-0.0896149229562994,
0.304));
#2937=CARTESIAN_POINT('Ctrl Pts',(0.109883698093737,-0.086047243348763,
0.304));
#2938=CARTESIAN_POINT('Ctrl Pts',(0.107038474729811,-0.0823010456489411,
0.304));
#2939=CARTESIAN_POINT('Ctrl Pts',(0.104409941145186,-0.0783968007296783,
0.304));
#2940=CARTESIAN_POINT('Ctrl Pts',(0.102138105764375,-0.075022371049642,
0.304));
#2941=CARTESIAN_POINT('Ctrl Pts',(0.100026228307625,-0.0715251655277171,
0.304));
#2942=CARTESIAN_POINT('Ctrl Pts',(0.0980987527984204,-0.0679454660968706,
0.304));
#2943=CARTESIAN_POINT('Ctrl Pts',(0.0939471535647518,-0.0602351334140949,
0.304));
#2944=CARTESIAN_POINT('Ctrl Pts',(0.0906321516844365,-0.0521234687597673,
0.304));
#2945=CARTESIAN_POINT('Ctrl Pts',(0.0882443645332173,-0.0437509440543614,
0.304));
#2946=CARTESIAN_POINT('Ctrl Pts',(0.0870777721595745,-0.0396604104971829,
0.304));
#2947=CARTESIAN_POINT('Ctrl Pts',(0.0861332692976443,-0.0355075300735027,
0.304));
#2948=CARTESIAN_POINT('Ctrl Pts',(0.0854261170769305,-0.0313092786947784,
0.304));
#2949=CARTESIAN_POINT('Ctrl Pts',(0.084950872275144,-0.0284878251436354,
0.304));
#2950=CARTESIAN_POINT('Ctrl Pts',(0.0845844764604214,-0.0256549839823646,
0.304));
#2951=CARTESIAN_POINT('Ctrl Pts',(0.0843302561440918,-0.0228179519002456,
0.304));
#2952=CARTESIAN_POINT('Ctrl Pts',(0.0838575018878239,-0.0175421383407517,
0.304));
#2953=CARTESIAN_POINT('Ctrl Pts',(0.0837717307070898,-0.0122492550309643,
0.304));
#2954=CARTESIAN_POINT('Ctrl Pts',(0.0840986422498473,-0.00697272292427841,
0.304));
#2955=CARTESIAN_POINT('Ctrl Pts',(0.0843625663587294,-0.00271284264443723,
0.304));
#2956=CARTESIAN_POINT('Ctrl Pts',(0.0848957195913264,0.00153641093778998,
0.304));
#2957=CARTESIAN_POINT('Ctrl Pts',(0.0856883957437397,0.00575314263920966,
0.304));
#2958=CARTESIAN_POINT('Ctrl Pts',(0.0864403334935066,0.00975316173563762,
0.304));
#2959=CARTESIAN_POINT('Ctrl Pts',(0.0874277641312621,0.0137282156413507,
0.304));
#2960=CARTESIAN_POINT('Ctrl Pts',(0.0886342799424467,0.0176305851949165,
0.304));
#2961=CARTESIAN_POINT('Ctrl Pts',(0.0903373721242319,0.0231390874586284,
0.304));
#2962=CARTESIAN_POINT('Ctrl Pts',(0.0924775298634481,0.0285136386178094,
0.304));
#2963=CARTESIAN_POINT('Ctrl Pts',(0.095028591023769,0.033699123099811,0.304));
#2964=CARTESIAN_POINT('Ctrl Pts',(0.096496822723082,0.0366835645593849,
0.304));
#2965=CARTESIAN_POINT('Ctrl Pts',(0.0981021271333592,0.0396065141937042,
0.304));
#2966=CARTESIAN_POINT('Ctrl Pts',(0.0998381997080636,0.0424519475073309,
0.304));
#2967=CARTESIAN_POINT('Ctrl Pts',(0.103947802892376,0.0491876116591701,
0.304));
#2968=CARTESIAN_POINT('Ctrl Pts',(0.10876130208021,0.0554492131255462,0.304));
#2969=CARTESIAN_POINT('Ctrl Pts',(0.114215972134935,0.0610831541442985,
0.304));
#2970=CARTESIAN_POINT('Ctrl Pts',(0.115895826608568,0.0628182180307637,
0.304));
#2971=CARTESIAN_POINT('Ctrl Pts',(0.117636667343956,0.0644934322159788,
0.304));
#2972=CARTESIAN_POINT('Ctrl Pts',(0.119437036668401,0.0661033532807858,
0.304));
#2973=CARTESIAN_POINT('Origin',(0.1955,0.,0.));
#2974=CARTESIAN_POINT('Origin',(0.1955,0.,0.));
#2975=CARTESIAN_POINT('Origin',(0.1955,0.,0.));
#2976=CARTESIAN_POINT('Origin',(0.1955,0.,0.));
#2977=CARTESIAN_POINT('Origin',(0.1955,0.,0.03));
#2978=CARTESIAN_POINT('Origin',(0.1955,0.,0.06));
#2979=CARTESIAN_POINT('Origin',(0.1955,0.,0.03));
#2980=CARTESIAN_POINT('Origin',(0.1955,0.,0.06));
#2981=CARTESIAN_POINT('Origin',(0.,0.,0.06));
#2982=CARTESIAN_POINT('Origin',(0.1955,0.,0.06));
#2983=CARTESIAN_POINT('Origin',(0.,0.,0.06));
#2984=CARTESIAN_POINT('Origin',(0.1955,0.,0.06));
#2985=CARTESIAN_POINT('Origin',(0.1955,0.,0.412313843876331));
#2986=CARTESIAN_POINT('Ctrl Pts',(0.0767397372855719,0.0390000000000003,
0.0431611837362598));
#2987=CARTESIAN_POINT('Ctrl Pts',(0.0876033947541559,0.0720813029489384,
0.0409445109334619));
#2988=CARTESIAN_POINT('Ctrl Pts',(0.1383943409525,0.128413006619889,0.0365111653278662));
#2989=CARTESIAN_POINT('Ctrl Pts',(0.252605659047502,0.128413006619888,0.0298611469194727));
#2990=CARTESIAN_POINT('Ctrl Pts',(0.303396605245845,0.0720813029489372,
0.025427801313877));
#2991=CARTESIAN_POINT('Ctrl Pts',(0.314260262714429,0.038999999999999,0.0232111285110792));
#2992=CARTESIAN_POINT('Ctrl Pts',(0.0767397372855719,0.0390000000000003,
0.0431611837362598));
#2993=CARTESIAN_POINT('Ctrl Pts',(0.0876033947541559,0.0720813029489384,
0.0409445109334619));
#2994=CARTESIAN_POINT('Ctrl Pts',(0.1383943409525,0.128413006619889,0.0365111653278662));
#2995=CARTESIAN_POINT('Ctrl Pts',(0.252605659047502,0.128413006619888,0.0298611469194727));
#2996=CARTESIAN_POINT('Ctrl Pts',(0.303396605245845,0.0720813029489372,
0.025427801313877));
#2997=CARTESIAN_POINT('Ctrl Pts',(0.314260262714429,0.038999999999999,0.0232111285110792));
#2998=CARTESIAN_POINT('Ctrl Pts',(0.0844195676077716,0.0364780000000003,
0.0478280984122092));
#2999=CARTESIAN_POINT('Ctrl Pts',(0.0945807085600538,0.0674200453582404,
0.0456114256094114));
#3000=CARTESIAN_POINT('Ctrl Pts',(0.142087173570905,0.120108965525136,0.0411780800038157));
#3001=CARTESIAN_POINT('Ctrl Pts',(0.248912826429096,0.120108965525135,0.0345280615954222));
#3002=CARTESIAN_POINT('Ctrl Pts',(0.296419291439947,0.0674200453582392,
0.0300947159898265));
#3003=CARTESIAN_POINT('Ctrl Pts',(0.306580432392229,0.036477999999999,0.0278780431870287));
#3004=CARTESIAN_POINT('Ctrl Pts',(0.0920993979299713,0.0339560000000003,
0.0524950130881587));
#3005=CARTESIAN_POINT('Ctrl Pts',(0.101558022365952,0.0627587877675424,
0.0502783402853609));
#3006=CARTESIAN_POINT('Ctrl Pts',(0.14578000618931,0.111804924430383,0.0458449946797652));
#3007=CARTESIAN_POINT('Ctrl Pts',(0.245219993810691,0.111804924430383,0.0391949762713716));
#3008=CARTESIAN_POINT('Ctrl Pts',(0.289441977634049,0.0627587877675413,
0.034761630665776));
#3009=CARTESIAN_POINT('Ctrl Pts',(0.298900602070029,0.0339559999999991,
0.0325449578629781));
#3010=CARTESIAN_POINT('Ctrl Pts',(0.0997792282521709,0.0314340000000002,
0.0571619277641082));
#3011=CARTESIAN_POINT('Ctrl Pts',(0.10853533617185,0.0580975301768444,0.0549452549613104));
#3012=CARTESIAN_POINT('Ctrl Pts',(0.149472838807715,0.10350088333563,0.0505119093557147));
#3013=CARTESIAN_POINT('Ctrl Pts',(0.241527161192286,0.10350088333563,0.0438618909473212));
#3014=CARTESIAN_POINT('Ctrl Pts',(0.282464663828151,0.0580975301768434,
0.0394285453417255));
#3015=CARTESIAN_POINT('Ctrl Pts',(0.291220771747829,0.0314339999999992,
0.0372118725389276));
#3016=CARTESIAN_POINT('Origin',(0.0455,0.,0.304));
#3017=CARTESIAN_POINT('',(0.3455,-1.83697019872103E-17,0.304));
#3018=CARTESIAN_POINT('Origin',(0.1955,0.,0.304));
#3019=CARTESIAN_POINT('Origin',(0.1955,0.,0.289));
#3020=CARTESIAN_POINT('',(0.3455,-1.83697019872103E-17,0.274));
#3021=CARTESIAN_POINT('Origin',(0.1955,0.,0.274));
#3022=CARTESIAN_POINT('',(0.3455,-1.83697019872103E-17,0.289));
#3023=CARTESIAN_POINT('Origin',(0.,0.,0.274));
#3024=CARTESIAN_POINT('Origin',(0.1955,0.,0.192));
#3025=CARTESIAN_POINT('Origin',(0.1955,0.,0.085));
#3026=CARTESIAN_POINT('',(0.3455,-1.83697019872103E-17,0.085));
#3027=UNCERTAINTY_MEASURE_WITH_UNIT(LENGTH_MEASURE(0.000393700787401575),
#3032,'DISTANCE_ACCURACY_VALUE',
'Maximum model space distance between geometric entities at asserted c
onnectivities');
#3028=UNCERTAINTY_MEASURE_WITH_UNIT(LENGTH_MEASURE(0.000393700787401575),
#3032,'DISTANCE_ACCURACY_VALUE',
'Maximum model space distance between geometric entities at asserted c
onnectivities');
#3029=(
GEOMETRIC_REPRESENTATION_CONTEXT(3)
GLOBAL_UNCERTAINTY_ASSIGNED_CONTEXT((#3027))
GLOBAL_UNIT_ASSIGNED_CONTEXT((#3032,#3036,#3037))
REPRESENTATION_CONTEXT('','3D')
);
#3030=(
GEOMETRIC_REPRESENTATION_CONTEXT(3)
GLOBAL_UNCERTAINTY_ASSIGNED_CONTEXT((#3028))
GLOBAL_UNIT_ASSIGNED_CONTEXT((#3032,#3036,#3037))
REPRESENTATION_CONTEXT('','3D')
);
#3031=DIMENSIONAL_EXPONENTS(1.,0.,0.,0.,0.,0.,0.);
#3032=(
CONVERSION_BASED_UNIT('inch',#3035)
LENGTH_UNIT()
NAMED_UNIT(#3031)
);
#3033=(
LENGTH_UNIT()
NAMED_UNIT(*)
SI_UNIT(.MILLI.,.METRE.)
);
#3034=(
LENGTH_UNIT()
NAMED_UNIT(*)
SI_UNIT($,.METRE.)
);
#3035=LENGTH_MEASURE_WITH_UNIT(LENGTH_MEASURE(25.4),#3033);
#3036=(
NAMED_UNIT(*)
PLANE_ANGLE_UNIT()
SI_UNIT($,.RADIAN.)
);
#3037=(
NAMED_UNIT(*)
SI_UNIT($,.STERADIAN.)
SOLID_ANGLE_UNIT()
);
#3038=SHAPE_DEFINITION_REPRESENTATION(#3039,#3040);
#3039=PRODUCT_DEFINITION_SHAPE('',$,#3042);
#3040=SHAPE_REPRESENTATION('',(#916),#3029);
#3041=PRODUCT_DEFINITION_CONTEXT('part definition',#3046,'design');
#3042=PRODUCT_DEFINITION('BAse insert','Base insert',#3043,#3041);
#3043=PRODUCT_DEFINITION_FORMATION('',$,#3048);
#3044=PRODUCT_RELATED_PRODUCT_CATEGORY('Base insert','Base insert',(#3048));
#3045=APPLICATION_PROTOCOL_DEFINITION('international standard',
'automotive_design',2009,#3046);
#3046=APPLICATION_CONTEXT(
'Core Data for Automotive Mechanical Design Process');
#3047=PRODUCT_CONTEXT('part definition',#3046,'mechanical');
#3048=PRODUCT('BAse insert','Base insert',$,(#3047));
#3049=PRESENTATION_STYLE_ASSIGNMENT((#3050));
#3050=SURFACE_STYLE_USAGE(.BOTH.,#3051);
#3051=SURFACE_SIDE_STYLE('',(#3052));
#3052=SURFACE_STYLE_FILL_AREA(#3053);
#3053=FILL_AREA_STYLE('Steel - Satin',(#3054));
#3054=FILL_AREA_STYLE_COLOUR('Steel - Satin',#3055);
#3055=COLOUR_RGB('Steel - Satin',0.627450980392157,0.627450980392157,0.627450980392157);
ENDSEC;
END-ISO-10303-21;
