ISO-10303-21;
HEADER;
/* Generated by software containing ST-Developer
 * from STEP Tools, Inc. (www.steptools.com) 
 */

FILE_DESCRIPTION(
/* description */ (''),
/* implementation_level */ '2;1');

FILE_NAME(
/* name */ 'Housing.step',
/* time_stamp */ '2026-09-18T21:17:54-04:00',
/* author */ (''),
/* organization */ (''),
/* preprocessor_version */ 'ST-DEVELOPER v20.2',
/* originating_system */ 'Autodesk Translation Framework v15.15.0.0',
/* authorisation */ '');

FILE_SCHEMA (('AUTOMOTIVE_DESIGN { 1 0 10303 214 3 1 1 }'));
ENDSEC;

DATA;
#10=MECHANICAL_DESIGN_GEOMETRIC_PRESENTATION_REPRESENTATION('',(#13),#2617);
#11=SHAPE_REPRESENTATION_RELATIONSHIP('SRR','None',#2627,#12);
#12=ADVANCED_BREP_SHAPE_REPRESENTATION('',(#14),#2616);
#13=STYLED_ITEM('',(#2636),#14);
#14=MANIFOLD_SOLID_BREP('Body1',#781);
#15=CONICAL_SURFACE('',#837,0.4275,0.785398163397448);
#16=TOROIDAL_SURFACE('',#833,0.519,0.1);
#17=(
BOUNDED_CURVE()
B_SPLINE_CURVE(2,(#2570,#2571,#2572),.UNSPECIFIED.,.F.,.F.)
B_SPLINE_CURVE_WITH_KNOTS((3,3),(0.,0.36985624348125),.UNSPECIFIED.)
CURVE()
GEOMETRIC_REPRESENTATION_ITEM()
RATIONAL_B_SPLINE_CURVE((1.,1.00775159480394,1.))
REPRESENTATION_ITEM('')
);
#18=(
BOUNDED_CURVE()
B_SPLINE_CURVE(2,(#2600,#2601,#2602),.UNSPECIFIED.,.F.,.F.)
B_SPLINE_CURVE_WITH_KNOTS((3,3),(0.,0.36985624348125),.UNSPECIFIED.)
CURVE()
GEOMETRIC_REPRESENTATION_ITEM()
RATIONAL_B_SPLINE_CURVE((1.,1.00775159480394,1.))
REPRESENTATION_ITEM('')
);
#19=FACE_BOUND('',#106,.T.);
#20=FACE_BOUND('',#109,.T.);
#21=FACE_BOUND('',#125,.T.);
#22=B_SPLINE_SURFACE_WITH_KNOTS('',3,3,((#1596,#1597,#1598,#1599,#1600,
#1601,#1602,#1603,#1604,#1605,#1606,#1607,#1608,#1609,#1610,#1611,#1612,
#1613,#1614,#1615,#1616,#1617,#1618,#1619,#1620,#1621,#1622,#1623,#1624,
#1625,#1626,#1627,#1628,#1629),(#1630,#1631,#1632,#1633,#1634,#1635,#1636,
#1637,#1638,#1639,#1640,#1641,#1642,#1643,#1644,#1645,#1646,#1647,#1648,
#1649,#1650,#1651,#1652,#1653,#1654,#1655,#1656,#1657,#1658,#1659,#1660,
#1661,#1662,#1663),(#1664,#1665,#1666,#1667,#1668,#1669,#1670,#1671,#1672,
#1673,#1674,#1675,#1676,#1677,#1678,#1679,#1680,#1681,#1682,#1683,#1684,
#1685,#1686,#1687,#1688,#1689,#1690,#1691,#1692,#1693,#1694,#1695,#1696,
#1697),(#1698,#1699,#1700,#1701,#1702,#1703,#1704,#1705,#1706,#1707,#1708,
#1709,#1710,#1711,#1712,#1713,#1714,#1715,#1716,#1717,#1718,#1719,#1720,
#1721,#1722,#1723,#1724,#1725,#1726,#1727,#1728,#1729,#1730,#1731)),
 .UNSPECIFIED.,.F.,.F.,.F.,(4,4),(4,1,1,1,1,1,1,1,1,1,1,1,1,1,1,1,1,1,1,
1,1,1,1,1,1,1,1,1,1,1,1,4),(0.,0.057925552507795),(12.0838136375021,13.0663760719222,
14.0489385063423,15.0315009407624,16.0140633751825,16.9966258096026,17.9791882440227,
18.9617506784428,19.9443131128629,20.926875547283,21.9094379817031,22.8920004161232,
23.8745628505433,24.8571252849634,25.8396877193835,26.8222501538036,27.8048125882237,
28.7873750226438,29.7699374570639,30.752499891484,31.7350623259041,32.7176247603241,
33.7001871947442,34.6827496291643,35.6653120635844,36.6478744980045,37.6304369324246,
38.6129993668447,39.5955618012648,40.5781242356849,41.560686670105,42.5432491045251),
 .UNSPECIFIED.);
#23=B_SPLINE_SURFACE_WITH_KNOTS('',3,3,((#1848,#1849,#1850,#1851,#1852,
#1853,#1854,#1855,#1856,#1857,#1858,#1859,#1860,#1861,#1862,#1863,#1864,
#1865,#1866,#1867,#1868,#1869,#1870,#1871,#1872,#1873,#1874,#1875,#1876,
#1877,#1878,#1879,#1880),(#1881,#1882,#1883,#1884,#1885,#1886,#1887,#1888,
#1889,#1890,#1891,#1892,#1893,#1894,#1895,#1896,#1897,#1898,#1899,#1900,
#1901,#1902,#1903,#1904,#1905,#1906,#1907,#1908,#1909,#1910,#1911,#1912,
#1913),(#1914,#1915,#1916,#1917,#1918,#1919,#1920,#1921,#1922,#1923,#1924,
#1925,#1926,#1927,#1928,#1929,#1930,#1931,#1932,#1933,#1934,#1935,#1936,
#1937,#1938,#1939,#1940,#1941,#1942,#1943,#1944,#1945,#1946),(#1947,#1948,
#1949,#1950,#1951,#1952,#1953,#1954,#1955,#1956,#1957,#1958,#1959,#1960,
#1961,#1962,#1963,#1964,#1965,#1966,#1967,#1968,#1969,#1970,#1971,#1972,
#1973,#1974,#1975,#1976,#1977,#1978,#1979)),.UNSPECIFIED.,.F.,.F.,.F.,(4,
4),(4,1,1,1,1,1,1,1,1,1,1,1,1,1,1,1,1,1,1,1,1,1,1,1,1,1,1,1,1,1,4),(0.,
0.057925552507795),(15.0411475158637,16.0196039762422,16.9980604366208,
17.9765168969993,18.9549733573778,19.9334298177564,20.9118862781349,21.8903427385134,
22.868799198892,23.8472556592705,24.825712119649,25.8041685800276,26.7826250404061,
27.7610815007846,28.7395379611632,29.7179944215417,30.6964508819202,31.6749073422988,
32.6533638026773,33.6318202630558,34.6102767234344,35.5887331838129,36.5671896441914,
37.54564610457,38.5241025649485,39.502559025327,40.4810154857056,41.4594719460841,
42.4379284064626,43.4163848668412,44.3948413272197),.UNSPECIFIED.);
#24=B_SPLINE_SURFACE_WITH_KNOTS('',3,3,((#2249,#2250,#2251,#2252,#2253,
#2254,#2255,#2256,#2257,#2258,#2259,#2260,#2261,#2262,#2263,#2264,#2265,
#2266,#2267,#2268,#2269,#2270,#2271,#2272,#2273,#2274,#2275,#2276,#2277),
(#2278,#2279,#2280,#2281,#2282,#2283,#2284,#2285,#2286,#2287,#2288,#2289,
#2290,#2291,#2292,#2293,#2294,#2295,#2296,#2297,#2298,#2299,#2300,#2301,
#2302,#2303,#2304,#2305,#2306),(#2307,#2308,#2309,#2310,#2311,#2312,#2313,
#2314,#2315,#2316,#2317,#2318,#2319,#2320,#2321,#2322,#2323,#2324,#2325,
#2326,#2327,#2328,#2329,#2330,#2331,#2332,#2333,#2334,#2335),(#2336,#2337,
#2338,#2339,#2340,#2341,#2342,#2343,#2344,#2345,#2346,#2347,#2348,#2349,
#2350,#2351,#2352,#2353,#2354,#2355,#2356,#2357,#2358,#2359,#2360,#2361,
#2362,#2363,#2364)),.UNSPECIFIED.,.F.,.F.,.F.,(4,4),(4,1,1,1,1,1,1,1,1,
1,1,1,1,1,1,1,1,1,1,1,1,1,1,1,1,1,4),(0.,0.07112377966147),(12.9448306053192,
13.9238158082262,14.9028010111333,15.8817862140403,16.8607714169474,17.8397566198544,
18.8187418227615,19.7977270256685,20.7767122285756,21.7556974314826,22.7346826343897,
23.7136678372967,24.6926530402038,25.6716382431108,26.6506234460179,27.629608648925,
28.608593851832,29.5875790547391,30.5665642576461,31.5455494605532,32.5245346634602,
33.5035198663673,34.4825050692743,35.4614902721814,36.4404754750884,37.4194606779955,
38.3984458809025),.UNSPECIFIED.);
#25=B_SPLINE_SURFACE_WITH_KNOTS('',3,3,((#2410,#2411,#2412,#2413,#2414,
#2415,#2416,#2417,#2418,#2419,#2420,#2421,#2422,#2423,#2424,#2425,#2426,
#2427,#2428,#2429,#2430,#2431,#2432,#2433,#2434,#2435,#2436,#2437,#2438),
(#2439,#2440,#2441,#2442,#2443,#2444,#2445,#2446,#2447,#2448,#2449,#2450,
#2451,#2452,#2453,#2454,#2455,#2456,#2457,#2458,#2459,#2460,#2461,#2462,
#2463,#2464,#2465,#2466,#2467),(#2468,#2469,#2470,#2471,#2472,#2473,#2474,
#2475,#2476,#2477,#2478,#2479,#2480,#2481,#2482,#2483,#2484,#2485,#2486,
#2487,#2488,#2489,#2490,#2491,#2492,#2493,#2494,#2495,#2496),(#2497,#2498,
#2499,#2500,#2501,#2502,#2503,#2504,#2505,#2506,#2507,#2508,#2509,#2510,
#2511,#2512,#2513,#2514,#2515,#2516,#2517,#2518,#2519,#2520,#2521,#2522,
#2523,#2524,#2525)),.UNSPECIFIED.,.F.,.F.,.F.,(4,4),(4,1,1,1,1,1,1,1,1,
1,1,1,1,1,1,1,1,1,1,1,1,1,1,1,1,1,4),(0.,0.07112377966147),(16.1580926490722,
17.1206994720213,18.0833062949703,19.0459131179194,20.0085199408684,20.9711267638175,
21.9337335867666,22.8963404097156,23.8589472326647,24.8215540556137,25.7841608785628,
26.7467677015118,27.7093745244609,28.67198134741,29.634588170359,30.5971949933081,
31.5598018162571,32.5224086392062,33.4850154621553,34.4476222851043,35.4102291080534,
36.3728359310024,37.3354427539515,38.2980495769006,39.2606563998496,40.2232632227987,
41.1858700457477),.UNSPECIFIED.);
#26=PLANE('',#813);
#27=PLANE('',#825);
#28=PLANE('',#826);
#29=PLANE('',#829);
#30=PLANE('',#830);
#31=PLANE('',#831);
#32=PLANE('',#835);
#33=PLANE('',#840);
#34=CIRCLE('',#808,0.0949999999999999);
#35=CIRCLE('',#816,0.434);
#36=CIRCLE('',#817,0.434);
#37=CIRCLE('',#818,0.434);
#38=CIRCLE('',#821,0.619);
#39=CIRCLE('',#822,0.619);
#40=CIRCLE('',#823,0.619);
#41=CIRCLE('',#832,0.3775);
#42=CIRCLE('',#834,0.519);
#43=CIRCLE('',#836,0.4775);
#44=CIRCLE('',#838,0.3775);
#45=FACE_OUTER_BOUND('',#84,.T.);
#46=FACE_OUTER_BOUND('',#85,.T.);
#47=FACE_OUTER_BOUND('',#86,.T.);
#48=FACE_OUTER_BOUND('',#87,.T.);
#49=FACE_OUTER_BOUND('',#88,.T.);
#50=FACE_OUTER_BOUND('',#89,.T.);
#51=FACE_OUTER_BOUND('',#90,.T.);
#52=FACE_OUTER_BOUND('',#91,.T.);
#53=FACE_OUTER_BOUND('',#92,.T.);
#54=FACE_OUTER_BOUND('',#93,.T.);
#55=FACE_OUTER_BOUND('',#94,.T.);
#56=FACE_OUTER_BOUND('',#95,.T.);
#57=FACE_OUTER_BOUND('',#96,.T.);
#58=FACE_OUTER_BOUND('',#97,.T.);
#59=FACE_OUTER_BOUND('',#98,.T.);
#60=FACE_OUTER_BOUND('',#99,.T.);
#61=FACE_OUTER_BOUND('',#100,.T.);
#62=FACE_OUTER_BOUND('',#101,.T.);
#63=FACE_OUTER_BOUND('',#102,.T.);
#64=FACE_OUTER_BOUND('',#103,.T.);
#65=FACE_OUTER_BOUND('',#104,.T.);
#66=FACE_OUTER_BOUND('',#105,.T.);
#67=FACE_OUTER_BOUND('',#107,.T.);
#68=FACE_OUTER_BOUND('',#108,.T.);
#69=FACE_OUTER_BOUND('',#110,.T.);
#70=FACE_OUTER_BOUND('',#111,.T.);
#71=FACE_OUTER_BOUND('',#112,.T.);
#72=FACE_OUTER_BOUND('',#113,.T.);
#73=FACE_OUTER_BOUND('',#114,.T.);
#74=FACE_OUTER_BOUND('',#115,.T.);
#75=FACE_OUTER_BOUND('',#116,.T.);
#76=FACE_OUTER_BOUND('',#117,.T.);
#77=FACE_OUTER_BOUND('',#118,.T.);
#78=FACE_OUTER_BOUND('',#119,.T.);
#79=FACE_OUTER_BOUND('',#120,.T.);
#80=FACE_OUTER_BOUND('',#121,.T.);
#81=FACE_OUTER_BOUND('',#122,.T.);
#82=FACE_OUTER_BOUND('',#123,.T.);
#83=FACE_OUTER_BOUND('',#124,.T.);
#84=EDGE_LOOP('',(#473,#474,#475,#476));
#85=EDGE_LOOP('',(#477,#478,#479,#480));
#86=EDGE_LOOP('',(#481,#482,#483,#484));
#87=EDGE_LOOP('',(#485,#486,#487,#488));
#88=EDGE_LOOP('',(#489,#490,#491,#492));
#89=EDGE_LOOP('',(#493,#494,#495,#496));
#90=EDGE_LOOP('',(#497,#498,#499,#500));
#91=EDGE_LOOP('',(#501,#502,#503));
#92=EDGE_LOOP('',(#504,#505,#506,#507));
#93=EDGE_LOOP('',(#508,#509,#510,#511));
#94=EDGE_LOOP('',(#512,#513,#514,#515));
#95=EDGE_LOOP('',(#516,#517,#518,#519));
#96=EDGE_LOOP('',(#520,#521,#522,#523,#524));
#97=EDGE_LOOP('',(#525,#526,#527,#528));
#98=EDGE_LOOP('',(#529,#530,#531,#532));
#99=EDGE_LOOP('',(#533,#534,#535,#536));
#100=EDGE_LOOP('',(#537,#538,#539,#540));
#101=EDGE_LOOP('',(#541,#542,#543));
#102=EDGE_LOOP('',(#544,#545,#546,#547,#548,#549,#550,#551,#552,#553,#554,
#555,#556,#557,#558,#559));
#103=EDGE_LOOP('',(#560,#561,#562,#563));
#104=EDGE_LOOP('',(#564,#565,#566,#567,#568,#569,#570,#571,#572,#573,#574,
#575,#576,#577,#578));
#105=EDGE_LOOP('',(#579,#580,#581,#582,#583,#584,#585,#586,#587,#588,#589,
#590,#591,#592,#593,#594));
#106=EDGE_LOOP('',(#595,#596,#597,#598,#599,#600,#601,#602));
#107=EDGE_LOOP('',(#603,#604,#605,#606));
#108=EDGE_LOOP('',(#607,#608,#609,#610,#611,#612,#613,#614,#615,#616,#617,
#618,#619,#620,#621,#622,#623));
#109=EDGE_LOOP('',(#624,#625,#626,#627,#628));
#110=EDGE_LOOP('',(#629,#630,#631,#632,#633));
#111=EDGE_LOOP('',(#634,#635));
#112=EDGE_LOOP('',(#636,#637,#638,#639,#640,#641,#642,#643,#644,#645,#646,
#647,#648,#649));
#113=EDGE_LOOP('',(#650,#651));
#114=EDGE_LOOP('',(#652,#653,#654,#655,#656,#657,#658,#659,#660,#661,#662,
#663,#664));
#115=EDGE_LOOP('',(#665,#666,#667,#668));
#116=EDGE_LOOP('',(#669,#670,#671,#672,#673,#674,#675,#676,#677,#678));
#117=EDGE_LOOP('',(#679,#680,#681,#682,#683,#684));
#118=EDGE_LOOP('',(#685,#686,#687,#688,#689,#690));
#119=EDGE_LOOP('',(#691,#692,#693,#694,#695));
#120=EDGE_LOOP('',(#696,#697,#698,#699,#700));
#121=EDGE_LOOP('',(#701,#702,#703,#704));
#122=EDGE_LOOP('',(#705,#706,#707,#708));
#123=EDGE_LOOP('',(#709,#710,#711,#712,#713,#714));
#124=EDGE_LOOP('',(#715));
#125=EDGE_LOOP('',(#716));
#126=B_SPLINE_CURVE_WITH_KNOTS('',3,(#975,#976,#977,#978),.UNSPECIFIED.,
 .F.,.F.,(4,4),(26.1774896625172,26.5226552115977),.UNSPECIFIED.);
#127=B_SPLINE_CURVE_WITH_KNOTS('',3,(#980,#981,#982,#983,#984,#985,#986,
#987),.UNSPECIFIED.,.F.,.F.,(4,2,2,4),(1.28303468159296,1.35487078181834,
1.45165296709119,1.46332375821017),.UNSPECIFIED.);
#128=B_SPLINE_CURVE_WITH_KNOTS('',3,(#988,#989,#990,#991,#992,#993,#994),
 .UNSPECIFIED.,.F.,.F.,(4,3,4),(-23.7802873015548,-23.6097566073305,-22.7057855246368),
 .UNSPECIFIED.);
#129=B_SPLINE_CURVE_WITH_KNOTS('',3,(#999,#1000,#1001,#1002,#1003,#1004,
#1005,#1006,#1007,#1008,#1009,#1010,#1011,#1012,#1013,#1014,#1015,#1016,
#1017,#1018,#1019,#1020),.UNSPECIFIED.,.F.,.F.,(4,3,3,3,3,3,3,4),(19.8943043553377,
20.7470142739033,21.7096210968524,22.6722279198014,23.6348347427505,24.5974415656995,
25.5600483886486,26.1774896625172),.UNSPECIFIED.);
#130=B_SPLINE_CURVE_WITH_KNOTS('',3,(#1021,#1022,#1023,#1024,#1025,#1026,
#1027,#1028,#1029,#1030,#1031,#1032,#1033,#1034,#1035,#1036,#1037,#1038,
#1039,#1040,#1041,#1042,#1043,#1044,#1045),.UNSPECIFIED.,.F.,.F.,(4,3,3,
3,3,3,3,3,4),(-22.7057855246368,-22.6307714044234,-21.6517862015164,-20.6728009986093,
-19.6938157957023,-18.7148305927952,-17.7358453898882,-16.7568601869811,
-16.4226002174572),.UNSPECIFIED.);
#131=B_SPLINE_CURVE_WITH_KNOTS('',3,(#1050,#1051,#1052,#1053,#1054,#1055,
#1056,#1057,#1058,#1059,#1060,#1061,#1062,#1063,#1064,#1065,#1066,#1067,
#1068,#1069,#1070,#1071,#1072,#1073,#1074),.UNSPECIFIED.,.F.,.F.,(4,3,3,
3,3,3,3,3,4),(13.6111190481581,14.0087665132599,14.971373336209,15.933980159158,
16.8965869821071,17.8591938050561,18.8218006280052,19.7844074509542,19.8943043553377),
 .UNSPECIFIED.);
#132=B_SPLINE_CURVE_WITH_KNOTS('',3,(#1075,#1076,#1077,#1078,#1079,#1080,
#1081,#1082,#1083,#1084,#1085,#1086,#1087,#1088,#1089,#1090,#1091,#1092,
#1093,#1094,#1095,#1096),.UNSPECIFIED.,.F.,.F.,(4,3,3,3,3,3,3,4),(-16.4226002174572,
-15.7778749840741,-14.798889781167,-13.8199045782599,-12.8409193753529,
-11.8619341724458,-10.8829489695388,-10.1394149102776),.UNSPECIFIED.);
#133=B_SPLINE_CURVE_WITH_KNOTS('',3,(#1102,#1103,#1104,#1105,#1106,#1107,
#1108,#1109,#1110,#1111),.UNSPECIFIED.,.F.,.F.,(4,3,3,4),(-3.85622960309806,
-3.05106734628237,-2.07208214337532,-1.09309694046827),.UNSPECIFIED.);
#134=B_SPLINE_CURVE_WITH_KNOTS('',3,(#1113,#1114,#1115,#1116,#1117,#1118,
#1119,#1120,#1121,#1122,#1123,#1124,#1125,#1126,#1127,#1128),
 .UNSPECIFIED.,.F.,.F.,(4,2,2,2,2,2,2,4),(0.274289788613361,0.289743750971295,
0.386323439039411,0.482903127107527,0.579482815175643,0.676064846627233,
0.772646878078822,0.865709340343901),.UNSPECIFIED.);
#135=B_SPLINE_CURVE_WITH_KNOTS('',3,(#1129,#1130,#1131,#1132,#1133,#1134,
#1135,#1136,#1137,#1138,#1139,#1140,#1141,#1142,#1143,#1144,#1145,#1146,
#1147,#1148,#1149,#1150),.UNSPECIFIED.,.F.,.F.,(4,3,3,3,3,3,3,4),(2.1585408909024,
2.45748463787119,3.42009146082025,4.38269828376931,5.34530510671837,6.30791192966743,
7.27051875261649,7.32793374097847),.UNSPECIFIED.);
#136=B_SPLINE_CURVE_WITH_KNOTS('',3,(#1156,#1157,#1158,#1159,#1160,#1161,
#1162),.UNSPECIFIED.,.F.,.F.,(4,1,1,1,4),(34.5575191894877,35.4614902721814,
36.4404754750884,37.4194606779955,38.3984458809025),.UNSPECIFIED.);
#137=B_SPLINE_CURVE_WITH_KNOTS('',3,(#1164,#1165,#1166,#1167,#1168,#1169),
 .UNSPECIFIED.,.F.,.F.,(4,2,4),(0.64774658048852,0.721991173728485,0.749224415821578),
 .UNSPECIFIED.);
#138=B_SPLINE_CURVE_WITH_KNOTS('',3,(#1170,#1171,#1172,#1173,#1174,#1175,
#1176,#1177),.UNSPECIFIED.,.F.,.F.,(4,1,1,1,1,4),(34.5575191894877,35.4102291080534,
36.3728359310024,37.3354427539515,38.2980495769006,38.7235055758167),
 .UNSPECIFIED.);
#139=B_SPLINE_CURVE_WITH_KNOTS('',3,(#1182,#1183,#1184,#1185,#1186,#1187,
#1188,#1189,#1190,#1191,#1192),.UNSPECIFIED.,.F.,.F.,(4,1,1,1,1,1,1,1,4),
(28.2743338823081,28.608593851832,29.5875790547391,30.5665642576461,31.5455494605532,
32.5245346634602,33.5035198663673,34.4825050692743,34.5575191894877),
 .UNSPECIFIED.);
#140=B_SPLINE_CURVE_WITH_KNOTS('',3,(#1193,#1194,#1195,#1196,#1197,#1198,
#1199,#1200,#1201,#1202,#1203),.UNSPECIFIED.,.F.,.F.,(4,1,1,1,1,1,1,1,4),
(28.2743338823081,28.67198134741,29.634588170359,30.5971949933081,31.5598018162571,
32.5224086392062,33.4850154621553,34.4476222851043,34.5575191894877),
 .UNSPECIFIED.);
#141=B_SPLINE_CURVE_WITH_KNOTS('',3,(#1208,#1209,#1210,#1211,#1212,#1213,
#1214,#1215,#1216,#1217),.UNSPECIFIED.,.F.,.F.,(4,1,1,1,1,1,1,4),(21.9911485751285,
22.7346826343897,23.7136678372967,24.6926530402038,25.6716382431108,26.6506234460179,
27.629608648925,28.2743338823081),.UNSPECIFIED.);
#142=B_SPLINE_CURVE_WITH_KNOTS('',3,(#1218,#1219,#1220,#1221,#1222,#1223,
#1224,#1225,#1226,#1227),.UNSPECIFIED.,.F.,.F.,(4,1,1,1,1,1,1,4),(21.9911485751285,
22.8963404097156,23.8589472326647,24.8215540556137,25.7841608785628,26.7467677015118,
27.7093745244609,28.2743338823081),.UNSPECIFIED.);
#143=B_SPLINE_CURVE_WITH_KNOTS('',3,(#1233,#1234,#1235,#1236,#1237,#1238,
#1239,#1240,#1241,#1242,#1243,#1244),.UNSPECIFIED.,.F.,.F.,(4,2,2,2,2,4),
(1.36585324819871,1.43944274021795,1.55939280619497,1.67934287217199,1.79929992956462,
1.91925698695726),.UNSPECIFIED.);
#144=B_SPLINE_CURVE_WITH_KNOTS('',3,(#1245,#1246,#1247,#1248,#1249,#1250),
 .UNSPECIFIED.,.F.,.F.,(4,1,1,4),(13.8982615720526,13.9238158082262,14.9028010111333,
15.707963267949),.UNSPECIFIED.);
#145=B_SPLINE_CURVE_WITH_KNOTS('',3,(#1256,#1257,#1258,#1259,#1260,#1261,
#1262,#1263,#1264,#1265,#1266,#1267,#1268),.UNSPECIFIED.,.F.,.F.,(4,3,3,
3,4),(26.2210208472589,26.8397882966757,27.8182447570542,28.7967012174327,
29.7751576778113),.UNSPECIFIED.);
#146=B_SPLINE_CURVE_WITH_KNOTS('',3,(#1270,#1271,#1272,#1273,#1274,#1275,
#1276,#1277,#1278,#1279,#1280,#1281,#1282,#1283),.UNSPECIFIED.,.F.,.F.,
(4,2,2,2,2,2,4),(0.40718435562547,0.432927527593054,0.505083623712764,0.577239719832473,
0.649395815952182,0.721551912071892,0.790194235972945),.UNSPECIFIED.);
#147=B_SPLINE_CURVE_WITH_KNOTS('',3,(#1284,#1285,#1286,#1287,#1288,#1289,
#1290,#1291,#1292,#1293,#1294,#1295,#1296,#1297,#1298,#1299,#1300,#1301,
#1302,#1303,#1304,#1305),.UNSPECIFIED.,.F.,.F.,(4,3,3,3,3,3,3,4),(-28.2571249664438,
-27.6603933656591,-26.677830931239,-25.6952684968189,-24.7127060623989,
-23.7301436279788,-22.7475811935587,-22.622350753882),.UNSPECIFIED.);
#148=B_SPLINE_CURVE_WITH_KNOTS('',3,(#1310,#1311,#1312,#1313,#1314,#1315,
#1316,#1317,#1318,#1319,#1320,#1321,#1322,#1323,#1324,#1325,#1326,#1327,
#1328,#1329,#1330,#1331,#1332,#1333,#1334),.UNSPECIFIED.,.F.,.F.,(4,3,3,
3,3,3,3,3,4),(19.9378355400793,19.9905930740259,20.9690495344045,21.947505994783,
22.9259624551615,23.9044189155401,24.8828753759186,25.8613318362972,26.2210208472589),
 .UNSPECIFIED.);
#149=B_SPLINE_CURVE_WITH_KNOTS('',3,(#1335,#1336,#1337,#1338,#1339,#1340,
#1341,#1342,#1343,#1344,#1345,#1346,#1347,#1348,#1349,#1350,#1351,#1352,
#1353,#1354,#1355,#1356),.UNSPECIFIED.,.F.,.F.,(4,3,3,3,3,3,3,4),(-22.622350753882,
-21.7650187591386,-20.7824563247185,-19.7998938902984,-18.8173314558783,
-17.8347690214582,-16.8522065870381,-16.3391654467025),.UNSPECIFIED.);
#150=B_SPLINE_CURVE_WITH_KNOTS('',3,(#1361,#1362,#1363,#1364,#1365,#1366,
#1367,#1368,#1369,#1370,#1371,#1372,#1373,#1374,#1375,#1376,#1377,#1378,
#1379,#1380,#1381,#1382),.UNSPECIFIED.,.F.,.F.,(4,3,3,3,3,3,3,4),(13.6546502328997,
14.1198543117547,15.0983107721333,16.0767672325118,17.0552236928903,18.0336801532689,
19.0121366136474,19.9378355400793),.UNSPECIFIED.);
#151=B_SPLINE_CURVE_WITH_KNOTS('',3,(#1383,#1384,#1385,#1386,#1387,#1388,
#1389,#1390,#1391,#1392,#1393,#1394,#1395,#1396,#1397,#1398,#1399,#1400,
#1401,#1402,#1403,#1404),.UNSPECIFIED.,.F.,.F.,(4,3,3,3,3,3,3,4),(-16.3391654467025,
-15.869644152618,-14.8870817181979,-13.9045192837778,-12.9219568493577,
-11.9393944149376,-10.9568319805175,-10.0559801395229),.UNSPECIFIED.);
#152=B_SPLINE_CURVE_WITH_KNOTS('',3,(#1410,#1411,#1412,#1413,#1414,#1415,
#1416,#1417,#1418,#1419,#1420,#1421,#1422),.UNSPECIFIED.,.F.,.F.,(4,3,3,
3,4),(-3.7727948323433,-3.09633250515675,-2.11377007073665,-1.13120763631656,
-0.148645201896462),.UNSPECIFIED.);
#153=B_SPLINE_CURVE_WITH_KNOTS('',3,(#1424,#1425,#1426,#1427,#1428,#1429,
#1430,#1431,#1432,#1433,#1434),.UNSPECIFIED.,.F.,.F.,(4,3,2,2,4),(-0.0577191628130693,
0.,0.0720748616479401,0.14414972329588,0.200052966504073),.UNSPECIFIED.);
#154=B_SPLINE_CURVE_WITH_KNOTS('',3,(#1435,#1436,#1437,#1438,#1439,#1440,
#1441,#1442,#1443,#1444,#1445,#1446,#1447,#1448,#1449,#1450,#1451,#1452,
#1453,#1454,#1455,#1456),.UNSPECIFIED.,.F.,.F.,(4,3,3,3,3,3,3,4),(2.34582315174531,
2.37837678721232,3.35683324759086,4.33528970796939,5.31374616834793,6.29220262872646,
7.27065908910499,7.37146492572014),.UNSPECIFIED.);
#155=B_SPLINE_CURVE_WITH_KNOTS('',3,(#1462,#1463,#1464,#1465,#1466),
 .UNSPECIFIED.,.F.,.F.,(4,1,4),(40.8407044966673,41.560686670105,42.5432491045251),
 .UNSPECIFIED.);
#156=B_SPLINE_CURVE_WITH_KNOTS('',3,(#1470,#1471,#1472,#1473,#1474,#1475),
 .UNSPECIFIED.,.F.,.F.,(4,2,4),(1.26682600396224,1.27697627800527,1.30764503258273),
 .UNSPECIFIED.);
#157=B_SPLINE_CURVE_WITH_KNOTS('',3,(#1476,#1477,#1478,#1479,#1480,#1481),
 .UNSPECIFIED.,.F.,.F.,(4,1,1,4),(40.8407044966673,41.4594719460841,42.4379284064626,
43.2390105349637),.UNSPECIFIED.);
#158=B_SPLINE_CURVE_WITH_KNOTS('',3,(#1486,#1487,#1488,#1489,#1490,#1491,
#1492,#1493,#1494,#1495,#1496),.UNSPECIFIED.,.F.,.F.,(4,1,1,1,1,1,1,1,4),
(34.5575191894877,34.6827496291643,35.6653120635844,36.6478744980045,37.6304369324246,
38.6129993668447,39.5955618012648,40.5781242356849,40.8407044966673),
 .UNSPECIFIED.);
#159=B_SPLINE_CURVE_WITH_KNOTS('',3,(#1497,#1498,#1499,#1500,#1501,#1502,
#1503,#1504,#1505,#1506,#1507),.UNSPECIFIED.,.F.,.F.,(4,1,1,1,1,1,1,1,4),
(34.5575191894877,34.6102767234344,35.5887331838129,36.5671896441914,37.54564610457,
38.5241025649485,39.502559025327,40.4810154857056,40.8407044966673),
 .UNSPECIFIED.);
#160=B_SPLINE_CURVE_WITH_KNOTS('',3,(#1512,#1513,#1514,#1515,#1516,#1517,
#1518,#1519,#1520,#1521),.UNSPECIFIED.,.F.,.F.,(4,1,1,1,1,1,1,4),(28.2743338823081,
28.7873750226438,29.7699374570639,30.752499891484,31.7350623259041,32.7176247603241,
33.7001871947442,34.5575191894877),.UNSPECIFIED.);
#161=B_SPLINE_CURVE_WITH_KNOTS('',3,(#1522,#1523,#1524,#1525,#1526,#1527,
#1528,#1529,#1530,#1531),.UNSPECIFIED.,.F.,.F.,(4,1,1,1,1,1,1,4),(28.2743338823081,
28.7395379611632,29.7179944215417,30.6964508819202,31.6749073422988,32.6533638026773,
33.6318202630558,34.5575191894877),.UNSPECIFIED.);
#162=B_SPLINE_CURVE_WITH_KNOTS('',3,(#1536,#1537,#1538,#1539,#1540,#1541,
#1542,#1543,#1544,#1545),.UNSPECIFIED.,.F.,.F.,(4,1,1,1,1,1,1,4),(21.9911485751285,
22.8920004161232,23.8745628505433,24.8571252849634,25.8396877193835,26.8222501538036,
27.8048125882237,28.2743338823081),.UNSPECIFIED.);
#163=B_SPLINE_CURVE_WITH_KNOTS('',3,(#1546,#1547,#1548,#1549,#1550,#1551,
#1552,#1553,#1554,#1555),.UNSPECIFIED.,.F.,.F.,(4,1,1,1,1,1,1,4),(21.9911485751285,
22.868799198892,23.8472556592705,24.825712119649,25.8041685800276,26.7826250404061,
27.7610815007846,28.2743338823081),.UNSPECIFIED.);
#164=B_SPLINE_CURVE_WITH_KNOTS('',3,(#1561,#1562,#1563,#1564),
 .UNSPECIFIED.,.F.,.F.,(4,4),(15.0411475158637,15.707963267949),
 .UNSPECIFIED.);
#165=B_SPLINE_CURVE_WITH_KNOTS('',3,(#1566,#1567,#1568,#1569,#1570,#1571),
 .UNSPECIFIED.,.F.,.F.,(4,2,4),(0.827895033390657,0.910494241185781,0.938672045625578),
 .UNSPECIFIED.);
#166=B_SPLINE_CURVE_WITH_KNOTS('',3,(#1572,#1573,#1574,#1575,#1576),
 .UNSPECIFIED.,.F.,.F.,(4,1,4),(14.5672815258183,15.0315009407624,15.707963267949),
 .UNSPECIFIED.);
#167=B_SPLINE_CURVE_WITH_KNOTS('',3,(#1580,#1581,#1582,#1583,#1584,#1585,
#1586,#1587,#1588,#1589,#1590,#1591,#1592,#1593,#1594,#1595),
 .UNSPECIFIED.,.F.,.F.,(4,3,3,3,3,4),(-0.375186901064881,-0.333367627548658,
-0.308466516633359,-0.285083819167552,-0.24165325433162,-0.220355868995117),
 .UNSPECIFIED.);
#168=B_SPLINE_CURVE_WITH_KNOTS('',3,(#1733,#1734,#1735,#1736,#1737,#1738,
#1739,#1740,#1741,#1742,#1743,#1744,#1745,#1746,#1747,#1748,#1749,#1750,
#1751,#1752,#1753,#1754,#1755,#1756,#1757,#1758,#1759,#1760),
 .UNSPECIFIED.,.F.,.F.,(4,2,2,2,2,2,2,2,2,2,2,2,2,4),(0.149555874418628,
0.17411994936782,0.257837762969221,0.264897138688317,0.271146718288583,
0.284792998209962,0.28957061328599,0.29264556040521,0.295543574556362,0.299435815839125,
0.308194154774716,0.32564606221685,0.36320364545542,0.384595158695871),
 .UNSPECIFIED.);
#169=B_SPLINE_CURVE_WITH_KNOTS('',3,(#1761,#1762,#1763,#1764,#1765,#1766,
#1767,#1768,#1769,#1770,#1771),.UNSPECIFIED.,.F.,.F.,(4,1,1,1,1,1,1,1,4),
(15.707963267949,16.0140633751825,16.9966258096026,17.9791882440227,18.9617506784428,
19.9443131128629,20.926875547283,21.9094379817031,21.9911485751285),
 .UNSPECIFIED.);
#170=B_SPLINE_CURVE_WITH_KNOTS('',3,(#1773,#1774,#1775,#1776,#1777,#1778,
#1779,#1780,#1781,#1782,#1783,#1784,#1785,#1786,#1787,#1788),
 .UNSPECIFIED.,.F.,.F.,(4,2,2,2,2,2,2,4),(0.0991335460467163,0.124689207625824,
0.174278379729626,0.246549932228749,0.337107334205736,0.419713137160277,
0.493189385170704,0.544467920755871),.UNSPECIFIED.);
#171=B_SPLINE_CURVE_WITH_KNOTS('',3,(#1789,#1790,#1791,#1792,#1793,#1794),
 .UNSPECIFIED.,.F.,.F.,(4,2,4),(0.,0.0671593866531745,0.0991335460467163),
 .UNSPECIFIED.);
#172=B_SPLINE_CURVE_WITH_KNOTS('',3,(#1795,#1796,#1797,#1798,#1799,#1800,
#1801,#1802,#1803,#1804,#1805,#1806,#1807,#1808,#1809,#1810,#1811,#1812,
#1813,#1814,#1815,#1816,#1817,#1818,#1819),.UNSPECIFIED.,.F.,.F.,(4,3,3,
3,3,3,3,3,4),(-10.0559801395229,-9.97426954609741,-8.99170711167732,-8.00914467725722,
-7.02658224283713,-6.04401980841704,-5.06145737399694,-4.07889493957684,
-3.7727948323433),.UNSPECIFIED.);
#173=B_SPLINE_CURVE_WITH_KNOTS('',3,(#1820,#1821,#1822,#1823,#1824,#1825,
#1826,#1827,#1828,#1829,#1830,#1831,#1832,#1833,#1834,#1835),
 .UNSPECIFIED.,.F.,.F.,(4,3,3,3,3,4),(0.384595158695871,0.409622215686716,
0.44270167712892,0.463452475176463,0.510609758903552,0.523341175260101),
 .UNSPECIFIED.);
#174=B_SPLINE_CURVE_WITH_KNOTS('',3,(#1837,#1838,#1839,#1840,#1841,#1842,
#1843,#1844,#1845,#1846,#1847),.UNSPECIFIED.,.F.,.F.,(4,1,1,1,1,1,1,1,4),
(15.707963267949,16.0196039762422,16.9980604366208,17.9765168969993,18.9549733573778,
19.9334298177564,20.9118862781349,21.8903427385134,21.9911485751285),
 .UNSPECIFIED.);
#175=B_SPLINE_CURVE_WITH_KNOTS('',3,(#1981,#1982,#1983,#1984,#1985,#1986),
 .UNSPECIFIED.,.F.,.F.,(4,2,4),(0.,0.0530913685000326,0.080510651431975),
 .UNSPECIFIED.);
#176=B_SPLINE_CURVE_WITH_KNOTS('',3,(#1987,#1988,#1989,#1990,#1991,#1992,
#1993,#1994,#1995,#1996,#1997,#1998,#1999,#2000,#2001,#2002,#2003,#2004,
#2005,#2006,#2007,#2008),.UNSPECIFIED.,.F.,.F.,(4,3,3,3,3,3,3,4),(7.37146492572014,
8.24911554948353,9.22757200986207,10.2060284702406,11.1844849306191,12.1629413909977,
13.1413978513762,13.6546502328997),.UNSPECIFIED.);
#177=B_SPLINE_CURVE_WITH_KNOTS('',3,(#2010,#2011,#2012,#2013,#2014,#2015,
#2016,#2017,#2018,#2019),.UNSPECIFIED.,.F.,.F.,(4,2,2,2,4),(0.152761407026938,
0.204943200971681,0.28584869212272,0.361584586409774,0.406433070562251),
 .UNSPECIFIED.);
#178=B_SPLINE_CURVE_WITH_KNOTS('',3,(#2020,#2021,#2022,#2023,#2024,#2025),
 .UNSPECIFIED.,.F.,.F.,(4,2,4),(0.,0.110473892795727,0.152761407026938),
 .UNSPECIFIED.);
#179=B_SPLINE_CURVE_WITH_KNOTS('',3,(#2026,#2027,#2028,#2029,#2030,#2031),
 .UNSPECIFIED.,.F.,.F.,(4,2,4),(0.080510651431975,0.12306154647511,0.247364150889893),
 .UNSPECIFIED.);
#180=B_SPLINE_CURVE_WITH_KNOTS('',3,(#2043,#2044,#2045,#2046,#2047,#2048,
#2049,#2050,#2051,#2052),.UNSPECIFIED.,.F.,.F.,(4,2,2,2,4),(0.536077771282404,
0.670070948170169,0.804064125057934,0.93810983381137,1.06456085045124),
 .UNSPECIFIED.);
#181=B_SPLINE_CURVE_WITH_KNOTS('',3,(#2053,#2054,#2055,#2056,#2057,#2058,
#2059,#2060,#2061,#2062),.UNSPECIFIED.,.F.,.F.,(4,2,2,2,4),(0.00759469211356829,
0.134045708753437,0.268091417506873,0.402084594394638,0.536077771282404),
 .UNSPECIFIED.);
#182=B_SPLINE_CURVE_WITH_KNOTS('',3,(#2064,#2065,#2066,#2067),
 .UNSPECIFIED.,.F.,.F.,(4,4),(0.,0.0238674922162479),.UNSPECIFIED.);
#183=B_SPLINE_CURVE_WITH_KNOTS('',3,(#2070,#2071,#2072,#2073,#2074,#2075,
#2076,#2077,#2078,#2079,#2080,#2081,#2082,#2083,#2084,#2085,#2086,#2087,
#2088,#2089,#2090,#2091,#2092,#2093,#2094,#2095,#2096,#2097),
 .UNSPECIFIED.,.F.,.F.,(4,2,2,2,2,2,2,2,2,2,2,2,2,4),(0.249678982224678,
0.261645623851765,0.354599133869239,0.430431868015412,0.437717261663243,
0.440591776386379,0.442744379976608,0.445108672465874,0.448380636215928,
0.456111107878405,0.472330250877742,0.509207792389811,0.596511460662007,
0.667549204495681),.UNSPECIFIED.);
#184=B_SPLINE_CURVE_WITH_KNOTS('',3,(#2099,#2100,#2101,#2102),
 .UNSPECIFIED.,.F.,.F.,(4,4),(0.,0.0346149057007624),.UNSPECIFIED.);
#185=B_SPLINE_CURVE_WITH_KNOTS('',3,(#2105,#2106,#2107,#2108,#2109,#2110,
#2111,#2112,#2113,#2114,#2115,#2116,#2117,#2118,#2119,#2120,#2121,#2122,
#2123,#2124,#2125,#2126,#2127,#2128,#2129,#2130,#2131,#2132,#2133,#2134,
#2135,#2136),.UNSPECIFIED.,.F.,.F.,(4,2,2,2,2,2,2,2,2,2,2,2,2,2,2,4),(0.312866776066805,
0.319284620950144,0.354344545195483,0.44626935182275,0.537645433030652,
0.564893622922596,0.570611743282453,0.573649710757047,0.576151685432769,
0.579061118074685,0.584184535888901,0.605163054154638,0.641561751187191,
0.695277302942055,0.749999428903775,0.795279512927531),.UNSPECIFIED.);
#186=B_SPLINE_CURVE_WITH_KNOTS('',3,(#2153,#2154,#2155,#2156,#2157,#2158,
#2159,#2160,#2161,#2162),.UNSPECIFIED.,.F.,.F.,(4,2,2,2,4),(-0.533936964833066,
-0.400458727324083,-0.2669804898151,-0.13349024490755,0.),.UNSPECIFIED.);
#187=B_SPLINE_CURVE_WITH_KNOTS('',3,(#2163,#2164,#2165,#2166,#2167,#2168,
#2169,#2170,#2171,#2172),.UNSPECIFIED.,.F.,.F.,(4,2,2,2,4),(1.06787392966613,
1.20136417457368,1.33485441948123,1.46833265699021,1.6018108944992),
 .UNSPECIFIED.);
#188=B_SPLINE_CURVE_WITH_KNOTS('',3,(#2174,#2175,#2176,#2177,#2178,#2179,
#2180,#2181,#2182,#2183,#2184,#2185,#2186),.UNSPECIFIED.,.F.,.F.,(4,3,3,
3,4),(0.,0.0613506450611259,0.0934436816515895,0.162395898235944,0.199167759213361),
 .UNSPECIFIED.);
#189=B_SPLINE_CURVE_WITH_KNOTS('',3,(#2187,#2188,#2189,#2190,#2191,#2192,
#2193,#2194),.UNSPECIFIED.,.F.,.F.,(4,2,2,4),(0.,0.105902397027684,0.18826037115797,
0.280169370168662),.UNSPECIFIED.);
#190=B_SPLINE_CURVE_WITH_KNOTS('',3,(#2195,#2196,#2197,#2198,#2199,#2200),
 .UNSPECIFIED.,.F.,.F.,(4,2,4),(1.91925698695726,2.0392140443499,2.05629177805662),
 .UNSPECIFIED.);
#191=B_SPLINE_CURVE_WITH_KNOTS('',3,(#2202,#2203,#2204,#2205,#2206,#2207,
#2208,#2209,#2210,#2211,#2212),.UNSPECIFIED.,.F.,.F.,(4,1,1,1,1,1,1,1,4),
(15.707963267949,15.8817862140403,16.8607714169474,17.8397566198544,18.8187418227615,
19.7977270256685,20.7767122285756,21.7556974314826,21.9911485751285),
 .UNSPECIFIED.);
#192=B_SPLINE_CURVE_WITH_KNOTS('',3,(#2213,#2214,#2215,#2216,#2217,#2218,
#2219,#2220,#2221,#2222),.UNSPECIFIED.,.F.,.F.,(4,1,1,1,1,1,1,4),(16.1580926490722,
17.1206994720213,18.0833062949703,19.0459131179194,20.0085199408684,20.9711267638175,
21.9337335867666,21.9911485751285),.UNSPECIFIED.);
#193=B_SPLINE_CURVE_WITH_KNOTS('',3,(#2224,#2225,#2226,#2227,#2228,#2229,
#2230,#2231,#2232,#2233,#2234,#2235,#2236,#2237,#2238,#2239,#2240,#2241,
#2242,#2243,#2244,#2245,#2246,#2247,#2248),.UNSPECIFIED.,.F.,.F.,(4,3,3,
3,3,3,3,3,4),(-0.428152125734589,-0.39511024506031,-0.332308463307878,-0.303975675483563,
-0.237245369806713,-0.209512568055646,-0.187033208773032,-0.170515064129863,
-0.144522515468501),.UNSPECIFIED.);
#194=B_SPLINE_CURVE_WITH_KNOTS('',3,(#2365,#2366,#2367,#2368,#2369,#2370,
#2371,#2372,#2373,#2374,#2375,#2376,#2377,#2378,#2379,#2380,#2381,#2382,
#2383,#2384,#2385,#2386,#2387,#2388,#2389),.UNSPECIFIED.,.F.,.F.,(4,3,3,
3,3,3,3,3,4),(-10.1394149102776,-9.90396376663174,-8.92497856372469,-7.94599336081763,
-6.96700815791058,-5.98802295500353,-5.00903775209647,-4.03005254918943,
-3.85622960309806),.UNSPECIFIED.);
#195=B_SPLINE_CURVE_WITH_KNOTS('',3,(#2391,#2392,#2393,#2394,#2395,#2396,
#2397,#2398,#2399,#2400,#2401,#2402,#2403,#2404,#2405,#2406,#2407,#2408,
#2409),.UNSPECIFIED.,.F.,.F.,(4,3,3,3,3,3,4),(-0.442826515377916,-0.413608986361636,
-0.358385958745141,-0.330324923604811,-0.279363985962495,-0.244387456758193,
-0.228403048320178),.UNSPECIFIED.);
#196=B_SPLINE_CURVE_WITH_KNOTS('',3,(#2526,#2527,#2528,#2529,#2530,#2531,
#2532,#2533,#2534,#2535,#2536,#2537,#2538,#2539,#2540,#2541,#2542,#2543,
#2544,#2545,#2546,#2547),.UNSPECIFIED.,.F.,.F.,(4,3,3,3,3,3,3,4),(7.32793374097847,
8.23312557556554,9.19573239851461,10.1583392214637,11.1209460444127,12.0835528673618,
13.0461596903108,13.6111190481581),.UNSPECIFIED.);
#197=B_SPLINE_CURVE_WITH_KNOTS('',3,(#2553,#2554,#2555,#2556),
 .UNSPECIFIED.,.F.,.F.,(4,4),(1.06739523015744,1.07499082969509),
 .UNSPECIFIED.);
#198=B_SPLINE_CURVE_WITH_KNOTS('',3,(#2561,#2562,#2563,#2564),
 .UNSPECIFIED.,.F.,.F.,(4,4),(0.,0.00759559953765196),.UNSPECIFIED.);
#199=B_SPLINE_CURVE_WITH_KNOTS('',3,(#2575,#2576,#2577,#2578,#2579,#2580,
#2581,#2582,#2583,#2584),.UNSPECIFIED.,.F.,.F.,(4,2,2,2,4),(0.,0.093168577876726,
0.18758373824394,0.283834854990375,0.38227183532661),.UNSPECIFIED.);
#200=B_SPLINE_CURVE_WITH_KNOTS('',3,(#2587,#2588,#2589,#2590,#2591,#2592,
#2593,#2594,#2595,#2596),.UNSPECIFIED.,.F.,.F.,(4,2,2,2,4),(-0.38227183532661,
-0.283834854990374,-0.18758373824394,-0.0931685778767253,0.),
 .UNSPECIFIED.);
#201=LINE('',#973,#235);
#202=LINE('',#998,#236);
#203=LINE('',#1049,#237);
#204=LINE('',#1100,#238);
#205=LINE('',#1154,#239);
#206=LINE('',#1181,#240);
#207=LINE('',#1207,#241);
#208=LINE('',#1231,#242);
#209=LINE('',#1254,#243);
#210=LINE('',#1309,#244);
#211=LINE('',#1360,#245);
#212=LINE('',#1408,#246);
#213=LINE('',#1460,#247);
#214=LINE('',#1485,#248);
#215=LINE('',#1511,#249);
#216=LINE('',#1535,#250);
#217=LINE('',#1559,#251);
#218=LINE('',#1579,#252);
#219=LINE('',#2036,#253);
#220=LINE('',#2038,#254);
#221=LINE('',#2069,#255);
#222=LINE('',#2104,#256);
#223=LINE('',#2141,#257);
#224=LINE('',#2144,#258);
#225=LINE('',#2146,#259);
#226=LINE('',#2151,#260);
#227=LINE('',#2551,#261);
#228=LINE('',#2557,#262);
#229=LINE('',#2559,#263);
#230=LINE('',#2565,#264);
#231=LINE('',#2568,#265);
#232=LINE('',#2574,#266);
#233=LINE('',#2598,#267);
#234=LINE('',#2603,#268);
#235=VECTOR('',#845,0.101);
#236=VECTOR('',#848,0.101);
#237=VECTOR('',#851,0.101);
#238=VECTOR('',#854,0.101);
#239=VECTOR('',#857,0.125);
#240=VECTOR('',#860,0.125);
#241=VECTOR('',#863,0.125);
#242=VECTOR('',#866,0.125);
#243=VECTOR('',#869,0.0755);
#244=VECTOR('',#872,0.0755);
#245=VECTOR('',#875,0.0755);
#246=VECTOR('',#878,0.0755);
#247=VECTOR('',#881,0.095);
#248=VECTOR('',#886,0.095);
#249=VECTOR('',#889,0.095);
#250=VECTOR('',#892,0.095);
#251=VECTOR('',#895,0.095);
#252=VECTOR('',#898,0.393700787401575);
#253=VECTOR('',#905,0.434);
#254=VECTOR('',#906,0.434);
#255=VECTOR('',#911,0.393700787401575);
#256=VECTOR('',#912,0.393700787401575);
#257=VECTOR('',#917,0.393700787401575);
#258=VECTOR('',#920,0.619);
#259=VECTOR('',#921,0.619);
#260=VECTOR('',#926,0.393700787401575);
#261=VECTOR('',#937,0.393700787401575);
#262=VECTOR('',#938,0.393700787401575);
#263=VECTOR('',#939,0.393700787401575);
#264=VECTOR('',#940,0.393700787401575);
#265=VECTOR('',#943,0.393700787401575);
#266=VECTOR('',#944,0.393700787401575);
#267=VECTOR('',#947,0.393700787401575);
#268=VECTOR('',#948,0.393700787401575);
#269=VERTEX_POINT('',#971);
#270=VERTEX_POINT('',#972);
#271=VERTEX_POINT('',#974);
#272=VERTEX_POINT('',#979);
#273=VERTEX_POINT('',#996);
#274=VERTEX_POINT('',#997);
#275=VERTEX_POINT('',#1047);
#276=VERTEX_POINT('',#1048);
#277=VERTEX_POINT('',#1098);
#278=VERTEX_POINT('',#1099);
#279=VERTEX_POINT('',#1101);
#280=VERTEX_POINT('',#1112);
#281=VERTEX_POINT('',#1152);
#282=VERTEX_POINT('',#1153);
#283=VERTEX_POINT('',#1155);
#284=VERTEX_POINT('',#1163);
#285=VERTEX_POINT('',#1179);
#286=VERTEX_POINT('',#1180);
#287=VERTEX_POINT('',#1205);
#288=VERTEX_POINT('',#1206);
#289=VERTEX_POINT('',#1229);
#290=VERTEX_POINT('',#1230);
#291=VERTEX_POINT('',#1232);
#292=VERTEX_POINT('',#1252);
#293=VERTEX_POINT('',#1253);
#294=VERTEX_POINT('',#1255);
#295=VERTEX_POINT('',#1269);
#296=VERTEX_POINT('',#1307);
#297=VERTEX_POINT('',#1308);
#298=VERTEX_POINT('',#1358);
#299=VERTEX_POINT('',#1359);
#300=VERTEX_POINT('',#1406);
#301=VERTEX_POINT('',#1407);
#302=VERTEX_POINT('',#1409);
#303=VERTEX_POINT('',#1423);
#304=VERTEX_POINT('',#1458);
#305=VERTEX_POINT('',#1459);
#306=VERTEX_POINT('',#1461);
#307=VERTEX_POINT('',#1467);
#308=VERTEX_POINT('',#1469);
#309=VERTEX_POINT('',#1483);
#310=VERTEX_POINT('',#1484);
#311=VERTEX_POINT('',#1509);
#312=VERTEX_POINT('',#1510);
#313=VERTEX_POINT('',#1533);
#314=VERTEX_POINT('',#1534);
#315=VERTEX_POINT('',#1557);
#316=VERTEX_POINT('',#1558);
#317=VERTEX_POINT('',#1560);
#318=VERTEX_POINT('',#1565);
#319=VERTEX_POINT('',#1578);
#320=VERTEX_POINT('',#1732);
#321=VERTEX_POINT('',#1772);
#322=VERTEX_POINT('',#1980);
#323=VERTEX_POINT('',#2009);
#324=VERTEX_POINT('',#2033);
#325=VERTEX_POINT('',#2034);
#326=VERTEX_POINT('',#2037);
#327=VERTEX_POINT('',#2040);
#328=VERTEX_POINT('',#2042);
#329=VERTEX_POINT('',#2063);
#330=VERTEX_POINT('',#2068);
#331=VERTEX_POINT('',#2098);
#332=VERTEX_POINT('',#2103);
#333=VERTEX_POINT('',#2139);
#334=VERTEX_POINT('',#2140);
#335=VERTEX_POINT('',#2142);
#336=VERTEX_POINT('',#2145);
#337=VERTEX_POINT('',#2148);
#338=VERTEX_POINT('',#2150);
#339=VERTEX_POINT('',#2152);
#340=VERTEX_POINT('',#2173);
#341=VERTEX_POINT('',#2550);
#342=VERTEX_POINT('',#2552);
#343=VERTEX_POINT('',#2558);
#344=VERTEX_POINT('',#2560);
#345=VERTEX_POINT('',#2567);
#346=VERTEX_POINT('',#2569);
#347=VERTEX_POINT('',#2573);
#348=VERTEX_POINT('',#2586);
#349=VERTEX_POINT('',#2597);
#350=VERTEX_POINT('',#2599);
#351=EDGE_CURVE('',#269,#270,#201,.T.);
#352=EDGE_CURVE('',#270,#271,#126,.T.);
#353=EDGE_CURVE('',#272,#271,#127,.T.);
#354=EDGE_CURVE('',#272,#269,#128,.T.);
#355=EDGE_CURVE('',#273,#274,#202,.T.);
#356=EDGE_CURVE('',#274,#270,#129,.T.);
#357=EDGE_CURVE('',#269,#273,#130,.T.);
#358=EDGE_CURVE('',#275,#276,#203,.T.);
#359=EDGE_CURVE('',#276,#274,#131,.T.);
#360=EDGE_CURVE('',#273,#275,#132,.T.);
#361=EDGE_CURVE('',#277,#278,#204,.T.);
#362=EDGE_CURVE('',#277,#279,#133,.T.);
#363=EDGE_CURVE('',#280,#279,#134,.T.);
#364=EDGE_CURVE('',#280,#278,#135,.T.);
#365=EDGE_CURVE('',#281,#282,#205,.T.);
#366=EDGE_CURVE('',#282,#283,#136,.T.);
#367=EDGE_CURVE('',#284,#283,#137,.T.);
#368=EDGE_CURVE('',#281,#284,#138,.T.);
#369=EDGE_CURVE('',#285,#286,#206,.T.);
#370=EDGE_CURVE('',#286,#282,#139,.T.);
#371=EDGE_CURVE('',#285,#281,#140,.T.);
#372=EDGE_CURVE('',#287,#288,#207,.T.);
#373=EDGE_CURVE('',#288,#286,#141,.T.);
#374=EDGE_CURVE('',#287,#285,#142,.T.);
#375=EDGE_CURVE('',#289,#290,#208,.T.);
#376=EDGE_CURVE('',#291,#289,#143,.T.);
#377=EDGE_CURVE('',#291,#290,#144,.T.);
#378=EDGE_CURVE('',#292,#293,#209,.T.);
#379=EDGE_CURVE('',#293,#294,#145,.T.);
#380=EDGE_CURVE('',#295,#294,#146,.T.);
#381=EDGE_CURVE('',#295,#292,#147,.T.);
#382=EDGE_CURVE('',#296,#297,#210,.T.);
#383=EDGE_CURVE('',#297,#293,#148,.T.);
#384=EDGE_CURVE('',#292,#296,#149,.T.);
#385=EDGE_CURVE('',#298,#299,#211,.T.);
#386=EDGE_CURVE('',#299,#297,#150,.T.);
#387=EDGE_CURVE('',#296,#298,#151,.T.);
#388=EDGE_CURVE('',#300,#301,#212,.T.);
#389=EDGE_CURVE('',#300,#302,#152,.T.);
#390=EDGE_CURVE('',#303,#302,#153,.T.);
#391=EDGE_CURVE('',#303,#301,#154,.T.);
#392=EDGE_CURVE('',#304,#305,#213,.T.);
#393=EDGE_CURVE('',#305,#306,#155,.T.);
#394=EDGE_CURVE('',#307,#306,#34,.T.);
#395=EDGE_CURVE('',#308,#307,#156,.T.);
#396=EDGE_CURVE('',#304,#308,#157,.T.);
#397=EDGE_CURVE('',#309,#310,#214,.T.);
#398=EDGE_CURVE('',#310,#305,#158,.T.);
#399=EDGE_CURVE('',#309,#304,#159,.T.);
#400=EDGE_CURVE('',#311,#312,#215,.T.);
#401=EDGE_CURVE('',#312,#310,#160,.T.);
#402=EDGE_CURVE('',#311,#309,#161,.T.);
#403=EDGE_CURVE('',#313,#314,#216,.T.);
#404=EDGE_CURVE('',#314,#312,#162,.T.);
#405=EDGE_CURVE('',#313,#311,#163,.T.);
#406=EDGE_CURVE('',#315,#316,#217,.T.);
#407=EDGE_CURVE('',#317,#315,#164,.T.);
#408=EDGE_CURVE('',#318,#317,#165,.T.);
#409=EDGE_CURVE('',#318,#316,#166,.T.);
#410=EDGE_CURVE('',#307,#319,#218,.T.);
#411=EDGE_CURVE('',#306,#319,#167,.T.);
#412=EDGE_CURVE('',#319,#320,#168,.T.);
#413=EDGE_CURVE('',#316,#314,#169,.T.);
#414=EDGE_CURVE('',#321,#318,#170,.T.);
#415=EDGE_CURVE('',#302,#321,#171,.T.);
#416=EDGE_CURVE('',#298,#300,#172,.T.);
#417=EDGE_CURVE('',#320,#295,#173,.T.);
#418=EDGE_CURVE('',#315,#313,#174,.T.);
#419=EDGE_CURVE('',#294,#322,#175,.T.);
#420=EDGE_CURVE('',#301,#299,#176,.T.);
#421=EDGE_CURVE('',#323,#303,#177,.T.);
#422=EDGE_CURVE('',#317,#323,#178,.T.);
#423=EDGE_CURVE('',#322,#308,#179,.T.);
#424=EDGE_CURVE('',#324,#325,#35,.F.);
#425=EDGE_CURVE('',#325,#322,#219,.T.);
#426=EDGE_CURVE('',#320,#326,#220,.T.);
#427=EDGE_CURVE('',#326,#326,#36,.T.);
#428=EDGE_CURVE('',#325,#327,#37,.F.);
#429=EDGE_CURVE('',#327,#328,#180,.F.);
#430=EDGE_CURVE('',#324,#328,#181,.T.);
#431=EDGE_CURVE('',#271,#329,#182,.T.);
#432=EDGE_CURVE('',#329,#330,#221,.T.);
#433=EDGE_CURVE('',#330,#284,#183,.T.);
#434=EDGE_CURVE('',#283,#331,#184,.T.);
#435=EDGE_CURVE('',#331,#332,#222,.T.);
#436=EDGE_CURVE('',#332,#272,#185,.T.);
#437=EDGE_CURVE('',#333,#334,#223,.T.);
#438=EDGE_CURVE('',#335,#334,#38,.T.);
#439=EDGE_CURVE('',#335,#321,#224,.T.);
#440=EDGE_CURVE('',#323,#336,#225,.T.);
#441=EDGE_CURVE('',#336,#336,#39,.T.);
#442=EDGE_CURVE('',#337,#335,#40,.T.);
#443=EDGE_CURVE('',#337,#338,#226,.T.);
#444=EDGE_CURVE('',#339,#338,#186,.T.);
#445=EDGE_CURVE('',#333,#339,#187,.T.);
#446=EDGE_CURVE('',#340,#280,#188,.T.);
#447=EDGE_CURVE('',#279,#291,#189,.T.);
#448=EDGE_CURVE('',#289,#340,#190,.T.);
#449=EDGE_CURVE('',#290,#288,#191,.T.);
#450=EDGE_CURVE('',#340,#287,#192,.T.);
#451=EDGE_CURVE('',#331,#332,#193,.T.);
#452=EDGE_CURVE('',#275,#277,#194,.T.);
#453=EDGE_CURVE('',#329,#330,#195,.T.);
#454=EDGE_CURVE('',#278,#276,#196,.T.);
#455=EDGE_CURVE('',#327,#341,#227,.T.);
#456=EDGE_CURVE('',#342,#341,#197,.F.);
#457=EDGE_CURVE('',#342,#333,#228,.T.);
#458=EDGE_CURVE('',#338,#343,#229,.T.);
#459=EDGE_CURVE('',#343,#344,#198,.T.);
#460=EDGE_CURVE('',#324,#344,#230,.F.);
#461=EDGE_CURVE('',#345,#342,#231,.T.);
#462=EDGE_CURVE('',#346,#345,#17,.T.);
#463=EDGE_CURVE('',#347,#346,#232,.T.);
#464=EDGE_CURVE('',#334,#347,#199,.T.);
#465=EDGE_CURVE('',#348,#337,#200,.T.);
#466=EDGE_CURVE('',#349,#348,#233,.T.);
#467=EDGE_CURVE('',#350,#349,#18,.T.);
#468=EDGE_CURVE('',#343,#350,#234,.T.);
#469=EDGE_CURVE('',#344,#341,#41,.T.);
#470=EDGE_CURVE('',#347,#348,#42,.T.);
#471=EDGE_CURVE('',#349,#346,#43,.T.);
#472=EDGE_CURVE('',#345,#350,#44,.T.);
#473=ORIENTED_EDGE('',*,*,#351,.T.);
#474=ORIENTED_EDGE('',*,*,#352,.T.);
#475=ORIENTED_EDGE('',*,*,#353,.F.);
#476=ORIENTED_EDGE('',*,*,#354,.T.);
#477=ORIENTED_EDGE('',*,*,#355,.T.);
#478=ORIENTED_EDGE('',*,*,#356,.T.);
#479=ORIENTED_EDGE('',*,*,#351,.F.);
#480=ORIENTED_EDGE('',*,*,#357,.T.);
#481=ORIENTED_EDGE('',*,*,#358,.T.);
#482=ORIENTED_EDGE('',*,*,#359,.T.);
#483=ORIENTED_EDGE('',*,*,#355,.F.);
#484=ORIENTED_EDGE('',*,*,#360,.T.);
#485=ORIENTED_EDGE('',*,*,#361,.F.);
#486=ORIENTED_EDGE('',*,*,#362,.T.);
#487=ORIENTED_EDGE('',*,*,#363,.F.);
#488=ORIENTED_EDGE('',*,*,#364,.T.);
#489=ORIENTED_EDGE('',*,*,#365,.T.);
#490=ORIENTED_EDGE('',*,*,#366,.T.);
#491=ORIENTED_EDGE('',*,*,#367,.F.);
#492=ORIENTED_EDGE('',*,*,#368,.F.);
#493=ORIENTED_EDGE('',*,*,#369,.T.);
#494=ORIENTED_EDGE('',*,*,#370,.T.);
#495=ORIENTED_EDGE('',*,*,#365,.F.);
#496=ORIENTED_EDGE('',*,*,#371,.F.);
#497=ORIENTED_EDGE('',*,*,#372,.T.);
#498=ORIENTED_EDGE('',*,*,#373,.T.);
#499=ORIENTED_EDGE('',*,*,#369,.F.);
#500=ORIENTED_EDGE('',*,*,#374,.F.);
#501=ORIENTED_EDGE('',*,*,#375,.F.);
#502=ORIENTED_EDGE('',*,*,#376,.F.);
#503=ORIENTED_EDGE('',*,*,#377,.T.);
#504=ORIENTED_EDGE('',*,*,#378,.T.);
#505=ORIENTED_EDGE('',*,*,#379,.T.);
#506=ORIENTED_EDGE('',*,*,#380,.F.);
#507=ORIENTED_EDGE('',*,*,#381,.T.);
#508=ORIENTED_EDGE('',*,*,#382,.T.);
#509=ORIENTED_EDGE('',*,*,#383,.T.);
#510=ORIENTED_EDGE('',*,*,#378,.F.);
#511=ORIENTED_EDGE('',*,*,#384,.T.);
#512=ORIENTED_EDGE('',*,*,#385,.T.);
#513=ORIENTED_EDGE('',*,*,#386,.T.);
#514=ORIENTED_EDGE('',*,*,#382,.F.);
#515=ORIENTED_EDGE('',*,*,#387,.T.);
#516=ORIENTED_EDGE('',*,*,#388,.F.);
#517=ORIENTED_EDGE('',*,*,#389,.T.);
#518=ORIENTED_EDGE('',*,*,#390,.F.);
#519=ORIENTED_EDGE('',*,*,#391,.T.);
#520=ORIENTED_EDGE('',*,*,#392,.T.);
#521=ORIENTED_EDGE('',*,*,#393,.T.);
#522=ORIENTED_EDGE('',*,*,#394,.F.);
#523=ORIENTED_EDGE('',*,*,#395,.F.);
#524=ORIENTED_EDGE('',*,*,#396,.F.);
#525=ORIENTED_EDGE('',*,*,#397,.T.);
#526=ORIENTED_EDGE('',*,*,#398,.T.);
#527=ORIENTED_EDGE('',*,*,#392,.F.);
#528=ORIENTED_EDGE('',*,*,#399,.F.);
#529=ORIENTED_EDGE('',*,*,#400,.T.);
#530=ORIENTED_EDGE('',*,*,#401,.T.);
#531=ORIENTED_EDGE('',*,*,#397,.F.);
#532=ORIENTED_EDGE('',*,*,#402,.F.);
#533=ORIENTED_EDGE('',*,*,#403,.T.);
#534=ORIENTED_EDGE('',*,*,#404,.T.);
#535=ORIENTED_EDGE('',*,*,#400,.F.);
#536=ORIENTED_EDGE('',*,*,#405,.F.);
#537=ORIENTED_EDGE('',*,*,#406,.F.);
#538=ORIENTED_EDGE('',*,*,#407,.F.);
#539=ORIENTED_EDGE('',*,*,#408,.F.);
#540=ORIENTED_EDGE('',*,*,#409,.T.);
#541=ORIENTED_EDGE('',*,*,#410,.F.);
#542=ORIENTED_EDGE('',*,*,#394,.T.);
#543=ORIENTED_EDGE('',*,*,#411,.T.);
#544=ORIENTED_EDGE('',*,*,#412,.F.);
#545=ORIENTED_EDGE('',*,*,#411,.F.);
#546=ORIENTED_EDGE('',*,*,#393,.F.);
#547=ORIENTED_EDGE('',*,*,#398,.F.);
#548=ORIENTED_EDGE('',*,*,#401,.F.);
#549=ORIENTED_EDGE('',*,*,#404,.F.);
#550=ORIENTED_EDGE('',*,*,#413,.F.);
#551=ORIENTED_EDGE('',*,*,#409,.F.);
#552=ORIENTED_EDGE('',*,*,#414,.F.);
#553=ORIENTED_EDGE('',*,*,#415,.F.);
#554=ORIENTED_EDGE('',*,*,#389,.F.);
#555=ORIENTED_EDGE('',*,*,#416,.F.);
#556=ORIENTED_EDGE('',*,*,#387,.F.);
#557=ORIENTED_EDGE('',*,*,#384,.F.);
#558=ORIENTED_EDGE('',*,*,#381,.F.);
#559=ORIENTED_EDGE('',*,*,#417,.F.);
#560=ORIENTED_EDGE('',*,*,#406,.T.);
#561=ORIENTED_EDGE('',*,*,#413,.T.);
#562=ORIENTED_EDGE('',*,*,#403,.F.);
#563=ORIENTED_EDGE('',*,*,#418,.F.);
#564=ORIENTED_EDGE('',*,*,#419,.F.);
#565=ORIENTED_EDGE('',*,*,#379,.F.);
#566=ORIENTED_EDGE('',*,*,#383,.F.);
#567=ORIENTED_EDGE('',*,*,#386,.F.);
#568=ORIENTED_EDGE('',*,*,#420,.F.);
#569=ORIENTED_EDGE('',*,*,#391,.F.);
#570=ORIENTED_EDGE('',*,*,#421,.F.);
#571=ORIENTED_EDGE('',*,*,#422,.F.);
#572=ORIENTED_EDGE('',*,*,#407,.T.);
#573=ORIENTED_EDGE('',*,*,#418,.T.);
#574=ORIENTED_EDGE('',*,*,#405,.T.);
#575=ORIENTED_EDGE('',*,*,#402,.T.);
#576=ORIENTED_EDGE('',*,*,#399,.T.);
#577=ORIENTED_EDGE('',*,*,#396,.T.);
#578=ORIENTED_EDGE('',*,*,#423,.F.);
#579=ORIENTED_EDGE('',*,*,#424,.T.);
#580=ORIENTED_EDGE('',*,*,#425,.T.);
#581=ORIENTED_EDGE('',*,*,#423,.T.);
#582=ORIENTED_EDGE('',*,*,#395,.T.);
#583=ORIENTED_EDGE('',*,*,#410,.T.);
#584=ORIENTED_EDGE('',*,*,#412,.T.);
#585=ORIENTED_EDGE('',*,*,#426,.T.);
#586=ORIENTED_EDGE('',*,*,#427,.F.);
#587=ORIENTED_EDGE('',*,*,#426,.F.);
#588=ORIENTED_EDGE('',*,*,#417,.T.);
#589=ORIENTED_EDGE('',*,*,#380,.T.);
#590=ORIENTED_EDGE('',*,*,#419,.T.);
#591=ORIENTED_EDGE('',*,*,#425,.F.);
#592=ORIENTED_EDGE('',*,*,#428,.T.);
#593=ORIENTED_EDGE('',*,*,#429,.T.);
#594=ORIENTED_EDGE('',*,*,#430,.F.);
#595=ORIENTED_EDGE('',*,*,#431,.T.);
#596=ORIENTED_EDGE('',*,*,#432,.T.);
#597=ORIENTED_EDGE('',*,*,#433,.T.);
#598=ORIENTED_EDGE('',*,*,#367,.T.);
#599=ORIENTED_EDGE('',*,*,#434,.T.);
#600=ORIENTED_EDGE('',*,*,#435,.T.);
#601=ORIENTED_EDGE('',*,*,#436,.T.);
#602=ORIENTED_EDGE('',*,*,#353,.T.);
#603=ORIENTED_EDGE('',*,*,#388,.T.);
#604=ORIENTED_EDGE('',*,*,#420,.T.);
#605=ORIENTED_EDGE('',*,*,#385,.F.);
#606=ORIENTED_EDGE('',*,*,#416,.T.);
#607=ORIENTED_EDGE('',*,*,#437,.T.);
#608=ORIENTED_EDGE('',*,*,#438,.F.);
#609=ORIENTED_EDGE('',*,*,#439,.T.);
#610=ORIENTED_EDGE('',*,*,#414,.T.);
#611=ORIENTED_EDGE('',*,*,#408,.T.);
#612=ORIENTED_EDGE('',*,*,#422,.T.);
#613=ORIENTED_EDGE('',*,*,#440,.T.);
#614=ORIENTED_EDGE('',*,*,#441,.T.);
#615=ORIENTED_EDGE('',*,*,#440,.F.);
#616=ORIENTED_EDGE('',*,*,#421,.T.);
#617=ORIENTED_EDGE('',*,*,#390,.T.);
#618=ORIENTED_EDGE('',*,*,#415,.T.);
#619=ORIENTED_EDGE('',*,*,#439,.F.);
#620=ORIENTED_EDGE('',*,*,#442,.F.);
#621=ORIENTED_EDGE('',*,*,#443,.T.);
#622=ORIENTED_EDGE('',*,*,#444,.F.);
#623=ORIENTED_EDGE('',*,*,#445,.F.);
#624=ORIENTED_EDGE('',*,*,#446,.T.);
#625=ORIENTED_EDGE('',*,*,#363,.T.);
#626=ORIENTED_EDGE('',*,*,#447,.T.);
#627=ORIENTED_EDGE('',*,*,#376,.T.);
#628=ORIENTED_EDGE('',*,*,#448,.T.);
#629=ORIENTED_EDGE('',*,*,#375,.T.);
#630=ORIENTED_EDGE('',*,*,#449,.T.);
#631=ORIENTED_EDGE('',*,*,#372,.F.);
#632=ORIENTED_EDGE('',*,*,#450,.F.);
#633=ORIENTED_EDGE('',*,*,#448,.F.);
#634=ORIENTED_EDGE('',*,*,#435,.F.);
#635=ORIENTED_EDGE('',*,*,#451,.T.);
#636=ORIENTED_EDGE('',*,*,#434,.F.);
#637=ORIENTED_EDGE('',*,*,#366,.F.);
#638=ORIENTED_EDGE('',*,*,#370,.F.);
#639=ORIENTED_EDGE('',*,*,#373,.F.);
#640=ORIENTED_EDGE('',*,*,#449,.F.);
#641=ORIENTED_EDGE('',*,*,#377,.F.);
#642=ORIENTED_EDGE('',*,*,#447,.F.);
#643=ORIENTED_EDGE('',*,*,#362,.F.);
#644=ORIENTED_EDGE('',*,*,#452,.F.);
#645=ORIENTED_EDGE('',*,*,#360,.F.);
#646=ORIENTED_EDGE('',*,*,#357,.F.);
#647=ORIENTED_EDGE('',*,*,#354,.F.);
#648=ORIENTED_EDGE('',*,*,#436,.F.);
#649=ORIENTED_EDGE('',*,*,#451,.F.);
#650=ORIENTED_EDGE('',*,*,#432,.F.);
#651=ORIENTED_EDGE('',*,*,#453,.T.);
#652=ORIENTED_EDGE('',*,*,#433,.F.);
#653=ORIENTED_EDGE('',*,*,#453,.F.);
#654=ORIENTED_EDGE('',*,*,#431,.F.);
#655=ORIENTED_EDGE('',*,*,#352,.F.);
#656=ORIENTED_EDGE('',*,*,#356,.F.);
#657=ORIENTED_EDGE('',*,*,#359,.F.);
#658=ORIENTED_EDGE('',*,*,#454,.F.);
#659=ORIENTED_EDGE('',*,*,#364,.F.);
#660=ORIENTED_EDGE('',*,*,#446,.F.);
#661=ORIENTED_EDGE('',*,*,#450,.T.);
#662=ORIENTED_EDGE('',*,*,#374,.T.);
#663=ORIENTED_EDGE('',*,*,#371,.T.);
#664=ORIENTED_EDGE('',*,*,#368,.T.);
#665=ORIENTED_EDGE('',*,*,#361,.T.);
#666=ORIENTED_EDGE('',*,*,#454,.T.);
#667=ORIENTED_EDGE('',*,*,#358,.F.);
#668=ORIENTED_EDGE('',*,*,#452,.T.);
#669=ORIENTED_EDGE('',*,*,#429,.F.);
#670=ORIENTED_EDGE('',*,*,#455,.T.);
#671=ORIENTED_EDGE('',*,*,#456,.F.);
#672=ORIENTED_EDGE('',*,*,#457,.T.);
#673=ORIENTED_EDGE('',*,*,#445,.T.);
#674=ORIENTED_EDGE('',*,*,#444,.T.);
#675=ORIENTED_EDGE('',*,*,#458,.T.);
#676=ORIENTED_EDGE('',*,*,#459,.T.);
#677=ORIENTED_EDGE('',*,*,#460,.F.);
#678=ORIENTED_EDGE('',*,*,#430,.T.);
#679=ORIENTED_EDGE('',*,*,#457,.F.);
#680=ORIENTED_EDGE('',*,*,#461,.F.);
#681=ORIENTED_EDGE('',*,*,#462,.F.);
#682=ORIENTED_EDGE('',*,*,#463,.F.);
#683=ORIENTED_EDGE('',*,*,#464,.F.);
#684=ORIENTED_EDGE('',*,*,#437,.F.);
#685=ORIENTED_EDGE('',*,*,#458,.F.);
#686=ORIENTED_EDGE('',*,*,#443,.F.);
#687=ORIENTED_EDGE('',*,*,#465,.F.);
#688=ORIENTED_EDGE('',*,*,#466,.F.);
#689=ORIENTED_EDGE('',*,*,#467,.F.);
#690=ORIENTED_EDGE('',*,*,#468,.F.);
#691=ORIENTED_EDGE('',*,*,#424,.F.);
#692=ORIENTED_EDGE('',*,*,#460,.T.);
#693=ORIENTED_EDGE('',*,*,#469,.T.);
#694=ORIENTED_EDGE('',*,*,#455,.F.);
#695=ORIENTED_EDGE('',*,*,#428,.F.);
#696=ORIENTED_EDGE('',*,*,#464,.T.);
#697=ORIENTED_EDGE('',*,*,#470,.T.);
#698=ORIENTED_EDGE('',*,*,#465,.T.);
#699=ORIENTED_EDGE('',*,*,#442,.T.);
#700=ORIENTED_EDGE('',*,*,#438,.T.);
#701=ORIENTED_EDGE('',*,*,#463,.T.);
#702=ORIENTED_EDGE('',*,*,#471,.F.);
#703=ORIENTED_EDGE('',*,*,#466,.T.);
#704=ORIENTED_EDGE('',*,*,#470,.F.);
#705=ORIENTED_EDGE('',*,*,#462,.T.);
#706=ORIENTED_EDGE('',*,*,#472,.T.);
#707=ORIENTED_EDGE('',*,*,#467,.T.);
#708=ORIENTED_EDGE('',*,*,#471,.T.);
#709=ORIENTED_EDGE('',*,*,#461,.T.);
#710=ORIENTED_EDGE('',*,*,#456,.T.);
#711=ORIENTED_EDGE('',*,*,#469,.F.);
#712=ORIENTED_EDGE('',*,*,#459,.F.);
#713=ORIENTED_EDGE('',*,*,#468,.T.);
#714=ORIENTED_EDGE('',*,*,#472,.F.);
#715=ORIENTED_EDGE('',*,*,#441,.F.);
#716=ORIENTED_EDGE('',*,*,#427,.T.);
#717=CYLINDRICAL_SURFACE('',#795,0.10075);
#718=CYLINDRICAL_SURFACE('',#796,0.10075);
#719=CYLINDRICAL_SURFACE('',#797,0.10075);
#720=CYLINDRICAL_SURFACE('',#798,0.10075);
#721=CYLINDRICAL_SURFACE('',#799,0.125);
#722=CYLINDRICAL_SURFACE('',#800,0.125);
#723=CYLINDRICAL_SURFACE('',#801,0.125);
#724=CYLINDRICAL_SURFACE('',#802,0.125);
#725=CYLINDRICAL_SURFACE('',#803,0.07525);
#726=CYLINDRICAL_SURFACE('',#804,0.07525);
#727=CYLINDRICAL_SURFACE('',#805,0.07525);
#728=CYLINDRICAL_SURFACE('',#806,0.07525);
#729=CYLINDRICAL_SURFACE('',#807,0.095);
#730=CYLINDRICAL_SURFACE('',#809,0.095);
#731=CYLINDRICAL_SURFACE('',#810,0.095);
#732=CYLINDRICAL_SURFACE('',#811,0.095);
#733=CYLINDRICAL_SURFACE('',#812,0.095);
#734=CYLINDRICAL_SURFACE('',#814,0.095);
#735=CYLINDRICAL_SURFACE('',#815,0.434);
#736=CYLINDRICAL_SURFACE('',#819,0.07525);
#737=CYLINDRICAL_SURFACE('',#820,0.619);
#738=CYLINDRICAL_SURFACE('',#824,0.125);
#739=CYLINDRICAL_SURFACE('',#827,0.10075);
#740=CYLINDRICAL_SURFACE('',#828,0.139);
#741=CYLINDRICAL_SURFACE('',#839,0.3775);
#742=ADVANCED_FACE('',(#45),#717,.F.);
#743=ADVANCED_FACE('',(#46),#718,.F.);
#744=ADVANCED_FACE('',(#47),#719,.F.);
#745=ADVANCED_FACE('',(#48),#720,.F.);
#746=ADVANCED_FACE('',(#49),#721,.F.);
#747=ADVANCED_FACE('',(#50),#722,.F.);
#748=ADVANCED_FACE('',(#51),#723,.F.);
#749=ADVANCED_FACE('',(#52),#724,.F.);
#750=ADVANCED_FACE('',(#53),#725,.F.);
#751=ADVANCED_FACE('',(#54),#726,.F.);
#752=ADVANCED_FACE('',(#55),#727,.F.);
#753=ADVANCED_FACE('',(#56),#728,.F.);
#754=ADVANCED_FACE('',(#57),#729,.F.);
#755=ADVANCED_FACE('',(#58),#730,.F.);
#756=ADVANCED_FACE('',(#59),#731,.F.);
#757=ADVANCED_FACE('',(#60),#732,.F.);
#758=ADVANCED_FACE('',(#61),#733,.F.);
#759=ADVANCED_FACE('',(#62),#26,.T.);
#760=ADVANCED_FACE('',(#63),#22,.F.);
#761=ADVANCED_FACE('',(#64),#734,.F.);
#762=ADVANCED_FACE('',(#65),#23,.F.);
#763=ADVANCED_FACE('',(#66,#19),#735,.F.);
#764=ADVANCED_FACE('',(#67),#736,.F.);
#765=ADVANCED_FACE('',(#68,#20),#737,.T.);
#766=ADVANCED_FACE('',(#69),#738,.F.);
#767=ADVANCED_FACE('',(#70),#27,.T.);
#768=ADVANCED_FACE('',(#71),#24,.F.);
#769=ADVANCED_FACE('',(#72),#28,.T.);
#770=ADVANCED_FACE('',(#73),#25,.F.);
#771=ADVANCED_FACE('',(#74),#739,.F.);
#772=ADVANCED_FACE('',(#75),#740,.F.);
#773=ADVANCED_FACE('',(#76),#29,.F.);
#774=ADVANCED_FACE('',(#77),#30,.F.);
#775=ADVANCED_FACE('',(#78),#31,.T.);
#776=ADVANCED_FACE('',(#79),#16,.T.);
#777=ADVANCED_FACE('',(#80),#32,.T.);
#778=ADVANCED_FACE('',(#81),#15,.F.);
#779=ADVANCED_FACE('',(#82),#741,.F.);
#780=ADVANCED_FACE('',(#83,#21),#33,.T.);
#781=CLOSED_SHELL('',(#742,#743,#744,#745,#746,#747,#748,#749,#750,#751,
#752,#753,#754,#755,#756,#757,#758,#759,#760,#761,#762,#763,#764,#765,#766,
#767,#768,#769,#770,#771,#772,#773,#774,#775,#776,#777,#778,#779,#780));
#782=DERIVED_UNIT_ELEMENT(#784,1.);
#783=DERIVED_UNIT_ELEMENT(#2621,-3.);
#784=(
MASS_UNIT()
NAMED_UNIT(*)
SI_UNIT(.KILO.,.GRAM.)
);
#785=DERIVED_UNIT((#782,#783));
#786=MEASURE_REPRESENTATION_ITEM('density measure',
POSITIVE_RATIO_MEASURE(7850.),#785);
#787=PROPERTY_DEFINITION_REPRESENTATION(#792,#789);
#788=PROPERTY_DEFINITION_REPRESENTATION(#793,#790);
#789=REPRESENTATION('material name',(#791),#2616);
#790=REPRESENTATION('density',(#786),#2616);
#791=DESCRIPTIVE_REPRESENTATION_ITEM('Steel','Steel');
#792=PROPERTY_DEFINITION('material property','material name',#2629);
#793=PROPERTY_DEFINITION('material property','density of part',#2629);
#794=AXIS2_PLACEMENT_3D('',#969,#841,#842);
#795=AXIS2_PLACEMENT_3D('',#970,#843,#844);
#796=AXIS2_PLACEMENT_3D('',#995,#846,#847);
#797=AXIS2_PLACEMENT_3D('',#1046,#849,#850);
#798=AXIS2_PLACEMENT_3D('',#1097,#852,#853);
#799=AXIS2_PLACEMENT_3D('',#1151,#855,#856);
#800=AXIS2_PLACEMENT_3D('',#1178,#858,#859);
#801=AXIS2_PLACEMENT_3D('',#1204,#861,#862);
#802=AXIS2_PLACEMENT_3D('',#1228,#864,#865);
#803=AXIS2_PLACEMENT_3D('',#1251,#867,#868);
#804=AXIS2_PLACEMENT_3D('',#1306,#870,#871);
#805=AXIS2_PLACEMENT_3D('',#1357,#873,#874);
#806=AXIS2_PLACEMENT_3D('',#1405,#876,#877);
#807=AXIS2_PLACEMENT_3D('',#1457,#879,#880);
#808=AXIS2_PLACEMENT_3D('',#1468,#882,#883);
#809=AXIS2_PLACEMENT_3D('',#1482,#884,#885);
#810=AXIS2_PLACEMENT_3D('',#1508,#887,#888);
#811=AXIS2_PLACEMENT_3D('',#1532,#890,#891);
#812=AXIS2_PLACEMENT_3D('',#1556,#893,#894);
#813=AXIS2_PLACEMENT_3D('',#1577,#896,#897);
#814=AXIS2_PLACEMENT_3D('',#1836,#899,#900);
#815=AXIS2_PLACEMENT_3D('',#2032,#901,#902);
#816=AXIS2_PLACEMENT_3D('',#2035,#903,#904);
#817=AXIS2_PLACEMENT_3D('',#2039,#907,#908);
#818=AXIS2_PLACEMENT_3D('',#2041,#909,#910);
#819=AXIS2_PLACEMENT_3D('',#2137,#913,#914);
#820=AXIS2_PLACEMENT_3D('',#2138,#915,#916);
#821=AXIS2_PLACEMENT_3D('',#2143,#918,#919);
#822=AXIS2_PLACEMENT_3D('',#2147,#922,#923);
#823=AXIS2_PLACEMENT_3D('',#2149,#924,#925);
#824=AXIS2_PLACEMENT_3D('',#2201,#927,#928);
#825=AXIS2_PLACEMENT_3D('',#2223,#929,#930);
#826=AXIS2_PLACEMENT_3D('',#2390,#931,#932);
#827=AXIS2_PLACEMENT_3D('',#2548,#933,#934);
#828=AXIS2_PLACEMENT_3D('',#2549,#935,#936);
#829=AXIS2_PLACEMENT_3D('',#2566,#941,#942);
#830=AXIS2_PLACEMENT_3D('',#2585,#945,#946);
#831=AXIS2_PLACEMENT_3D('',#2604,#949,#950);
#832=AXIS2_PLACEMENT_3D('',#2605,#951,#952);
#833=AXIS2_PLACEMENT_3D('',#2606,#953,#954);
#834=AXIS2_PLACEMENT_3D('',#2607,#955,#956);
#835=AXIS2_PLACEMENT_3D('',#2608,#957,#958);
#836=AXIS2_PLACEMENT_3D('',#2609,#959,#960);
#837=AXIS2_PLACEMENT_3D('',#2610,#961,#962);
#838=AXIS2_PLACEMENT_3D('',#2611,#963,#964);
#839=AXIS2_PLACEMENT_3D('',#2612,#965,#966);
#840=AXIS2_PLACEMENT_3D('',#2613,#967,#968);
#841=DIRECTION('axis',(0.,0.,1.));
#842=DIRECTION('refdir',(1.,0.,0.));
#843=DIRECTION('center_axis',(0.,0.,-1.));
#844=DIRECTION('ref_axis',(-0.859215175413977,0.51161438832223,0.));
#845=DIRECTION('',(0.,0.,-1.));
#846=DIRECTION('center_axis',(0.,0.,-1.));
#847=DIRECTION('ref_axis',(1.,0.,0.));
#848=DIRECTION('',(0.,0.,-1.));
#849=DIRECTION('center_axis',(0.,0.,-1.));
#850=DIRECTION('ref_axis',(1.,0.,0.));
#851=DIRECTION('',(0.,0.,-1.));
#852=DIRECTION('center_axis',(0.,0.,-1.));
#853=DIRECTION('ref_axis',(0.848695382278383,-0.528881979367183,0.));
#854=DIRECTION('',(0.,0.,-1.));
#855=DIRECTION('center_axis',(0.,0.,-1.));
#856=DIRECTION('ref_axis',(0.489866619549007,0.87179739334987,0.));
#857=DIRECTION('',(1.22464679914735E-16,-5.2887390905064E-31,-1.));
#858=DIRECTION('center_axis',(0.,0.,-1.));
#859=DIRECTION('ref_axis',(1.,-4.19611851826831E-15,0.));
#860=DIRECTION('',(1.22464679914735E-16,-5.2887390905064E-31,-1.));
#861=DIRECTION('center_axis',(0.,0.,-1.));
#862=DIRECTION('ref_axis',(1.,-4.19611851826831E-15,0.));
#863=DIRECTION('',(1.22464679914735E-16,-5.2887390905064E-31,-1.));
#864=DIRECTION('center_axis',(0.,0.,-1.));
#865=DIRECTION('ref_axis',(-0.618106706125939,-0.786094205450048,0.));
#866=DIRECTION('',(1.22464679914735E-16,-5.2887390905064E-31,-1.));
#867=DIRECTION('center_axis',(-1.,0.,0.));
#868=DIRECTION('ref_axis',(0.,0.947888410784768,0.3186025120741));
#869=DIRECTION('',(-1.,0.,0.));
#870=DIRECTION('center_axis',(-1.,0.,0.));
#871=DIRECTION('ref_axis',(0.,1.,0.));
#872=DIRECTION('',(-1.,0.,0.));
#873=DIRECTION('center_axis',(-1.,0.,0.));
#874=DIRECTION('ref_axis',(0.,1.,0.));
#875=DIRECTION('',(-1.,0.,0.));
#876=DIRECTION('center_axis',(-1.,0.,0.));
#877=DIRECTION('ref_axis',(0.,0.808518546981477,-0.588470695266095));
#878=DIRECTION('',(-1.,0.,0.));
#879=DIRECTION('center_axis',(-1.,0.,0.));
#880=DIRECTION('ref_axis',(0.,-0.363012540047984,0.931784253874206));
#881=DIRECTION('',(-1.,1.22464679914735E-16,1.24885945633287E-30));
#882=DIRECTION('center_axis',(1.,0.,0.));
#883=DIRECTION('ref_axis',(0.,1.,1.03201760298515E-14));
#884=DIRECTION('center_axis',(-1.,0.,0.));
#885=DIRECTION('ref_axis',(0.,1.,1.03201760298515E-14));
#886=DIRECTION('',(-1.,1.22464679914735E-16,1.24885945633287E-30));
#887=DIRECTION('center_axis',(-1.,0.,0.));
#888=DIRECTION('ref_axis',(0.,1.,1.03201760298515E-14));
#889=DIRECTION('',(-1.,1.22464679914735E-16,1.24885945633287E-30));
#890=DIRECTION('center_axis',(-1.,0.,0.));
#891=DIRECTION('ref_axis',(0.,1.,1.03201760298515E-14));
#892=DIRECTION('',(-1.,1.22464679914735E-16,1.24885945633287E-30));
#893=DIRECTION('center_axis',(-1.,0.,0.));
#894=DIRECTION('ref_axis',(0.,-0.842055502398112,-0.539390888763485));
#895=DIRECTION('',(-1.,1.22464679914735E-16,1.24885945633287E-30));
#896=DIRECTION('center_axis',(1.,0.,0.));
#897=DIRECTION('ref_axis',(0.,0.,-1.));
#898=DIRECTION('',(0.,-1.,0.));
#899=DIRECTION('center_axis',(-1.,0.,0.));
#900=DIRECTION('ref_axis',(0.,1.,1.03201760298515E-14));
#901=DIRECTION('center_axis',(0.,1.,0.));
#902=DIRECTION('ref_axis',(-1.,0.,0.));
#903=DIRECTION('center_axis',(0.,-1.,0.));
#904=DIRECTION('ref_axis',(-1.,0.,0.));
#905=DIRECTION('',(0.,-1.,0.));
#906=DIRECTION('',(0.,-1.,0.));
#907=DIRECTION('center_axis',(0.,1.,0.));
#908=DIRECTION('ref_axis',(1.,0.,0.));
#909=DIRECTION('center_axis',(0.,-1.,0.));
#910=DIRECTION('ref_axis',(-1.,0.,0.));
#911=DIRECTION('',(0.,-1.,0.));
#912=DIRECTION('',(0.,1.,0.));
#913=DIRECTION('center_axis',(-1.,0.,0.));
#914=DIRECTION('ref_axis',(0.,1.,0.));
#915=DIRECTION('center_axis',(0.,1.,0.));
#916=DIRECTION('ref_axis',(-1.,0.,0.));
#917=DIRECTION('',(0.,1.,0.));
#918=DIRECTION('center_axis',(0.,1.,0.));
#919=DIRECTION('ref_axis',(1.,0.,0.));
#920=DIRECTION('',(0.,-1.,0.));
#921=DIRECTION('',(0.,-1.,0.));
#922=DIRECTION('center_axis',(0.,1.,0.));
#923=DIRECTION('ref_axis',(1.,0.,0.));
#924=DIRECTION('center_axis',(0.,1.,0.));
#925=DIRECTION('ref_axis',(1.,0.,0.));
#926=DIRECTION('',(0.,-1.,0.));
#927=DIRECTION('center_axis',(0.,0.,-1.));
#928=DIRECTION('ref_axis',(1.,-4.19611851826831E-15,0.));
#929=DIRECTION('center_axis',(0.,0.,1.));
#930=DIRECTION('ref_axis',(1.,0.,0.));
#931=DIRECTION('center_axis',(0.,0.,1.));
#932=DIRECTION('ref_axis',(1.,0.,0.));
#933=DIRECTION('center_axis',(0.,0.,-1.));
#934=DIRECTION('ref_axis',(1.,0.,0.));
#935=DIRECTION('center_axis',(0.,0.,1.));
#936=DIRECTION('ref_axis',(-0.707106781186547,-0.707106781186548,0.));
#937=DIRECTION('',(0.,0.,-1.));
#938=DIRECTION('',(0.,0.,1.));
#939=DIRECTION('',(0.,0.,-1.));
#940=DIRECTION('',(0.,0.,1.));
#941=DIRECTION('center_axis',(-1.,0.,0.));
#942=DIRECTION('ref_axis',(0.,-1.,0.));
#943=DIRECTION('',(0.,-1.,0.));
#944=DIRECTION('',(0.,0.,-1.));
#945=DIRECTION('center_axis',(1.,0.,0.));
#946=DIRECTION('ref_axis',(0.,1.,0.));
#947=DIRECTION('',(0.,0.,1.));
#948=DIRECTION('',(0.,1.,0.));
#949=DIRECTION('center_axis',(0.,-1.,0.));
#950=DIRECTION('ref_axis',(0.,0.,-1.));
#951=DIRECTION('center_axis',(0.,1.,0.));
#952=DIRECTION('ref_axis',(1.,0.,0.));
#953=DIRECTION('center_axis',(0.,1.,0.));
#954=DIRECTION('ref_axis',(-1.22464679914735E-16,0.,-1.));
#955=DIRECTION('center_axis',(0.,-1.,0.));
#956=DIRECTION('ref_axis',(1.,0.,0.));
#957=DIRECTION('center_axis',(0.,1.,0.));
#958=DIRECTION('ref_axis',(0.,0.,1.));
#959=DIRECTION('center_axis',(0.,1.,0.));
#960=DIRECTION('ref_axis',(1.,0.,0.));
#961=DIRECTION('center_axis',(0.,1.,0.));
#962=DIRECTION('ref_axis',(-1.83697019872103E-16,0.,-1.));
#963=DIRECTION('center_axis',(0.,-1.,0.));
#964=DIRECTION('ref_axis',(1.,0.,0.));
#965=DIRECTION('center_axis',(0.,1.,0.));
#966=DIRECTION('ref_axis',(-6.12323399573677E-17,0.,-1.));
#967=DIRECTION('center_axis',(0.,-1.,0.));
#968=DIRECTION('ref_axis',(0.,0.,-1.));
#969=CARTESIAN_POINT('',(0.,0.,0.));
#970=CARTESIAN_POINT('Origin',(0.,0.29,0.495577842197366));
#971=CARTESIAN_POINT('',(-0.100880028785833,0.28996202137839,0.439890942045848));
#972=CARTESIAN_POINT('',(-0.10057332746219,0.289965803574613,0.426264742348883));
#973=CARTESIAN_POINT('',(-0.10075,0.29,0.495577842197366));
#974=CARTESIAN_POINT('',(-0.0948077097448774,0.324089011028938,0.423518002182825));
#975=CARTESIAN_POINT('Ctrl Pts',(-0.10057332746219,0.289965803574613,0.426264742348883));
#976=CARTESIAN_POINT('Ctrl Pts',(-0.100620269161228,0.301575031963259,0.425349162293531));
#977=CARTESIAN_POINT('Ctrl Pts',(-0.0987298271480147,0.313180892631889,
0.424433582238178));
#978=CARTESIAN_POINT('Ctrl Pts',(-0.0948077097448774,0.324089011028938,
0.423518002182825));
#979=CARTESIAN_POINT('',(-0.048002118282716,0.378597972905059,0.431340328587972));
#980=CARTESIAN_POINT('Ctrl Pts',(-0.0479741694416948,0.378594816814414,
0.431340328587972));
#981=CARTESIAN_POINT('Ctrl Pts',(-0.05670590177989,0.373866576249398,0.430369175234231));
#982=CARTESIAN_POINT('Ctrl Pts',(-0.0646205681501848,0.367861448258904,
0.429214662044977));
#983=CARTESIAN_POINT('Ctrl Pts',(-0.0801604881584748,0.352321528250615,
0.426628710122682));
#984=CARTESIAN_POINT('Ctrl Pts',(-0.0879062187283279,0.34102373976537,0.425036792606502));
#985=CARTESIAN_POINT('Ctrl Pts',(-0.0936749792776489,0.327123893299995,
0.42377045937776));
#986=CARTESIAN_POINT('Ctrl Pts',(-0.0942598531801908,0.325612699296766,
0.423640644020713));
#987=CARTESIAN_POINT('Ctrl Pts',(-0.0948077097448773,0.324089011028938,
0.423518002182825));
#988=CARTESIAN_POINT('Ctrl Pts',(-0.0480677721147736,0.378605386788337,
0.431340328587972));
#989=CARTESIAN_POINT('Ctrl Pts',(-0.0531184582480089,0.375922582362955,
0.43179267530355));
#990=CARTESIAN_POINT('Ctrl Pts',(-0.0579271370029971,0.372808992337219,
0.432245022019128));
#991=CARTESIAN_POINT('Ctrl Pts',(-0.0624084689319697,0.36928031389037,0.432697368734706));
#992=CARTESIAN_POINT('Ctrl Pts',(-0.0861636907949305,0.350575040387642,
0.435095226505087));
#993=CARTESIAN_POINT('Ctrl Pts',(-0.10072051691859,0.320205845744551,0.437493084275467));
#994=CARTESIAN_POINT('Ctrl Pts',(-0.100880028785833,0.28996202137839,0.439890942045848));
#995=CARTESIAN_POINT('Origin',(0.,0.29,0.495577842197366));
#996=CARTESIAN_POINT('',(-0.100659150571352,0.290068197568984,0.489890942045848));
#997=CARTESIAN_POINT('',(-0.100848054622975,0.289947535853428,0.476264742348883));
#998=CARTESIAN_POINT('',(-0.10075,0.29,0.495577842197366));
#999=CARTESIAN_POINT('Ctrl Pts',(-0.100848054622975,0.289947535853428,0.476264742348883));
#1000=CARTESIAN_POINT('Ctrl Pts',(-0.10066049291097,0.318504947231979,0.474002859039497));
#1001=CARTESIAN_POINT('Ctrl Pts',(-0.087861848994752,0.347209172278393,
0.47174097573011));
#1002=CARTESIAN_POINT('Ctrl Pts',(-0.0663812177487986,0.365977591318432,
0.469479092420723));
#1003=CARTESIAN_POINT('Ctrl Pts',(-0.0421321715627415,0.387164876502471,
0.466925698518617));
#1004=CARTESIAN_POINT('Ctrl Pts',(-0.00681906875487588,0.395690277251211,
0.464372304616512));
#1005=CARTESIAN_POINT('Ctrl Pts',(0.0244244942662698,0.387892917172807,
0.461818910714406));
#1006=CARTESIAN_POINT('Ctrl Pts',(0.0556680572874155,0.380095557094403,
0.459265516812301));
#1007=CARTESIAN_POINT('Ctrl Pts',(0.0828420805218412,0.355975436188856,
0.456712122910196));
#1008=CARTESIAN_POINT('Ctrl Pts',(0.0942948984566949,0.325884251331313,
0.45415872900809));
#1009=CARTESIAN_POINT('Ctrl Pts',(0.105747716391548,0.29579306647377,0.451605335105985));
#1010=CARTESIAN_POINT('Ctrl Pts',(0.10147932902683,0.259730817664231,0.449051941203879));
#1011=CARTESIAN_POINT('Ctrl Pts',(0.0833280615769416,0.233127738537894,
0.446498547301774));
#1012=CARTESIAN_POINT('Ctrl Pts',(0.0651767941270531,0.206524659411556,
0.443945153399668));
#1013=CARTESIAN_POINT('Ctrl Pts',(0.0331426465919943,0.18938074996842,0.441391759497563));
#1014=CARTESIAN_POINT('Ctrl Pts',(0.000937640019867967,0.189098156423147,
0.438838365595457));
#1015=CARTESIAN_POINT('Ctrl Pts',(-0.0312673665522586,0.188815562877875,
0.436284971693352));
#1016=CARTESIAN_POINT('Ctrl Pts',(-0.0636432321614529,0.205394285230467,
0.433731577791246));
#1017=CARTESIAN_POINT('Ctrl Pts',(-0.0822628441766111,0.231607434912517,
0.431178183889141));
#1018=CARTESIAN_POINT('Ctrl Pts',(-0.0942059518790456,0.248421236919663,
0.429540370042388));
#1019=CARTESIAN_POINT('Ctrl Pts',(-0.100489356907975,0.269198908431067,
0.427902556195636));
#1020=CARTESIAN_POINT('Ctrl Pts',(-0.10057332746219,0.289965803574613,0.426264742348883));
#1021=CARTESIAN_POINT('Ctrl Pts',(-0.100880028785833,0.28996202137839,0.439890942045848));
#1022=CARTESIAN_POINT('Ctrl Pts',(-0.100893265539324,0.287452301852899,
0.440089923179742));
#1023=CARTESIAN_POINT('Ctrl Pts',(-0.100807360116387,0.284943445646905,
0.440288904313636));
#1024=CARTESIAN_POINT('Ctrl Pts',(-0.100619341682531,0.282442189552578,
0.44048788544753));
#1025=CARTESIAN_POINT('Ctrl Pts',(-0.0981655734573656,0.249799099184238,
0.443084724351805));
#1026=CARTESIAN_POINT('Ctrl Pts',(-0.0783198945231765,0.218450461523681,
0.44568156325608));
#1027=CARTESIAN_POINT('Ctrl Pts',(-0.0498561861842354,0.202271912856803,
0.448278402160354));
#1028=CARTESIAN_POINT('Ctrl Pts',(-0.0213924778452943,0.186093364189925,
0.450875241064629));
#1029=CARTESIAN_POINT('Ctrl Pts',(0.0156892598983986,0.185084904516725,
0.453472079968904));
#1030=CARTESIAN_POINT('Ctrl Pts',(0.0449935969652891,0.199684694153962,
0.456068918873178));
#1031=CARTESIAN_POINT('Ctrl Pts',(0.0742979340321793,0.214284483791198,
0.458665757777453));
#1032=CARTESIAN_POINT('Ctrl Pts',(0.0958248704222671,0.244492522738869,
0.461262596681728));
#1033=CARTESIAN_POINT('Ctrl Pts',(0.100056745032285,0.276956671176106,0.463859435586002));
#1034=CARTESIAN_POINT('Ctrl Pts',(0.104288619642303,0.309420819613343,0.466456274490277));
#1035=CARTESIAN_POINT('Ctrl Pts',(0.0912254324722512,0.344141077540145,
0.469053113394552));
#1036=CARTESIAN_POINT('Ctrl Pts',(0.0666428002365651,0.365764443967769,
0.471649952298826));
#1037=CARTESIAN_POINT('Ctrl Pts',(0.0420601680008789,0.387387810395394,
0.474246791203101));
#1038=CARTESIAN_POINT('Ctrl Pts',(0.00595809069955847,0.395914285323841,
0.476843630107375));
#1039=CARTESIAN_POINT('Ctrl Pts',(-0.0257014049328954,0.387575004477045,
0.47944046901165));
#1040=CARTESIAN_POINT('Ctrl Pts',(-0.0573609005653492,0.379235723630248,
0.482037307915925));
#1041=CARTESIAN_POINT('Ctrl Pts',(-0.0845778145289364,0.354030687008209,
0.4846341468202));
#1042=CARTESIAN_POINT('Ctrl Pts',(-0.0953186135443382,0.32310342546703,
0.487230985724474));
#1043=CARTESIAN_POINT('Ctrl Pts',(-0.0989858999761344,0.312543770970196,
0.488117637831599));
#1044=CARTESIAN_POINT('Ctrl Pts',(-0.100732434397245,0.301317031116553,
0.489004289938723));
#1045=CARTESIAN_POINT('Ctrl Pts',(-0.100659150571352,0.290068197568984,
0.489890942045848));
#1046=CARTESIAN_POINT('Origin',(0.,0.29,0.495577842197366));
#1047=CARTESIAN_POINT('',(-0.100743952694301,0.289916615829085,0.539890942045848));
#1048=CARTESIAN_POINT('',(-0.100627589973978,0.290038062655225,0.526264742348883));
#1049=CARTESIAN_POINT('',(-0.10075,0.29,0.495577842197366));
#1050=CARTESIAN_POINT('Ctrl Pts',(-0.100627589973978,0.290038062655225,
0.526264742348883));
#1051=CARTESIAN_POINT('Ctrl Pts',(-0.100676543598851,0.30343105237561,0.525209949687568));
#1052=CARTESIAN_POINT('Ctrl Pts',(-0.0981712839455169,0.316806487091168,
0.524155157026253));
#1053=CARTESIAN_POINT('Ctrl Pts',(-0.0930200888744794,0.329070568315804,
0.523100364364938));
#1054=CARTESIAN_POINT('Ctrl Pts',(-0.0805503111017168,0.358758896043512,
0.520546970462832));
#1055=CARTESIAN_POINT('Ctrl Pts',(-0.0525752154464918,0.381934635050708,
0.517993576560727));
#1056=CARTESIAN_POINT('Ctrl Pts',(-0.0210854605238041,0.388664301630096,
0.515440182658621));
#1057=CARTESIAN_POINT('Ctrl Pts',(0.0104042943988837,0.395393968209483,
0.512886788756516));
#1058=CARTESIAN_POINT('Ctrl Pts',(0.0454087085890343,0.385677562361064,
0.51033339485441));
#1059=CARTESIAN_POINT('Ctrl Pts',(0.0689243287681494,0.36367960174642,0.507780000952305));
#1060=CARTESIAN_POINT('Ctrl Pts',(0.0924399489472644,0.341681641131776,
0.505226607050199));
#1061=CARTESIAN_POINT('Ctrl Pts',(0.104466775115344,0.307402125750909,0.502673213148094));
#1062=CARTESIAN_POINT('Ctrl Pts',(0.0998498213219114,0.275534069024873,
0.500119819245988));
#1063=CARTESIAN_POINT('Ctrl Pts',(0.0952328675284786,0.243666012298837,
0.497566425343883));
#1064=CARTESIAN_POINT('Ctrl Pts',(0.0739721337735337,0.214209414227634,
0.495013031441777));
#1065=CARTESIAN_POINT('Ctrl Pts',(0.0451804873084736,0.199789454816637,
0.492459637539672));
#1066=CARTESIAN_POINT('Ctrl Pts',(0.0163888408434139,0.185369495405639,
0.489906243637567));
#1067=CARTESIAN_POINT('Ctrl Pts',(-0.0199337183317606,0.185986174654848,
0.487352849735462));
#1068=CARTESIAN_POINT('Ctrl Pts',(-0.0482189921787509,0.201376033111396,
0.484799455833356));
#1069=CARTESIAN_POINT('Ctrl Pts',(-0.0765042660257411,0.216765891567944,
0.48224606193125));
#1070=CARTESIAN_POINT('Ctrl Pts',(-0.0967522545445472,0.246928929231832,
0.479692668029145));
#1071=CARTESIAN_POINT('Ctrl Pts',(-0.100283754021826,0.278935032873444,
0.477139274127039));
#1072=CARTESIAN_POINT('Ctrl Pts',(-0.100686930948409,0.282589039501833,
0.476847763534321));
#1073=CARTESIAN_POINT('Ctrl Pts',(-0.100872227499449,0.28626706839389,0.476556252941602));
#1074=CARTESIAN_POINT('Ctrl Pts',(-0.100848054622975,0.289947535853428,
0.476264742348883));
#1075=CARTESIAN_POINT('Ctrl Pts',(-0.100659150571352,0.290068197568984,
0.489890942045848));
#1076=CARTESIAN_POINT('Ctrl Pts',(-0.100517799718542,0.268371292478687,
0.491601128842998));
#1077=CARTESIAN_POINT('Ctrl Pts',(-0.0936061379579778,0.246592191720097,
0.493311315640148));
#1078=CARTESIAN_POINT('Ctrl Pts',(-0.0806484467427082,0.229359232548858,
0.495021502437298));
#1079=CARTESIAN_POINT('Ctrl Pts',(-0.06097279685846,0.203191787632184,0.497618341341573));
#1080=CARTESIAN_POINT('Ctrl Pts',(-0.027356813022747,0.187506384259154,
0.500215180245848));
#1081=CARTESIAN_POINT('Ctrl Pts',(0.00533671243445918,0.189237968890121,
0.502812019150122));
#1082=CARTESIAN_POINT('Ctrl Pts',(0.0380302378916654,0.190969553521087,
0.505408858054397));
#1083=CARTESIAN_POINT('Ctrl Pts',(0.069801304970365,0.21011812615605,0.508005696958672));
#1084=CARTESIAN_POINT('Ctrl Pts',(0.0866027890292067,0.23821748113642,0.510602535862946));
#1085=CARTESIAN_POINT('Ctrl Pts',(0.103404273088048,0.266316836116791,0.513199374767221));
#1086=CARTESIAN_POINT('Ctrl Pts',(0.105236174127032,0.303366973442569,0.515796213671495));
#1087=CARTESIAN_POINT('Ctrl Pts',(0.0912885986181941,0.332986732549969,
0.51839305257577));
#1088=CARTESIAN_POINT('Ctrl Pts',(0.0773410231093559,0.36260649165737,0.520989891480045));
#1089=CARTESIAN_POINT('Ctrl Pts',(0.0476139710526956,0.384795872546393,
0.523586730384319));
#1090=CARTESIAN_POINT('Ctrl Pts',(0.0152507024070915,0.389744126218867,
0.526183569288594));
#1091=CARTESIAN_POINT('Ctrl Pts',(-0.0171125662385126,0.394692379891341,
0.528780408192869));
#1092=CARTESIAN_POINT('Ctrl Pts',(-0.0521120514730603,0.382399506347266,
0.531377247097143));
#1093=CARTESIAN_POINT('Ctrl Pts',(-0.0742730407713656,0.358300734112022,
0.533974086001418));
#1094=CARTESIAN_POINT('Ctrl Pts',(-0.0911041943794923,0.339997844660708,
0.535946371349561));
#1095=CARTESIAN_POINT('Ctrl Pts',(-0.100529690414059,0.31488493295374,0.537918656697704));
#1096=CARTESIAN_POINT('Ctrl Pts',(-0.100743952694301,0.289916615829085,
0.539890942045848));
#1097=CARTESIAN_POINT('Origin',(0.,0.29,0.495577842197366));
#1098=CARTESIAN_POINT('',(-0.100800947291397,0.290077910063688,0.589890942045848));
#1099=CARTESIAN_POINT('',(-0.100877779942686,0.289970633863324,0.576264742348884));
#1100=CARTESIAN_POINT('',(-0.10075,0.29,0.495577842197366));
#1101=CARTESIAN_POINT('',(0.0936204015666032,0.25277389477117,0.611879253129658));
#1102=CARTESIAN_POINT('Ctrl Pts',(-0.100800947291397,0.290077910063688,
0.589890942045848));
#1103=CARTESIAN_POINT('Ctrl Pts',(-0.100583321844671,0.263074385809466,
0.592026701265235));
#1104=CARTESIAN_POINT('Ctrl Pts',(-0.0893640814975145,0.235898890092052,
0.594162460484623));
#1105=CARTESIAN_POINT('Ctrl Pts',(-0.0699388971132297,0.217246105882248,
0.59629821970401));
#1106=CARTESIAN_POINT('Ctrl Pts',(-0.0463200949215254,0.194566453948939,
0.598895058608285));
#1107=CARTESIAN_POINT('Ctrl Pts',(-0.0105698070730289,0.184486589674884,
0.601491897512559));
#1108=CARTESIAN_POINT('Ctrl Pts',(0.0213783332005961,0.191400700895115,
0.604088736416834));
#1109=CARTESIAN_POINT('Ctrl Pts',(0.0533264734742209,0.198314812115346,
0.606685575321108));
#1110=CARTESIAN_POINT('Ctrl Pts',(0.0814724661729741,0.222222898829862,
0.609282414225383));
#1111=CARTESIAN_POINT('Ctrl Pts',(0.0936204015666029,0.252773894771169,
0.611879253129658));
#1112=CARTESIAN_POINT('',(-0.0443222350378356,0.380389922778281,0.617401463592559));
#1113=CARTESIAN_POINT('Ctrl Pts',(-0.0444570889034147,0.380410893957719,
0.617401463592559));
#1114=CARTESIAN_POINT('Ctrl Pts',(-0.0425310827000359,0.381357954928625,
0.617540149089859));
#1115=CARTESIAN_POINT('Ctrl Pts',(-0.0405720720610121,0.382244723984931,
0.617672133383223));
#1116=CARTESIAN_POINT('Ctrl Pts',(-0.0261785344142357,0.388212388271616,
0.6185711321965));
#1117=CARTESIAN_POINT('Ctrl Pts',(-0.0126744997464719,0.39075,0.619));
#1118=CARTESIAN_POINT('Ctrl Pts',(0.0126744997464719,0.39075,0.619));
#1119=CARTESIAN_POINT('Ctrl Pts',(0.0261785344142356,0.388212388271616,
0.6185711321965));
#1120=CARTESIAN_POINT('Ctrl Pts',(0.0509947101049479,0.377923423248849,
0.617021151014424));
#1121=CARTESIAN_POINT('Ctrl Pts',(0.0623087093151993,0.37017330709389,0.615921652260942));
#1122=CARTESIAN_POINT('Ctrl Pts',(0.0801735238247784,0.352308492584311,
0.613851828197753));
#1123=CARTESIAN_POINT('Ctrl Pts',(0.0879234699723687,0.340994586531967,
0.612745902014467));
#1124=CARTESIAN_POINT('Ctrl Pts',(0.098212311506252,0.316178730445751,0.611181167239802));
#1125=CARTESIAN_POINT('Ctrl Pts',(0.10075,0.302674807277111,0.610745804324516));
#1126=CARTESIAN_POINT('Ctrl Pts',(0.10075,0.277787078442903,0.610745804324516));
#1127=CARTESIAN_POINT('Ctrl Pts',(0.0984026187471195,0.264800753075753,
0.611147551424577));
#1128=CARTESIAN_POINT('Ctrl Pts',(0.0936204015666032,0.25277389477117,0.611879253129658));
#1129=CARTESIAN_POINT('Ctrl Pts',(-0.0443162367985158,0.380388989989647,
0.617401463592559));
#1130=CARTESIAN_POINT('Ctrl Pts',(-0.035350695071493,0.384882685434262,
0.616608490675284));
#1131=CARTESIAN_POINT('Ctrl Pts',(-0.0257548501629427,0.388050566298127,
0.615815517758009));
#1132=CARTESIAN_POINT('Ctrl Pts',(-0.0158937091511454,0.389620566144447,
0.615022544840734));
#1133=CARTESIAN_POINT('Ctrl Pts',(0.0158594274047089,0.394676007442082,
0.612469150938629));
#1134=CARTESIAN_POINT('Ctrl Pts',(0.0503633055571231,0.383163705273,0.609915757036523));
#1135=CARTESIAN_POINT('Ctrl Pts',(0.0727074080252955,0.359969236270362,
0.607362363134418));
#1136=CARTESIAN_POINT('Ctrl Pts',(0.0950515104934678,0.336774767267723,
0.604808969232313));
#1137=CARTESIAN_POINT('Ctrl Pts',(0.105235837277398,0.301898131431529,0.602255575330207));
#1138=CARTESIAN_POINT('Ctrl Pts',(0.0989466076255517,0.270312724683698,
0.599702181428101));
#1139=CARTESIAN_POINT('Ctrl Pts',(0.0926573779737053,0.238727317935868,
0.597148787525996));
#1140=CARTESIAN_POINT('Ctrl Pts',(0.0698945918860821,0.210433140276401,
0.59459539362389));
#1141=CARTESIAN_POINT('Ctrl Pts',(0.0403895539308566,0.197545193192384,
0.592041999721785));
#1142=CARTESIAN_POINT('Ctrl Pts',(0.010884515975631,0.184657246108366,0.58948860581968));
#1143=CARTESIAN_POINT('Ctrl Pts',(-0.0253627738471969,0.187175529599799,
0.586935211917574));
#1144=CARTESIAN_POINT('Ctrl Pts',(-0.0528034478596361,0.204026893467202,
0.584381818015468));
#1145=CARTESIAN_POINT('Ctrl Pts',(-0.0802441218720753,0.220878257334605,
0.581828424113363));
#1146=CARTESIAN_POINT('Ctrl Pts',(-0.0988781800741257,0.252062701577979,
0.579275030211258));
#1147=CARTESIAN_POINT('Ctrl Pts',(-0.10072510453702,0.284210892264729,0.576721636309152));
#1148=CARTESIAN_POINT('Ctrl Pts',(-0.100835264930666,0.286128381264531,
0.576569338322396));
#1149=CARTESIAN_POINT('Ctrl Pts',(-0.100885704025882,0.288049298853742,
0.57641704033564));
#1150=CARTESIAN_POINT('Ctrl Pts',(-0.100877779942686,0.289970633863324,
0.576264742348884));
#1151=CARTESIAN_POINT('Origin',(0.,0.29,0.728891686073696));
#1152=CARTESIAN_POINT('',(-0.12512165585977,0.289934908006736,0.462263998321035));
#1153=CARTESIAN_POINT('',(-0.125161326037014,0.289952880122073,0.453891686073696));
#1154=CARTESIAN_POINT('',(-0.125,0.29,0.728891686073696));
#1155=CARTESIAN_POINT('',(0.0956588802823783,0.209536476443536,0.423326562624083));
#1156=CARTESIAN_POINT('Ctrl Pts',(-0.125161326037014,0.289952880122073,
0.453891686073696));
#1157=CARTESIAN_POINT('Ctrl Pts',(-0.124963420494528,0.327476235415076,
0.451493828303316));
#1158=CARTESIAN_POINT('Ctrl Pts',(-0.0873435451301395,0.405960742112111,
0.446499131628661));
#1159=CARTESIAN_POINT('Ctrl Pts',(0.0450964498258887,0.429817223579125,
0.43890759604973));
#1160=CARTESIAN_POINT('Ctrl Pts',(0.141123067975858,0.330353926776504,0.431117079336907));
#1161=CARTESIAN_POINT('Ctrl Pts',(0.121916413260892,0.240752685884572,0.425923401528358));
#1162=CARTESIAN_POINT('Ctrl Pts',(0.0956588802823789,0.209536476443537,
0.423326562624083));
#1163=CARTESIAN_POINT('',(0.064923600513104,0.183277303980459,0.429112132009145));
#1164=CARTESIAN_POINT('Ctrl Pts',(0.0649521220790062,0.183200085030774,
0.429112132009145));
#1165=CARTESIAN_POINT('Ctrl Pts',(0.0736546091146962,0.188492645427437,
0.427794888896752));
#1166=CARTESIAN_POINT('Ctrl Pts',(0.0815720780983911,0.194795382801754,
0.426322023937556));
#1167=CARTESIAN_POINT('Ctrl Pts',(0.0908885851837976,0.204111889887161,
0.424384008620927));
#1168=CARTESIAN_POINT('Ctrl Pts',(0.0933213437156338,0.20675750131654,0.423854774530295));
#1169=CARTESIAN_POINT('Ctrl Pts',(0.0956588802823783,0.209536476443536,
0.423326562624083));
#1170=CARTESIAN_POINT('Ctrl Pts',(-0.12512165585977,0.289934908006736,0.462263998321035));
#1171=CARTESIAN_POINT('Ctrl Pts',(-0.124888949021054,0.325365939493771,
0.460002115011648));
#1172=CARTESIAN_POINT('Ctrl Pts',(-0.0910840212192462,0.401182116711679,
0.455186837800156));
#1173=CARTESIAN_POINT('Ctrl Pts',(0.035352399569466,0.431706796525993,0.447818166686558));
#1174=CARTESIAN_POINT('Ctrl Pts',(0.136496406645493,0.341929671567381,0.440157984980242));
#1175=CARTESIAN_POINT('Ctrl Pts',(0.123564235384883,0.232669865041265,0.433922640087771));
#1176=CARTESIAN_POINT('Ctrl Pts',(0.0801128343607839,0.19255502890847,0.430240689097405));
#1177=CARTESIAN_POINT('Ctrl Pts',(0.0648986146493593,0.183344950412002,
0.429112132009145));
#1178=CARTESIAN_POINT('Origin',(0.,0.29,0.728891686073696));
#1179=CARTESIAN_POINT('',(-0.124848126518583,0.290047224137996,0.512263998321035));
#1180=CARTESIAN_POINT('',(-0.124887283587285,0.290084612368467,0.503891686073696));
#1181=CARTESIAN_POINT('',(-0.125,0.29,0.728891686073696));
#1182=CARTESIAN_POINT('Ctrl Pts',(-0.124887283587285,0.290084612368467,
0.503891686073696));
#1183=CARTESIAN_POINT('Ctrl Pts',(-0.124978206448195,0.304040981534185,
0.503005033966572));
#1184=CARTESIAN_POINT('Ctrl Pts',(-0.116464796410001,0.358765262150083,
0.499521542955173));
#1185=CARTESIAN_POINT('Ctrl Pts',(-0.03739948709896,0.431986054903582,0.493441213039499));
#1186=CARTESIAN_POINT('Ctrl Pts',(0.0969754904493787,0.400249795864699,
0.485650696326675));
#1187=CARTESIAN_POINT('Ctrl Pts',(0.145597775201433,0.271018066608611,0.477860179613851));
#1188=CARTESIAN_POINT('Ctrl Pts',(0.0654727017891953,0.158581197076335,
0.470069662901026));
#1189=CARTESIAN_POINT('Ctrl Pts',(-0.0725486545769074,0.162334769060948,
0.462279146188203));
#1190=CARTESIAN_POINT('Ctrl Pts',(-0.123680193570479,0.243103186924179,
0.456886487245759));
#1191=CARTESIAN_POINT('Ctrl Pts',(-0.125177748808095,0.286839084184738,
0.45409066720759));
#1192=CARTESIAN_POINT('Ctrl Pts',(-0.125161326037014,0.289952880122073,
0.453891686073696));
#1193=CARTESIAN_POINT('Ctrl Pts',(-0.124848126518583,0.290047224137996,
0.512263998321035));
#1194=CARTESIAN_POINT('Ctrl Pts',(-0.12490886302587,0.306663836694304,0.51120920565972));
#1195=CARTESIAN_POINT('Ctrl Pts',(-0.114276260287836,0.363430680637916,
0.507601019096299));
#1196=CARTESIAN_POINT('Ctrl Pts',(-0.0305212404358148,0.432816841262908,
0.501439438630773));
#1197=CARTESIAN_POINT('Ctrl Pts',(0.0997681424059366,0.396651558948689,
0.493779256924456));
#1198=CARTESIAN_POINT('Ctrl Pts',(0.144533004073727,0.269060310632805,0.48611907521814));
#1199=CARTESIAN_POINT('Ctrl Pts',(0.0653987593282736,0.15942036743974,0.478458893511824));
#1200=CARTESIAN_POINT('Ctrl Pts',(-0.0697968703559988,0.161715699632824,
0.470798711805507));
#1201=CARTESIAN_POINT('Ctrl Pts',(-0.122908045918148,0.240834392700362,
0.465400413408578));
#1202=CARTESIAN_POINT('Ctrl Pts',(-0.125151647021649,0.285368571208301,
0.462555508913754));
#1203=CARTESIAN_POINT('Ctrl Pts',(-0.12512165585977,0.289934908006736,0.462263998321035));
#1204=CARTESIAN_POINT('Origin',(0.,0.29,0.728891686073696));
#1205=CARTESIAN_POINT('',(-0.12515853590904,0.289963565587252,0.562263998321035));
#1206=CARTESIAN_POINT('',(-0.124992497139332,0.289896545693654,0.553891686073696));
#1207=CARTESIAN_POINT('',(-0.125,0.29,0.728891686073696));
#1208=CARTESIAN_POINT('Ctrl Pts',(-0.124992497139332,0.289896545693654,
0.553891686073696));
#1209=CARTESIAN_POINT('Ctrl Pts',(-0.124726663044739,0.320874606642357,
0.551919400725553));
#1210=CARTESIAN_POINT('Ctrl Pts',(-0.0976352041200264,0.393055997785502,
0.547350276473135));
#1211=CARTESIAN_POINT('Ctrl Pts',(0.0221922071911103,0.435142994336744,
0.540184313316443));
#1212=CARTESIAN_POINT('Ctrl Pts',(0.132838802935504,0.352552246610852,0.532393796603618));
#1213=CARTESIAN_POINT('Ctrl Pts',(0.126020312715961,0.214648509666268,0.524603279890795));
#1214=CARTESIAN_POINT('Ctrl Pts',(0.00776572061162016,0.143375906806607,
0.51681276317797));
#1215=CARTESIAN_POINT('Ctrl Pts',(-0.103115511005146,0.195113700735445,
0.509908898572271));
#1216=CARTESIAN_POINT('Ctrl Pts',(-0.124711910320772,0.26316537528373,0.505601872870846));
#1217=CARTESIAN_POINT('Ctrl Pts',(-0.124887283587285,0.290084612368467,
0.503891686073696));
#1218=CARTESIAN_POINT('Ctrl Pts',(-0.12515853590904,0.289963565587252,0.562263998321035));
#1219=CARTESIAN_POINT('Ctrl Pts',(-0.125003536753761,0.327545869575977,
0.559862902405686));
#1220=CARTESIAN_POINT('Ctrl Pts',(-0.0875452362479181,0.405359886634176,
0.55490841258823));
#1221=CARTESIAN_POINT('Ctrl Pts',(0.0427409964746083,0.429648387217846,
0.547400528868671));
#1222=CARTESIAN_POINT('Ctrl Pts',(0.139026996290419,0.33471613202988,0.539740347162354));
#1223=CARTESIAN_POINT('Ctrl Pts',(0.116136232840784,0.201452638215915,0.532080165456039));
#1224=CARTESIAN_POINT('Ctrl Pts',(-0.00631158827871318,0.144094547330413,
0.524419983749721));
#1225=CARTESIAN_POINT('Ctrl Pts',(-0.107232624774471,0.20248736490886,0.517814594704722));
#1226=CARTESIAN_POINT('Ctrl Pts',(-0.124761834862869,0.266439099899095,
0.513762599561825));
#1227=CARTESIAN_POINT('Ctrl Pts',(-0.124848126518583,0.290047224137996,
0.512263998321035));
#1228=CARTESIAN_POINT('Origin',(0.,0.29,0.728891686073696));
#1229=CARTESIAN_POINT('',(-0.125,0.29,0.606247474221543));
#1230=CARTESIAN_POINT('',(-0.125063210038954,0.290096662610035,0.603891686073696));
#1231=CARTESIAN_POINT('',(-0.125,0.29,0.728891686073696));
#1232=CARTESIAN_POINT('',(0.029595452736182,0.168482104622909,0.618292834594881));
#1233=CARTESIAN_POINT('Ctrl Pts',(0.029579903458712,0.168550301312135,0.618292834594881));
#1234=CARTESIAN_POINT('Ctrl Pts',(0.0197093692346879,0.166146265298979,
0.618765053312447));
#1235=CARTESIAN_POINT('Ctrl Pts',(0.00965741365081792,0.165,0.619));
#1236=CARTESIAN_POINT('Ctrl Pts',(-0.0157414784746746,0.165,0.619));
#1237=CARTESIAN_POINT('Ctrl Pts',(-0.0325029426601411,0.168154781467846,
0.618338834419121));
#1238=CARTESIAN_POINT('Ctrl Pts',(-0.0632879009146519,0.180925071539239,
0.615949670869342));
#1239=CARTESIAN_POINT('Ctrl Pts',(-0.0773149129241676,0.190538217627531,
0.614254489139076));
#1240=CARTESIAN_POINT('Ctrl Pts',(-0.099462427799246,0.212685732502609,
0.611059255094287));
#1241=CARTESIAN_POINT('Ctrl Pts',(-0.109075068428986,0.226712470599208,
0.609348723090507));
#1242=CARTESIAN_POINT('Ctrl Pts',(-0.121844991611353,0.257496476212264,
0.606924242107261));
#1243=CARTESIAN_POINT('Ctrl Pts',(-0.125,0.274257604016714,0.606247474221543));
#1244=CARTESIAN_POINT('Ctrl Pts',(-0.125,0.29,0.606247474221543));
#1245=CARTESIAN_POINT('Ctrl Pts',(0.0296180525602558,0.16838298534345,0.618292834594881));
#1246=CARTESIAN_POINT('Ctrl Pts',(0.0285900908111541,0.168130564376618,
0.618225049878148));
#1247=CARTESIAN_POINT('Ctrl Pts',(-0.0119561106019949,0.158763619338813,
0.615560426257141));
#1248=CARTESIAN_POINT('Ctrl Pts',(-0.0939488444026473,0.181881632588713,
0.610760043416746));
#1249=CARTESIAN_POINT('Ctrl Pts',(-0.12479320328123,0.256593530780975,0.606027445293083));
#1250=CARTESIAN_POINT('Ctrl Pts',(-0.125063210038954,0.290096662610035,
0.603891686073696));
#1251=CARTESIAN_POINT('Origin',(0.519,0.382,0.));
#1252=CARTESIAN_POINT('',(0.468980877215042,0.306677394615382,4.75210111239649E-5));
#1253=CARTESIAN_POINT('',(0.456519122784958,0.306831437700998,-4.7026223024297E-5));
#1254=CARTESIAN_POINT('',(0.519,0.30675,9.21546716358383E-18));
#1255=CARTESIAN_POINT('',(0.43295002090965,0.450936805159993,-0.0301708368185761));
#1256=CARTESIAN_POINT('Ctrl Pts',(0.456519122784958,0.306831437700998,-4.7026223024297E-5));
#1257=CARTESIAN_POINT('Ctrl Pts',(0.455151346421082,0.306919949436162,0.0155086920458161));
#1258=CARTESIAN_POINT('Ctrl Pts',(0.453783570057207,0.311646757944266,0.0311135111632927));
#1259=CARTESIAN_POINT('Ctrl Pts',(0.452415793693331,0.320610457020748,0.0437074119964168));
#1260=CARTESIAN_POINT('Ctrl Pts',(0.4502529300507,0.334784747020229,0.0636221370569398));
#1261=CARTESIAN_POINT('Ctrl Pts',(0.448090066408069,0.359553411953856,0.0760080395798724));
#1262=CARTESIAN_POINT('Ctrl Pts',(0.445927202765438,0.383988669253234,0.0753494251102844));
#1263=CARTESIAN_POINT('Ctrl Pts',(0.443764339122806,0.408423926552613,0.0746908106406965));
#1264=CARTESIAN_POINT('Ctrl Pts',(0.441601475480175,0.432525776217742,0.0609876791785881));
#1265=CARTESIAN_POINT('Ctrl Pts',(0.439438611837544,0.445614066719601,0.0403932391776582));
#1266=CARTESIAN_POINT('Ctrl Pts',(0.437275748194913,0.45870235722146,0.0197987991767283));
#1267=CARTESIAN_POINT('Ctrl Pts',(0.435112884552282,0.460777088560047,-0.00768694936302305));
#1268=CARTESIAN_POINT('Ctrl Pts',(0.432950020909651,0.450936805159994,-0.0301708368185737));
#1269=CARTESIAN_POINT('',(0.43161412016771,0.32206185879085,-0.0453654345831459));
#1270=CARTESIAN_POINT('Ctrl Pts',(0.431614120167711,0.322022410617407,-0.0454450357228719));
#1271=CARTESIAN_POINT('Ctrl Pts',(0.431320782445644,0.324133344119823,-0.0482310100500552));
#1272=CARTESIAN_POINT('Ctrl Pts',(0.431019794263649,0.326410409330254,-0.0508299798988297));
#1273=CARTESIAN_POINT('Ctrl Pts',(0.429901774590646,0.335460622944952,-0.0598801935135276));
#1274=CARTESIAN_POINT('Ctrl Pts',(0.429020792266993,0.34390940735772,-0.065668218047963));
#1275=CARTESIAN_POINT('Ctrl Pts',(0.427773772057452,0.362443602643548,-0.0733536311128294));
#1276=CARTESIAN_POINT('Ctrl Pts',(0.427426528774244,0.372530696047282,-0.07525));
#1277=CARTESIAN_POINT('Ctrl Pts',(0.427426528774244,0.391469303952718,-0.07525));
#1278=CARTESIAN_POINT('Ctrl Pts',(0.427773772057452,0.401556397356452,-0.0733536311128294));
#1279=CARTESIAN_POINT('Ctrl Pts',(0.429020792266993,0.42009059264228,-0.065668218047963));
#1280=CARTESIAN_POINT('Ctrl Pts',(0.429901774590646,0.428539377055048,-0.0598801935135276));
#1281=CARTESIAN_POINT('Ctrl Pts',(0.431509706974477,0.441555365863704,-0.0468642047048713));
#1282=CARTESIAN_POINT('Ctrl Pts',(0.432340841531716,0.447110921094115,-0.0389125308591305));
#1283=CARTESIAN_POINT('Ctrl Pts',(0.432950020909659,0.450936805160049,-0.030170836818449));
#1284=CARTESIAN_POINT('Ctrl Pts',(0.43161412016771,0.32206185879085,-0.0453654345831459));
#1285=CARTESIAN_POINT('Ctrl Pts',(0.432933186611655,0.331188814138401,-0.0572847260138341));
#1286=CARTESIAN_POINT('Ctrl Pts',(0.4342522530556,0.343769700708767,-0.0666355966425368));
#1287=CARTESIAN_POINT('Ctrl Pts',(0.435571319499545,0.357893812385013,-0.0714018017321434));
#1288=CARTESIAN_POINT('Ctrl Pts',(0.437743259337522,0.381150200239089,-0.0792497086799756));
#1289=CARTESIAN_POINT('Ctrl Pts',(0.4399151991755,0.408590586570572,-0.0746676508987928));
#1290=CARTESIAN_POINT('Ctrl Pts',(0.442087139013477,0.428021195592154,-0.0596830022252517));
#1291=CARTESIAN_POINT('Ctrl Pts',(0.444259078851454,0.447451804613735,-0.0446983535517105));
#1292=CARTESIAN_POINT('Ctrl Pts',(0.446431018689431,0.458872636325414,-0.0193111139858109));
#1293=CARTESIAN_POINT('Ctrl Pts',(0.448602958527408,0.457190028257012,0.00517256767174752));
#1294=CARTESIAN_POINT('Ctrl Pts',(0.450774898365386,0.455507420188611,0.0296562493293059));
#1295=CARTESIAN_POINT('Ctrl Pts',(0.452946838203363,0.440721372340127,0.0532363730785232));
#1296=CARTESIAN_POINT('Ctrl Pts',(0.455118778041341,0.419418407584524,0.0654203371793839));
#1297=CARTESIAN_POINT('Ctrl Pts',(0.457290717879318,0.398115442828921,0.0776043012802446));
#1298=CARTESIAN_POINT('Ctrl Pts',(0.459462657717295,0.370295561166197,0.0783921057327488));
#1299=CARTESIAN_POINT('Ctrl Pts',(0.461634597555272,0.348338993189173,0.0674315313693998));
#1300=CARTESIAN_POINT('Ctrl Pts',(0.46380653739325,0.326382425212149,0.0564709570060508));
#1301=CARTESIAN_POINT('Ctrl Pts',(0.465978477231227,0.310289170920824,0.0337620038268486));
#1302=CARTESIAN_POINT('Ctrl Pts',(0.468150417069204,0.307223774687348,0.0094133848771928));
#1303=CARTESIAN_POINT('Ctrl Pts',(0.468427237117817,0.30683308102285,0.00631008258334587));
#1304=CARTESIAN_POINT('Ctrl Pts',(0.468704057166429,0.306654015060684,0.00318014515899231));
#1305=CARTESIAN_POINT('Ctrl Pts',(0.468980877215042,0.306677394615382,4.75210111239649E-5));
#1306=CARTESIAN_POINT('Origin',(0.519,0.382,0.));
#1307=CARTESIAN_POINT('',(0.510647543881709,0.306863538757204,-8.40950086696635E-6));
#1308=CARTESIAN_POINT('',(0.498185789451624,0.306644783632646,2.21494852626461E-5));
#1309=CARTESIAN_POINT('',(0.519,0.30675,9.21546716358383E-18));
#1310=CARTESIAN_POINT('Ctrl Pts',(0.498185789451624,0.306644783632646,2.21494852626461E-5));
#1311=CARTESIAN_POINT('Ctrl Pts',(0.498069169697278,0.306639532962023,0.00134034761637017));
#1312=CARTESIAN_POINT('Ctrl Pts',(0.497952549942932,0.306671248088622,0.0026582878644608));
#1313=CARTESIAN_POINT('Ctrl Pts',(0.497835930188585,0.306740739458704,0.00397423283374418));
#1314=CARTESIAN_POINT('Ctrl Pts',(0.495673066545954,0.30802954647659,0.0283801282647256));
#1315=CARTESIAN_POINT('Ctrl Pts',(0.493510202903323,0.322312052580603,0.0520997179642534));
#1316=CARTESIAN_POINT('Ctrl Pts',(0.491347339260692,0.343279630391516,0.0646565208272908));
#1317=CARTESIAN_POINT('Ctrl Pts',(0.489184475618061,0.364247208202428,0.0772133236903281));
#1318=CARTESIAN_POINT('Ctrl Pts',(0.487021611975429,0.391899857720241,0.0786073397168751));
#1319=CARTESIAN_POINT('Ctrl Pts',(0.484858748332798,0.414023703165622,0.0682221027770914));
#1320=CARTESIAN_POINT('Ctrl Pts',(0.482695884690167,0.436147548611004,0.0578368658373075));
#1321=CARTESIAN_POINT('Ctrl Pts',(0.480533021047536,0.452742589983955,0.0356723759311928));
#1322=CARTESIAN_POINT('Ctrl Pts',(0.478370157404905,0.456478475454869,0.0115200558660204));
#1323=CARTESIAN_POINT('Ctrl Pts',(0.476207293762274,0.460214360925782,-0.0126322641991518));
#1324=CARTESIAN_POINT('Ctrl Pts',(0.474044430119642,0.451091090494657,-0.0387724144233816));
#1325=CARTESIAN_POINT('Ctrl Pts',(0.471881566477011,0.433139138949962,-0.0553572583673545));
#1326=CARTESIAN_POINT('Ctrl Pts',(0.46971870283438,0.415187187405268,-0.0719421023113275));
#1327=CARTESIAN_POINT('Ctrl Pts',(0.467555839191749,0.388406554747003,-0.0789716399750433));
#1328=CARTESIAN_POINT('Ctrl Pts',(0.465392975549118,0.364624640884847,-0.0733352805771638));
#1329=CARTESIAN_POINT('Ctrl Pts',(0.463230111906487,0.340842727022692,-0.0676989211792842));
#1330=CARTESIAN_POINT('Ctrl Pts',(0.461067248263855,0.320059531956645,-0.0493966647198095));
#1331=CARTESIAN_POINT('Ctrl Pts',(0.458904384621224,0.311457891956289,-0.0265237626910152));
#1332=CARTESIAN_POINT('Ctrl Pts',(0.458109297342469,0.308295855105737,-0.0181154871655218));
#1333=CARTESIAN_POINT('Ctrl Pts',(0.457314210063713,0.306779985901926,-0.00908955249713932));
#1334=CARTESIAN_POINT('Ctrl Pts',(0.456519122784958,0.306831437700998,-4.7026223024297E-5));
#1335=CARTESIAN_POINT('Ctrl Pts',(0.468980877215042,0.306677394615382,4.75210111239649E-5));
#1336=CARTESIAN_POINT('Ctrl Pts',(0.470875997004407,0.30683745186917,-0.0213985340886499));
#1337=CARTESIAN_POINT('Ctrl Pts',(0.472771116793771,0.316485765608255,-0.0429705110769807));
#1338=CARTESIAN_POINT('Ctrl Pts',(0.474666236583136,0.332676127598788,-0.0569842922546908));
#1339=CARTESIAN_POINT('Ctrl Pts',(0.476838176421113,0.351231414919332,-0.0730450657168094));
#1340=CARTESIAN_POINT('Ctrl Pts',(0.479010116259091,0.378379527736049,-0.0791783279209375));
#1341=CARTESIAN_POINT('Ctrl Pts',(0.481182056097068,0.402036978648712,-0.0726539161314454));
#1342=CARTESIAN_POINT('Ctrl Pts',(0.483353995935045,0.425694429561374,-0.0661295043419533));
#1343=CARTESIAN_POINT('Ctrl Pts',(0.485525935773023,0.445861218569982,-0.0469474185588415));
#1344=CARTESIAN_POINT('Ctrl Pts',(0.487697875611,0.453560788170669,-0.0236458489795819));
#1345=CARTESIAN_POINT('Ctrl Pts',(0.489869815448977,0.461260357771357,-0.000344279400322053));
#1346=CARTESIAN_POINT('Ctrl Pts',(0.492041755286954,0.456492707964123,0.0270767739750858));
#1347=CARTESIAN_POINT('Ctrl Pts',(0.494213695124931,0.441380041342337,0.0464120495664276));
#1348=CARTESIAN_POINT('Ctrl Pts',(0.496385634962908,0.42626737472055,0.0657473251577695));
#1349=CARTESIAN_POINT('Ctrl Pts',(0.498557574800886,0.400809691284211,0.0769968229650455));
#1350=CARTESIAN_POINT('Ctrl Pts',(0.500729514638864,0.376338350000543,0.0751532831100754));
#1351=CARTESIAN_POINT('Ctrl Pts',(0.502901454476841,0.351867008716876,0.0733097432551053));
#1352=CARTESIAN_POINT('Ctrl Pts',(0.505073394314818,0.328382009585881,0.0583731657378891));
#1353=CARTESIAN_POINT('Ctrl Pts',(0.507245334152795,0.316336720786316,0.0369919430027561));
#1354=CARTESIAN_POINT('Ctrl Pts',(0.508379404062433,0.310047320250616,0.0258278209993776));
#1355=CARTESIAN_POINT('Ctrl Pts',(0.509513473972071,0.306876802835678,0.0129066531786558));
#1356=CARTESIAN_POINT('Ctrl Pts',(0.510647543881709,0.306863538757204,-8.40950086696635E-6));
#1357=CARTESIAN_POINT('Origin',(0.519,0.382,0.));
#1358=CARTESIAN_POINT('',(0.552314210548375,0.306654158294396,-3.36991890092204E-5));
#1359=CARTESIAN_POINT('',(0.539852456118291,0.30686122013445,9.10785902661876E-6));
#1360=CARTESIAN_POINT('',(0.519,0.30675,9.21546716358383E-18));
#1361=CARTESIAN_POINT('Ctrl Pts',(0.539852456118291,0.30686122013445,9.10785902661876E-6));
#1362=CARTESIAN_POINT('Ctrl Pts',(0.538824129330843,0.306848074743749,0.011719138755262));
#1363=CARTESIAN_POINT('Ctrl Pts',(0.537795802543394,0.309432088711994,0.0234236802997462));
#1364=CARTESIAN_POINT('Ctrl Pts',(0.536767475755946,0.314644835817548,0.0338087339579645));
#1365=CARTESIAN_POINT('Ctrl Pts',(0.534604612113315,0.325608725244962,0.0556514548306425));
#1366=CARTESIAN_POINT('Ctrl Pts',(0.532441748470684,0.348201617660583,0.0716570184983894));
#1367=CARTESIAN_POINT('Ctrl Pts',(0.530278884828053,0.372444316482756,0.0747558471053618));
#1368=CARTESIAN_POINT('Ctrl Pts',(0.528116021185421,0.39668701530493,0.0778546757123342));
#1369=CARTESIAN_POINT('Ctrl Pts',(0.52595315754279,0.422579520533655,0.0680467692585321));
#1370=CARTESIAN_POINT('Ctrl Pts',(0.523790293900159,0.43868521393361,0.0496642240972948));
#1371=CARTESIAN_POINT('Ctrl Pts',(0.521627430257528,0.454790907333566,0.0312816789360578));
#1372=CARTESIAN_POINT('Ctrl Pts',(0.519464566614897,0.461109788904751,0.00432449506738581));
#1373=CARTESIAN_POINT('Ctrl Pts',(0.517301702972266,0.454850826152993,-0.0193004138988104));
#1374=CARTESIAN_POINT('Ctrl Pts',(0.515138839329635,0.448591863401234,-0.0429253228650067));
#1375=CARTESIAN_POINT('Ctrl Pts',(0.512975975687003,0.429755056326532,-0.0632179569287273));
#1376=CARTESIAN_POINT('Ctrl Pts',(0.510813112044372,0.406660564010091,-0.0712151862821972));
#1377=CARTESIAN_POINT('Ctrl Pts',(0.508650248401741,0.383566071693651,-0.0792124156356672));
#1378=CARTESIAN_POINT('Ctrl Pts',(0.50648738475911,0.356213894135473,-0.0749142402788868));
#1379=CARTESIAN_POINT('Ctrl Pts',(0.504324521116479,0.336685359322264,-0.0602190520192792));
#1380=CARTESIAN_POINT('Ctrl Pts',(0.502278277228194,0.318209786373028,-0.0463162157189591));
#1381=CARTESIAN_POINT('Ctrl Pts',(0.500232033339909,0.306736913415742,-0.0231073356044903));
#1382=CARTESIAN_POINT('Ctrl Pts',(0.498185789451624,0.306644783632646,2.21494852626461E-5));
#1383=CARTESIAN_POINT('Ctrl Pts',(0.510647543881709,0.306863538757204,-8.40950086696635E-6));
#1384=CARTESIAN_POINT('Ctrl Pts',(0.511685413810048,0.306851399833441,-0.0118279235041783));
#1385=CARTESIAN_POINT('Ctrl Pts',(0.512723283738388,0.309483590795959,-0.0236423241999368));
#1386=CARTESIAN_POINT('Ctrl Pts',(0.513761153666727,0.314789522221728,-0.0341001652637439));
#1387=CARTESIAN_POINT('Ctrl Pts',(0.515933093504705,0.325893190924838,-0.0559851828420607));
#1388=CARTESIAN_POINT('Ctrl Pts',(0.518105033342682,0.348706106799192,-0.0719293500456443));
#1389=CARTESIAN_POINT('Ctrl Pts',(0.520276973180659,0.373074077190133,-0.0748358035714895));
#1390=CARTESIAN_POINT('Ctrl Pts',(0.522448913018636,0.397442047581073,-0.0777422570973347));
#1391=CARTESIAN_POINT('Ctrl Pts',(0.524620852856614,0.4233650724886,-0.0676109969454415));
#1392=CARTESIAN_POINT('Ctrl Pts',(0.526792792694591,0.439304621939406,-0.0489515105854261));
#1393=CARTESIAN_POINT('Ctrl Pts',(0.528964732532568,0.455244171390212,-0.0302920242254108));
#1394=CARTESIAN_POINT('Ctrl Pts',(0.531136672370545,0.461200245384297,-0.00310431165727306));
#1395=CARTESIAN_POINT('Ctrl Pts',(0.533308612208523,0.454521748048883,0.0205101512152857));
#1396=CARTESIAN_POINT('Ctrl Pts',(0.5354805520465,0.447843250713469,0.0441246140878444));
#1397=CARTESIAN_POINT('Ctrl Pts',(0.537652491884477,0.428530182048556,0.0641658272648245));
#1398=CARTESIAN_POINT('Ctrl Pts',(0.539824431722455,0.405178940229332,0.0717133487198806));
#1399=CARTESIAN_POINT('Ctrl Pts',(0.541996371560432,0.381827698410108,0.0792608701749367));
#1400=CARTESIAN_POINT('Ctrl Pts',(0.544168311398409,0.354438283436573,0.0743146999080688));
#1401=CARTESIAN_POINT('Ctrl Pts',(0.546340251236386,0.335201907267296,0.0590763158478413));
#1402=CARTESIAN_POINT('Ctrl Pts',(0.548331571007049,0.317565241871691,0.0451051666836244));
#1403=CARTESIAN_POINT('Ctrl Pts',(0.550322890777712,0.306781974232424,0.0224824415104334));
#1404=CARTESIAN_POINT('Ctrl Pts',(0.552314210548375,0.306654158294396,-3.36991890092204E-5));
#1405=CARTESIAN_POINT('Origin',(0.519,0.382,0.));
#1406=CARTESIAN_POINT('',(0.593980877215042,0.306802179726267,5.92978938983291E-5));
#1407=CARTESIAN_POINT('',(0.581519122784958,0.30666546898256,-4.00143255464332E-5));
#1408=CARTESIAN_POINT('',(0.519,0.30675,9.21546716358383E-18));
#1409=CARTESIAN_POINT('',(0.618014265889637,0.448657297748309,0.0349194380953258));
#1410=CARTESIAN_POINT('Ctrl Pts',(0.593980877215042,0.306802179726267,5.92978938983291E-5));
#1411=CARTESIAN_POINT('Ctrl Pts',(0.595476187259308,0.306929779380646,-0.0169300455551023));
#1412=CARTESIAN_POINT('Ctrl Pts',(0.596971497303575,0.312654838094538,-0.0339964451398726));
#1413=CARTESIAN_POINT('Ctrl Pts',(0.598466807347841,0.323231186299525,-0.0471757576321159));
#1414=CARTESIAN_POINT('Ctrl Pts',(0.600638747185818,0.33859334620396,-0.0663187266429988));
#1415=CARTESIAN_POINT('Ctrl Pts',(0.602810687023796,0.364190563269957,-0.0772608742728819));
#1416=CARTESIAN_POINT('Ctrl Pts',(0.604982626861773,0.388638805599308,-0.0750851668548453));
#1417=CARTESIAN_POINT('Ctrl Pts',(0.60715456669975,0.413087047928658,-0.0729094594368087));
#1418=CARTESIAN_POINT('Ctrl Pts',(0.609326506537728,0.436386315521362,-0.0576158969708524));
#1419=CARTESIAN_POINT('Ctrl Pts',(0.611498446375705,0.448138088651568,-0.0361165856501058));
#1420=CARTESIAN_POINT('Ctrl Pts',(0.613670386213682,0.459889861781775,-0.014617274329359));
#1421=CARTESIAN_POINT('Ctrl Pts',(0.615842326051659,0.460094140449484,0.0130877858461782));
#1422=CARTESIAN_POINT('Ctrl Pts',(0.618014265889637,0.448657297748309,0.034919438095326));
#1423=CARTESIAN_POINT('',(0.614846444890675,0.358801242046881,0.0716453410524092));
#1424=CARTESIAN_POINT('Ctrl Pts',(0.614846444890675,0.358811354185673,0.0715880521127492));
#1425=CARTESIAN_POINT('Ctrl Pts',(0.614558633399398,0.366442669684976,0.0740599711968446));
#1426=CARTESIAN_POINT('Ctrl Pts',(0.614409014826443,0.374425306717445,0.07525));
#1427=CARTESIAN_POINT('Ctrl Pts',(0.614409014826443,0.382,0.07525));
#1428=CARTESIAN_POINT('Ctrl Pts',(0.614409014826443,0.391458643260885,0.07525));
#1429=CARTESIAN_POINT('Ctrl Pts',(0.614649966236315,0.401541295403227,0.0733577703194979));
#1430=CARTESIAN_POINT('Ctrl Pts',(0.615518231524985,0.420078534371643,0.0656753380278126));
#1431=CARTESIAN_POINT('Ctrl Pts',(0.616132784851442,0.428533927194635,0.0598856433739407));
#1432=CARTESIAN_POINT('Ctrl Pts',(0.617155536831089,0.440387764261649,0.0480318063069264));
#1433=CARTESIAN_POINT('Ctrl Pts',(0.617625767455651,0.44505532793271,0.041795195197241));
#1434=CARTESIAN_POINT('Ctrl Pts',(0.618014265889637,0.448657297748309,0.0349194380953258));
#1435=CARTESIAN_POINT('Ctrl Pts',(0.614846444890675,0.358790176562255,0.0717080310425609));
#1436=CARTESIAN_POINT('Ctrl Pts',(0.614774485557339,0.359563193659528,0.0719611798921197));
#1437=CARTESIAN_POINT('Ctrl Pts',(0.614702526224003,0.36034052367322,0.0722007648724875));
#1438=CARTESIAN_POINT('Ctrl Pts',(0.614630566890667,0.361121842926268,0.072426467724539));
#1439=CARTESIAN_POINT('Ctrl Pts',(0.612467703248036,0.384605759846634,0.0792103617673245));
#1440=CARTESIAN_POINT('Ctrl Pts',(0.610304839605405,0.411693588230651,0.0734530275456657));
#1441=CARTESIAN_POINT('Ctrl Pts',(0.608141975962774,0.430421488513161,0.0577440325990118));
#1442=CARTESIAN_POINT('Ctrl Pts',(0.605979112320143,0.44914938879567,0.0420350376523579));
#1443=CARTESIAN_POINT('Ctrl Pts',(0.603816248677512,0.459517360976672,0.0163743819807092));
#1444=CARTESIAN_POINT('Ctrl Pts',(0.601653385034881,0.456945751959695,-0.00792674319855671));
#1445=CARTESIAN_POINT('Ctrl Pts',(0.599490521392249,0.454374142942717,-0.0322278683778227));
#1446=CARTESIAN_POINT('Ctrl Pts',(0.597327657749618,0.438862952727762,-0.0551694630647058));
#1447=CARTESIAN_POINT('Ctrl Pts',(0.595164794106987,0.417263476457411,-0.0666067091954668));
#1448=CARTESIAN_POINT('Ctrl Pts',(0.593001930464356,0.39566400018706,-0.0780439553262277));
#1449=CARTESIAN_POINT('Ctrl Pts',(0.590839066821725,0.367976237861314,-0.0779768529008667));
#1450=CARTESIAN_POINT('Ctrl Pts',(0.588676203179094,0.346429739880346,-0.0664409074404747));
#1451=CARTESIAN_POINT('Ctrl Pts',(0.586513339536463,0.324883241899378,-0.0549049619800826));
#1452=CARTESIAN_POINT('Ctrl Pts',(0.584350475893831,0.309478008263188,-0.0319001734846597));
#1453=CARTESIAN_POINT('Ctrl Pts',(0.5821876122512,0.307018487006327,-0.00758470186740832));
#1454=CARTESIAN_POINT('Ctrl Pts',(0.581964782429119,0.306765093924458,-0.00507959146308787));
#1455=CARTESIAN_POINT('Ctrl Pts',(0.581741952607039,0.306649109564576,-0.00256056917138545));
#1456=CARTESIAN_POINT('Ctrl Pts',(0.581519122784958,0.30666546898256,-4.00143255464332E-5));
#1457=CARTESIAN_POINT('Origin',(0.709550211698204,0.382,0.));
#1458=CARTESIAN_POINT('',(0.445116454968463,0.287102811715546,-5.93686536525858E-5));
#1459=CARTESIAN_POINT('',(0.43871687836487,0.287033884538764,-7.54896002835285E-5));
#1460=CARTESIAN_POINT('',(0.709550211698204,0.287,-9.68782578243996E-16));
#1461=CARTESIAN_POINT('',(0.427426528774244,0.394479909888032,0.0941767054487816));
#1462=CARTESIAN_POINT('Ctrl Pts',(0.43871687836487,0.287033884538764,-7.54896002835196E-5));
#1463=CARTESIAN_POINT('Ctrl Pts',(0.437125368339306,0.287245054098314,0.0227486392307866));
#1464=CARTESIAN_POINT('Ctrl Pts',(0.433361918475763,0.306873991547386,0.0770168385519835));
#1465=CARTESIAN_POINT('Ctrl Pts',(0.429598468612222,0.36363507889756,0.0982641356624246));
#1466=CARTESIAN_POINT('Ctrl Pts',(0.427426528774244,0.394479909888033,0.0941767054487816));
#1467=CARTESIAN_POINT('',(0.427426528774244,0.439986528607945,0.0752499999999996));
#1468=CARTESIAN_POINT('Origin',(0.427426528774244,0.382,0.));
#1469=CARTESIAN_POINT('',(0.429212194091712,0.451985332350769,0.0642610695852094));
#1470=CARTESIAN_POINT('Ctrl Pts',(0.429212194091712,0.45194360268832,0.0642875761168392));
#1471=CARTESIAN_POINT('Ctrl Pts',(0.429064130864962,0.45103500576201,0.0652761114802226));
#1472=CARTESIAN_POINT('Ctrl Pts',(0.428916422481092,0.450111323532798,0.0662389648926459));
#1473=CARTESIAN_POINT('Ctrl Pts',(0.428326590374601,0.446346505923139,0.0700037825023051));
#1474=CARTESIAN_POINT('Ctrl Pts',(0.427872327108139,0.443272568296203,0.0727178267855148));
#1475=CARTESIAN_POINT('Ctrl Pts',(0.427426528774245,0.439986528607945,0.0752499999999995));
#1476=CARTESIAN_POINT('Ctrl Pts',(0.445116454968463,0.287102811715546,-5.93686536525927E-5));
#1477=CARTESIAN_POINT('Ctrl Pts',(0.443748678604587,0.287214554105453,0.0195790796591691));
#1478=CARTESIAN_POINT('Ctrl Pts',(0.44021803859808,0.302618197400767,0.070431799197391));
#1479=CARTESIAN_POINT('Ctrl Pts',(0.434916618305831,0.37926301499199,0.108759066416546));
#1480=CARTESIAN_POINT('Ctrl Pts',(0.430982974377456,0.43474105294502,0.0827253763069139));
#1481=CARTESIAN_POINT('Ctrl Pts',(0.429212194091712,0.452033585377346,0.0642304194361294));
#1482=CARTESIAN_POINT('Origin',(0.709550211698204,0.382,0.));
#1483=CARTESIAN_POINT('',(0.486783121635129,0.286867168705666,2.79628053136193E-5));
#1484=CARTESIAN_POINT('',(0.480383545031537,0.286908338717094,5.99933030794276E-5));
#1485=CARTESIAN_POINT('',(0.709550211698204,0.287,-9.68782578243996E-16));
#1486=CARTESIAN_POINT('Ctrl Pts',(0.480383545031537,0.286908338717093,5.99933030794278E-5));
#1487=CARTESIAN_POINT('Ctrl Pts',(0.480106724982925,0.286878823000199,0.00401480119739849));
#1488=CARTESIAN_POINT('Ctrl Pts',(0.477657965096335,0.288878587265464,0.0389691662705668));
#1489=CARTESIAN_POINT('Ctrl Pts',(0.473037265371767,0.332102186748571,0.0999613484066318));
#1490=CARTESIAN_POINT('Ctrl Pts',(0.466521445857836,0.437466522614036,0.0969776371911671));
#1491=CARTESIAN_POINT('Ctrl Pts',(0.460005626343903,0.49346683672457,0.00767085621406553));
#1492=CARTESIAN_POINT('Ctrl Pts',(0.453489806829972,0.450211859477679,-0.0884801507797071));
#1493=CARTESIAN_POINT('Ctrl Pts',(0.44697398731604,0.346284814899966,-0.105834123771562));
#1494=CARTESIAN_POINT('Ctrl Pts',(0.442049677827673,0.2916939777232,-0.0477928385849088));
#1495=CARTESIAN_POINT('Ctrl Pts',(0.439297308177283,0.28695687019021,-0.00839953695348733));
#1496=CARTESIAN_POINT('Ctrl Pts',(0.43871687836487,0.287033884538764,-7.54896002835196E-5));
#1497=CARTESIAN_POINT('Ctrl Pts',(0.486783121635129,0.286867168705666,2.79628053136005E-5));
#1498=CARTESIAN_POINT('Ctrl Pts',(0.486666501880783,0.286860539952055,0.00169213320339022));
#1499=CARTESIAN_POINT('Ctrl Pts',(0.484387018483805,0.287643154400328,0.0342141247797947));
#1500=CARTESIAN_POINT('Ctrl Pts',(0.479944671444197,0.324677515947355,0.0957187272831789));
#1501=CARTESIAN_POINT('Ctrl Pts',(0.473456080516303,0.42940848089854,0.100998389310632));
#1502=CARTESIAN_POINT('Ctrl Pts',(0.46696748958841,0.492260132610048,0.0170531451479393));
#1503=CARTESIAN_POINT('Ctrl Pts',(0.460478898660517,0.457706882472234,-0.0819494171630975));
#1504=CARTESIAN_POINT('Ctrl Pts',(0.453990307732622,0.356278572736613,-0.108572915291457));
#1505=CARTESIAN_POINT('Ctrl Pts',(0.448869493168605,0.294157446047672,-0.0538673327956275));
#1506=CARTESIAN_POINT('Ctrl Pts',(0.445911542247219,0.28703785595592,-0.0114751825545285));
#1507=CARTESIAN_POINT('Ctrl Pts',(0.445116454968463,0.287102811715546,-5.93686536525927E-5));
#1508=CARTESIAN_POINT('Origin',(0.709550211698204,0.382,0.));
#1509=CARTESIAN_POINT('',(0.528449788301796,0.287140410800967,1.14982937871012E-5));
#1510=CARTESIAN_POINT('',(0.522050211698204,0.287143337965906,-1.06166456144959E-5));
#1511=CARTESIAN_POINT('',(0.709550211698204,0.287,-9.68782578243996E-16));
#1512=CARTESIAN_POINT('Ctrl Pts',(0.522050211698204,0.287143337965906,-1.06166456144886E-5));
#1513=CARTESIAN_POINT('Ctrl Pts',(0.520916141788566,0.287160083314144,0.0162941136474713));
#1514=CARTESIAN_POINT('Ctrl Pts',(0.517610132040951,0.298828489701961,0.063847688476299));
#1515=CARTESIAN_POINT('Ctrl Pts',(0.512132182455358,0.373607185987346,0.111407315260738));
#1516=CARTESIAN_POINT('Ctrl Pts',(0.505616362941426,0.470024990364179,0.0688012438311876));
#1517=CARTESIAN_POINT('Ctrl Pts',(0.499100543427495,0.488081870032772,-0.0350525795839769));
#1518=CARTESIAN_POINT('Ctrl Pts',(0.492584723913563,0.411702669136382,-0.107702339692774));
#1519=CARTESIAN_POINT('Ctrl Pts',(0.486345724448244,0.313250814125622,-0.0854602396491945));
#1520=CARTESIAN_POINT('Ctrl Pts',(0.482278664820902,0.287110404353105,-0.0270147606434788));
#1521=CARTESIAN_POINT('Ctrl Pts',(0.480383545031537,0.286908338717093,5.99933030794278E-5));
#1522=CARTESIAN_POINT('Ctrl Pts',(0.528449788301796,0.287140410800967,1.14982937870943E-5));
#1523=CARTESIAN_POINT('Ctrl Pts',(0.527421461514348,0.287123815291113,0.0147949260033203));
#1524=CARTESIAN_POINT('Ctrl Pts',(0.524230271084268,0.297247381552594,0.0606505999052497));
#1525=CARTESIAN_POINT('Ctrl Pts',(0.518876217011558,0.367853534315473,0.110670369512066));
#1526=CARTESIAN_POINT('Ctrl Pts',(0.512387626083663,0.465918172058819,0.0735241457335461));
#1527=CARTESIAN_POINT('Ctrl Pts',(0.505899035155771,0.489850148773608,-0.0285728297159097));
#1528=CARTESIAN_POINT('Ctrl Pts',(0.499410444227877,0.418508088756462,-0.105428653080166));
#1529=CARTESIAN_POINT('Ctrl Pts',(0.49303847305433,0.316777005218098,-0.0894424291185414));
#1530=CARTESIAN_POINT('Ctrl Pts',(0.488829365523414,0.286983478730838,-0.0291720515937096));
#1531=CARTESIAN_POINT('Ctrl Pts',(0.486783121635129,0.286867168705666,2.79628053136005E-5));
#1532=CARTESIAN_POINT('Origin',(0.709550211698204,0.382,0.));
#1533=CARTESIAN_POINT('',(0.570116454968463,0.286893283100907,-5.05164242802333E-5));
#1534=CARTESIAN_POINT('',(0.56371687836487,0.286879003826812,-4.2543826657828E-5));
#1535=CARTESIAN_POINT('',(0.709550211698204,0.287,-9.68782578243996E-16));
#1536=CARTESIAN_POINT('Ctrl Pts',(0.56371687836487,0.286879003826812,-4.25438266578274E-5));
#1537=CARTESIAN_POINT('Ctrl Pts',(0.561725558594207,0.287040366140601,0.0283831487507121));
#1538=CARTESIAN_POINT('Ctrl Pts',(0.557562298985567,0.315502009535349,0.0880941712381871));
#1539=CARTESIAN_POINT('Ctrl Pts',(0.551227099538949,0.416360475368055,0.10630789158766));
#1540=CARTESIAN_POINT('Ctrl Pts',(0.544711280025018,0.489506316823205,0.0304042935087324));
#1541=CARTESIAN_POINT('Ctrl Pts',(0.538195460511086,0.466948428606407,-0.0725657806695953));
#1542=CARTESIAN_POINT('Ctrl Pts',(0.531679640997154,0.368768201381885,-0.110936666294707));
#1543=CARTESIAN_POINT('Ctrl Pts',(0.52629789139286,0.297405119650336,-0.0610603193359226));
#1544=CARTESIAN_POINT('Ctrl Pts',(0.523088081626543,0.287128013078763,-0.0149322622311897));
#1545=CARTESIAN_POINT('Ctrl Pts',(0.522050211698204,0.287143337965906,-1.06166456144886E-5));
#1546=CARTESIAN_POINT('Ctrl Pts',(0.570116454968463,0.286893283100907,-5.05164242802387E-5));
#1547=CARTESIAN_POINT('Ctrl Pts',(0.568176421147912,0.287073096039009,0.0276539149251703));
#1548=CARTESIAN_POINT('Ctrl Pts',(0.564073523684731,0.314237284344265,0.0865550337821161));
#1549=CARTESIAN_POINT('Ctrl Pts',(0.557807762578919,0.413402247839801,0.10705998674241));
#1550=CARTESIAN_POINT('Ctrl Pts',(0.551319171651024,0.488353325395899,0.0337201121973203));
#1551=CARTESIAN_POINT('Ctrl Pts',(0.544830580723132,0.469352676530952,-0.0694088333746321));
#1552=CARTESIAN_POINT('Ctrl Pts',(0.538341989795237,0.373185336957219,-0.11122204435448));
#1553=CARTESIAN_POINT('Ctrl Pts',(0.532881725654793,0.298811553582035,-0.0637274198127611));
#1554=CARTESIAN_POINT('Ctrl Pts',(0.529584325156979,0.287158720367334,-0.0162988261936366));
#1555=CARTESIAN_POINT('Ctrl Pts',(0.528449788301796,0.287140410800967,1.14982937870943E-5));
#1556=CARTESIAN_POINT('Origin',(0.709550211698204,0.382,0.));
#1557=CARTESIAN_POINT('',(0.61178312163513,0.287088203700134,0.000119074832732027));
#1558=CARTESIAN_POINT('',(0.605383545031537,0.287065874737481,7.48611285084817E-5));
#1559=CARTESIAN_POINT('',(0.709550211698204,0.287,-9.68782578243996E-16));
#1560=CARTESIAN_POINT('',(0.616205080929959,0.307349469098354,-0.0587562612502052));
#1561=CARTESIAN_POINT('Ctrl Pts',(0.616205080929959,0.307349469098354,-0.0587562612502058));
#1562=CARTESIAN_POINT('Ctrl Pts',(0.614731094498349,0.294289602253263,-0.0421635446146236));
#1563=CARTESIAN_POINT('Ctrl Pts',(0.613257108066739,0.287253587294823,-0.0209750503533964));
#1564=CARTESIAN_POINT('Ctrl Pts',(0.61178312163513,0.287088203700134,0.000119074832732022));
#1565=CARTESIAN_POINT('',(0.612947925771319,0.342403611976435,-0.0863028735638427));
#1566=CARTESIAN_POINT('Ctrl Pts',(0.612947925771319,0.342387379443385,-0.0863472077871522));
#1567=CARTESIAN_POINT('Ctrl Pts',(0.613622507321942,0.331949207052673,-0.0815585947814248));
#1568=CARTESIAN_POINT('Ctrl Pts',(0.614509943193688,0.322467010736046,-0.0748172991614895));
#1569=CARTESIAN_POINT('Ctrl Pts',(0.615628814384698,0.312217819310861,-0.0645681077363054));
#1570=CARTESIAN_POINT('Ctrl Pts',(0.615919311696166,0.309708359942261,-0.0617532602098027));
#1571=CARTESIAN_POINT('Ctrl Pts',(0.616205080929959,0.307349469098354,-0.0587562612502052));
#1572=CARTESIAN_POINT('Ctrl Pts',(0.612947925771319,0.342432588825805,-0.0862237321195098));
#1573=CARTESIAN_POINT('Ctrl Pts',(0.611921775568991,0.329016850564739,-0.0800824044885891));
#1574=CARTESIAN_POINT('Ctrl Pts',(0.609400315322397,0.299414556390577,-0.0577046914087159));
#1575=CARTESIAN_POINT('Ctrl Pts',(0.606878855075804,0.287226964002145,-0.0213734794383358));
#1576=CARTESIAN_POINT('Ctrl Pts',(0.605383545031537,0.287065874737481,7.48611285084804E-5));
#1577=CARTESIAN_POINT('Origin',(0.427426528774244,0.382,0.));
#1578=CARTESIAN_POINT('',(0.427426528774245,0.337613369636815,0.0752499999999883));
#1579=CARTESIAN_POINT('',(0.427426528774244,0.343,0.0752499999999996));
#1580=CARTESIAN_POINT('Ctrl Pts',(0.427426528774244,0.394479909888033,0.0941767054487816));
#1581=CARTESIAN_POINT('Ctrl Pts',(0.427426528774244,0.388968022925631,0.0942396916675758));
#1582=CARTESIAN_POINT('Ctrl Pts',(0.427426528774244,0.383472135648697,0.0937836171413105));
#1583=CARTESIAN_POINT('Ctrl Pts',(0.427426528774244,0.37805222914711,0.092840284611692));
#1584=CARTESIAN_POINT('Ctrl Pts',(0.427426528774244,0.374824968566072,0.0922785812157464));
#1585=CARTESIAN_POINT('Ctrl Pts',(0.427426528774244,0.371624724689637,0.0915438125412893));
#1586=CARTESIAN_POINT('Ctrl Pts',(0.427426528774244,0.368465546536638,0.0906404839987256));
#1587=CARTESIAN_POINT('Ctrl Pts',(0.427426528774244,0.365499007925431,0.089792238388526));
#1588=CARTESIAN_POINT('Ctrl Pts',(0.427426528774244,0.362576628602961,0.088797483143995));
#1589=CARTESIAN_POINT('Ctrl Pts',(0.427426528774244,0.359713839403616,0.0876629625460331));
#1590=CARTESIAN_POINT('Ctrl Pts',(0.427426528774244,0.354396550749662,0.0855557261820705));
#1591=CARTESIAN_POINT('Ctrl Pts',(0.427426528774244,0.349278685284055,0.0829655536465162));
#1592=CARTESIAN_POINT('Ctrl Pts',(0.427426528774244,0.344440751420708,0.0799163501742409));
#1593=CARTESIAN_POINT('Ctrl Pts',(0.427426528774244,0.342068336000613,0.0784210884486848));
#1594=CARTESIAN_POINT('Ctrl Pts',(0.427426528774244,0.339770911991912,0.0768197813753303));
#1595=CARTESIAN_POINT('Ctrl Pts',(0.427426528774244,0.337560921470042,0.0751188407794535));
#1596=CARTESIAN_POINT('Ctrl Pts',(0.618014265889637,0.448657297748309,0.034919438095326));
#1597=CARTESIAN_POINT('Ctrl Pts',(0.615842326051659,0.460094140449484,0.0130877858461782));
#1598=CARTESIAN_POINT('Ctrl Pts',(0.611498446375705,0.459685583114066,-0.0423223345048962));
#1599=CARTESIAN_POINT('Ctrl Pts',(0.604982626861773,0.389787780335955,-0.088203021902765));
#1600=CARTESIAN_POINT('Ctrl Pts',(0.598466807347841,0.312996129137962,-0.0553765790131155));
#1601=CARTESIAN_POINT('Ctrl Pts',(0.59195098783391,0.297614820909344,0.0266547921625321));
#1602=CARTESIAN_POINT('Ctrl Pts',(0.585435168319977,0.357363359485585,0.0850040689864064));
#1603=CARTESIAN_POINT('Ctrl Pts',(0.578919348806046,0.439039298493624,0.067658002855742));
#1604=CARTESIAN_POINT('Ctrl Pts',(0.572403529292113,0.469940289841236,-0.00990633687576617));
#1605=CARTESIAN_POINT('Ctrl Pts',(0.565887709778183,0.422554385430909,-0.0786579227253968));
#1606=CARTESIAN_POINT('Ctrl Pts',(0.55937189026425,0.33906695242382,-0.0773840214157809));
#1607=CARTESIAN_POINT('Ctrl Pts',(0.552856070750318,0.293798856367983,-0.00722326391956053));
#1608=CARTESIAN_POINT('Ctrl Pts',(0.546340251236386,0.327048868463038,0.0693685296412009));
#1609=CARTESIAN_POINT('Ctrl Pts',(0.539824431722455,0.409217113383643,0.0842070404418046));
#1610=CARTESIAN_POINT('Ctrl Pts',(0.533308612208523,0.467156319378382,0.0240834009108644));
#1611=CARTESIAN_POINT('Ctrl Pts',(0.526792792694591,0.449288097396127,-0.0574797367935479));
#1612=CARTESIAN_POINT('Ctrl Pts',(0.520276973180659,0.371519022673546,-0.0878735172492281));
#1613=CARTESIAN_POINT('Ctrl Pts',(0.513761153666728,0.303080275050484,-0.0400410156384767));
#1614=CARTESIAN_POINT('Ctrl Pts',(0.507245334152795,0.304897010454885,0.0434365882206729));
#1615=CARTESIAN_POINT('Ctrl Pts',(0.500729514638864,0.375352007847872,0.0882463207723215));
#1616=CARTESIAN_POINT('Ctrl Pts',(0.494213695124931,0.451725058156889,0.0544978273504934));
#1617=CARTESIAN_POINT('Ctrl Pts',(0.487697875611,0.466028007578591,-0.0277653327757291));
#1618=CARTESIAN_POINT('Ctrl Pts',(0.481182056097068,0.405527640552766,-0.0853115901250655));
#1619=CARTESIAN_POINT('Ctrl Pts',(0.474666236583136,0.324083302102615,-0.0669118035126814));
#1620=CARTESIAN_POINT('Ctrl Pts',(0.468150417069204,0.2941959166295,0.0110530506476463));
#1621=CARTESIAN_POINT('Ctrl Pts',(0.461634597555272,0.342475679503473,0.079179910185253));
#1622=CARTESIAN_POINT('Ctrl Pts',(0.455118778041341,0.425935324491645,0.0768164968277404));
#1623=CARTESIAN_POINT('Ctrl Pts',(0.448602958527408,0.470293468037093,0.00607612558008871));
#1624=CARTESIAN_POINT('Ctrl Pts',(0.442087139013477,0.436030972902056,-0.0700855931176101));
#1625=CARTESIAN_POINT('Ctrl Pts',(0.435571319499545,0.353709813907605,-0.0838317664611583));
#1626=CARTESIAN_POINT('Ctrl Pts',(0.429055499985613,0.296492645777599,-0.022998151430617));
#1627=CARTESIAN_POINT('Ctrl Pts',(0.422539680471681,0.315558080245829,0.058409769055331));
#1628=CARTESIAN_POINT('Ctrl Pts',(0.418195800795727,0.367453049337278,0.077835539037868));
#1629=CARTESIAN_POINT('Ctrl Pts',(0.416023860957749,0.391885402306047,0.0745978640528507));
#1630=CARTESIAN_POINT('Ctrl Pts',(0.621815155161802,0.454488888581217,0.037974405547741));
#1631=CARTESIAN_POINT('Ctrl Pts',(0.619643215323824,0.466926296701432,0.0142327859368184));
#1632=CARTESIAN_POINT('Ctrl Pts',(0.61529933564787,0.466481996254721,-0.0460249529167309));
#1633=CARTESIAN_POINT('Ctrl Pts',(0.608783516133938,0.390469103311082,-0.095919565347193));
#1634=CARTESIAN_POINT('Ctrl Pts',(0.602267696620006,0.306959245640619,-0.0602212631128232));
#1635=CARTESIAN_POINT('Ctrl Pts',(0.595751877106074,0.290232285861545,0.0289867175012253));
#1636=CARTESIAN_POINT('Ctrl Pts',(0.589236057592142,0.355207994479341,0.092440748332947));
#1637=CARTESIAN_POINT('Ctrl Pts',(0.582720238078211,0.444029447531273,0.0735771415330438));
#1638=CARTESIAN_POINT('Ctrl Pts',(0.576204418564278,0.477633847867214,-0.0107730042214865));
#1639=CARTESIAN_POINT('Ctrl Pts',(0.569688599050348,0.42610233277204,-0.0855394021221923));
#1640=CARTESIAN_POINT('Ctrl Pts',(0.563172779536415,0.335310905072194,-0.0841540520822779));
#1641=CARTESIAN_POINT('Ctrl Pts',(0.556656960022483,0.286082477246245,-0.00785519952271143));
#1642=CARTESIAN_POINT('Ctrl Pts',(0.550141140508551,0.322241405128132,0.075437315733842));
#1643=CARTESIAN_POINT('Ctrl Pts',(0.543625320994619,0.411598234045114,0.0915739908237564));
#1644=CARTESIAN_POINT('Ctrl Pts',(0.537109501480688,0.474606318526655,0.0261903651101537));
#1645=CARTESIAN_POINT('Ctrl Pts',(0.530593681966755,0.455174874466221,-0.0625084180855638));
#1646=CARTESIAN_POINT('Ctrl Pts',(0.524077862452825,0.370602082242992,-0.0955612335977209));
#1647=CARTESIAN_POINT('Ctrl Pts',(0.517562042938891,0.29617589158314,-0.0435440502292184));
#1648=CARTESIAN_POINT('Ctrl Pts',(0.511046223424961,0.298151566186819,0.0472366884083066));
#1649=CARTESIAN_POINT('Ctrl Pts',(0.504530403911028,0.374770400561029,0.0959666522684604));
#1650=CARTESIAN_POINT('Ctrl Pts',(0.498014584397097,0.45782503555932,0.0592656328440582));
#1651=CARTESIAN_POINT('Ctrl Pts',(0.491498764883165,0.473379295063317,-0.0301944150451451));
#1652=CARTESIAN_POINT('Ctrl Pts',(0.484982945369233,0.407585983413971,-0.0927751733143017));
#1653=CARTESIAN_POINT('Ctrl Pts',(0.478467125855301,0.319016392762756,-0.0727656600769137));
#1654=CARTESIAN_POINT('Ctrl Pts',(0.47195130634137,0.28651427478424,0.0120200395747383));
#1655=CARTESIAN_POINT('Ctrl Pts',(0.465435486827437,0.339017848585172,0.086107056259046));
#1656=CARTESIAN_POINT('Ctrl Pts',(0.458919667313506,0.429779057199109,0.0835368769488826));
#1657=CARTESIAN_POINT('Ctrl Pts',(0.452403847799573,0.478017924266252,0.00660770245808096));
#1658=CARTESIAN_POINT('Ctrl Pts',(0.445888028285642,0.44075793509393,-0.0762171123383091));
#1659=CARTESIAN_POINT('Ctrl Pts',(0.43937220877171,0.351234814238392,-0.0911658855646262));
#1660=CARTESIAN_POINT('Ctrl Pts',(0.432856389257778,0.289011935939759,-0.0250101713232181));
#1661=CARTESIAN_POINT('Ctrl Pts',(0.426340569743846,0.309745332005984,0.0635198152960521));
#1662=CARTESIAN_POINT('Ctrl Pts',(0.421996690067892,0.366180392524039,0.0846450712460535));
#1663=CARTESIAN_POINT('Ctrl Pts',(0.419824750229914,0.392750238166709,0.081124144518161));
#1664=CARTESIAN_POINT('Ctrl Pts',(0.625616044433967,0.460320479414126,0.0410293730001561));
#1665=CARTESIAN_POINT('Ctrl Pts',(0.62344410459599,0.47375845295338,0.0153777860274586));
#1666=CARTESIAN_POINT('Ctrl Pts',(0.619100224920035,0.473278409395375,-0.0497275713285657));
#1667=CARTESIAN_POINT('Ctrl Pts',(0.612584405406103,0.39115042628621,-0.103636108791621));
#1668=CARTESIAN_POINT('Ctrl Pts',(0.606068585892171,0.300922362143276,-0.065065947212531));
#1669=CARTESIAN_POINT('Ctrl Pts',(0.59955276637824,0.282849750813747,0.0313186428399186));
#1670=CARTESIAN_POINT('Ctrl Pts',(0.593036946864307,0.353052629473097,0.0998774276794876));
#1671=CARTESIAN_POINT('Ctrl Pts',(0.586521127350377,0.449019596568921,0.0794962802103457));
#1672=CARTESIAN_POINT('Ctrl Pts',(0.580005307836444,0.485327405893192,-0.0116396715672069));
#1673=CARTESIAN_POINT('Ctrl Pts',(0.573489488322512,0.429650280113172,-0.0924208815189878));
#1674=CARTESIAN_POINT('Ctrl Pts',(0.56697366880858,0.331554857720568,-0.0909240827487748));
#1675=CARTESIAN_POINT('Ctrl Pts',(0.560457849294648,0.278366098124507,-0.00848713512586231));
#1676=CARTESIAN_POINT('Ctrl Pts',(0.553942029780716,0.317433941793227,0.081506101826483));
#1677=CARTESIAN_POINT('Ctrl Pts',(0.547426210266784,0.413979354706584,0.0989409412057083));
#1678=CARTESIAN_POINT('Ctrl Pts',(0.540910390752853,0.482056317674931,0.0282973293094431));
#1679=CARTESIAN_POINT('Ctrl Pts',(0.534394571238921,0.461061651536314,-0.0675370993775796));
#1680=CARTESIAN_POINT('Ctrl Pts',(0.527878751724989,0.369685141812439,-0.103248949946214));
#1681=CARTESIAN_POINT('Ctrl Pts',(0.521362932211057,0.289271508115795,-0.04704708481996));
#1682=CARTESIAN_POINT('Ctrl Pts',(0.514847112697126,0.291406121918752,0.0510367885959402));
#1683=CARTESIAN_POINT('Ctrl Pts',(0.508331293183193,0.374188793274188,0.103686983764599));
#1684=CARTESIAN_POINT('Ctrl Pts',(0.501815473669262,0.463925012961749,0.0640334383376229));
#1685=CARTESIAN_POINT('Ctrl Pts',(0.49529965415533,0.480730582548045,-0.032623497314561));
#1686=CARTESIAN_POINT('Ctrl Pts',(0.488783834641398,0.409644326275177,-0.100238756503538));
#1687=CARTESIAN_POINT('Ctrl Pts',(0.482268015127466,0.313949483422896,-0.0786195166411461));
#1688=CARTESIAN_POINT('Ctrl Pts',(0.475752195613534,0.278832632938981,0.0129870285018303));
#1689=CARTESIAN_POINT('Ctrl Pts',(0.469236376099602,0.335560017666871,0.0930342023328388));
#1690=CARTESIAN_POINT('Ctrl Pts',(0.462720556585671,0.433622789906573,0.090257257070025));
#1691=CARTESIAN_POINT('Ctrl Pts',(0.456204737071739,0.485742380495411,0.00713927933607321));
#1692=CARTESIAN_POINT('Ctrl Pts',(0.449688917557807,0.445484897285805,-0.0823486315590081));
#1693=CARTESIAN_POINT('Ctrl Pts',(0.443173098043875,0.348759814569179,-0.0985000046680941));
#1694=CARTESIAN_POINT('Ctrl Pts',(0.436657278529943,0.281531226101919,-0.0270221912158191));
#1695=CARTESIAN_POINT('Ctrl Pts',(0.430141459016011,0.30393258376614,0.0686298615367732));
#1696=CARTESIAN_POINT('Ctrl Pts',(0.425797579340057,0.364907735710799,0.0914546034542391));
#1697=CARTESIAN_POINT('Ctrl Pts',(0.423625639502079,0.393615074027371,0.0876504249834713));
#1698=CARTESIAN_POINT('Ctrl Pts',(0.629416933706132,0.466152070247034,0.0440843404525711));
#1699=CARTESIAN_POINT('Ctrl Pts',(0.627244993868154,0.480590609205328,0.0165227861180987));
#1700=CARTESIAN_POINT('Ctrl Pts',(0.6229011141922,0.48007482253603,-0.0534301897404004));
#1701=CARTESIAN_POINT('Ctrl Pts',(0.616385294678268,0.391831749261338,-0.111352652236049));
#1702=CARTESIAN_POINT('Ctrl Pts',(0.609869475164336,0.294885478645933,-0.0699106313122387));
#1703=CARTESIAN_POINT('Ctrl Pts',(0.603353655650405,0.275467215765949,0.0336505681786118));
#1704=CARTESIAN_POINT('Ctrl Pts',(0.596837836136472,0.350897264466852,0.107314107026028));
#1705=CARTESIAN_POINT('Ctrl Pts',(0.590322016622541,0.454009745606569,0.0854154188876476));
#1706=CARTESIAN_POINT('Ctrl Pts',(0.583806197108608,0.493020963919169,-0.0125063389129274));
#1707=CARTESIAN_POINT('Ctrl Pts',(0.577290377594678,0.433198227454304,-0.0993023609157833));
#1708=CARTESIAN_POINT('Ctrl Pts',(0.570774558080745,0.327798810368942,-0.0976941134152716));
#1709=CARTESIAN_POINT('Ctrl Pts',(0.564258738566813,0.270649719002769,-0.00911907072901324));
#1710=CARTESIAN_POINT('Ctrl Pts',(0.557742919052882,0.312626478458321,0.087574887919124));
#1711=CARTESIAN_POINT('Ctrl Pts',(0.551227099538949,0.416360475368055,0.10630789158766));
#1712=CARTESIAN_POINT('Ctrl Pts',(0.544711280025018,0.489506316823205,0.0304042935087324));
#1713=CARTESIAN_POINT('Ctrl Pts',(0.538195460511086,0.466948428606407,-0.0725657806695953));
#1714=CARTESIAN_POINT('Ctrl Pts',(0.531679640997154,0.368768201381885,-0.110936666294707));
#1715=CARTESIAN_POINT('Ctrl Pts',(0.525163821483222,0.282367124648451,-0.0505501194107015));
#1716=CARTESIAN_POINT('Ctrl Pts',(0.518648001969291,0.284660677650685,0.0548368887835738));
#1717=CARTESIAN_POINT('Ctrl Pts',(0.512132182455358,0.373607185987346,0.111407315260738));
#1718=CARTESIAN_POINT('Ctrl Pts',(0.505616362941426,0.470024990364179,0.0688012438311876));
#1719=CARTESIAN_POINT('Ctrl Pts',(0.499100543427495,0.488081870032772,-0.0350525795839769));
#1720=CARTESIAN_POINT('Ctrl Pts',(0.492584723913563,0.411702669136382,-0.107702339692774));
#1721=CARTESIAN_POINT('Ctrl Pts',(0.486068904399631,0.308882574083036,-0.0844733732053785));
#1722=CARTESIAN_POINT('Ctrl Pts',(0.4795530848857,0.271150991093721,0.0139540174289222));
#1723=CARTESIAN_POINT('Ctrl Pts',(0.473037265371767,0.332102186748571,0.0999613484066318));
#1724=CARTESIAN_POINT('Ctrl Pts',(0.466521445857836,0.437466522614036,0.0969776371911671));
#1725=CARTESIAN_POINT('Ctrl Pts',(0.460005626343903,0.49346683672457,0.00767085621406553));
#1726=CARTESIAN_POINT('Ctrl Pts',(0.453489806829972,0.450211859477679,-0.0884801507797071));
#1727=CARTESIAN_POINT('Ctrl Pts',(0.44697398731604,0.346284814899966,-0.105834123771562));
#1728=CARTESIAN_POINT('Ctrl Pts',(0.440458167802108,0.274050516264079,-0.0290342111084202));
#1729=CARTESIAN_POINT('Ctrl Pts',(0.433942348288176,0.298119835526295,0.0737399077774943));
#1730=CARTESIAN_POINT('Ctrl Pts',(0.429598468612222,0.36363507889756,0.0982641356624246));
#1731=CARTESIAN_POINT('Ctrl Pts',(0.427426528774244,0.394479909888033,0.0941767054487816));
#1732=CARTESIAN_POINT('',(0.434,0.295169872548423,1.63535558260935E-9));
#1733=CARTESIAN_POINT('Ctrl Pts',(0.427426528774246,0.337613369636813,0.0752499999999907));
#1734=CARTESIAN_POINT('Ctrl Pts',(0.427704105480406,0.334823265788816,0.0736733402261372));
#1735=CARTESIAN_POINT('Ctrl Pts',(0.427995792129589,0.332108838317342,0.0719657430801909));
#1736=CARTESIAN_POINT('Ctrl Pts',(0.429321934533969,0.320546965676354,0.0638665684700373));
#1737=CARTESIAN_POINT('Ctrl Pts',(0.430453702191692,0.312695123659088,0.0561141862388067));
#1738=CARTESIAN_POINT('Ctrl Pts',(0.43152581575908,0.306164236942101,0.0462824141875971));
#1739=CARTESIAN_POINT('Ctrl Pts',(0.431608106045637,0.305669713134586,0.0455089136783377));
#1740=CARTESIAN_POINT('Ctrl Pts',(0.431760897662474,0.304763517366797,0.0440342132152767));
#1741=CARTESIAN_POINT('Ctrl Pts',(0.431831660343104,0.304348896918623,0.0433349763646954));
#1742=CARTESIAN_POINT('Ctrl Pts',(0.432053446734407,0.303064754552333,0.0410879259845145));
#1743=CARTESIAN_POINT('Ctrl Pts',(0.432200267308324,0.302238030964415,0.0395159649569667));
#1744=CARTESIAN_POINT('Ctrl Pts',(0.432389812858678,0.301199561990936,0.0373546019374942));
#1745=CARTESIAN_POINT('Ctrl Pts',(0.43243816911467,0.300937370900097,0.0367906776702946));
#1746=CARTESIAN_POINT('Ctrl Pts',(0.432516263442006,0.300518339559635,0.0358582780052613));
#1747=CARTESIAN_POINT('Ctrl Pts',(0.432546493388905,0.300357263628938,0.0354917913324338));
#1748=CARTESIAN_POINT('Ctrl Pts',(0.432604509198662,0.300050301870182,0.0347772855979779));
#1749=CARTESIAN_POINT('Ctrl Pts',(0.432632334450745,0.299904081425002,0.0344294315461066));
#1750=CARTESIAN_POINT('Ctrl Pts',(0.432696750023272,0.299567908843844,0.0336116589030403));
#1751=CARTESIAN_POINT('Ctrl Pts',(0.432733069938561,0.299380176269066,0.0331408363160389));
#1752=CARTESIAN_POINT('Ctrl Pts',(0.432849078514666,0.298786385148615,0.0316040146180577));
#1753=CARTESIAN_POINT('Ctrl Pts',(0.432926193247669,0.29840092685944,0.0305301459860111));
#1754=CARTESIAN_POINT('Ctrl Pts',(0.433146631302206,0.297326541534127,0.0272887421227162));
#1755=CARTESIAN_POINT('Ctrl Pts',(0.43327946481682,0.29671719899152,0.0250967882267365));
#1756=CARTESIAN_POINT('Ctrl Pts',(0.433648874231176,0.295148188996966,0.018098305014887));
#1757=CARTESIAN_POINT('Ctrl Pts',(0.433826070453642,0.294602340031022,0.0132278108317207));
#1758=CARTESIAN_POINT('Ctrl Pts',(0.433973693600344,0.294618906708323,0.00553445037966897));
#1759=CARTESIAN_POINT('Ctrl Pts',(0.43399999998944,0.294805440734668,0.00275497589969004));
#1760=CARTESIAN_POINT('Ctrl Pts',(0.434,0.29516987276103,1.66347925142274E-9));
#1761=CARTESIAN_POINT('Ctrl Pts',(0.605383545031537,0.287065874737481,7.48611285084886E-5));
#1762=CARTESIAN_POINT('Ctrl Pts',(0.604706915237826,0.286992981629903,0.00978026390355832));
#1763=CARTESIAN_POINT('Ctrl Pts',(0.601858345606138,0.292777595407497,0.0505555529313718));
#1764=CARTESIAN_POINT('Ctrl Pts',(0.596837836136472,0.350897264466852,0.107314107026028));
#1765=CARTESIAN_POINT('Ctrl Pts',(0.590322016622541,0.454009745606569,0.0854154188876476));
#1766=CARTESIAN_POINT('Ctrl Pts',(0.583806197108608,0.493020963919169,-0.0125063389129274));
#1767=CARTESIAN_POINT('Ctrl Pts',(0.577290377594678,0.433198227454304,-0.0993023609157833));
#1768=CARTESIAN_POINT('Ctrl Pts',(0.570774558080745,0.327798810368942,-0.0976941134152716));
#1769=CARTESIAN_POINT('Ctrl Pts',(0.566250058337476,0.288115229713978,-0.0361887636987664));
#1770=CARTESIAN_POINT('Ctrl Pts',(0.563897498432185,0.286864367668217,-0.00262085926470105));
#1771=CARTESIAN_POINT('Ctrl Pts',(0.56371687836487,0.286879003826812,-4.25438266578274E-5));
#1772=CARTESIAN_POINT('',(0.619,0.4645,-8.332136380676E-16));
#1773=CARTESIAN_POINT('Ctrl Pts',(0.619,0.4645,-8.66397541256706E-16));
#1774=CARTESIAN_POINT('Ctrl Pts',(0.619,0.464959882342531,-0.00330317183000465));
#1775=CARTESIAN_POINT('Ctrl Pts',(0.618973444947556,0.465172988512807,-0.00664290278133755));
#1776=CARTESIAN_POINT('Ctrl Pts',(0.618814134571421,0.465063758563695,-0.0165057695257514));
#1777=CARTESIAN_POINT('Ctrl Pts',(0.61860595304208,0.464051408829626,-0.0229469138400384));
#1778=CARTESIAN_POINT('Ctrl Pts',(0.617883671827283,0.459436591042829,-0.0382539303088587));
#1779=CARTESIAN_POINT('Ctrl Pts',(0.617283613600744,0.454929055363707,-0.0466693882751781));
#1780=CARTESIAN_POINT('Ctrl Pts',(0.615808040265693,0.441738177459759,-0.0634785303211576));
#1781=CARTESIAN_POINT('Ctrl Pts',(0.614924792303557,0.432438144736056,-0.0711513896651353));
#1782=CARTESIAN_POINT('Ctrl Pts',(0.613538493833021,0.412497115118334,-0.0822181539742037));
#1783=CARTESIAN_POINT('Ctrl Pts',(0.613016174916514,0.402129990106559,-0.0858864112030382));
#1784=CARTESIAN_POINT('Ctrl Pts',(0.612459123933756,0.381877349598565,-0.0897676365952034));
#1785=CARTESIAN_POINT('Ctrl Pts',(0.61237725831317,0.372117837168468,-0.0903083417426721));
#1786=CARTESIAN_POINT('Ctrl Pts',(0.612551591863755,0.355665212561604,-0.0891167343210037));
#1787=CARTESIAN_POINT('Ctrl Pts',(0.612711873795874,0.348953571468052,-0.0880228562815382));
#1788=CARTESIAN_POINT('Ctrl Pts',(0.612947925771319,0.342387379443385,-0.086347207787152));
#1789=CARTESIAN_POINT('Ctrl Pts',(0.618014265889637,0.448657297748309,0.034919438095326));
#1790=CARTESIAN_POINT('Ctrl Pts',(0.618392348613523,0.45438101779512,0.0282280212285818));
#1791=CARTESIAN_POINT('Ctrl Pts',(0.61871572220819,0.458803879133453,0.0205327352634939));
#1792=CARTESIAN_POINT('Ctrl Pts',(0.61895834272755,0.462963017495227,0.00820835996561125));
#1793=CARTESIAN_POINT('Ctrl Pts',(0.619,0.463924614726688,0.00413278843397736));
#1794=CARTESIAN_POINT('Ctrl Pts',(0.619,0.4645,-8.09992930121454E-16));
#1795=CARTESIAN_POINT('Ctrl Pts',(0.552314210548375,0.306654158294396,-3.36991890092204E-5));
#1796=CARTESIAN_POINT('Ctrl Pts',(0.552494830615689,0.30664256491614,-0.00207599641756495));
#1797=CARTESIAN_POINT('Ctrl Pts',(0.552675450683004,0.306718635652964,-0.004117416758511));
#1798=CARTESIAN_POINT('Ctrl Pts',(0.552856070750318,0.306885207726465,-0.00615142457547035));
#1799=CARTESIAN_POINT('Ctrl Pts',(0.555028010588296,0.308888221719928,-0.0306101830849674));
#1800=CARTESIAN_POINT('Ctrl Pts',(0.557199950426273,0.323977587071874,-0.0539971022503741));
#1801=CARTESIAN_POINT('Ctrl Pts',(0.55937189026425,0.345436841915695,-0.0659028787180135));
#1802=CARTESIAN_POINT('Ctrl Pts',(0.561543830102227,0.366896096759516,-0.0778086551856529));
#1803=CARTESIAN_POINT('Ctrl Pts',(0.563715769940205,0.394725241095213,-0.0782332889555249));
#1804=CARTESIAN_POINT('Ctrl Pts',(0.565887709778182,0.416537463998115,-0.0669870081988557));
#1805=CARTESIAN_POINT('Ctrl Pts',(0.56805964961616,0.438349686901018,-0.0557407274421866));
#1806=CARTESIAN_POINT('Ctrl Pts',(0.570231589454137,0.454144988371127,-0.0328235321589763));
#1807=CARTESIAN_POINT('Ctrl Pts',(0.572403529292114,0.45689247388158,-0.00843754456211982));
#1808=CARTESIAN_POINT('Ctrl Pts',(0.574575469130091,0.459639959392032,0.0159484430347366));
#1809=CARTESIAN_POINT('Ctrl Pts',(0.576747408968068,0.449339628942828,0.0418032229452393));
#1810=CARTESIAN_POINT('Ctrl Pts',(0.578919348806046,0.430576807216887,0.057621623922268));
#1811=CARTESIAN_POINT('Ctrl Pts',(0.581091288644023,0.411813985490945,0.0734400248992968));
#1812=CARTESIAN_POINT('Ctrl Pts',(0.583263228482,0.384588672488265,0.0792220469428516));
#1813=CARTESIAN_POINT('Ctrl Pts',(0.585435168319978,0.361017926224218,0.0723881784939833));
#1814=CARTESIAN_POINT('Ctrl Pts',(0.587607108157955,0.337447179960171,0.065554310045115));
#1815=CARTESIAN_POINT('Ctrl Pts',(0.589779047995932,0.317531000434758,0.0461045511038235));
#1816=CARTESIAN_POINT('Ctrl Pts',(0.59195098783391,0.310136462043487,0.0227077764372365));
#1817=CARTESIAN_POINT('Ctrl Pts',(0.59262761762762,0.307832823195492,0.0154189213136553));
#1818=CARTESIAN_POINT('Ctrl Pts',(0.593304247421331,0.306744440712107,0.00774699851308227));
#1819=CARTESIAN_POINT('Ctrl Pts',(0.593980877215042,0.306802179726267,5.92978938983291E-5));
#1820=CARTESIAN_POINT('Ctrl Pts',(0.434,0.295200843290251,-6.89959304844406E-5));
#1821=CARTESIAN_POINT('Ctrl Pts',(0.433999867644339,0.295597421280426,-0.00329522343430686));
#1822=CARTESIAN_POINT('Ctrl Pts',(0.433963958121618,0.296234586173764,-0.00648540744041326));
#1823=CARTESIAN_POINT('Ctrl Pts',(0.433894928166113,0.297114935135414,-0.00961900756070698));
#1824=CARTESIAN_POINT('Ctrl Pts',(0.433803685947082,0.298278560291986,-0.0137609286504703));
#1825=CARTESIAN_POINT('Ctrl Pts',(0.433655525676473,0.299852848720529,-0.0177534462343536));
#1826=CARTESIAN_POINT('Ctrl Pts',(0.433466081266821,0.301816436091742,-0.0215557480309164));
#1827=CARTESIAN_POINT('Ctrl Pts',(0.433347242491505,0.303048197529573,-0.0239409379117775));
#1828=CARTESIAN_POINT('Ctrl Pts',(0.433212158107842,0.304433469079129,-0.0262514017988712));
#1829=CARTESIAN_POINT('Ctrl Pts',(0.433064687311497,0.305958357149878,-0.0284803903143339));
#1830=CARTESIAN_POINT('Ctrl Pts',(0.432729552143742,0.309423745769611,-0.0335458843549619));
#1831=CARTESIAN_POINT('Ctrl Pts',(0.432335294089454,0.313569313919996,-0.0381381317724736));
#1832=CARTESIAN_POINT('Ctrl Pts',(0.431936760919713,0.318203710300977,-0.0421962369887004));
#1833=CARTESIAN_POINT('Ctrl Pts',(0.431829165839699,0.319454894110228,-0.0432918350181684));
#1834=CARTESIAN_POINT('Ctrl Pts',(0.431721259155181,0.320741989143875,-0.0443485924562079));
#1835=CARTESIAN_POINT('Ctrl Pts',(0.43161412016771,0.32206185879085,-0.0453654345831454));
#1836=CARTESIAN_POINT('Origin',(0.709550211698204,0.382,0.));
#1837=CARTESIAN_POINT('Ctrl Pts',(0.61178312163513,0.287088203700134,0.000119074832732022));
#1838=CARTESIAN_POINT('Ctrl Pts',(0.611094244424108,0.287010910594163,0.00997755237060321));
#1839=CARTESIAN_POINT('Ctrl Pts',(0.608242503570456,0.292903371403463,0.0507033040359736));
#1840=CARTESIAN_POINT('Ctrl Pts',(0.603227899074173,0.35109240516875,0.107268187627288));
#1841=CARTESIAN_POINT('Ctrl Pts',(0.596739308146278,0.453684180443769,0.0854630015386132));
#1842=CARTESIAN_POINT('Ctrl Pts',(0.590250717218386,0.492951583388424,-0.0117235348922166));
#1843=CARTESIAN_POINT('Ctrl Pts',(0.583762126290491,0.434204882906532,-0.09861196659669));
#1844=CARTESIAN_POINT('Ctrl Pts',(0.577273535362599,0.32934093256982,-0.0983578245205719));
#1845=CARTESIAN_POINT('Ctrl Pts',(0.572724978255255,0.288440311605391,-0.0372805207393581));
#1846=CARTESIAN_POINT('Ctrl Pts',(0.570339284790543,0.286872630015079,-0.00323261224294664));
#1847=CARTESIAN_POINT('Ctrl Pts',(0.570116454968463,0.286893283100907,-5.05164242802387E-5));
#1848=CARTESIAN_POINT('Ctrl Pts',(0.616205080929959,0.307349469098354,-0.0587562612502058));
#1849=CARTESIAN_POINT('Ctrl Pts',(0.614042217287328,0.28818598796237,-0.0344088298397383));
#1850=CARTESIAN_POINT('Ctrl Pts',(0.609716490002066,0.275799361246313,0.0340766945035603));
#1851=CARTESIAN_POINT('Ctrl Pts',(0.603227899074173,0.35109240516875,0.107268187627288));
#1852=CARTESIAN_POINT('Ctrl Pts',(0.596739308146278,0.453684180443769,0.0854630015386132));
#1853=CARTESIAN_POINT('Ctrl Pts',(0.590250717218386,0.492951583388424,-0.0117235348922166));
#1854=CARTESIAN_POINT('Ctrl Pts',(0.583762126290491,0.434204882906532,-0.09861196659669));
#1855=CARTESIAN_POINT('Ctrl Pts',(0.577273535362599,0.32934093256982,-0.0983578245205719));
#1856=CARTESIAN_POINT('Ctrl Pts',(0.570784944434705,0.270995529429432,-0.0112300541392357));
#1857=CARTESIAN_POINT('Ctrl Pts',(0.564296353506811,0.310710671886626,0.0858258143077769));
#1858=CARTESIAN_POINT('Ctrl Pts',(0.557807762578919,0.413402247839801,0.10705998674241));
#1859=CARTESIAN_POINT('Ctrl Pts',(0.551319171651024,0.488353325395899,0.0337201121973203));
#1860=CARTESIAN_POINT('Ctrl Pts',(0.544830580723132,0.469352676530952,-0.0694088333746321));
#1861=CARTESIAN_POINT('Ctrl Pts',(0.538341989795237,0.373185336957219,-0.11122204435448));
#1862=CARTESIAN_POINT('Ctrl Pts',(0.531853398867345,0.284804803768946,-0.0547827985600469));
#1863=CARTESIAN_POINT('Ctrl Pts',(0.52536480793945,0.282285769020431,0.050051291169104));
#1864=CARTESIAN_POINT('Ctrl Pts',(0.518876217011558,0.367853534315473,0.110670369512066));
#1865=CARTESIAN_POINT('Ctrl Pts',(0.512387626083663,0.465918172058819,0.0735241457335461));
#1866=CARTESIAN_POINT('Ctrl Pts',(0.505899035155771,0.489850148773608,-0.0285728297159097));
#1867=CARTESIAN_POINT('Ctrl Pts',(0.499410444227877,0.418508088756462,-0.105428653080166));
#1868=CARTESIAN_POINT('Ctrl Pts',(0.492921853299984,0.314915123918179,-0.0891498494033236));
#1869=CARTESIAN_POINT('Ctrl Pts',(0.48643326237209,0.270584303460397,0.00588373639460222));
#1870=CARTESIAN_POINT('Ctrl Pts',(0.479944671444197,0.324677515947355,0.0957187272831789));
#1871=CARTESIAN_POINT('Ctrl Pts',(0.473456080516303,0.42940848089854,0.100998389310632));
#1872=CARTESIAN_POINT('Ctrl Pts',(0.46696748958841,0.492260132610048,0.0170531451479393));
#1873=CARTESIAN_POINT('Ctrl Pts',(0.460478898660517,0.457706882472234,-0.0819494171630975));
#1874=CARTESIAN_POINT('Ctrl Pts',(0.453990307732622,0.356278572736613,-0.108572915291457));
#1875=CARTESIAN_POINT('Ctrl Pts',(0.44750171680473,0.27756481069245,-0.0392553991326481));
#1876=CARTESIAN_POINT('Ctrl Pts',(0.441013125876835,0.291123292999696,0.0646836183485797));
#1877=CARTESIAN_POINT('Ctrl Pts',(0.434524534948943,0.384931525638683,0.11159368106002));
#1878=CARTESIAN_POINT('Ctrl Pts',(0.428035944021049,0.476214278523228,0.0596947778480466));
#1879=CARTESIAN_POINT('Ctrl Pts',(0.423710216735787,0.481452802833282,-0.00970445434534641));
#1880=CARTESIAN_POINT('Ctrl Pts',(0.421547353093155,0.469029853690357,-0.0380894285417227));
#1881=CARTESIAN_POINT('Ctrl Pts',(0.620005970202124,0.312522619923995,-0.0546845554267266));
#1882=CARTESIAN_POINT('Ctrl Pts',(0.617843106559493,0.294687134410592,-0.0320243582982126));
#1883=CARTESIAN_POINT('Ctrl Pts',(0.613517379274231,0.283158879195034,0.031715239358138));
#1884=CARTESIAN_POINT('Ctrl Pts',(0.607028788346337,0.353234247266705,0.0998346904145198));
#1885=CARTESIAN_POINT('Ctrl Pts',(0.600540197418444,0.448716592500736,0.0795405654670776));
#1886=CARTESIAN_POINT('Ctrl Pts',(0.59405160649055,0.485262833311507,-0.010911114491791));
#1887=CARTESIAN_POINT('Ctrl Pts',(0.587563015562657,0.430587176108624,-0.0917783303149896));
#1888=CARTESIAN_POINT('Ctrl Pts',(0.581074424634764,0.332990113558402,-0.0915417998388831));
#1889=CARTESIAN_POINT('Ctrl Pts',(0.57458583370687,0.278687944495287,-0.0104518310892361));
#1890=CARTESIAN_POINT('Ctrl Pts',(0.568097242778976,0.315650897255886,0.0798782359478521));
#1891=CARTESIAN_POINT('Ctrl Pts',(0.561608651851084,0.411226127156166,0.0996409174856992));
#1892=CARTESIAN_POINT('Ctrl Pts',(0.555120060923189,0.480983226530745,0.0313833675801376));
#1893=CARTESIAN_POINT('Ctrl Pts',(0.548631469995297,0.463299289297667,-0.0645989229916532));
#1894=CARTESIAN_POINT('Ctrl Pts',(0.542142879067402,0.373796177641763,-0.103514551807109));
#1895=CARTESIAN_POINT('Ctrl Pts',(0.53565428813951,0.29154026034987,-0.0509864467300086));
#1896=CARTESIAN_POINT('Ctrl Pts',(0.529165697211616,0.289195790290067,0.0465828245003679));
#1897=CARTESIAN_POINT('Ctrl Pts',(0.522677106283722,0.36883385956905,0.103001107063423));
#1898=CARTESIAN_POINT('Ctrl Pts',(0.516188515355829,0.460102789960006,0.0684290514239407));
#1899=CARTESIAN_POINT('Ctrl Pts',(0.509699924427935,0.482376322674384,-0.0265927827443686));
#1900=CARTESIAN_POINT('Ctrl Pts',(0.503211333500042,0.415978142254917,-0.0981226323842601));
#1901=CARTESIAN_POINT('Ctrl Pts',(0.496722742572149,0.319563988137885,-0.0829719212429178));
#1902=CARTESIAN_POINT('Ctrl Pts',(0.490234151644255,0.278305215764457,0.00547600378480083));
#1903=CARTESIAN_POINT('Ctrl Pts',(0.483745560716362,0.328649863526443,0.0890855874100463));
#1904=CARTESIAN_POINT('Ctrl Pts',(0.477256969788468,0.426123156345044,0.0939993781215623));
#1905=CARTESIAN_POINT('Ctrl Pts',(0.470768378860575,0.484619298859001,0.0158713921069856));
#1906=CARTESIAN_POINT('Ctrl Pts',(0.464279787932681,0.452460528335999,-0.0762704663246023));
#1907=CARTESIAN_POINT('Ctrl Pts',(0.457791197004788,0.358061022520655,-0.101049002740558));
#1908=CARTESIAN_POINT('Ctrl Pts',(0.451302606076894,0.284801986091832,-0.0365350688418769));
#1909=CARTESIAN_POINT('Ctrl Pts',(0.444814015149,0.297420889361998,0.0602011570770554));
#1910=CARTESIAN_POINT('Ctrl Pts',(0.438325424221108,0.38472837605495,0.103860434740948));
#1911=CARTESIAN_POINT('Ctrl Pts',(0.431836833293214,0.469685394309776,0.0555580344708574));
#1912=CARTESIAN_POINT('Ctrl Pts',(0.427511106007952,0.474560898075537,-0.00903195268457243));
#1913=CARTESIAN_POINT('Ctrl Pts',(0.42534824236532,0.462998837513569,-0.0354498979673402));
#1914=CARTESIAN_POINT('Ctrl Pts',(0.623806859474289,0.317695770749635,-0.0506128496032475));
#1915=CARTESIAN_POINT('Ctrl Pts',(0.621643995831658,0.301188280858814,-0.0296398867566869));
#1916=CARTESIAN_POINT('Ctrl Pts',(0.617318268546395,0.290518397143754,0.0293537842127159));
#1917=CARTESIAN_POINT('Ctrl Pts',(0.610829677618503,0.35537608936466,0.0924011932017515));
#1918=CARTESIAN_POINT('Ctrl Pts',(0.604341086690608,0.443749004557703,0.0736181293955422));
#1919=CARTESIAN_POINT('Ctrl Pts',(0.597852495762716,0.477574083234589,-0.0100986940913655));
#1920=CARTESIAN_POINT('Ctrl Pts',(0.591363904834821,0.426969469310715,-0.0849446940332892));
#1921=CARTESIAN_POINT('Ctrl Pts',(0.584875313906929,0.336639294546985,-0.0847257751571944));
#1922=CARTESIAN_POINT('Ctrl Pts',(0.578386722979035,0.286380359561142,-0.00967360803923637));
#1923=CARTESIAN_POINT('Ctrl Pts',(0.571898132051142,0.320591122625147,0.0739306575879271));
#1924=CARTESIAN_POINT('Ctrl Pts',(0.565409541123248,0.40905000647253,0.0922218482289883));
#1925=CARTESIAN_POINT('Ctrl Pts',(0.558920950195355,0.47361312766559,0.0290466229629549));
#1926=CARTESIAN_POINT('Ctrl Pts',(0.552432359267461,0.457245902064382,-0.0597890126086743));
#1927=CARTESIAN_POINT('Ctrl Pts',(0.545943768339568,0.374407018326306,-0.0958070592597366));
#1928=CARTESIAN_POINT('Ctrl Pts',(0.539455177411674,0.298275716930794,-0.0471900948999703));
#1929=CARTESIAN_POINT('Ctrl Pts',(0.532966586483781,0.296105811559704,0.0431143578316318));
#1930=CARTESIAN_POINT('Ctrl Pts',(0.526477995555888,0.369814184822627,0.0953318446147793));
#1931=CARTESIAN_POINT('Ctrl Pts',(0.519989404627993,0.454287407861193,0.0633339571143354));
#1932=CARTESIAN_POINT('Ctrl Pts',(0.513500813700101,0.47490249657516,-0.0246127357728275));
#1933=CARTESIAN_POINT('Ctrl Pts',(0.507012222772207,0.413448195753374,-0.0908166116883538));
#1934=CARTESIAN_POINT('Ctrl Pts',(0.500523631844314,0.324212852357589,-0.076793993082512));
#1935=CARTESIAN_POINT('Ctrl Pts',(0.494035040916419,0.286026128068518,0.00506827117499946));
#1936=CARTESIAN_POINT('Ctrl Pts',(0.487546449988528,0.332622211105529,0.0824524475369137));
#1937=CARTESIAN_POINT('Ctrl Pts',(0.481057859060633,0.422837831791549,0.0870003669324922));
#1938=CARTESIAN_POINT('Ctrl Pts',(0.47456926813274,0.476978465107954,0.0146896390660319));
#1939=CARTESIAN_POINT('Ctrl Pts',(0.468080677204846,0.447214174199766,-0.0705915154861069));
#1940=CARTESIAN_POINT('Ctrl Pts',(0.461592086276953,0.359843472304696,-0.0935250901896584));
#1941=CARTESIAN_POINT('Ctrl Pts',(0.455103495349059,0.292039161491216,-0.0338147385511056));
#1942=CARTESIAN_POINT('Ctrl Pts',(0.448614904421166,0.303718485724299,0.0557186958055309));
#1943=CARTESIAN_POINT('Ctrl Pts',(0.442126313493273,0.384525226471216,0.0961271884218769));
#1944=CARTESIAN_POINT('Ctrl Pts',(0.435637722565379,0.463156510096325,0.0514212910936681));
#1945=CARTESIAN_POINT('Ctrl Pts',(0.431311995280117,0.467668993317792,-0.00835945102379835));
#1946=CARTESIAN_POINT('Ctrl Pts',(0.429149131637486,0.456967821336781,-0.0328103673929577));
#1947=CARTESIAN_POINT('Ctrl Pts',(0.627607748746454,0.322868921575275,-0.0465411437797683));
#1948=CARTESIAN_POINT('Ctrl Pts',(0.625444885103823,0.307689427307035,-0.0272554152151612));
#1949=CARTESIAN_POINT('Ctrl Pts',(0.621119157818561,0.297877915092474,0.0269923290672938));
#1950=CARTESIAN_POINT('Ctrl Pts',(0.614630566890666,0.357517931462616,0.0849676959889833));
#1951=CARTESIAN_POINT('Ctrl Pts',(0.608141975962774,0.438781416614669,0.0676956933240068));
#1952=CARTESIAN_POINT('Ctrl Pts',(0.601653385034881,0.469885333157673,-0.00928627369093998));
#1953=CARTESIAN_POINT('Ctrl Pts',(0.595164794106986,0.423351762512806,-0.0781110577515887));
#1954=CARTESIAN_POINT('Ctrl Pts',(0.588676203179094,0.340288475535568,-0.0779097504755056));
#1955=CARTESIAN_POINT('Ctrl Pts',(0.5821876122512,0.294072774626998,-0.00889538498923677));
#1956=CARTESIAN_POINT('Ctrl Pts',(0.575699021323307,0.325531347994407,0.0679830792280024));
#1957=CARTESIAN_POINT('Ctrl Pts',(0.569210430395413,0.406873885788895,0.0848027789722774));
#1958=CARTESIAN_POINT('Ctrl Pts',(0.562721839467519,0.466243028800436,0.0267098783457722));
#1959=CARTESIAN_POINT('Ctrl Pts',(0.556233248539627,0.451192514831097,-0.0549791022256955));
#1960=CARTESIAN_POINT('Ctrl Pts',(0.549744657611733,0.375017859010849,-0.0880995667123646));
#1961=CARTESIAN_POINT('Ctrl Pts',(0.543256066683839,0.305011173511718,-0.043393743069932));
#1962=CARTESIAN_POINT('Ctrl Pts',(0.536767475755946,0.303015832829341,0.0396458911628956));
#1963=CARTESIAN_POINT('Ctrl Pts',(0.530278884828053,0.370794510076204,0.0876625821661362));
#1964=CARTESIAN_POINT('Ctrl Pts',(0.523790293900159,0.44847202576238,0.0582388628047299));
#1965=CARTESIAN_POINT('Ctrl Pts',(0.517301702972266,0.467428670475937,-0.0226326888012863));
#1966=CARTESIAN_POINT('Ctrl Pts',(0.510813112044372,0.410918249251829,-0.0835105909924476));
#1967=CARTESIAN_POINT('Ctrl Pts',(0.504324521116479,0.328861716577294,-0.0706160649221063));
#1968=CARTESIAN_POINT('Ctrl Pts',(0.497835930188585,0.293747040372578,0.00466053856519809));
#1969=CARTESIAN_POINT('Ctrl Pts',(0.491347339260692,0.336594558684616,0.0758193076637811));
#1970=CARTESIAN_POINT('Ctrl Pts',(0.484858748332798,0.419552507238053,0.080001355743422));
#1971=CARTESIAN_POINT('Ctrl Pts',(0.478370157404905,0.469337631356906,0.0135078860250783));
#1972=CARTESIAN_POINT('Ctrl Pts',(0.471881566477011,0.441967820063532,-0.0649125646476116));
#1973=CARTESIAN_POINT('Ctrl Pts',(0.465392975549118,0.361625922088738,-0.0860011776387591));
#1974=CARTESIAN_POINT('Ctrl Pts',(0.458904384621224,0.299276336890599,-0.0310944082603345));
#1975=CARTESIAN_POINT('Ctrl Pts',(0.452415793693331,0.310016082086601,0.0512362345340066));
#1976=CARTESIAN_POINT('Ctrl Pts',(0.445927202765437,0.384322076887483,0.0883939421028052));
#1977=CARTESIAN_POINT('Ctrl Pts',(0.439438611837544,0.456627625882873,0.0472845477164791));
#1978=CARTESIAN_POINT('Ctrl Pts',(0.435112884552282,0.460777088560047,-0.0076869493630244));
#1979=CARTESIAN_POINT('Ctrl Pts',(0.432950020909651,0.450936805159993,-0.0301708368185751));
#1980=CARTESIAN_POINT('',(0.434,0.460169872981078,1.17185273117909E-15));
#1981=CARTESIAN_POINT('Ctrl Pts',(0.432950020909651,0.450936805159993,-0.0301708368185752));
#1982=CARTESIAN_POINT('Ctrl Pts',(0.433384938983195,0.45400345906221,-0.0239297839048828));
#1983=CARTESIAN_POINT('Ctrl Pts',(0.43370588503919,0.456373187567565,-0.0173484879013166));
#1984=CARTESIAN_POINT('Ctrl Pts',(0.433956102765683,0.458950045331983,-0.00709277751469104));
#1985=CARTESIAN_POINT('Ctrl Pts',(0.434,0.459646875036389,-0.00355934324459961));
#1986=CARTESIAN_POINT('Ctrl Pts',(0.434,0.460169872981078,2.60753588445284E-15));
#1987=CARTESIAN_POINT('Ctrl Pts',(0.581519122784958,0.30666546898256,-4.00143255464332E-5));
#1988=CARTESIAN_POINT('Ctrl Pts',(0.579579088964407,0.306807899757215,0.0219048115591493));
#1989=CARTESIAN_POINT('Ctrl Pts',(0.577639055143857,0.31698205286446,0.0439658057881799));
#1990=CARTESIAN_POINT('Ctrl Pts',(0.575699021323307,0.333845342065586,0.0579732851491749));
#1991=CARTESIAN_POINT('Ctrl Pts',(0.573536157680676,0.352645527259236,0.0735896458094274));
#1992=CARTESIAN_POINT('Ctrl Pts',(0.571373294038044,0.379759706524066,0.0791962123908524));
#1993=CARTESIAN_POINT('Ctrl Pts',(0.569210430395413,0.403211653325071,0.0723173455771473));
#1994=CARTESIAN_POINT('Ctrl Pts',(0.567047566752782,0.426663600126075,0.0654384787634423));
#1995=CARTESIAN_POINT('Ctrl Pts',(0.564884703110151,0.446453314463255,0.0460741785546073));
#1996=CARTESIAN_POINT('Ctrl Pts',(0.56272183946752,0.453839752636956,0.0227771983549452));
#1997=CARTESIAN_POINT('Ctrl Pts',(0.560558975824888,0.461226190810656,-0.00051978184471687));
#1998=CARTESIAN_POINT('Ctrl Pts',(0.558396112182257,0.456209352820876,-0.0277494420352061));
#1999=CARTESIAN_POINT('Ctrl Pts',(0.556233248539626,0.441005157855945,-0.0468843495448955));
#2000=CARTESIAN_POINT('Ctrl Pts',(0.554070384896995,0.425800962891014,-0.0660192570545852));
#2001=CARTESIAN_POINT('Ctrl Pts',(0.551907521254364,0.400409410950932,-0.077059411883475));
#2002=CARTESIAN_POINT('Ctrl Pts',(0.549744657611733,0.376045854064369,-0.0751285186908477));
#2003=CARTESIAN_POINT('Ctrl Pts',(0.547581793969101,0.351682297177806,-0.0731976254982205));
#2004=CARTESIAN_POINT('Ctrl Pts',(0.54541893032647,0.328346735344762,-0.0582956842840762));
#2005=CARTESIAN_POINT('Ctrl Pts',(0.543256066683839,0.316346397647844,-0.0370047746381995));
#2006=CARTESIAN_POINT('Ctrl Pts',(0.542121529828657,0.310051583160496,-0.0258365617201504));
#2007=CARTESIAN_POINT('Ctrl Pts',(0.540986992973474,0.306875723238335,-0.012910386011275));
#2008=CARTESIAN_POINT('Ctrl Pts',(0.539852456118291,0.30686122013445,9.10785902661876E-6));
#2009=CARTESIAN_POINT('',(0.619,0.2995,-1.01556449164469E-15));
#2010=CARTESIAN_POINT('Ctrl Pts',(0.619,0.2995,-1.02307707362727E-15));
#2011=CARTESIAN_POINT('Ctrl Pts',(0.619,0.30044060937706,0.00675606369281194));
#2012=CARTESIAN_POINT('Ctrl Pts',(0.618888192829963,0.302036416936842,0.013410430697756));
#2013=CARTESIAN_POINT('Ctrl Pts',(0.618361882778974,0.307850549509927,0.0298192486235749));
#2014=CARTESIAN_POINT('Ctrl Pts',(0.617812357021513,0.313001263748335,0.039176907131278));
#2015=CARTESIAN_POINT('Ctrl Pts',(0.616611683858706,0.326052281253421,0.0548526441297807));
#2016=CARTESIAN_POINT('Ctrl Pts',(0.615979700123665,0.333695564241632,0.0612426289959228));
#2017=CARTESIAN_POINT('Ctrl Pts',(0.615211039892012,0.34760764959359,0.0684369623868015));
#2018=CARTESIAN_POINT('Ctrl Pts',(0.614982395910696,0.353102269223092,0.0704204131161249));
#2019=CARTESIAN_POINT('Ctrl Pts',(0.614846444890675,0.358811354185672,0.0715880521127489));
#2020=CARTESIAN_POINT('Ctrl Pts',(0.616205080929959,0.307349469098354,-0.0587562612502051));
#2021=CARTESIAN_POINT('Ctrl Pts',(0.617476355908387,0.301798090627082,-0.045423791070888));
#2022=CARTESIAN_POINT('Ctrl Pts',(0.61839056294904,0.298721877859901,-0.0310511285860127));
#2023=CARTESIAN_POINT('Ctrl Pts',(0.618926817221988,0.298406581634867,-0.0110169698328654));
#2024=CARTESIAN_POINT('Ctrl Pts',(0.619,0.298737741184971,-0.00547503483416817));
#2025=CARTESIAN_POINT('Ctrl Pts',(0.619,0.2995,-1.03946816158925E-15));
#2026=CARTESIAN_POINT('Ctrl Pts',(0.434,0.460169872981078,2.6485266298575E-15));
#2027=CARTESIAN_POINT('Ctrl Pts',(0.434,0.460981492698029,0.00552360326853019));
#2028=CARTESIAN_POINT('Ctrl Pts',(0.433893895905527,0.461374309928858,0.0111096271533802));
#2029=CARTESIAN_POINT('Ctrl Pts',(0.433049067406146,0.461360167577199,0.0330443169832206));
#2030=CARTESIAN_POINT('Ctrl Pts',(0.43146492775162,0.457978838399862,0.0492473332693519));
#2031=CARTESIAN_POINT('Ctrl Pts',(0.429212194091712,0.451943602688321,0.0642875761168386));
#2032=CARTESIAN_POINT('Origin',(0.,0.343,0.));
#2033=CARTESIAN_POINT('',(0.138967622128322,0.685999999999999,0.411149607807182));
#2034=CARTESIAN_POINT('',(0.434,0.686000000000002,-5.31496710829951E-17));
#2035=CARTESIAN_POINT('Origin',(0.,0.686,0.));
#2036=CARTESIAN_POINT('',(0.434,0.343,-5.31496710829951E-17));
#2037=CARTESIAN_POINT('',(0.434,0.,-5.31496710829951E-17));
#2038=CARTESIAN_POINT('',(0.434,0.343,-5.31496710829951E-17));
#2039=CARTESIAN_POINT('Origin',(0.,0.,0.));
#2040=CARTESIAN_POINT('',(-0.138967622128322,0.685999999999999,0.411149607807182));
#2041=CARTESIAN_POINT('Origin',(0.,0.686,0.));
#2042=CARTESIAN_POINT('',(0.,0.55,0.434));
#2043=CARTESIAN_POINT('Ctrl Pts',(-1.42056095670542E-16,0.55,0.434));
#2044=CARTESIAN_POINT('Ctrl Pts',(-0.0175844064157173,0.55,0.434));
#2045=CARTESIAN_POINT('Ctrl Pts',(-0.0362581140579505,0.553539468267083,
0.432826133541953));
#2046=CARTESIAN_POINT('Ctrl Pts',(-0.0704704325014579,0.567764179305937,
0.428587250002392));
#2047=CARTESIAN_POINT('Ctrl Pts',(-0.0860185077373164,0.578442822567456,
0.425576657134805));
#2048=CARTESIAN_POINT('Ctrl Pts',(-0.110561987610682,0.602986302440822,
0.419870034782033));
#2049=CARTESIAN_POINT('Ctrl Pts',(-0.121236918815501,0.618532446013588,
0.416788939964474));
#2050=CARTESIAN_POINT('Ctrl Pts',(-0.135055982974734,0.651768668545014,
0.412510840710178));
#2051=CARTESIAN_POINT('Ctrl Pts',(-0.138607052507132,0.669297499043822,
0.411271479510127));
#2052=CARTESIAN_POINT('Ctrl Pts',(-0.138967622128322,0.686000000000002,
0.411149607807182));
#2053=CARTESIAN_POINT('Ctrl Pts',(0.138967622128322,0.686000000000002,0.411149607807182));
#2054=CARTESIAN_POINT('Ctrl Pts',(0.138607052507132,0.669297499043822,0.411271479510127));
#2055=CARTESIAN_POINT('Ctrl Pts',(0.135055982974734,0.651768668545014,0.412510840710178));
#2056=CARTESIAN_POINT('Ctrl Pts',(0.121236918815501,0.618532446013588,0.416788939964474));
#2057=CARTESIAN_POINT('Ctrl Pts',(0.110561987610682,0.602986302440822,0.419870034782033));
#2058=CARTESIAN_POINT('Ctrl Pts',(0.0860185077373163,0.578442822567456,
0.425576657134805));
#2059=CARTESIAN_POINT('Ctrl Pts',(0.0704704325014578,0.567764179305937,
0.428587250002392));
#2060=CARTESIAN_POINT('Ctrl Pts',(0.0362581140579504,0.553539468267083,
0.432826133541953));
#2061=CARTESIAN_POINT('Ctrl Pts',(0.0175844064157172,0.55,0.434));
#2062=CARTESIAN_POINT('Ctrl Pts',(-6.01006558606138E-17,0.55,0.434));
#2063=CARTESIAN_POINT('',(-0.100736029323688,0.316929325351482,0.422143858773286));
#2064=CARTESIAN_POINT('Ctrl Pts',(-0.0948077097448774,0.324089011028938,
0.423518002182825));
#2065=CARTESIAN_POINT('Ctrl Pts',(-0.0969072855195359,0.321810046713354,
0.423047996257208));
#2066=CARTESIAN_POINT('Ctrl Pts',(-0.0988869031534647,0.319421554583771,
0.422586357716548));
#2067=CARTESIAN_POINT('Ctrl Pts',(-0.100727279710831,0.316928078733404,
0.422143858773286));
#2068=CARTESIAN_POINT('',(-0.100749999999962,0.235026427189659,0.42214385877329));
#2069=CARTESIAN_POINT('',(-0.10075,0.343,0.422143858773286));
#2070=CARTESIAN_POINT('Ctrl Pts',(-0.100749999999942,0.235026427189675,
0.4221438587733));
#2071=CARTESIAN_POINT('Ctrl Pts',(-0.0998437439064743,0.233760124898426,
0.422360148314221));
#2072=CARTESIAN_POINT('Ctrl Pts',(-0.0989064419152082,0.232517275093079,
0.422580757332583));
#2073=CARTESIAN_POINT('Ctrl Pts',(-0.0904476416195522,0.22183290261011,
0.424540219867021));
#2074=CARTESIAN_POINT('Ctrl Pts',(-0.0807386810277573,0.213112629237114,
0.426582079898419));
#2075=CARTESIAN_POINT('Ctrl Pts',(-0.0599108626288487,0.19952097916161,
0.429949464113926));
#2076=CARTESIAN_POINT('Ctrl Pts',(-0.049787158203805,0.19449998088681,0.431265081082807));
#2077=CARTESIAN_POINT('Ctrl Pts',(-0.0382178417670496,0.19017947910409,
0.432315201406017));
#2078=CARTESIAN_POINT('Ctrl Pts',(-0.0371997765035575,0.189810756487376,
0.432404010291352));
#2079=CARTESIAN_POINT('Ctrl Pts',(-0.0357747440748758,0.189310416207489,
0.432523214843239));
#2080=CARTESIAN_POINT('Ctrl Pts',(-0.0353709775660001,0.189170405325369,
0.432556422336936));
#2081=CARTESIAN_POINT('Ctrl Pts',(-0.0346638445568399,0.188928251374581,
0.432613580650526));
#2082=CARTESIAN_POINT('Ctrl Pts',(-0.0343607309983419,0.188825429299887,
0.432637761649091));
#2083=CARTESIAN_POINT('Ctrl Pts',(-0.0337240340740556,0.18861149255793,
0.432687879748959));
#2084=CARTESIAN_POINT('Ctrl Pts',(-0.0333903870024775,0.188500557222063,
0.432713755588697));
#2085=CARTESIAN_POINT('Ctrl Pts',(-0.0325941159136009,0.188238588496173,
0.432774581660568));
#2086=CARTESIAN_POINT('Ctrl Pts',(-0.0321311548068694,0.188088512535256,
0.432809201629794));
#2087=CARTESIAN_POINT('Ctrl Pts',(-0.0305720572902312,0.187590581790857,
0.43292326772212));
#2088=CARTESIAN_POINT('Ctrl Pts',(-0.0294727949390233,0.187251898617015,
0.432999510256816));
#2089=CARTESIAN_POINT('Ctrl Pts',(-0.0260560410243388,0.186237070276621,
0.433223337088973));
#2090=CARTESIAN_POINT('Ctrl Pts',(-0.0237268240425652,0.185598893089461,
0.433357288682621));
#2091=CARTESIAN_POINT('Ctrl Pts',(-0.0160573531213684,0.183668410107871,
0.433735638864323));
#2092=CARTESIAN_POINT('Ctrl Pts',(-0.0106687693912846,0.182580204757817,
0.433902883100196));
#2093=CARTESIAN_POINT('Ctrl Pts',(0.00763025360655289,0.179733775995887,
0.434123608559929));
#2094=CARTESIAN_POINT('Ctrl Pts',(0.0206105066477561,0.179112635350441,
0.433705962822516));
#2095=CARTESIAN_POINT('Ctrl Pts',(0.0441631900977864,0.180122072597529,
0.431877226394387));
#2096=CARTESIAN_POINT('Ctrl Pts',(0.0546177362538817,0.181349749332469,
0.430676385824534));
#2097=CARTESIAN_POINT('Ctrl Pts',(0.0649521220790061,0.183200085030774,
0.429112132009145));
#2098=CARTESIAN_POINT('',(0.100727518234469,0.222130435347591,0.422143858773287));
#2099=CARTESIAN_POINT('Ctrl Pts',(0.0956588802823789,0.209536476443537,
0.423326562624083));
#2100=CARTESIAN_POINT('Ctrl Pts',(0.0975328535108934,0.213649587361436,
0.422903101881134));
#2101=CARTESIAN_POINT('Ctrl Pts',(0.0992154402845334,0.217859220779112,
0.422505806341878));
#2102=CARTESIAN_POINT('Ctrl Pts',(0.100712668783684,0.222138415647977,0.422143858773287));
#2103=CARTESIAN_POINT('',(0.100749999998816,0.329388066355621,0.422143858773423));
#2104=CARTESIAN_POINT('',(0.10075,0.343,0.422143858773286));
#2105=CARTESIAN_POINT('Ctrl Pts',(0.10074999999913,0.329388066355732,0.422143858773494));
#2106=CARTESIAN_POINT('Ctrl Pts',(0.100457344060495,0.330175103296928,0.422213704834746));
#2107=CARTESIAN_POINT('Ctrl Pts',(0.100157764719412,0.330959446070317,0.422284881762571));
#2108=CARTESIAN_POINT('Ctrl Pts',(0.0981768319174575,0.336010240229757,
0.422753202320252));
#2109=CARTESIAN_POINT('Ctrl Pts',(0.0962955852520495,0.340195029534054,
0.423187591052047));
#2110=CARTESIAN_POINT('Ctrl Pts',(0.0887316365491161,0.354954503522199,
0.424869581349508));
#2111=CARTESIAN_POINT('Ctrl Pts',(0.0818265510868236,0.364896115496283,
0.426299328760444));
#2112=CARTESIAN_POINT('Ctrl Pts',(0.0653022842120289,0.38208220817435,0.429140387609383));
#2113=CARTESIAN_POINT('Ctrl Pts',(0.0557182172652674,0.389315378266387,
0.430543319370843));
#2114=CARTESIAN_POINT('Ctrl Pts',(0.0418073952327147,0.39600792848797,0.431993591235489));
#2115=CARTESIAN_POINT('Ctrl Pts',(0.0385224535958041,0.39735450340527,0.432300140206623));
#2116=CARTESIAN_POINT('Ctrl Pts',(0.0344526144849436,0.398729942946679,
0.432630926981652));
#2117=CARTESIAN_POINT('Ctrl Pts',(0.0337434727379565,0.398959192192259,
0.43268682472927));
#2118=CARTESIAN_POINT('Ctrl Pts',(0.0326528226678957,0.399295715320949,
0.432770074285963));
#2119=CARTESIAN_POINT('Ctrl Pts',(0.032273564004026,0.399409789326138,0.432798523937042));
#2120=CARTESIAN_POINT('Ctrl Pts',(0.0315804371845913,0.399612874176537,
0.432849598023449));
#2121=CARTESIAN_POINT('Ctrl Pts',(0.0312668481773006,0.399702752970349,
0.432872363856078));
#2122=CARTESIAN_POINT('Ctrl Pts',(0.0305874199021358,0.399893142514267,
0.432920944128518));
#2123=CARTESIAN_POINT('Ctrl Pts',(0.0302214027296389,0.399992996960978,
0.432946650228335));
#2124=CARTESIAN_POINT('Ctrl Pts',(0.0292088858477217,0.400261714391547,
0.433016466219387));
#2125=CARTESIAN_POINT('Ctrl Pts',(0.0285609676180868,0.400425249337744,
0.433059690259221));
#2126=CARTESIAN_POINT('Ctrl Pts',(0.0252496743652017,0.401217873998039,
0.433273084866451));
#2127=CARTESIAN_POINT('Ctrl Pts',(0.022558361474571,0.401720549304973,0.433421857383204));
#2128=CARTESIAN_POINT('Ctrl Pts',(0.0151329811843657,0.402712558591805,
0.433761717969521));
#2129=CARTESIAN_POINT('Ctrl Pts',(0.0103841778495654,0.402916163951169,
0.433901765507115));
#2130=CARTESIAN_POINT('Ctrl Pts',(-0.00137747037608163,0.402335619356803,
0.434054447967277));
#2131=CARTESIAN_POINT('Ctrl Pts',(-0.0082744913574086,0.40104131458247,
0.43397236541153));
#2132=CARTESIAN_POINT('Ctrl Pts',(-0.0217303274630512,0.396620056720075,
0.433508888833805));
#2133=CARTESIAN_POINT('Ctrl Pts',(-0.0281711622362971,0.393495215156352,
0.433126424831283));
#2134=CARTESIAN_POINT('Ctrl Pts',(-0.0391192036351895,0.386406829809815,
0.432261974588155));
#2135=CARTESIAN_POINT('Ctrl Pts',(-0.0437369456366462,0.382701428658127,
0.431811597512561));
#2136=CARTESIAN_POINT('Ctrl Pts',(-0.0479741694416943,0.378594816814414,
0.431340328587972));
#2137=CARTESIAN_POINT('Origin',(0.519,0.382,0.));
#2138=CARTESIAN_POINT('Origin',(0.,0.4725,0.));
#2139=CARTESIAN_POINT('',(-0.139,0.689,0.603191511876618));
#2140=CARTESIAN_POINT('',(-0.139,0.845,0.603191511876618));
#2141=CARTESIAN_POINT('',(-0.139,0.4725,0.603191511876618));
#2142=CARTESIAN_POINT('',(0.619,0.845,-7.58056368672212E-17));
#2143=CARTESIAN_POINT('Origin',(0.,0.845,0.));
#2144=CARTESIAN_POINT('',(0.619,0.4725,-7.58056368672212E-17));
#2145=CARTESIAN_POINT('',(0.619,0.,-7.58056368672212E-17));
#2146=CARTESIAN_POINT('',(0.619,0.4725,-7.58056368672212E-17));
#2147=CARTESIAN_POINT('Origin',(0.,0.,0.));
#2148=CARTESIAN_POINT('',(0.139,0.845,0.603191511876618));
#2149=CARTESIAN_POINT('Origin',(0.,0.845,0.));
#2150=CARTESIAN_POINT('',(0.139,0.689,0.603191511876618));
#2151=CARTESIAN_POINT('',(0.139,0.4725,0.603191511876618));
#2152=CARTESIAN_POINT('',(0.,0.55,0.619));
#2153=CARTESIAN_POINT('Ctrl Pts',(-4.91732638859567E-17,0.55,0.619));
#2154=CARTESIAN_POINT('Ctrl Pts',(0.0175168290694202,0.55,0.619));
#2155=CARTESIAN_POINT('Ctrl Pts',(0.0361609356588023,0.553512938745239,
0.618181599223849));
#2156=CARTESIAN_POINT('Ctrl Pts',(0.0703905655204628,0.567717168945625,
0.615224569723122));
#2157=CARTESIAN_POINT('Ctrl Pts',(0.0859808973683834,0.578405212198523,
0.613126140111325));
#2158=CARTESIAN_POINT('Ctrl Pts',(0.110595894906269,0.603020209736409,0.609167427220299));
#2159=CARTESIAN_POINT('Ctrl Pts',(0.121283072696253,0.618610075639097,0.607045400614577));
#2160=CARTESIAN_POINT('Ctrl Pts',(0.135486673434347,0.652838070918418,0.604033992931541));
#2161=CARTESIAN_POINT('Ctrl Pts',(0.139,0.67148159515649,0.603191511876618));
#2162=CARTESIAN_POINT('Ctrl Pts',(0.139,0.689,0.603191511876618));
#2163=CARTESIAN_POINT('Ctrl Pts',(-0.139,0.689,0.603191511876618));
#2164=CARTESIAN_POINT('Ctrl Pts',(-0.139,0.67148159515649,0.603191511876618));
#2165=CARTESIAN_POINT('Ctrl Pts',(-0.135486673434347,0.652838070918418,
0.604033992931541));
#2166=CARTESIAN_POINT('Ctrl Pts',(-0.121283072696253,0.618610075639097,
0.607045400614577));
#2167=CARTESIAN_POINT('Ctrl Pts',(-0.110595894906269,0.603020209736409,
0.609167427220299));
#2168=CARTESIAN_POINT('Ctrl Pts',(-0.0859808973683834,0.578405212198523,
0.613126140111325));
#2169=CARTESIAN_POINT('Ctrl Pts',(-0.0703905655204629,0.567717168945625,
0.615224569723122));
#2170=CARTESIAN_POINT('Ctrl Pts',(-0.0361609356588025,0.55351293874524,
0.618181599223849));
#2171=CARTESIAN_POINT('Ctrl Pts',(-0.0175168290694204,0.55,0.619));
#2172=CARTESIAN_POINT('Ctrl Pts',(-1.36592399683213E-16,0.55,0.619));
#2173=CARTESIAN_POINT('',(-0.112548852310869,0.344385253915986,0.608681982519202));
#2174=CARTESIAN_POINT('Ctrl Pts',(-0.112548852310869,0.344385253915985,
0.608681982519202));
#2175=CARTESIAN_POINT('Ctrl Pts',(-0.106892282988163,0.350018381694873,
0.609727915212417));
#2176=CARTESIAN_POINT('Ctrl Pts',(-0.100627977056772,0.355084663986725,
0.610794353093281));
#2177=CARTESIAN_POINT('Ctrl Pts',(-0.0939559378884225,0.359549535260441,
0.611814448146555));
#2178=CARTESIAN_POINT('Ctrl Pts',(-0.0904657382833569,0.361885146842297,
0.612348068417994));
#2179=CARTESIAN_POINT('Ctrl Pts',(-0.0868636281423903,0.364056954601057,
0.612869007327892));
#2180=CARTESIAN_POINT('Ctrl Pts',(-0.0831744684525425,0.366064405691328,
0.613367695942429));
#2181=CARTESIAN_POINT('Ctrl Pts',(-0.0752482712155929,0.37037743484233,
0.614439133519262));
#2182=CARTESIAN_POINT('Ctrl Pts',(-0.0668850700478655,0.373951711486732,
0.615412190130282));
#2183=CARTESIAN_POINT('Ctrl Pts',(-0.0582767457690736,0.376702138414832,
0.616231149930211));
#2184=CARTESIAN_POINT('Ctrl Pts',(-0.053685970891793,0.378168926890079,
0.616667896961719));
#2185=CARTESIAN_POINT('Ctrl Pts',(-0.049024933740287,0.379401992923208,
0.617060818339118));
#2186=CARTESIAN_POINT('Ctrl Pts',(-0.0443162367985152,0.380388989989648,
0.617401463592559));
#2187=CARTESIAN_POINT('Ctrl Pts',(0.0936204015666031,0.252773894771169,
0.611879253129658));
#2188=CARTESIAN_POINT('Ctrl Pts',(0.0909654459784023,0.239137939522481,
0.612285473812967));
#2189=CARTESIAN_POINT('Ctrl Pts',(0.0860377725530594,0.225987165937699,
0.61303195613953));
#2190=CARTESIAN_POINT('Ctrl Pts',(0.0736108708468883,0.204714915982366,
0.614631990579824));
#2191=CARTESIAN_POINT('Ctrl Pts',(0.066941015204501,0.196152597602894,0.615419198547236));
#2192=CARTESIAN_POINT('Ctrl Pts',(0.0505053622181538,0.180372436812395,
0.616997600806804));
#2193=CARTESIAN_POINT('Ctrl Pts',(0.0405423344331884,0.173496841135699,
0.617768378169456));
#2194=CARTESIAN_POINT('Ctrl Pts',(0.0295799034587121,0.168550301312135,
0.618292834594881));
#2195=CARTESIAN_POINT('Ctrl Pts',(-0.125,0.29,0.606247474221543));
#2196=CARTESIAN_POINT('Ctrl Pts',(-0.125,0.305742395983286,0.606247474221543));
#2197=CARTESIAN_POINT('Ctrl Pts',(-0.121844991611353,0.322503523787735,
0.606924242107261));
#2198=CARTESIAN_POINT('Ctrl Pts',(-0.114551032449272,0.34008681513415,0.608309063693772));
#2199=CARTESIAN_POINT('Ctrl Pts',(-0.113579690054705,0.342251962322519,
0.6084913746019));
#2200=CARTESIAN_POINT('Ctrl Pts',(-0.112548852310869,0.344385253915986,
0.608681982519202));
#2201=CARTESIAN_POINT('Origin',(0.,0.29,0.728891686073696));
#2202=CARTESIAN_POINT('Ctrl Pts',(-0.125063210038954,0.290096662610035,
0.603891686073696));
#2203=CARTESIAN_POINT('Ctrl Pts',(-0.125121500612928,0.297329506708871,
0.603430606388809));
#2204=CARTESIAN_POINT('Ctrl Pts',(-0.121288999153999,0.345232376147627,
0.600372687799647));
#2205=CARTESIAN_POINT('Ctrl Pts',(-0.0596196215936527,0.424178072995544,
0.594717930306211));
#2206=CARTESIAN_POINT('Ctrl Pts',(0.0781270308883794,0.414329745098295,
0.586927413593386));
#2207=CARTESIAN_POINT('Ctrl Pts',(0.146755364537812,0.294520997770379,0.579136896880563));
#2208=CARTESIAN_POINT('Ctrl Pts',(0.0856289525993198,0.170724233745384,
0.571346380167738));
#2209=CARTESIAN_POINT('Ctrl Pts',(-0.0512249400432968,0.152394517719439,
0.563555863454915));
#2210=CARTESIAN_POINT('Ctrl Pts',(-0.119599931711837,0.229582278171679,
0.557737632090234));
#2211=CARTESIAN_POINT('Ctrl Pts',(-0.125076677468144,0.280086880907682,
0.554516239629827));
#2212=CARTESIAN_POINT('Ctrl Pts',(-0.124992497139332,0.289896545693654,
0.553891686073696));
#2213=CARTESIAN_POINT('Ctrl Pts',(-0.112548852310869,0.344385253915985,
0.608681982519202));
#2214=CARTESIAN_POINT('Ctrl Pts',(-0.0950983134817543,0.380498684965828,
0.606128588617097));
#2215=CARTESIAN_POINT('Ctrl Pts',(-0.023132072887972,0.434154230286806,
0.601021800812885));
#2216=CARTESIAN_POINT('Ctrl Pts',(0.105294272592478,0.391304470352255,0.59336161910657));
#2217=CARTESIAN_POINT('Ctrl Pts',(0.143201196105867,0.261490689324237,0.585701437400252));
#2218=CARTESIAN_POINT('Ctrl Pts',(0.0584761858541674,0.156177372973863,
0.578041255693937));
#2219=CARTESIAN_POINT('Ctrl Pts',(-0.0764392849504031,0.165550636589618,
0.570381073987619));
#2220=CARTESIAN_POINT('Ctrl Pts',(-0.124056593509026,0.245239091335481,
0.565121988196653));
#2221=CARTESIAN_POINT('Ctrl Pts',(-0.125168367277769,0.287579775252782,
0.562416296307792));
#2222=CARTESIAN_POINT('Ctrl Pts',(-0.12515853590904,0.289963565587252,0.562263998321035));
#2223=CARTESIAN_POINT('Origin',(-1.32358709139082E-17,0.29,0.422143858773286));
#2224=CARTESIAN_POINT('Ctrl Pts',(0.100712668783682,0.222138415647977,0.422143858773286));
#2225=CARTESIAN_POINT('Ctrl Pts',(0.102697302980403,0.226004467558882,0.422143858773286));
#2226=CARTESIAN_POINT('Ctrl Pts',(0.104471389737946,0.229991355400008,0.422143858773286));
#2227=CARTESIAN_POINT('Ctrl Pts',(0.106020912928139,0.234054379862761,0.422143858773286));
#2228=CARTESIAN_POINT('Ctrl Pts',(0.108966048472029,0.241776857226564,0.422143858773286));
#2229=CARTESIAN_POINT('Ctrl Pts',(0.111112191385391,0.249790619317511,0.422143858773286));
#2230=CARTESIAN_POINT('Ctrl Pts',(0.112430484933616,0.257957870226015,0.422143858773286));
#2231=CARTESIAN_POINT('Ctrl Pts',(0.113025228113663,0.261642494780311,0.422143858773286));
#2232=CARTESIAN_POINT('Ctrl Pts',(0.113450644540961,0.265360766999634,0.422143858773286));
#2233=CARTESIAN_POINT('Ctrl Pts',(0.11370149892588,0.269076238825542,0.422143858773286));
#2234=CARTESIAN_POINT('Ctrl Pts',(0.114292319352372,0.277827039213204,0.422143858773286));
#2235=CARTESIAN_POINT('Ctrl Pts',(0.113924476500051,0.286591457340196,0.422143858773286));
#2236=CARTESIAN_POINT('Ctrl Pts',(0.112551835261717,0.29519568095243,0.422143858773286));
#2237=CARTESIAN_POINT('Ctrl Pts',(0.111981372007399,0.298771555890206,0.422143858773286));
#2238=CARTESIAN_POINT('Ctrl Pts',(0.111236722094359,0.302319505828887,0.422143858773286));
#2239=CARTESIAN_POINT('Ctrl Pts',(0.11031189765667,0.305825400853347,0.422143858773286));
#2240=CARTESIAN_POINT('Ctrl Pts',(0.109562263306893,0.308667171928962,0.422143858773286));
#2241=CARTESIAN_POINT('Ctrl Pts',(0.108696279273605,0.311473016767867,0.422143858773286));
#2242=CARTESIAN_POINT('Ctrl Pts',(0.107713669669137,0.314231952181576,0.422143858773286));
#2243=CARTESIAN_POINT('Ctrl Pts',(0.106991634518121,0.316259256147488,0.422143858773286));
#2244=CARTESIAN_POINT('Ctrl Pts',(0.106206411629905,0.318261988939283,0.422143858773286));
#2245=CARTESIAN_POINT('Ctrl Pts',(0.105357166258935,0.320237386653104,0.422143858773286));
#2246=CARTESIAN_POINT('Ctrl Pts',(0.104020814501083,0.323345824211392,0.422143858773286));
#2247=CARTESIAN_POINT('Ctrl Pts',(0.102525975186531,0.326386633118885,0.422143858773286));
#2248=CARTESIAN_POINT('Ctrl Pts',(0.100881949448192,0.329351608852996,0.422143858773286));
#2249=CARTESIAN_POINT('Ctrl Pts',(0.0936204015666031,0.252773894771169,
0.611879253129658));
#2250=CARTESIAN_POINT('Ctrl Pts',(0.0814724661729744,0.222222898829862,
0.609282414225383));
#2251=CARTESIAN_POINT('Ctrl Pts',(0.0251804807754677,0.17440672540083,0.604088736416833));
#2252=CARTESIAN_POINT('Ctrl Pts',(-0.0820703827700219,0.204646318222994,
0.596298219704011));
#2253=CARTESIAN_POINT('Ctrl Pts',(-0.116532332374758,0.31048463700068,0.588507702991186));
#2254=CARTESIAN_POINT('Ctrl Pts',(-0.0480534150044841,0.398147526834408,
0.580717186278362));
#2255=CARTESIAN_POINT('Ctrl Pts',(0.0629703868960338,0.390209774549226,
0.572926669565538));
#2256=CARTESIAN_POINT('Ctrl Pts',(0.118284823817476,0.293643924202925,0.565136152852714));
#2257=CARTESIAN_POINT('Ctrl Pts',(0.0690169357950519,0.19386373239878,0.55734563613989));
#2258=CARTESIAN_POINT('Ctrl Pts',(-0.0412873016748974,0.179089981281867,
0.549555119427066));
#2259=CARTESIAN_POINT('Ctrl Pts',(-0.115079016793797,0.262392620023954,
0.541764602714242));
#2260=CARTESIAN_POINT('Ctrl Pts',(-0.087111536707608,0.370106632803191,
0.533974086001418));
#2261=CARTESIAN_POINT('Ctrl Pts',(0.017886918996035,0.406985253435416,0.526183569288594));
#2262=CARTESIAN_POINT('Ctrl Pts',(0.107068075166016,0.340417110768347,0.51839305257577));
#2263=CARTESIAN_POINT('Ctrl Pts',(0.101572372049064,0.229266698791012,0.510602535862946));
#2264=CARTESIAN_POINT('Ctrl Pts',(0.00625917081296587,0.171820980886125,
0.502812019150122));
#2265=CARTESIAN_POINT('Ctrl Pts',(-0.0945887806941728,0.218877191005213,
0.495021502437298));
#2266=CARTESIAN_POINT('Ctrl Pts',(-0.111794728492524,0.328825650386169,
0.487230985724475));
#2267=CARTESIAN_POINT('Ctrl Pts',(-0.0301439866017618,0.404440760252288,
0.47944046901165));
#2268=CARTESIAN_POINT('Ctrl Pts',(0.0781622453021993,0.378861335466947,
0.471649952298826));
#2269=CARTESIAN_POINT('Ctrl Pts',(0.117351806812355,0.274700561686541,0.463859435586003));
#2270=CARTESIAN_POINT('Ctrl Pts',(0.0527709976420914,0.184076444843526,
0.456068918873178));
#2271=CARTESIAN_POINT('Ctrl Pts',(-0.0584742155889873,0.187101823863124,
0.448278402160355));
#2272=CARTESIAN_POINT('Ctrl Pts',(-0.118011252391555,0.281147736844795,
0.44048788544753));
#2273=CARTESIAN_POINT('Ctrl Pts',(-0.0731968249399827,0.382960366073162,
0.432697368734706));
#2274=CARTESIAN_POINT('Ctrl Pts',(0.0363477385596663,0.402692682204775,
0.424906852021882));
#2275=CARTESIAN_POINT('Ctrl Pts',(0.113745192788542,0.322525264981862,0.417116335309059));
#2276=CARTESIAN_POINT('Ctrl Pts',(0.0982646290882793,0.250306664822965,
0.411922657500509));
#2277=CARTESIAN_POINT('Ctrl Pts',(0.0771010575075974,0.225146400013491,
0.409325818596234));
#2278=CARTESIAN_POINT('Ctrl Pts',(0.101131715836215,0.249787184922371,0.616546167805607));
#2279=CARTESIAN_POINT('Ctrl Pts',(0.0880091321934695,0.216785033806286,
0.613949328901333));
#2280=CARTESIAN_POINT('Ctrl Pts',(0.0272007509452116,0.165132492451186,
0.608755651092783));
#2281=CARTESIAN_POINT('Ctrl Pts',(-0.0886550205935886,0.197798256078768,
0.60096513437996));
#2282=CARTESIAN_POINT('Ctrl Pts',(-0.125881907428812,0.312128152128113,
0.593174617667135));
#2283=CARTESIAN_POINT('Ctrl Pts',(-0.0519088172008736,0.406824375554787,
0.585384100954312));
#2284=CARTESIAN_POINT('Ctrl Pts',(0.0680226015601491,0.398249764732249,
0.577593584241487));
#2285=CARTESIAN_POINT('Ctrl Pts',(0.127775004057588,0.293936282058743,0.569803067528663));
#2286=CARTESIAN_POINT('Ctrl Pts',(0.0745542747298078,0.186150566180982,
0.56201255081584));
#2287=CARTESIAN_POINT('Ctrl Pts',(-0.0445998477976972,0.170191493427724,
0.554222034103015));
#2288=CARTESIAN_POINT('Ctrl Pts',(-0.124311990018775,0.260177635857141,
0.546431517390192));
#2289=CARTESIAN_POINT('Ctrl Pts',(-0.0941006343590869,0.376533715832066,
0.538641000677368));
#2290=CARTESIAN_POINT('Ctrl Pts',(0.0193220150610602,0.416371167069192,
0.530850483964543));
#2291=CARTESIAN_POINT('Ctrl Pts',(0.115658317755846,0.344462156049182,0.52305996725172));
#2292=CARTESIAN_POINT('Ctrl Pts',(0.109721685604697,0.224393969082764,0.515269450538896));
#2293=CARTESIAN_POINT('Ctrl Pts',(0.00676135407918398,0.162339289526286,
0.507478933826072));
#2294=CARTESIAN_POINT('Ctrl Pts',(-0.102177789567072,0.213170894501909,
0.499688417113247));
#2295=CARTESIAN_POINT('Ctrl Pts',(-0.120764198024182,0.331940694296392,
0.491897900400424));
#2296=CARTESIAN_POINT('Ctrl Pts',(-0.0325624867674946,0.413622525136052,
0.4841073836876));
#2297=CARTESIAN_POINT('Ctrl Pts',(0.0844333270179258,0.385990822266198,
0.476316866974776));
#2298=CARTESIAN_POINT('Ctrl Pts',(0.126767129608714,0.27347306332723,0.468526350261952));
#2299=CARTESIAN_POINT('Ctrl Pts',(0.0570048990244593,0.175578028921129,
0.460735833549128));
#2300=CARTESIAN_POINT('Ctrl Pts',(-0.0631656952516273,0.178846138929065,
0.452945316836303));
#2301=CARTESIAN_POINT('Ctrl Pts',(-0.127479483559446,0.280437505640449,
0.44515480012348));
#2302=CARTESIAN_POINT('Ctrl Pts',(-0.079069523053447,0.390418724641481,
0.437364283410656));
#2303=CARTESIAN_POINT('Ctrl Pts',(0.039263975648407,0.411734195996225,0.429573766697832));
#2304=CARTESIAN_POINT('Ctrl Pts',(0.122871151184314,0.325134818913409,0.421783249985008));
#2305=CARTESIAN_POINT('Ctrl Pts',(0.106148557145817,0.247122005176834,0.416589572176459));
#2306=CARTESIAN_POINT('Ctrl Pts',(0.0832869984325246,0.219943092156839,
0.413992733272184));
#2307=CARTESIAN_POINT('Ctrl Pts',(0.108643030105826,0.246800475073574,0.621213082481557));
#2308=CARTESIAN_POINT('Ctrl Pts',(0.0945457982139645,0.21134716878271,0.618616243577282));
#2309=CARTESIAN_POINT('Ctrl Pts',(0.0292210211149555,0.155858259501542,
0.613422565768732));
#2310=CARTESIAN_POINT('Ctrl Pts',(-0.0952396584171552,0.190950193934542,
0.60563204905591));
#2311=CARTESIAN_POINT('Ctrl Pts',(-0.135231482482867,0.313771667255546,
0.597841532343084));
#2312=CARTESIAN_POINT('Ctrl Pts',(-0.0557642193972631,0.415501224275166,
0.590051015630262));
#2313=CARTESIAN_POINT('Ctrl Pts',(0.0730748162242641,0.406289754915272,
0.582260498917436));
#2314=CARTESIAN_POINT('Ctrl Pts',(0.1372651842977,0.294228639914562,0.574469982204613));
#2315=CARTESIAN_POINT('Ctrl Pts',(0.0800916136645638,0.178437399963183,
0.566679465491789));
#2316=CARTESIAN_POINT('Ctrl Pts',(-0.047912393920497,0.161293005573582,
0.558888948778965));
#2317=CARTESIAN_POINT('Ctrl Pts',(-0.133544963243752,0.257962651690329,
0.551098432066141));
#2318=CARTESIAN_POINT('Ctrl Pts',(-0.101089732010566,0.38296079886094,0.543307915353317));
#2319=CARTESIAN_POINT('Ctrl Pts',(0.0207571111260853,0.425757080702968,
0.535517398640493));
#2320=CARTESIAN_POINT('Ctrl Pts',(0.124248560345675,0.348507201330017,0.527726881927669));
#2321=CARTESIAN_POINT('Ctrl Pts',(0.117870999160329,0.219521239374516,0.519936365214845));
#2322=CARTESIAN_POINT('Ctrl Pts',(0.00726353734540202,0.152857598166446,
0.512145848502022));
#2323=CARTESIAN_POINT('Ctrl Pts',(-0.109766798439971,0.207464597998605,
0.504355331789196));
#2324=CARTESIAN_POINT('Ctrl Pts',(-0.12973366755584,0.335055738206614,0.496564815076374));
#2325=CARTESIAN_POINT('Ctrl Pts',(-0.0349809869332273,0.422804290019818,
0.488774298363549));
#2326=CARTESIAN_POINT('Ctrl Pts',(0.0907044087336522,0.393120309065448,
0.480983781650725));
#2327=CARTESIAN_POINT('Ctrl Pts',(0.136182452405074,0.272245564967921,0.473193264937902));
#2328=CARTESIAN_POINT('Ctrl Pts',(0.0612388004068273,0.167079612998732,
0.465402748225077));
#2329=CARTESIAN_POINT('Ctrl Pts',(-0.0678571749142673,0.170590453995006,
0.457612231512253));
#2330=CARTESIAN_POINT('Ctrl Pts',(-0.136947714727338,0.279727274436102,
0.449821714799429));
#2331=CARTESIAN_POINT('Ctrl Pts',(-0.0849422211669113,0.397877083209799,
0.442031198086606));
#2332=CARTESIAN_POINT('Ctrl Pts',(0.0421802127371479,0.420775709787675,
0.434240681373781));
#2333=CARTESIAN_POINT('Ctrl Pts',(0.131997109580086,0.327744372844956,0.426450164660958));
#2334=CARTESIAN_POINT('Ctrl Pts',(0.114032485203355,0.243937345530703,0.421256486852408));
#2335=CARTESIAN_POINT('Ctrl Pts',(0.0894729393574517,0.214739784300188,
0.418659647948133));
#2336=CARTESIAN_POINT('Ctrl Pts',(0.116154344375438,0.243813765224776,0.625879997157506));
#2337=CARTESIAN_POINT('Ctrl Pts',(0.10108246423446,0.205909303759134,0.623283158253232));
#2338=CARTESIAN_POINT('Ctrl Pts',(0.0312412912846994,0.146584026551898,
0.618089480444682));
#2339=CARTESIAN_POINT('Ctrl Pts',(-0.101824296240722,0.184102131790316,
0.610298963731859));
#2340=CARTESIAN_POINT('Ctrl Pts',(-0.144581057536921,0.315415182382978,
0.602508447019034));
#2341=CARTESIAN_POINT('Ctrl Pts',(-0.0596196215936527,0.424178072995544,
0.594717930306211));
#2342=CARTESIAN_POINT('Ctrl Pts',(0.0781270308883794,0.414329745098295,
0.586927413593386));
#2343=CARTESIAN_POINT('Ctrl Pts',(0.146755364537812,0.294520997770379,0.579136896880563));
#2344=CARTESIAN_POINT('Ctrl Pts',(0.0856289525993198,0.170724233745384,
0.571346380167738));
#2345=CARTESIAN_POINT('Ctrl Pts',(-0.0512249400432968,0.152394517719439,
0.563555863454915));
#2346=CARTESIAN_POINT('Ctrl Pts',(-0.142777936468731,0.255747667523516,
0.55576534674209));
#2347=CARTESIAN_POINT('Ctrl Pts',(-0.108078829662045,0.389387881889815,
0.547974830029267));
#2348=CARTESIAN_POINT('Ctrl Pts',(0.0221922071911103,0.435142994336744,
0.540184313316443));
#2349=CARTESIAN_POINT('Ctrl Pts',(0.132838802935504,0.352552246610852,0.532393796603618));
#2350=CARTESIAN_POINT('Ctrl Pts',(0.126020312715961,0.214648509666268,0.524603279890795));
#2351=CARTESIAN_POINT('Ctrl Pts',(0.00776572061162016,0.143375906806607,
0.51681276317797));
#2352=CARTESIAN_POINT('Ctrl Pts',(-0.117355807312869,0.201758301495301,
0.509022246465147));
#2353=CARTESIAN_POINT('Ctrl Pts',(-0.138703137087498,0.338170782116836,
0.501231729752323));
#2354=CARTESIAN_POINT('Ctrl Pts',(-0.03739948709896,0.431986054903582,0.493441213039499));
#2355=CARTESIAN_POINT('Ctrl Pts',(0.0969754904493787,0.400249795864699,
0.485650696326675));
#2356=CARTESIAN_POINT('Ctrl Pts',(0.145597775201433,0.271018066608611,0.477860179613851));
#2357=CARTESIAN_POINT('Ctrl Pts',(0.0654727017891953,0.158581197076335,
0.470069662901026));
#2358=CARTESIAN_POINT('Ctrl Pts',(-0.0725486545769074,0.162334769060948,
0.462279146188203));
#2359=CARTESIAN_POINT('Ctrl Pts',(-0.146415945895229,0.279017043231755,
0.454488629475378));
#2360=CARTESIAN_POINT('Ctrl Pts',(-0.0908149192803756,0.405335441778117,
0.446698112762555));
#2361=CARTESIAN_POINT('Ctrl Pts',(0.0450964498258887,0.429817223579125,
0.43890759604973));
#2362=CARTESIAN_POINT('Ctrl Pts',(0.141123067975858,0.330353926776504,0.431117079336907));
#2363=CARTESIAN_POINT('Ctrl Pts',(0.121916413260892,0.240752685884572,0.425923401528358));
#2364=CARTESIAN_POINT('Ctrl Pts',(0.0956588802823789,0.209536476443537,
0.423326562624083));
#2365=CARTESIAN_POINT('Ctrl Pts',(-0.100743952694301,0.289916615829085,
0.539890942045848));
#2366=CARTESIAN_POINT('Ctrl Pts',(-0.100811802039324,0.282010026011591,
0.540515495601979));
#2367=CARTESIAN_POINT('Ctrl Pts',(-0.099955979598992,0.274117935656337,
0.541140049158111));
#2368=CARTESIAN_POINT('Ctrl Pts',(-0.098119150926282,0.266461182363479,
0.541764602714242));
#2369=CARTESIAN_POINT('Ctrl Pts',(-0.0904817784208302,0.234625073776592,
0.544361441618517));
#2370=CARTESIAN_POINT('Ctrl Pts',(-0.065884540047864,0.20685752752923,0.546958280522791));
#2371=CARTESIAN_POINT('Ctrl Pts',(-0.0352018812830561,0.195436046258367,
0.549555119427066));
#2372=CARTESIAN_POINT('Ctrl Pts',(-0.00451922251824795,0.184014564987505,
0.552151958331341));
#2373=CARTESIAN_POINT('Ctrl Pts',(0.0322488566384019,0.188939148693143,
0.554748797235616));
#2374=CARTESIAN_POINT('Ctrl Pts',(0.058844210887131,0.208031472513319,0.55734563613989));
#2375=CARTESIAN_POINT('Ctrl Pts',(0.0854395651358601,0.227123796333495,
0.559942475044165));
#2376=CARTESIAN_POINT('Ctrl Pts',(0.101862194476668,0.26038386026821,0.562539313948439));
#2377=CARTESIAN_POINT('Ctrl Pts',(0.100854436326832,0.293108200626618,0.565136152852714));
#2378=CARTESIAN_POINT('Ctrl Pts',(0.0998466781769956,0.325832540985026,
0.567732991756989));
#2379=CARTESIAN_POINT('Ctrl Pts',(0.0814085325365147,0.358021157767126,
0.570329830661263));
#2380=CARTESIAN_POINT('Ctrl Pts',(0.0536854927328547,0.375438424872373,
0.572926669565538));
#2381=CARTESIAN_POINT('Ctrl Pts',(0.0259624529291946,0.39285569197762,0.575523508469812));
#2382=CARTESIAN_POINT('Ctrl Pts',(-0.0110454810376448,0.395501609406014,
0.578120347374087));
#2383=CARTESIAN_POINT('Ctrl Pts',(-0.0409626009161102,0.382214086481257,
0.580717186278362));
#2384=CARTESIAN_POINT('Ctrl Pts',(-0.0708797207945754,0.368926563556499,
0.583314025182637));
#2385=CARTESIAN_POINT('Ctrl Pts',(-0.0937060265846667,0.33970560027859,
0.585910864086911));
#2386=CARTESIAN_POINT('Ctrl Pts',(-0.0993755212122565,0.307455398843354,
0.588507702991186));
#2387=CARTESIAN_POINT('Ctrl Pts',(-0.100382163862309,0.301729239746295,
0.588968782676073));
#2388=CARTESIAN_POINT('Ctrl Pts',(-0.10084792949402,0.29590758240735,0.589429862360961));
#2389=CARTESIAN_POINT('Ctrl Pts',(-0.100800947291397,0.290077910063688,
0.589890942045848));
#2390=CARTESIAN_POINT('Origin',(-1.32358709139082E-17,0.29,0.422143858773286));
#2391=CARTESIAN_POINT('Ctrl Pts',(-0.100727279710831,0.316928078733403,
0.422143858773286));
#2392=CARTESIAN_POINT('Ctrl Pts',(-0.102169033814052,0.313400883233123,
0.422143858773286));
#2393=CARTESIAN_POINT('Ctrl Pts',(-0.103410467193705,0.309783424350015,
0.422143858773286));
#2394=CARTESIAN_POINT('Ctrl Pts',(-0.104448617595236,0.306116020948887,
0.422143858773286));
#2395=CARTESIAN_POINT('Ctrl Pts',(-0.106410789285453,0.2991843903107,0.422143858773286));
#2396=CARTESIAN_POINT('Ctrl Pts',(-0.107656079369123,0.292059665912157,
0.422143858773286));
#2397=CARTESIAN_POINT('Ctrl Pts',(-0.108208586084563,0.284855847340479,
0.422143858773286));
#2398=CARTESIAN_POINT('Ctrl Pts',(-0.108489336905849,0.281195298203474,
0.422143858773286));
#2399=CARTESIAN_POINT('Ctrl Pts',(-0.10859017552638,0.277511612159585,0.422143858773286));
#2400=CARTESIAN_POINT('Ctrl Pts',(-0.108513523030123,0.273842555178069,
0.422143858773286));
#2401=CARTESIAN_POINT('Ctrl Pts',(-0.108374316366421,0.267179273402964,
0.422143858773286));
#2402=CARTESIAN_POINT('Ctrl Pts',(-0.107652913558239,0.260548607681665,
0.422143858773286));
#2403=CARTESIAN_POINT('Ctrl Pts',(-0.106364861244585,0.254033769614274,
0.422143858773286));
#2404=CARTESIAN_POINT('Ctrl Pts',(-0.105480819438263,0.249562375749335,
0.422143858773286));
#2405=CARTESIAN_POINT('Ctrl Pts',(-0.104329476873686,0.245145297490799,
0.422143858773286));
#2406=CARTESIAN_POINT('Ctrl Pts',(-0.102910642275393,0.24080861880385,0.422143858773286));
#2407=CARTESIAN_POINT('Ctrl Pts',(-0.102262229404218,0.238826739956131,
0.422143858773286));
#2408=CARTESIAN_POINT('Ctrl Pts',(-0.101557312956081,0.236860412611167,
0.422143858773286));
#2409=CARTESIAN_POINT('Ctrl Pts',(-0.100798931749556,0.234920092987074,
0.422143858773286));
#2410=CARTESIAN_POINT('Ctrl Pts',(-0.112548852310869,0.344385253915985,
0.608681982519202));
#2411=CARTESIAN_POINT('Ctrl Pts',(-0.0950983134817543,0.380498684965828,
0.606128588617097));
#2412=CARTESIAN_POINT('Ctrl Pts',(-0.023132072887972,0.434154230286806,
0.601021800812885));
#2413=CARTESIAN_POINT('Ctrl Pts',(0.105294272592478,0.391304470352255,0.59336161910657));
#2414=CARTESIAN_POINT('Ctrl Pts',(0.143201196105867,0.261490689324237,0.585701437400252));
#2415=CARTESIAN_POINT('Ctrl Pts',(0.0584761858541674,0.156177372973863,
0.578041255693937));
#2416=CARTESIAN_POINT('Ctrl Pts',(-0.0764392849504031,0.165550636589618,
0.570381073987619));
#2417=CARTESIAN_POINT('Ctrl Pts',(-0.145796821682601,0.281621769009122,
0.562720892281305));
#2418=CARTESIAN_POINT('Ctrl Pts',(-0.0901881022920473,0.40486719257039,
0.555060710574987));
#2419=CARTESIAN_POINT('Ctrl Pts',(0.0427409964746083,0.429648387217846,
0.547400528868671));
#2420=CARTESIAN_POINT('Ctrl Pts',(0.139026996290419,0.33471613202988,0.539740347162354));
#2421=CARTESIAN_POINT('Ctrl Pts',(0.116136232840784,0.201452638215915,0.532080165456039));
#2422=CARTESIAN_POINT('Ctrl Pts',(-0.00631158827871318,0.144094547330413,
0.524419983749721));
#2423=CARTESIAN_POINT('Ctrl Pts',(-0.123348370257869,0.211811920212969,
0.516759802043407));
#2424=CARTESIAN_POINT('Ctrl Pts',(-0.13464690664633,0.346554785404858,0.509099620337088));
#2425=CARTESIAN_POINT('Ctrl Pts',(-0.0305212404358148,0.432816841262908,
0.501439438630773));
#2426=CARTESIAN_POINT('Ctrl Pts',(0.0997681424059366,0.396651558948689,
0.493779256924456));
#2427=CARTESIAN_POINT('Ctrl Pts',(0.144533004073727,0.269060310632805,0.48611907521814));
#2428=CARTESIAN_POINT('Ctrl Pts',(0.0653987593282736,0.15942036743974,0.478458893511824));
#2429=CARTESIAN_POINT('Ctrl Pts',(-0.0697968703559988,0.161715699632824,
0.470798711805507));
#2430=CARTESIAN_POINT('Ctrl Pts',(-0.145161591890017,0.273985070590223,
0.463138530099191));
#2431=CARTESIAN_POINT('Ctrl Pts',(-0.0960859483506286,0.399974535674605,
0.455478348392875));
#2432=CARTESIAN_POINT('Ctrl Pts',(0.035352399569466,0.431706796525993,0.447818166686558));
#2433=CARTESIAN_POINT('Ctrl Pts',(0.136496406645493,0.341929671567381,0.440157984980242));
#2434=CARTESIAN_POINT('Ctrl Pts',(0.120609108761925,0.207702939025673,0.432497803273926));
#2435=CARTESIAN_POINT('Ctrl Pts',(0.00137530900364223,0.1438918616939,0.424837621567608));
#2436=CARTESIAN_POINT('Ctrl Pts',(-0.119130394256385,0.205599264991387,
0.417177439861293));
#2437=CARTESIAN_POINT('Ctrl Pts',(-0.131198281157433,0.294551068990166,
0.412070652057082));
#2438=CARTESIAN_POINT('Ctrl Pts',(-0.117627431445257,0.332294058348559,
0.409517258154976));
#2439=CARTESIAN_POINT('Ctrl Pts',(-0.105270693194766,0.340868340829418,
0.613348897195151));
#2440=CARTESIAN_POINT('Ctrl Pts',(-0.0889486225432675,0.374646436671371,
0.610795503293046));
#2441=CARTESIAN_POINT('Ctrl Pts',(-0.0216361988412164,0.424832256728259,
0.605688715488835));
#2442=CARTESIAN_POINT('Ctrl Pts',(0.0984852429648312,0.384753447936142,
0.598028533782519));
#2443=CARTESIAN_POINT('Ctrl Pts',(0.133940852091021,0.263334291414603,0.590368352076202));
#2444=CARTESIAN_POINT('Ctrl Pts',(0.0546947258355979,0.16483123618822,0.582708170369887));
#2445=CARTESIAN_POINT('Ctrl Pts',(-0.071496211190277,0.173598362090155,
0.575047988663569));
#2446=CARTESIAN_POINT('Ctrl Pts',(-0.136368627213792,0.282163561279866,
0.567387806957253));
#2447=CARTESIAN_POINT('Ctrl Pts',(-0.0843559383438282,0.397439114117505,
0.559727625250937));
#2448=CARTESIAN_POINT('Ctrl Pts',(0.0399770787025837,0.420617791511092,
0.55206744354462));
#2449=CARTESIAN_POINT('Ctrl Pts',(0.130036583863639,0.331824488825281,0.544407261838304));
#2450=CARTESIAN_POINT('Ctrl Pts',(0.108626089783747,0.207178700944619,0.536747080131988));
#2451=CARTESIAN_POINT('Ctrl Pts',(-0.00590343890335636,0.153529766603047,
0.529086898425671));
#2452=CARTESIAN_POINT('Ctrl Pts',(-0.115371842314527,0.216868082705864,
0.521426716719355));
#2453=CARTESIAN_POINT('Ctrl Pts',(-0.125939740016534,0.342897575948677,
0.513766535013039));
#2454=CARTESIAN_POINT('Ctrl Pts',(-0.0285475335542988,0.423581352194573,
0.506106353306722));
#2455=CARTESIAN_POINT('Ctrl Pts',(0.0933164691970194,0.389754758136674,
0.498446171600406));
#2456=CARTESIAN_POINT('Ctrl Pts',(0.135186536476959,0.270414410545217,0.490785989894089));
#2457=CARTESIAN_POINT('Ctrl Pts',(0.0611696395583786,0.167864517011971,
0.483125808187773));
#2458=CARTESIAN_POINT('Ctrl Pts',(-0.0652833394063109,0.170011417723235,
0.475465626481456));
#2459=CARTESIAN_POINT('Ctrl Pts',(-0.135774475614462,0.275020702692055,
0.467805444775141));
#2460=CARTESIAN_POINT('Ctrl Pts',(-0.089872390357288,0.392862849034314,
0.460145263068824));
#2461=CARTESIAN_POINT('Ctrl Pts',(0.0330662777306406,0.422543090350645,
0.452485081362508));
#2462=CARTESIAN_POINT('Ctrl Pts',(0.127669639015751,0.338571552806024,0.444824899656191));
#2463=CARTESIAN_POINT('Ctrl Pts',(0.112809719728654,0.213024815635346,0.437164717949875));
#2464=CARTESIAN_POINT('Ctrl Pts',(0.00128637235474004,0.153340187971028,
0.429504536243558));
#2465=CARTESIAN_POINT('Ctrl Pts',(-0.111426628761139,0.211057179188611,
0.421844354537243));
#2466=CARTESIAN_POINT('Ctrl Pts',(-0.122714125642586,0.294256766528802,
0.416737566733031));
#2467=CARTESIAN_POINT('Ctrl Pts',(-0.110020857545131,0.329559042575352,
0.414184172830926));
#2468=CARTESIAN_POINT('Ctrl Pts',(-0.0979925340786633,0.337351427742851,
0.618015811871101));
#2469=CARTESIAN_POINT('Ctrl Pts',(-0.0827989316047807,0.368794188376914,
0.615462417968995));
#2470=CARTESIAN_POINT('Ctrl Pts',(-0.0201403247944609,0.415510283169712,
0.610355630164784));
#2471=CARTESIAN_POINT('Ctrl Pts',(0.0916762133371843,0.37820242552003,0.602695448458468));
#2472=CARTESIAN_POINT('Ctrl Pts',(0.124680508076175,0.265177893504969,0.595035266752152));
#2473=CARTESIAN_POINT('Ctrl Pts',(0.0509132658170283,0.173485099402577,
0.587375085045835));
#2474=CARTESIAN_POINT('Ctrl Pts',(-0.0665531374301509,0.181646087590694,
0.579714903339519));
#2475=CARTESIAN_POINT('Ctrl Pts',(-0.126940432744984,0.282705353550609,
0.572054721633202));
#2476=CARTESIAN_POINT('Ctrl Pts',(-0.0785237743956091,0.39001103566462,
0.564394539926887));
#2477=CARTESIAN_POINT('Ctrl Pts',(0.0372131609305589,0.411587195804338,
0.556734358220569));
#2478=CARTESIAN_POINT('Ctrl Pts',(0.121046171436858,0.328932845620682,0.549074176514255));
#2479=CARTESIAN_POINT('Ctrl Pts',(0.101115946726709,0.212904763673323,0.541413994807936));
#2480=CARTESIAN_POINT('Ctrl Pts',(-0.00549528952799955,0.16296498587568,
0.533753813101621));
#2481=CARTESIAN_POINT('Ctrl Pts',(-0.107395314371185,0.221924245198759,
0.526093631395304));
#2482=CARTESIAN_POINT('Ctrl Pts',(-0.117232573386738,0.339240366492497,
0.518433449688988));
#2483=CARTESIAN_POINT('Ctrl Pts',(-0.0265738266727828,0.414345863126238,
0.510773267982672));
#2484=CARTESIAN_POINT('Ctrl Pts',(0.0868647959881021,0.382857957324659,
0.503113086276355));
#2485=CARTESIAN_POINT('Ctrl Pts',(0.125840068880191,0.271768510457629,0.495452904570039));
#2486=CARTESIAN_POINT('Ctrl Pts',(0.0569405197884836,0.176308666584201,
0.487792722863722));
#2487=CARTESIAN_POINT('Ctrl Pts',(-0.0607698084566229,0.178307135813645,
0.480132541157406));
#2488=CARTESIAN_POINT('Ctrl Pts',(-0.126387359338908,0.276056334793888,
0.47247235945109));
#2489=CARTESIAN_POINT('Ctrl Pts',(-0.0836588323639473,0.385751162394022,
0.464812177744773));
#2490=CARTESIAN_POINT('Ctrl Pts',(0.030780155891815,0.413379384175298,0.457151996038457));
#2491=CARTESIAN_POINT('Ctrl Pts',(0.118842871386009,0.335213434044666,0.44949181433214));
#2492=CARTESIAN_POINT('Ctrl Pts',(0.105010330695383,0.218346692245019,0.441831632625825));
#2493=CARTESIAN_POINT('Ctrl Pts',(0.00119743570583786,0.162788514248156,
0.434171450919507));
#2494=CARTESIAN_POINT('Ctrl Pts',(-0.103722863265893,0.216515093385835,
0.426511269213192));
#2495=CARTESIAN_POINT('Ctrl Pts',(-0.114229970127739,0.293962464067438,
0.421404481408981));
#2496=CARTESIAN_POINT('Ctrl Pts',(-0.102414283645004,0.326824026802145,
0.418851087506875));
#2497=CARTESIAN_POINT('Ctrl Pts',(-0.0907143749625604,0.333834514656284,
0.62268272654705));
#2498=CARTESIAN_POINT('Ctrl Pts',(-0.0766492406662939,0.362941940082457,
0.620129332644945));
#2499=CARTESIAN_POINT('Ctrl Pts',(-0.0186444507477054,0.406188309611165,
0.615022544840733));
#2500=CARTESIAN_POINT('Ctrl Pts',(0.0848671837095374,0.371651403103918,
0.607362363134418));
#2501=CARTESIAN_POINT('Ctrl Pts',(0.115420164061329,0.267021495595335,0.599702181428101));
#2502=CARTESIAN_POINT('Ctrl Pts',(0.0471318057984589,0.182138962616934,
0.592041999721785));
#2503=CARTESIAN_POINT('Ctrl Pts',(-0.0616100636700249,0.189693813091232,
0.584381818015468));
#2504=CARTESIAN_POINT('Ctrl Pts',(-0.117512238276176,0.283247145821352,
0.576721636309153));
#2505=CARTESIAN_POINT('Ctrl Pts',(-0.0726916104473901,0.382582957211735,
0.569061454602836));
#2506=CARTESIAN_POINT('Ctrl Pts',(0.0344492431585343,0.402556600097584,
0.561401272896519));
#2507=CARTESIAN_POINT('Ctrl Pts',(0.112055759010078,0.326041202416083,0.553741091190204));
#2508=CARTESIAN_POINT('Ctrl Pts',(0.0936058036696721,0.218630826402027,
0.546080909483886));
#2509=CARTESIAN_POINT('Ctrl Pts',(-0.00508714015264278,0.172400205148313,
0.538420727777571));
#2510=CARTESIAN_POINT('Ctrl Pts',(-0.0994187864278424,0.226980407691653,
0.530760546071253));
#2511=CARTESIAN_POINT('Ctrl Pts',(-0.108525406756942,0.335583157036316,
0.523100364364938));
#2512=CARTESIAN_POINT('Ctrl Pts',(-0.0246001197912668,0.405110374057904,
0.515440182658621));
#2513=CARTESIAN_POINT('Ctrl Pts',(0.080413122779185,0.375961156512643,0.507780000952305));
#2514=CARTESIAN_POINT('Ctrl Pts',(0.116493601283424,0.273122610370041,0.500119819245988));
#2515=CARTESIAN_POINT('Ctrl Pts',(0.0527114000185886,0.184752816156431,
0.492459637539672));
#2516=CARTESIAN_POINT('Ctrl Pts',(-0.0562562775069351,0.186602853904056,
0.484799455833356));
#2517=CARTESIAN_POINT('Ctrl Pts',(-0.117000243063353,0.27709196689572,0.477139274127039));
#2518=CARTESIAN_POINT('Ctrl Pts',(-0.0774452743706067,0.378639475753731,
0.469479092420723));
#2519=CARTESIAN_POINT('Ctrl Pts',(0.0284940340529897,0.404215677999951,
0.461818910714406));
#2520=CARTESIAN_POINT('Ctrl Pts',(0.110016103756267,0.331855315283309,0.454158729008091));
#2521=CARTESIAN_POINT('Ctrl Pts',(0.0972109416621118,0.223668568854692,
0.446498547301773));
#2522=CARTESIAN_POINT('Ctrl Pts',(0.00110849905693562,0.172236840525284,
0.438838365595458));
#2523=CARTESIAN_POINT('Ctrl Pts',(-0.0960190977706467,0.221973007583058,
0.431178183889141));
#2524=CARTESIAN_POINT('Ctrl Pts',(-0.105745814612891,0.293668161606074,
0.42607139608493));
#2525=CARTESIAN_POINT('Ctrl Pts',(-0.0948077097448774,0.324089011028938,
0.423518002182825));
#2526=CARTESIAN_POINT('Ctrl Pts',(-0.100877779942686,0.289970633863324,
0.576264742348884));
#2527=CARTESIAN_POINT('Ctrl Pts',(-0.100752850623531,0.320261970878237,
0.573863646433534));
#2528=CARTESIAN_POINT('Ctrl Pts',(-0.0861211879544399,0.350657061769905,
0.571462550518185));
#2529=CARTESIAN_POINT('Ctrl Pts',(-0.0623049061512006,0.369355929127646,
0.569061454602836));
#2530=CARTESIAN_POINT('Ctrl Pts',(-0.0369779925787488,0.389240838173684,
0.56650806070073));
#2531=CARTESIAN_POINT('Ctrl Pts',(-0.00126437471010719,0.395898719135634,
0.563954666798625));
#2532=CARTESIAN_POINT('Ctrl Pts',(0.0295268535328043,0.386475093336359,
0.561401272896519));
#2533=CARTESIAN_POINT('Ctrl Pts',(0.0603180817757155,0.377051467537084,
0.558847878994414));
#2534=CARTESIAN_POINT('Ctrl Pts',(0.0861869203928966,0.351546334976584,
0.556294485092309));
#2535=CARTESIAN_POINT('Ctrl Pts',(0.0960463471447529,0.320892039360658,
0.553741091190203));
#2536=CARTESIAN_POINT('Ctrl Pts',(0.105905773896609,0.290237743744731,0.551187697288098));
#2537=CARTESIAN_POINT('Ctrl Pts',(0.0997557887831407,0.254434285073379,
0.548634303385992));
#2538=CARTESIAN_POINT('Ctrl Pts',(0.0802319722560206,0.228827452195418,
0.546080909483887));
#2539=CARTESIAN_POINT('Ctrl Pts',(0.0607081557289005,0.203220619317456,
0.543527515581781));
#2540=CARTESIAN_POINT('Ctrl Pts',(0.0278105077881289,0.187810412232884,
0.540974121679676));
#2541=CARTESIAN_POINT('Ctrl Pts',(-0.00436025722812357,0.189202009114489,
0.53842072777757));
#2542=CARTESIAN_POINT('Ctrl Pts',(-0.036531022244376,0.190593605996093,
0.535867333875465));
#2543=CARTESIAN_POINT('Ctrl Pts',(-0.0679749043361092,0.208787006843873,
0.533313939973359));
#2544=CARTESIAN_POINT('Ctrl Pts',(-0.0852146154368257,0.235984165491874,
0.530760546071254));
#2545=CARTESIAN_POINT('Ctrl Pts',(-0.0953326988336311,0.251946330852358,
0.529261944830463));
#2546=CARTESIAN_POINT('Ctrl Pts',(-0.100558038899472,0.27100991451867,0.527763343589673));
#2547=CARTESIAN_POINT('Ctrl Pts',(-0.100627589973978,0.290038062655225,
0.526264742348883));
#2548=CARTESIAN_POINT('Origin',(0.,0.29,0.495577842197366));
#2549=CARTESIAN_POINT('Origin',(0.,0.689,0.));
#2550=CARTESIAN_POINT('',(-0.138967622128322,0.686,0.350990384483678));
#2551=CARTESIAN_POINT('',(-0.138967622128322,0.686,0.));
#2552=CARTESIAN_POINT('',(-0.139,0.689,0.350977563385468));
#2553=CARTESIAN_POINT('Ctrl Pts',(-0.138967622128322,0.686000000000003,
0.350990384483678));
#2554=CARTESIAN_POINT('Ctrl Pts',(-0.138989275527735,0.687003040475813,
0.350981811253297));
#2555=CARTESIAN_POINT('Ctrl Pts',(-0.139,0.688003202160413,0.350977563385468));
#2556=CARTESIAN_POINT('Ctrl Pts',(-0.139,0.689,0.350977563385468));
#2557=CARTESIAN_POINT('',(-0.139,0.689,0.));
#2558=CARTESIAN_POINT('',(0.139,0.689,0.350977563385468));
#2559=CARTESIAN_POINT('',(0.139,0.689,0.));
#2560=CARTESIAN_POINT('',(0.138967622128322,0.686,0.350990384483678));
#2561=CARTESIAN_POINT('Ctrl Pts',(0.139,0.689,0.350977563385468));
#2562=CARTESIAN_POINT('Ctrl Pts',(0.139,0.688003202160413,0.350977563385468));
#2563=CARTESIAN_POINT('Ctrl Pts',(0.138989275527735,0.687003040475813,0.350981811253297));
#2564=CARTESIAN_POINT('Ctrl Pts',(0.138967622128322,0.686000000000003,0.350990384483678));
#2565=CARTESIAN_POINT('',(0.138967622128322,0.686,0.));
#2566=CARTESIAN_POINT('Origin',(-0.139,0.946894003959509,0.));
#2567=CARTESIAN_POINT('',(-0.139,0.845,0.350977563385468));
#2568=CARTESIAN_POINT('',(-0.139,0.8155,0.350977563385468));
#2569=CARTESIAN_POINT('',(-0.139,0.945,0.456820807319457));
#2570=CARTESIAN_POINT('Ctrl Pts',(-0.139,0.945,0.456820807319456));
#2571=CARTESIAN_POINT('Ctrl Pts',(-0.139,0.888448659481657,0.397709521964574));
#2572=CARTESIAN_POINT('Ctrl Pts',(-0.139,0.845,0.350977563385468));
#2573=CARTESIAN_POINT('',(-0.139,0.945,0.500039998400128));
#2574=CARTESIAN_POINT('',(-0.139,0.945,0.));
#2575=CARTESIAN_POINT('Ctrl Pts',(-0.139,0.845,0.603191511876618));
#2576=CARTESIAN_POINT('Ctrl Pts',(-0.139,0.857226847490384,0.603191511876618));
#2577=CARTESIAN_POINT('Ctrl Pts',(-0.139,0.871607171657088,0.600279428736154));
#2578=CARTESIAN_POINT('Ctrl Pts',(-0.139,0.894301530542367,0.590741244052271));
#2579=CARTESIAN_POINT('Ctrl Pts',(-0.139,0.906589164828763,0.582369433975122));
#2580=CARTESIAN_POINT('Ctrl Pts',(-0.139,0.924137006398055,0.564532259602551));
#2581=CARTESIAN_POINT('Ctrl Pts',(-0.139,0.932428648976993,0.551843555798354));
#2582=CARTESIAN_POINT('Ctrl Pts',(-0.139,0.942059846845668,0.528178749424981));
#2583=CARTESIAN_POINT('Ctrl Pts',(-0.139,0.945,0.512958237289398));
#2584=CARTESIAN_POINT('Ctrl Pts',(-0.139,0.945,0.500039998400128));
#2585=CARTESIAN_POINT('Origin',(0.139,0.55,0.));
#2586=CARTESIAN_POINT('',(0.139,0.945,0.500039998400128));
#2587=CARTESIAN_POINT('Ctrl Pts',(0.139,0.945,0.500039998400128));
#2588=CARTESIAN_POINT('Ctrl Pts',(0.139,0.945,0.512958237289398));
#2589=CARTESIAN_POINT('Ctrl Pts',(0.139,0.942059846845668,0.52817874942498));
#2590=CARTESIAN_POINT('Ctrl Pts',(0.139,0.932428648976993,0.551843555798354));
#2591=CARTESIAN_POINT('Ctrl Pts',(0.139,0.924137006398055,0.564532259602551));
#2592=CARTESIAN_POINT('Ctrl Pts',(0.139,0.906589164828763,0.582369433975122));
#2593=CARTESIAN_POINT('Ctrl Pts',(0.139,0.894301530542367,0.590741244052271));
#2594=CARTESIAN_POINT('Ctrl Pts',(0.139,0.871607171657088,0.600279428736154));
#2595=CARTESIAN_POINT('Ctrl Pts',(0.139,0.857226847490384,0.603191511876618));
#2596=CARTESIAN_POINT('Ctrl Pts',(0.139,0.845,0.603191511876618));
#2597=CARTESIAN_POINT('',(0.139,0.945,0.456820807319457));
#2598=CARTESIAN_POINT('',(0.139,0.945,0.));
#2599=CARTESIAN_POINT('',(0.139,0.845,0.350977563385468));
#2600=CARTESIAN_POINT('Ctrl Pts',(0.139,0.845,0.350977563385468));
#2601=CARTESIAN_POINT('Ctrl Pts',(0.139,0.888448659481657,0.397709521964574));
#2602=CARTESIAN_POINT('Ctrl Pts',(0.139,0.945,0.456820807319456));
#2603=CARTESIAN_POINT('',(0.139,0.8155,0.350977563385468));
#2604=CARTESIAN_POINT('Origin',(-0.434,0.686,0.));
#2605=CARTESIAN_POINT('Origin',(0.,0.686,0.));
#2606=CARTESIAN_POINT('Origin',(0.,0.845,0.));
#2607=CARTESIAN_POINT('Origin',(0.,0.945,0.));
#2608=CARTESIAN_POINT('Origin',(-0.3775,0.945,0.));
#2609=CARTESIAN_POINT('Origin',(0.,0.945,0.));
#2610=CARTESIAN_POINT('Origin',(0.,0.895,0.));
#2611=CARTESIAN_POINT('Origin',(0.,0.845,0.));
#2612=CARTESIAN_POINT('Origin',(0.,0.8155,0.));
#2613=CARTESIAN_POINT('Origin',(-0.619,1.1327982892113E-17,0.));
#2614=UNCERTAINTY_MEASURE_WITH_UNIT(LENGTH_MEASURE(0.000393700787401575),
#2619,'DISTANCE_ACCURACY_VALUE',
'Maximum model space distance between geometric entities at asserted c
onnectivities');
#2615=UNCERTAINTY_MEASURE_WITH_UNIT(LENGTH_MEASURE(0.000393700787401575),
#2619,'DISTANCE_ACCURACY_VALUE',
'Maximum model space distance between geometric entities at asserted c
onnectivities');
#2616=(
GEOMETRIC_REPRESENTATION_CONTEXT(3)
GLOBAL_UNCERTAINTY_ASSIGNED_CONTEXT((#2614))
GLOBAL_UNIT_ASSIGNED_CONTEXT((#2619,#2623,#2624))
REPRESENTATION_CONTEXT('','3D')
);
#2617=(
GEOMETRIC_REPRESENTATION_CONTEXT(3)
GLOBAL_UNCERTAINTY_ASSIGNED_CONTEXT((#2615))
GLOBAL_UNIT_ASSIGNED_CONTEXT((#2619,#2623,#2624))
REPRESENTATION_CONTEXT('','3D')
);
#2618=DIMENSIONAL_EXPONENTS(1.,0.,0.,0.,0.,0.,0.);
#2619=(
CONVERSION_BASED_UNIT('inch',#2622)
LENGTH_UNIT()
NAMED_UNIT(#2618)
);
#2620=(
LENGTH_UNIT()
NAMED_UNIT(*)
SI_UNIT(.MILLI.,.METRE.)
);
#2621=(
LENGTH_UNIT()
NAMED_UNIT(*)
SI_UNIT($,.METRE.)
);
#2622=LENGTH_MEASURE_WITH_UNIT(LENGTH_MEASURE(25.4),#2620);
#2623=(
NAMED_UNIT(*)
PLANE_ANGLE_UNIT()
SI_UNIT($,.RADIAN.)
);
#2624=(
NAMED_UNIT(*)
SI_UNIT($,.STERADIAN.)
SOLID_ANGLE_UNIT()
);
#2625=SHAPE_DEFINITION_REPRESENTATION(#2626,#2627);
#2626=PRODUCT_DEFINITION_SHAPE('',$,#2629);
#2627=SHAPE_REPRESENTATION('',(#794),#2616);
#2628=PRODUCT_DEFINITION_CONTEXT('part definition',#2633,'design');
#2629=PRODUCT_DEFINITION('Housing','Housing',#2630,#2628);
#2630=PRODUCT_DEFINITION_FORMATION('',$,#2635);
#2631=PRODUCT_RELATED_PRODUCT_CATEGORY('Housing','Housing',(#2635));
#2632=APPLICATION_PROTOCOL_DEFINITION('international standard',
'automotive_design',2009,#2633);
#2633=APPLICATION_CONTEXT(
'Core Data for Automotive Mechanical Design Process');
#2634=PRODUCT_CONTEXT('part definition',#2633,'mechanical');
#2635=PRODUCT('Housing','Housing',$,(#2634));
#2636=PRESENTATION_STYLE_ASSIGNMENT((#2637));
#2637=SURFACE_STYLE_USAGE(.BOTH.,#2638);
#2638=SURFACE_SIDE_STYLE('',(#2639));
#2639=SURFACE_STYLE_FILL_AREA(#2640);
#2640=FILL_AREA_STYLE('Steel - Satin',(#2641));
#2641=FILL_AREA_STYLE_COLOUR('Steel - Satin',#2642);
#2642=COLOUR_RGB('Steel - Satin',0.627450980392157,0.627450980392157,0.627450980392157);
ENDSEC;
END-ISO-10303-21;
