ISO-10303-21;
HEADER;
/* Generated by software containing ST-Developer
 * from STEP Tools, Inc. (www.steptools.com) 
 */

FILE_DESCRIPTION(
/* description */ (''),
/* implementation_level */ '2;1');

FILE_NAME(
/* name */ 'Lock wheel.step',
/* time_stamp */ '2026-09-18T21:16:17-04:00',
/* author */ (''),
/* organization */ (''),
/* preprocessor_version */ 'ST-DEVELOPER v20.2',
/* originating_system */ 'Autodesk Translation Framework v15.15.0.0',
/* authorisation */ '');

FILE_SCHEMA (('AUTOMOTIVE_DESIGN { 1 0 10303 214 3 1 1 }'));
ENDSEC;

DATA;
#10=MECHANICAL_DESIGN_GEOMETRIC_PRESENTATION_REPRESENTATION('',(#13),#9986);
#11=SHAPE_REPRESENTATION_RELATIONSHIP('SRR','None',#9996,#12);
#12=ADVANCED_BREP_SHAPE_REPRESENTATION('',(#14),#9985);
#13=STYLED_ITEM('',(#10005),#14);
#14=MANIFOLD_SOLID_BREP('Body1',#5194);
#15=B_SPLINE_SURFACE_WITH_KNOTS('',3,3,((#9588,#9589,#9590,#9591,#9592,
#9593,#9594,#9595,#9596,#9597,#9598,#9599,#9600,#9601,#9602,#9603,#9604,
#9605,#9606,#9607,#9608,#9609,#9610,#9611,#9612,#9613,#9614,#9615,#9616,
#9617,#9618,#9619,#9620,#9621,#9622,#9623,#9624,#9625,#9626,#9627),(#9628,
#9629,#9630,#9631,#9632,#9633,#9634,#9635,#9636,#9637,#9638,#9639,#9640,
#9641,#9642,#9643,#9644,#9645,#9646,#9647,#9648,#9649,#9650,#9651,#9652,
#9653,#9654,#9655,#9656,#9657,#9658,#9659,#9660,#9661,#9662,#9663,#9664,
#9665,#9666,#9667),(#9668,#9669,#9670,#9671,#9672,#9673,#9674,#9675,#9676,
#9677,#9678,#9679,#9680,#9681,#9682,#9683,#9684,#9685,#9686,#9687,#9688,
#9689,#9690,#9691,#9692,#9693,#9694,#9695,#9696,#9697,#9698,#9699,#9700,
#9701,#9702,#9703,#9704,#9705,#9706,#9707),(#9708,#9709,#9710,#9711,#9712,
#9713,#9714,#9715,#9716,#9717,#9718,#9719,#9720,#9721,#9722,#9723,#9724,
#9725,#9726,#9727,#9728,#9729,#9730,#9731,#9732,#9733,#9734,#9735,#9736,
#9737,#9738,#9739,#9740,#9741,#9742,#9743,#9744,#9745,#9746,#9747)),
 .UNSPECIFIED.,.F.,.F.,.F.,(4,4),(4,1,1,1,1,1,1,1,1,1,1,1,1,1,1,1,1,1,1,
1,1,1,1,1,1,1,1,1,1,1,1,1,1,1,1,1,1,4),(0.,0.07112377966147),(11.8952648495925,
12.8768028110194,13.8583407724463,14.8398787338732,15.8214166953001,16.802954656727,
17.7844926181539,18.7660305795808,19.7475685410076,20.7291065024345,21.7106444638614,
22.6921824252883,23.6737203867152,24.6552583481421,25.636796309569,26.6183342709959,
27.5998722324228,28.5814101938496,29.5629481552765,30.5444861167034,31.5260240781303,
32.5075620395572,33.4891000009841,34.470637962411,35.4521759238379,36.4337138852648,
37.4152518466917,38.3967898081185,39.3783277695454,40.3598657309723,41.3414036923992,
42.3229416538261,43.304479615253,44.2860175766799,45.2675555381068,46.2490934995337,
47.2306314609606,48.2121694223874),.UNSPECIFIED.);
#16=B_SPLINE_SURFACE_WITH_KNOTS('',3,3,((#9786,#9787,#9788,#9789,#9790,
#9791,#9792,#9793,#9794,#9795,#9796,#9797,#9798,#9799,#9800,#9801,#9802,
#9803,#9804,#9805,#9806,#9807,#9808,#9809,#9810,#9811,#9812,#9813,#9814,
#9815,#9816,#9817,#9818,#9819,#9820,#9821,#9822,#9823,#9824,#9825),(#9826,
#9827,#9828,#9829,#9830,#9831,#9832,#9833,#9834,#9835,#9836,#9837,#9838,
#9839,#9840,#9841,#9842,#9843,#9844,#9845,#9846,#9847,#9848,#9849,#9850,
#9851,#9852,#9853,#9854,#9855,#9856,#9857,#9858,#9859,#9860,#9861,#9862,
#9863,#9864,#9865),(#9866,#9867,#9868,#9869,#9870,#9871,#9872,#9873,#9874,
#9875,#9876,#9877,#9878,#9879,#9880,#9881,#9882,#9883,#9884,#9885,#9886,
#9887,#9888,#9889,#9890,#9891,#9892,#9893,#9894,#9895,#9896,#9897,#9898,
#9899,#9900,#9901,#9902,#9903,#9904,#9905),(#9906,#9907,#9908,#9909,#9910,
#9911,#9912,#9913,#9914,#9915,#9916,#9917,#9918,#9919,#9920,#9921,#9922,
#9923,#9924,#9925,#9926,#9927,#9928,#9929,#9930,#9931,#9932,#9933,#9934,
#9935,#9936,#9937,#9938,#9939,#9940,#9941,#9942,#9943,#9944,#9945)),
 .UNSPECIFIED.,.F.,.F.,.F.,(4,4),(4,1,1,1,1,1,1,1,1,1,1,1,1,1,1,1,1,1,1,
1,1,1,1,1,1,1,1,1,1,1,1,1,1,1,1,1,1,4),(0.,0.07112377966147),(14.6196836494084,
15.6012216108353,16.5827595722622,17.5642975336891,18.545835495116,19.5273734565429,
20.5089114179698,21.4904493793967,22.4719873408236,23.4535253022504,24.4350632636773,
25.4166012251042,26.3981391865311,27.379677147958,28.3612151093849,29.3427530708118,
30.3242910322387,31.3058289936656,32.2873669550925,33.2689049165193,34.2504428779462,
35.2319808393731,36.2135188008,37.1950567622269,38.1765947236538,39.1581326850807,
40.1396706465076,41.1212086079345,42.1027465693614,43.0842845307882,44.0658224922151,
45.047360453642,46.0288984150689,47.0104363764958,47.9919743379227,48.9735122993496,
49.9550502607765,50.9365882222034),.UNSPECIFIED.);
#17=FACE_BOUND('',#1073,.T.);
#18=FACE_BOUND('',#1075,.T.);
#19=FACE_BOUND('',#1079,.T.);
#20=CONICAL_SURFACE('',#5231,0.578,0.785398163397448);
#21=CONICAL_SURFACE('',#5645,0.578,0.785398163397449);
#22=(
BOUNDED_CURVE()
B_SPLINE_CURVE(2,(#7215,#7216,#7217),.UNSPECIFIED.,.F.,.F.)
B_SPLINE_CURVE_WITH_KNOTS((3,3),(0.,0.0695327452119418),.UNSPECIFIED.)
CURVE()
GEOMETRIC_REPRESENTATION_ITEM()
RATIONAL_B_SPLINE_CURVE((1.,1.00026774928734,1.00021529917638))
REPRESENTATION_ITEM('')
);
#23=(
BOUNDED_CURVE()
B_SPLINE_CURVE(2,(#7221,#7222,#7223),.UNSPECIFIED.,.F.,.F.)
B_SPLINE_CURVE_WITH_KNOTS((3,3),(0.0467531883422426,0.116285933554048),
 .UNSPECIFIED.)
CURVE()
GEOMETRIC_REPRESENTATION_ITEM()
RATIONAL_B_SPLINE_CURVE((1.00021529917568,1.00026774928647,1.))
REPRESENTATION_ITEM('')
);
#24=(
BOUNDED_CURVE()
B_SPLINE_CURVE(2,(#7227,#7228,#7229),.UNSPECIFIED.,.F.,.F.)
B_SPLINE_CURVE_WITH_KNOTS((3,3),(0.0467531883421298,0.116285933554048),
 .UNSPECIFIED.)
CURVE()
GEOMETRIC_REPRESENTATION_ITEM()
RATIONAL_B_SPLINE_CURVE((1.00021529917532,1.00026774928602,1.))
REPRESENTATION_ITEM('')
);
#25=(
BOUNDED_CURVE()
B_SPLINE_CURVE(2,(#7232,#7233,#7234),.UNSPECIFIED.,.F.,.F.)
B_SPLINE_CURVE_WITH_KNOTS((3,3),(0.,0.0695327452118701),.UNSPECIFIED.)
CURVE()
GEOMETRIC_REPRESENTATION_ITEM()
RATIONAL_B_SPLINE_CURVE((1.,1.00026774928681,1.00021529917596))
REPRESENTATION_ITEM('')
);
#26=(
BOUNDED_CURVE()
B_SPLINE_CURVE(2,(#7253,#7254,#7255),.UNSPECIFIED.,.F.,.F.)
B_SPLINE_CURVE_WITH_KNOTS((3,3),(0.,0.0695327452119463),.UNSPECIFIED.)
CURVE()
GEOMETRIC_REPRESENTATION_ITEM()
RATIONAL_B_SPLINE_CURVE((1.,1.00026774928465,1.00021529917422))
REPRESENTATION_ITEM('')
);
#27=(
BOUNDED_CURVE()
B_SPLINE_CURVE(2,(#7259,#7260,#7261),.UNSPECIFIED.,.F.,.F.)
B_SPLINE_CURVE_WITH_KNOTS((3,3),(0.0467531883421381,0.116285933554048),
 .UNSPECIFIED.)
CURVE()
GEOMETRIC_REPRESENTATION_ITEM()
RATIONAL_B_SPLINE_CURVE((1.00021529917694,1.00026774928803,1.))
REPRESENTATION_ITEM('')
);
#28=(
BOUNDED_CURVE()
B_SPLINE_CURVE(2,(#7263,#7264,#7265),.UNSPECIFIED.,.F.,.F.)
B_SPLINE_CURVE_WITH_KNOTS((3,3),(0.,0.0695327452118786),.UNSPECIFIED.)
CURVE()
GEOMETRIC_REPRESENTATION_ITEM()
RATIONAL_B_SPLINE_CURVE((1.,1.0002677492861,1.00021529917538))
REPRESENTATION_ITEM('')
);
#29=(
BOUNDED_CURVE()
B_SPLINE_CURVE(2,(#7269,#7270,#7271),.UNSPECIFIED.,.F.,.F.)
B_SPLINE_CURVE_WITH_KNOTS((3,3),(0.0467531883420534,0.116285933554048),
 .UNSPECIFIED.)
CURVE()
GEOMETRIC_REPRESENTATION_ITEM()
RATIONAL_B_SPLINE_CURVE((1.00021529917532,1.00026774928602,1.))
REPRESENTATION_ITEM('')
);
#30=(
BOUNDED_CURVE()
B_SPLINE_CURVE(2,(#7273,#7274,#7275),.UNSPECIFIED.,.F.,.F.)
B_SPLINE_CURVE_WITH_KNOTS((3,3),(0.,0.069532745211915),.UNSPECIFIED.)
CURVE()
GEOMETRIC_REPRESENTATION_ITEM()
RATIONAL_B_SPLINE_CURVE((1.,1.00026774928806,1.00021529917696))
REPRESENTATION_ITEM('')
);
#31=(
BOUNDED_CURVE()
B_SPLINE_CURVE(2,(#7279,#7280,#7281),.UNSPECIFIED.,.F.,.F.)
B_SPLINE_CURVE_WITH_KNOTS((3,3),(0.0467531883421882,0.116285933554048),
 .UNSPECIFIED.)
CURVE()
GEOMETRIC_REPRESENTATION_ITEM()
RATIONAL_B_SPLINE_CURVE((1.00021529917635,1.0002677492873,1.))
REPRESENTATION_ITEM('')
);
#32=(
BOUNDED_CURVE()
B_SPLINE_CURVE(2,(#7283,#7284,#7285),.UNSPECIFIED.,.F.,.F.)
B_SPLINE_CURVE_WITH_KNOTS((3,3),(0.,0.0695327452118948),.UNSPECIFIED.)
CURVE()
GEOMETRIC_REPRESENTATION_ITEM()
RATIONAL_B_SPLINE_CURVE((1.,1.00026774928534,1.00021529917478))
REPRESENTATION_ITEM('')
);
#33=(
BOUNDED_CURVE()
B_SPLINE_CURVE(2,(#7289,#7290,#7291),.UNSPECIFIED.,.F.,.F.)
B_SPLINE_CURVE_WITH_KNOTS((3,3),(0.0467531883421695,0.116285933554048),
 .UNSPECIFIED.)
CURVE()
GEOMETRIC_REPRESENTATION_ITEM()
RATIONAL_B_SPLINE_CURVE((1.00021529917692,1.00026774928801,1.))
REPRESENTATION_ITEM('')
);
#34=(
BOUNDED_CURVE()
B_SPLINE_CURVE(2,(#7293,#7294,#7295),.UNSPECIFIED.,.F.,.F.)
B_SPLINE_CURVE_WITH_KNOTS((3,3),(0.,0.0695327452118932),.UNSPECIFIED.)
CURVE()
GEOMETRIC_REPRESENTATION_ITEM()
RATIONAL_B_SPLINE_CURVE((1.,1.00026774928514,1.00021529917461))
REPRESENTATION_ITEM('')
);
#35=(
BOUNDED_CURVE()
B_SPLINE_CURVE(2,(#7299,#7300,#7301),.UNSPECIFIED.,.F.,.F.)
B_SPLINE_CURVE_WITH_KNOTS((3,3),(0.0467531883420128,0.116285933554048),
 .UNSPECIFIED.)
CURVE()
GEOMETRIC_REPRESENTATION_ITEM()
RATIONAL_B_SPLINE_CURVE((1.0002152991755,1.00026774928624,1.))
REPRESENTATION_ITEM('')
);
#36=(
BOUNDED_CURVE()
B_SPLINE_CURVE(2,(#7303,#7304,#7305),.UNSPECIFIED.,.F.,.F.)
B_SPLINE_CURVE_WITH_KNOTS((3,3),(0.,0.0695327452119788),.UNSPECIFIED.)
CURVE()
GEOMETRIC_REPRESENTATION_ITEM()
RATIONAL_B_SPLINE_CURVE((1.,1.00026774928988,1.00021529917842))
REPRESENTATION_ITEM('')
);
#37=(
BOUNDED_CURVE()
B_SPLINE_CURVE(2,(#7309,#7310,#7311),.UNSPECIFIED.,.F.,.F.)
B_SPLINE_CURVE_WITH_KNOTS((3,3),(0.0467531883422501,0.116285933554048),
 .UNSPECIFIED.)
CURVE()
GEOMETRIC_REPRESENTATION_ITEM()
RATIONAL_B_SPLINE_CURVE((1.00021529917654,1.00026774928754,1.))
REPRESENTATION_ITEM('')
);
#38=(
BOUNDED_CURVE()
B_SPLINE_CURVE(2,(#7313,#7314,#7315),.UNSPECIFIED.,.F.,.F.)
B_SPLINE_CURVE_WITH_KNOTS((3,3),(0.,0.0695327452118511),.UNSPECIFIED.)
CURVE()
GEOMETRIC_REPRESENTATION_ITEM()
RATIONAL_B_SPLINE_CURVE((1.,1.00026774929024,1.00021529917871))
REPRESENTATION_ITEM('')
);
#39=(
BOUNDED_CURVE()
B_SPLINE_CURVE(2,(#7319,#7320,#7321),.UNSPECIFIED.,.F.,.F.)
B_SPLINE_CURVE_WITH_KNOTS((3,3),(0.0467531883421916,0.116285933554048),
 .UNSPECIFIED.)
CURVE()
GEOMETRIC_REPRESENTATION_ITEM()
RATIONAL_B_SPLINE_CURVE((1.00021529917643,1.0002677492874,1.))
REPRESENTATION_ITEM('')
);
#40=(
BOUNDED_CURVE()
B_SPLINE_CURVE(2,(#7323,#7324,#7325),.UNSPECIFIED.,.F.,.F.)
B_SPLINE_CURVE_WITH_KNOTS((3,3),(0.,0.0695327452119762),.UNSPECIFIED.)
CURVE()
GEOMETRIC_REPRESENTATION_ITEM()
RATIONAL_B_SPLINE_CURVE((1.,1.00026774929014,1.00021529917863))
REPRESENTATION_ITEM('')
);
#41=(
BOUNDED_CURVE()
B_SPLINE_CURVE(2,(#7329,#7330,#7331),.UNSPECIFIED.,.F.,.F.)
B_SPLINE_CURVE_WITH_KNOTS((3,3),(0.0467531883421249,0.116285933554048),
 .UNSPECIFIED.)
CURVE()
GEOMETRIC_REPRESENTATION_ITEM()
RATIONAL_B_SPLINE_CURVE((1.0002152991758,1.00026774928662,1.))
REPRESENTATION_ITEM('')
);
#42=(
BOUNDED_CURVE()
B_SPLINE_CURVE(2,(#7333,#7334,#7335),.UNSPECIFIED.,.F.,.F.)
B_SPLINE_CURVE_WITH_KNOTS((3,3),(0.,0.0695327452119438),.UNSPECIFIED.)
CURVE()
GEOMETRIC_REPRESENTATION_ITEM()
RATIONAL_B_SPLINE_CURVE((1.,1.00026774928868,1.00021529917746))
REPRESENTATION_ITEM('')
);
#43=(
BOUNDED_CURVE()
B_SPLINE_CURVE(2,(#7339,#7340,#7341),.UNSPECIFIED.,.F.,.F.)
B_SPLINE_CURVE_WITH_KNOTS((3,3),(0.046753188342068,0.116285933554048),
 .UNSPECIFIED.)
CURVE()
GEOMETRIC_REPRESENTATION_ITEM()
RATIONAL_B_SPLINE_CURVE((1.00021529917632,1.00026774928726,1.))
REPRESENTATION_ITEM('')
);
#44=(
BOUNDED_CURVE()
B_SPLINE_CURVE(2,(#7343,#7344,#7345),.UNSPECIFIED.,.F.,.F.)
B_SPLINE_CURVE_WITH_KNOTS((3,3),(0.,0.069532745211794),.UNSPECIFIED.)
CURVE()
GEOMETRIC_REPRESENTATION_ITEM()
RATIONAL_B_SPLINE_CURVE((1.,1.00026774928621,1.00021529917548))
REPRESENTATION_ITEM('')
);
#45=(
BOUNDED_CURVE()
B_SPLINE_CURVE(2,(#7349,#7350,#7351),.UNSPECIFIED.,.F.,.F.)
B_SPLINE_CURVE_WITH_KNOTS((3,3),(0.0467531883420866,0.116285933554048),
 .UNSPECIFIED.)
CURVE()
GEOMETRIC_REPRESENTATION_ITEM()
RATIONAL_B_SPLINE_CURVE((1.00021529917813,1.00026774928952,1.))
REPRESENTATION_ITEM('')
);
#46=(
BOUNDED_CURVE()
B_SPLINE_CURVE(2,(#7353,#7354,#7355),.UNSPECIFIED.,.F.,.F.)
B_SPLINE_CURVE_WITH_KNOTS((3,3),(0.,0.0695327452119432),.UNSPECIFIED.)
CURVE()
GEOMETRIC_REPRESENTATION_ITEM()
RATIONAL_B_SPLINE_CURVE((1.,1.00026774929043,1.00021529917886))
REPRESENTATION_ITEM('')
);
#47=(
BOUNDED_CURVE()
B_SPLINE_CURVE(2,(#7359,#7360,#7361),.UNSPECIFIED.,.F.,.F.)
B_SPLINE_CURVE_WITH_KNOTS((3,3),(0.0467531883421456,0.116285933554048),
 .UNSPECIFIED.)
CURVE()
GEOMETRIC_REPRESENTATION_ITEM()
RATIONAL_B_SPLINE_CURVE((1.00021529917432,1.00026774928478,1.))
REPRESENTATION_ITEM('')
);
#48=(
BOUNDED_CURVE()
B_SPLINE_CURVE(2,(#7363,#7364,#7365),.UNSPECIFIED.,.F.,.F.)
B_SPLINE_CURVE_WITH_KNOTS((3,3),(0.,0.0695327452119297),.UNSPECIFIED.)
CURVE()
GEOMETRIC_REPRESENTATION_ITEM()
RATIONAL_B_SPLINE_CURVE((1.,1.00026774928805,1.00021529917695))
REPRESENTATION_ITEM('')
);
#49=(
BOUNDED_CURVE()
B_SPLINE_CURVE(2,(#7369,#7370,#7371),.UNSPECIFIED.,.F.,.F.)
B_SPLINE_CURVE_WITH_KNOTS((3,3),(0.0467531883420538,0.116285933554048),
 .UNSPECIFIED.)
CURVE()
GEOMETRIC_REPRESENTATION_ITEM()
RATIONAL_B_SPLINE_CURVE((1.00021529917918,1.00026774929082,1.))
REPRESENTATION_ITEM('')
);
#50=(
BOUNDED_CURVE()
B_SPLINE_CURVE(2,(#7373,#7374,#7375),.UNSPECIFIED.,.F.,.F.)
B_SPLINE_CURVE_WITH_KNOTS((3,3),(0.,0.0695327452118236),.UNSPECIFIED.)
CURVE()
GEOMETRIC_REPRESENTATION_ITEM()
RATIONAL_B_SPLINE_CURVE((1.,1.00026774928791,1.00021529917684))
REPRESENTATION_ITEM('')
);
#51=(
BOUNDED_CURVE()
B_SPLINE_CURVE(2,(#7379,#7380,#7381),.UNSPECIFIED.,.F.,.F.)
B_SPLINE_CURVE_WITH_KNOTS((3,3),(0.0467531883421085,0.116285933554048),
 .UNSPECIFIED.)
CURVE()
GEOMETRIC_REPRESENTATION_ITEM()
RATIONAL_B_SPLINE_CURVE((1.00021529917653,1.00026774928753,1.))
REPRESENTATION_ITEM('')
);
#52=(
BOUNDED_CURVE()
B_SPLINE_CURVE(2,(#7383,#7384,#7385),.UNSPECIFIED.,.F.,.F.)
B_SPLINE_CURVE_WITH_KNOTS((3,3),(0.,0.0695327452118198),.UNSPECIFIED.)
CURVE()
GEOMETRIC_REPRESENTATION_ITEM()
RATIONAL_B_SPLINE_CURVE((1.,1.00026774928518,1.00021529917464))
REPRESENTATION_ITEM('')
);
#53=(
BOUNDED_CURVE()
B_SPLINE_CURVE(2,(#7389,#7390,#7391),.UNSPECIFIED.,.F.,.F.)
B_SPLINE_CURVE_WITH_KNOTS((3,3),(0.0467531883421828,0.116285933554048),
 .UNSPECIFIED.)
CURVE()
GEOMETRIC_REPRESENTATION_ITEM()
RATIONAL_B_SPLINE_CURVE((1.00021529917805,1.00026774928941,1.))
REPRESENTATION_ITEM('')
);
#54=(
BOUNDED_CURVE()
B_SPLINE_CURVE(2,(#7393,#7394,#7395),.UNSPECIFIED.,.F.,.F.)
B_SPLINE_CURVE_WITH_KNOTS((3,3),(0.,0.0695327452118911),.UNSPECIFIED.)
CURVE()
GEOMETRIC_REPRESENTATION_ITEM()
RATIONAL_B_SPLINE_CURVE((1.,1.00026774928611,1.00021529917539))
REPRESENTATION_ITEM('')
);
#55=(
BOUNDED_CURVE()
B_SPLINE_CURVE(2,(#7399,#7400,#7401),.UNSPECIFIED.,.F.,.F.)
B_SPLINE_CURVE_WITH_KNOTS((3,3),(0.0467531883421299,0.116285933554048),
 .UNSPECIFIED.)
CURVE()
GEOMETRIC_REPRESENTATION_ITEM()
RATIONAL_B_SPLINE_CURVE((1.00021529917726,1.00026774928843,1.))
REPRESENTATION_ITEM('')
);
#56=(
BOUNDED_CURVE()
B_SPLINE_CURVE(2,(#7403,#7404,#7405),.UNSPECIFIED.,.F.,.F.)
B_SPLINE_CURVE_WITH_KNOTS((3,3),(0.,0.0695327452119326),.UNSPECIFIED.)
CURVE()
GEOMETRIC_REPRESENTATION_ITEM()
RATIONAL_B_SPLINE_CURVE((1.,1.00026774928923,1.0002152991779))
REPRESENTATION_ITEM('')
);
#57=(
BOUNDED_CURVE()
B_SPLINE_CURVE(2,(#7409,#7410,#7411),.UNSPECIFIED.,.F.,.F.)
B_SPLINE_CURVE_WITH_KNOTS((3,3),(0.0467531883420723,0.116285933554048),
 .UNSPECIFIED.)
CURVE()
GEOMETRIC_REPRESENTATION_ITEM()
RATIONAL_B_SPLINE_CURVE((1.0002152991766,1.00026774928761,1.))
REPRESENTATION_ITEM('')
);
#58=(
BOUNDED_CURVE()
B_SPLINE_CURVE(2,(#7413,#7414,#7415),.UNSPECIFIED.,.F.,.F.)
B_SPLINE_CURVE_WITH_KNOTS((3,3),(0.,0.0695327452119871),.UNSPECIFIED.)
CURVE()
GEOMETRIC_REPRESENTATION_ITEM()
RATIONAL_B_SPLINE_CURVE((1.,1.00026774928824,1.00021529917711))
REPRESENTATION_ITEM('')
);
#59=(
BOUNDED_CURVE()
B_SPLINE_CURVE(2,(#7419,#7420,#7421),.UNSPECIFIED.,.F.,.F.)
B_SPLINE_CURVE_WITH_KNOTS((3,3),(0.046753188342069,0.116285933554048),
 .UNSPECIFIED.)
CURVE()
GEOMETRIC_REPRESENTATION_ITEM()
RATIONAL_B_SPLINE_CURVE((1.00021529917753,1.00026774928877,1.))
REPRESENTATION_ITEM('')
);
#60=(
BOUNDED_CURVE()
B_SPLINE_CURVE(2,(#7423,#7424,#7425),.UNSPECIFIED.,.F.,.F.)
B_SPLINE_CURVE_WITH_KNOTS((3,3),(0.,0.0695327452119487),.UNSPECIFIED.)
CURVE()
GEOMETRIC_REPRESENTATION_ITEM()
RATIONAL_B_SPLINE_CURVE((1.,1.00026774929251,1.00021529918054))
REPRESENTATION_ITEM('')
);
#61=(
BOUNDED_CURVE()
B_SPLINE_CURVE(2,(#7429,#7430,#7431),.UNSPECIFIED.,.F.,.F.)
B_SPLINE_CURVE_WITH_KNOTS((3,3),(0.0467531883420564,0.116285933554048),
 .UNSPECIFIED.)
CURVE()
GEOMETRIC_REPRESENTATION_ITEM()
RATIONAL_B_SPLINE_CURVE((1.00021529917751,1.00026774928875,1.))
REPRESENTATION_ITEM('')
);
#62=(
BOUNDED_CURVE()
B_SPLINE_CURVE(2,(#7433,#7434,#7435),.UNSPECIFIED.,.F.,.F.)
B_SPLINE_CURVE_WITH_KNOTS((3,3),(0.,0.06953274521193),.UNSPECIFIED.)
CURVE()
GEOMETRIC_REPRESENTATION_ITEM()
RATIONAL_B_SPLINE_CURVE((1.,1.00026774928952,1.00021529917814))
REPRESENTATION_ITEM('')
);
#63=(
BOUNDED_CURVE()
B_SPLINE_CURVE(2,(#7439,#7440,#7441),.UNSPECIFIED.,.F.,.F.)
B_SPLINE_CURVE_WITH_KNOTS((3,3),(0.0467531883421876,0.116285933554048),
 .UNSPECIFIED.)
CURVE()
GEOMETRIC_REPRESENTATION_ITEM()
RATIONAL_B_SPLINE_CURVE((1.0002152991783,1.00026774928972,1.))
REPRESENTATION_ITEM('')
);
#64=(
BOUNDED_CURVE()
B_SPLINE_CURVE(2,(#7443,#7444,#7445),.UNSPECIFIED.,.F.,.F.)
B_SPLINE_CURVE_WITH_KNOTS((3,3),(0.,0.0695327452118292),.UNSPECIFIED.)
CURVE()
GEOMETRIC_REPRESENTATION_ITEM()
RATIONAL_B_SPLINE_CURVE((1.,1.00026774928855,1.00021529917736))
REPRESENTATION_ITEM('')
);
#65=(
BOUNDED_CURVE()
B_SPLINE_CURVE(2,(#7449,#7450,#7451),.UNSPECIFIED.,.F.,.F.)
B_SPLINE_CURVE_WITH_KNOTS((3,3),(0.046753188342243,0.116285933554048),
 .UNSPECIFIED.)
CURVE()
GEOMETRIC_REPRESENTATION_ITEM()
RATIONAL_B_SPLINE_CURVE((1.00021529917645,1.00026774928742,1.))
REPRESENTATION_ITEM('')
);
#66=(
BOUNDED_CURVE()
B_SPLINE_CURVE(2,(#7453,#7454,#7455),.UNSPECIFIED.,.F.,.F.)
B_SPLINE_CURVE_WITH_KNOTS((3,3),(0.,0.0695327452118682),.UNSPECIFIED.)
CURVE()
GEOMETRIC_REPRESENTATION_ITEM()
RATIONAL_B_SPLINE_CURVE((1.,1.0002677492868,1.00021529917595))
REPRESENTATION_ITEM('')
);
#67=(
BOUNDED_CURVE()
B_SPLINE_CURVE(2,(#7459,#7460,#7461),.UNSPECIFIED.,.F.,.F.)
B_SPLINE_CURVE_WITH_KNOTS((3,3),(0.0467531883420873,0.116285933554048),
 .UNSPECIFIED.)
CURVE()
GEOMETRIC_REPRESENTATION_ITEM()
RATIONAL_B_SPLINE_CURVE((1.00021529917641,1.00026774928738,1.))
REPRESENTATION_ITEM('')
);
#68=(
BOUNDED_CURVE()
B_SPLINE_CURVE(2,(#7463,#7464,#7465),.UNSPECIFIED.,.F.,.F.)
B_SPLINE_CURVE_WITH_KNOTS((3,3),(0.,0.0695327452120274),.UNSPECIFIED.)
CURVE()
GEOMETRIC_REPRESENTATION_ITEM()
RATIONAL_B_SPLINE_CURVE((1.,1.00026774928687,1.00021529917601))
REPRESENTATION_ITEM('')
);
#69=(
BOUNDED_CURVE()
B_SPLINE_CURVE(2,(#7469,#7470,#7471),.UNSPECIFIED.,.F.,.F.)
B_SPLINE_CURVE_WITH_KNOTS((3,3),(0.046753188342061,0.116285933554048),
 .UNSPECIFIED.)
CURVE()
GEOMETRIC_REPRESENTATION_ITEM()
RATIONAL_B_SPLINE_CURVE((1.00021529917759,1.00026774928884,1.))
REPRESENTATION_ITEM('')
);
#70=(
BOUNDED_CURVE()
B_SPLINE_CURVE(2,(#7473,#7474,#7475),.UNSPECIFIED.,.F.,.F.)
B_SPLINE_CURVE_WITH_KNOTS((3,3),(0.,0.0695327452119324),.UNSPECIFIED.)
CURVE()
GEOMETRIC_REPRESENTATION_ITEM()
RATIONAL_B_SPLINE_CURVE((1.,1.00026774929029,1.00021529917875))
REPRESENTATION_ITEM('')
);
#71=(
BOUNDED_CURVE()
B_SPLINE_CURVE(2,(#7479,#7480,#7481),.UNSPECIFIED.,.F.,.F.)
B_SPLINE_CURVE_WITH_KNOTS((3,3),(0.0467531883422303,0.116285933554048),
 .UNSPECIFIED.)
CURVE()
GEOMETRIC_REPRESENTATION_ITEM()
RATIONAL_B_SPLINE_CURVE((1.00021529917912,1.00026774929074,1.))
REPRESENTATION_ITEM('')
);
#72=(
BOUNDED_CURVE()
B_SPLINE_CURVE(2,(#7483,#7484,#7485),.UNSPECIFIED.,.F.,.F.)
B_SPLINE_CURVE_WITH_KNOTS((3,3),(0.,0.0695327452119151),.UNSPECIFIED.)
CURVE()
GEOMETRIC_REPRESENTATION_ITEM()
RATIONAL_B_SPLINE_CURVE((1.,1.00026774928806,1.00021529917696))
REPRESENTATION_ITEM('')
);
#73=(
BOUNDED_CURVE()
B_SPLINE_CURVE(2,(#7489,#7490,#7491),.UNSPECIFIED.,.F.,.F.)
B_SPLINE_CURVE_WITH_KNOTS((3,3),(0.0467531883420462,0.116285933554048),
 .UNSPECIFIED.)
CURVE()
GEOMETRIC_REPRESENTATION_ITEM()
RATIONAL_B_SPLINE_CURVE((1.00021529917718,1.00026774928834,1.))
REPRESENTATION_ITEM('')
);
#74=(
BOUNDED_CURVE()
B_SPLINE_CURVE(2,(#7493,#7494,#7495),.UNSPECIFIED.,.F.,.F.)
B_SPLINE_CURVE_WITH_KNOTS((3,3),(0.,0.0695327452118748),.UNSPECIFIED.)
CURVE()
GEOMETRIC_REPRESENTATION_ITEM()
RATIONAL_B_SPLINE_CURVE((1.,1.00026774928947,1.0002152991781))
REPRESENTATION_ITEM('')
);
#75=(
BOUNDED_CURVE()
B_SPLINE_CURVE(2,(#7499,#7500,#7501),.UNSPECIFIED.,.F.,.F.)
B_SPLINE_CURVE_WITH_KNOTS((3,3),(0.0467531883421165,0.116285933554048),
 .UNSPECIFIED.)
CURVE()
GEOMETRIC_REPRESENTATION_ITEM()
RATIONAL_B_SPLINE_CURVE((1.00021529917717,1.00026774928832,1.))
REPRESENTATION_ITEM('')
);
#76=(
BOUNDED_CURVE()
B_SPLINE_CURVE(2,(#7503,#7504,#7505),.UNSPECIFIED.,.F.,.F.)
B_SPLINE_CURVE_WITH_KNOTS((3,3),(0.,0.0695327452118965),.UNSPECIFIED.)
CURVE()
GEOMETRIC_REPRESENTATION_ITEM()
RATIONAL_B_SPLINE_CURVE((1.,1.00026774928763,1.00021529917661))
REPRESENTATION_ITEM('')
);
#77=(
BOUNDED_CURVE()
B_SPLINE_CURVE(2,(#7509,#7510,#7511),.UNSPECIFIED.,.F.,.F.)
B_SPLINE_CURVE_WITH_KNOTS((3,3),(0.0467531883420128,0.116285933554048),
 .UNSPECIFIED.)
CURVE()
GEOMETRIC_REPRESENTATION_ITEM()
RATIONAL_B_SPLINE_CURVE((1.0002152991755,1.00026774928624,1.))
REPRESENTATION_ITEM('')
);
#78=(
BOUNDED_CURVE()
B_SPLINE_CURVE(2,(#7513,#7514,#7515),.UNSPECIFIED.,.F.,.F.)
B_SPLINE_CURVE_WITH_KNOTS((3,3),(0.,0.0695327452119788),.UNSPECIFIED.)
CURVE()
GEOMETRIC_REPRESENTATION_ITEM()
RATIONAL_B_SPLINE_CURVE((1.,1.00026774928988,1.00021529917842))
REPRESENTATION_ITEM('')
);
#79=(
BOUNDED_CURVE()
B_SPLINE_CURVE(2,(#7519,#7520,#7521),.UNSPECIFIED.,.F.,.F.)
B_SPLINE_CURVE_WITH_KNOTS((3,3),(0.0467531883421652,0.116285933554048),
 .UNSPECIFIED.)
CURVE()
GEOMETRIC_REPRESENTATION_ITEM()
RATIONAL_B_SPLINE_CURVE((1.00021529917705,1.00026774928817,1.))
REPRESENTATION_ITEM('')
);
#80=(
BOUNDED_CURVE()
B_SPLINE_CURVE(2,(#7523,#7524,#7525),.UNSPECIFIED.,.F.,.F.)
B_SPLINE_CURVE_WITH_KNOTS((3,3),(0.,0.0695327452118511),.UNSPECIFIED.)
CURVE()
GEOMETRIC_REPRESENTATION_ITEM()
RATIONAL_B_SPLINE_CURVE((1.,1.00026774929024,1.00021529917871))
REPRESENTATION_ITEM('')
);
#81=(
BOUNDED_CURVE()
B_SPLINE_CURVE(2,(#7529,#7530,#7531),.UNSPECIFIED.,.F.,.F.)
B_SPLINE_CURVE_WITH_KNOTS((3,3),(0.0467531883421154,0.116285933554048),
 .UNSPECIFIED.)
CURVE()
GEOMETRIC_REPRESENTATION_ITEM()
RATIONAL_B_SPLINE_CURVE((1.00021529917639,1.00026774928735,1.))
REPRESENTATION_ITEM('')
);
#82=(
BOUNDED_CURVE()
B_SPLINE_CURVE(2,(#7533,#7534,#7535),.UNSPECIFIED.,.F.,.F.)
B_SPLINE_CURVE_WITH_KNOTS((3,3),(0.,0.0695327452119923),.UNSPECIFIED.)
CURVE()
GEOMETRIC_REPRESENTATION_ITEM()
RATIONAL_B_SPLINE_CURVE((1.,1.00026774929104,1.00021529917936))
REPRESENTATION_ITEM('')
);
#83=(
BOUNDED_CURVE()
B_SPLINE_CURVE(2,(#7539,#7540,#7541),.UNSPECIFIED.,.F.,.F.)
B_SPLINE_CURVE_WITH_KNOTS((3,3),(0.0467531883421836,0.116285933554048),
 .UNSPECIFIED.)
CURVE()
GEOMETRIC_REPRESENTATION_ITEM()
RATIONAL_B_SPLINE_CURVE((1.00021529917656,1.00026774928756,1.))
REPRESENTATION_ITEM('')
);
#84=(
BOUNDED_CURVE()
B_SPLINE_CURVE(2,(#7543,#7544,#7545),.UNSPECIFIED.,.F.,.F.)
B_SPLINE_CURVE_WITH_KNOTS((3,3),(0.,0.0695327452119381),.UNSPECIFIED.)
CURVE()
GEOMETRIC_REPRESENTATION_ITEM()
RATIONAL_B_SPLINE_CURVE((1.,1.00026774928789,1.00021529917682))
REPRESENTATION_ITEM('')
);
#85=(
BOUNDED_CURVE()
B_SPLINE_CURVE(2,(#7549,#7550,#7551),.UNSPECIFIED.,.F.,.F.)
B_SPLINE_CURVE_WITH_KNOTS((3,3),(0.0467531883421234,0.116285933554048),
 .UNSPECIFIED.)
CURVE()
GEOMETRIC_REPRESENTATION_ITEM()
RATIONAL_B_SPLINE_CURVE((1.00021529917614,1.00026774928704,1.))
REPRESENTATION_ITEM('')
);
#86=(
BOUNDED_CURVE()
B_SPLINE_CURVE(2,(#7553,#7554,#7555),.UNSPECIFIED.,.F.,.F.)
B_SPLINE_CURVE_WITH_KNOTS((3,3),(0.,0.0695327452118712),.UNSPECIFIED.)
CURVE()
GEOMETRIC_REPRESENTATION_ITEM()
RATIONAL_B_SPLINE_CURVE((1.,1.00026774928678,1.00021529917593))
REPRESENTATION_ITEM('')
);
#87=(
BOUNDED_CURVE()
B_SPLINE_CURVE(2,(#7559,#7560,#7561),.UNSPECIFIED.,.F.,.F.)
B_SPLINE_CURVE_WITH_KNOTS((3,3),(0.0467531883420974,0.116285933554048),
 .UNSPECIFIED.)
CURVE()
GEOMETRIC_REPRESENTATION_ITEM()
RATIONAL_B_SPLINE_CURVE((1.00021529917818,1.00026774928957,1.))
REPRESENTATION_ITEM('')
);
#88=(
BOUNDED_CURVE()
B_SPLINE_CURVE(2,(#7563,#7564,#7565),.UNSPECIFIED.,.F.,.F.)
B_SPLINE_CURVE_WITH_KNOTS((3,3),(0.,0.0695327452119618),.UNSPECIFIED.)
CURVE()
GEOMETRIC_REPRESENTATION_ITEM()
RATIONAL_B_SPLINE_CURVE((1.,1.00026774928647,1.00021529917568))
REPRESENTATION_ITEM('')
);
#89=(
BOUNDED_CURVE()
B_SPLINE_CURVE(2,(#7569,#7570,#7571),.UNSPECIFIED.,.F.,.F.)
B_SPLINE_CURVE_WITH_KNOTS((3,3),(0.0467531883421456,0.116285933554048),
 .UNSPECIFIED.)
CURVE()
GEOMETRIC_REPRESENTATION_ITEM()
RATIONAL_B_SPLINE_CURVE((1.00021529917432,1.00026774928478,1.))
REPRESENTATION_ITEM('')
);
#90=(
BOUNDED_CURVE()
B_SPLINE_CURVE(2,(#7573,#7574,#7575),.UNSPECIFIED.,.F.,.F.)
B_SPLINE_CURVE_WITH_KNOTS((3,3),(0.,0.0695327452119297),.UNSPECIFIED.)
CURVE()
GEOMETRIC_REPRESENTATION_ITEM()
RATIONAL_B_SPLINE_CURVE((1.,1.00026774928805,1.00021529917695))
REPRESENTATION_ITEM('')
);
#91=(
BOUNDED_CURVE()
B_SPLINE_CURVE(2,(#7579,#7580,#7581),.UNSPECIFIED.,.F.,.F.)
B_SPLINE_CURVE_WITH_KNOTS((3,3),(0.0467531883421577,0.116285933554048),
 .UNSPECIFIED.)
CURVE()
GEOMETRIC_REPRESENTATION_ITEM()
RATIONAL_B_SPLINE_CURVE((1.00021529917629,1.00026774928723,1.))
REPRESENTATION_ITEM('')
);
#92=(
BOUNDED_CURVE()
B_SPLINE_CURVE(2,(#7583,#7584,#7585),.UNSPECIFIED.,.F.,.F.)
B_SPLINE_CURVE_WITH_KNOTS((3,3),(0.,0.0695327452119373),.UNSPECIFIED.)
CURVE()
GEOMETRIC_REPRESENTATION_ITEM()
RATIONAL_B_SPLINE_CURVE((1.,1.0002677492887,1.00021529917748))
REPRESENTATION_ITEM('')
);
#93=(
BOUNDED_CURVE()
B_SPLINE_CURVE(2,(#7589,#7590,#7591),.UNSPECIFIED.,.F.,.F.)
B_SPLINE_CURVE_WITH_KNOTS((3,3),(0.0467531883420873,0.116285933554048),
 .UNSPECIFIED.)
CURVE()
GEOMETRIC_REPRESENTATION_ITEM()
RATIONAL_B_SPLINE_CURVE((1.00021529917658,1.00026774928759,1.))
REPRESENTATION_ITEM('')
);
#94=(
BOUNDED_CURVE()
B_SPLINE_CURVE(2,(#7593,#7594,#7595),.UNSPECIFIED.,.F.,.F.)
B_SPLINE_CURVE_WITH_KNOTS((3,3),(0.,0.0695327452118569),.UNSPECIFIED.)
CURVE()
GEOMETRIC_REPRESENTATION_ITEM()
RATIONAL_B_SPLINE_CURVE((1.,1.00026774928891,1.00021529917764))
REPRESENTATION_ITEM('')
);
#95=(
BOUNDED_CURVE()
B_SPLINE_CURVE(2,(#7599,#7600,#7601),.UNSPECIFIED.,.F.,.F.)
B_SPLINE_CURVE_WITH_KNOTS((3,3),(0.0467531883421222,0.116285933554048),
 .UNSPECIFIED.)
CURVE()
GEOMETRIC_REPRESENTATION_ITEM()
RATIONAL_B_SPLINE_CURVE((1.00021529917663,1.00026774928765,1.))
REPRESENTATION_ITEM('')
);
#96=(
BOUNDED_CURVE()
B_SPLINE_CURVE(2,(#7603,#7604,#7605),.UNSPECIFIED.,.F.,.F.)
B_SPLINE_CURVE_WITH_KNOTS((3,3),(0.,0.0695327452118544),.UNSPECIFIED.)
CURVE()
GEOMETRIC_REPRESENTATION_ITEM()
RATIONAL_B_SPLINE_CURVE((1.,1.00026774928787,1.00021529917681))
REPRESENTATION_ITEM('')
);
#97=(
BOUNDED_CURVE()
B_SPLINE_CURVE(2,(#7609,#7610,#7611),.UNSPECIFIED.,.F.,.F.)
B_SPLINE_CURVE_WITH_KNOTS((3,3),(0.0467531883421299,0.116285933554048),
 .UNSPECIFIED.)
CURVE()
GEOMETRIC_REPRESENTATION_ITEM()
RATIONAL_B_SPLINE_CURVE((1.00021529917726,1.00026774928843,1.))
REPRESENTATION_ITEM('')
);
#98=(
BOUNDED_CURVE()
B_SPLINE_CURVE(2,(#7613,#7614,#7615),.UNSPECIFIED.,.F.,.F.)
B_SPLINE_CURVE_WITH_KNOTS((3,3),(0.,0.069532745211837),.UNSPECIFIED.)
CURVE()
GEOMETRIC_REPRESENTATION_ITEM()
RATIONAL_B_SPLINE_CURVE((1.,1.00026774928616,1.00021529917543))
REPRESENTATION_ITEM('')
);
#99=(
BOUNDED_CURVE()
B_SPLINE_CURVE(2,(#7619,#7620,#7621),.UNSPECIFIED.,.F.,.F.)
B_SPLINE_CURVE_WITH_KNOTS((3,3),(0.0467531883422136,0.116285933554048),
 .UNSPECIFIED.)
CURVE()
GEOMETRIC_REPRESENTATION_ITEM()
RATIONAL_B_SPLINE_CURVE((1.00021529917652,1.00026774928751,1.))
REPRESENTATION_ITEM('')
);
#100=(
BOUNDED_CURVE()
B_SPLINE_CURVE(2,(#7623,#7624,#7625),.UNSPECIFIED.,.F.,.F.)
B_SPLINE_CURVE_WITH_KNOTS((3,3),(0.,0.0695327452119536),.UNSPECIFIED.)
CURVE()
GEOMETRIC_REPRESENTATION_ITEM()
RATIONAL_B_SPLINE_CURVE((1.,1.00026774928584,1.00021529917517))
REPRESENTATION_ITEM('')
);
#101=(
BOUNDED_CURVE()
B_SPLINE_CURVE(2,(#7629,#7630,#7631),.UNSPECIFIED.,.F.,.F.)
B_SPLINE_CURVE_WITH_KNOTS((3,3),(0.0467531883422169,0.116285933554048),
 .UNSPECIFIED.)
CURVE()
GEOMETRIC_REPRESENTATION_ITEM()
RATIONAL_B_SPLINE_CURVE((1.00021529917675,1.0002677492878,1.))
REPRESENTATION_ITEM('')
);
#102=(
BOUNDED_CURVE()
B_SPLINE_CURVE(2,(#7633,#7634,#7635),.UNSPECIFIED.,.F.,.F.)
B_SPLINE_CURVE_WITH_KNOTS((3,3),(0.,0.0695327452118541),.UNSPECIFIED.)
CURVE()
GEOMETRIC_REPRESENTATION_ITEM()
RATIONAL_B_SPLINE_CURVE((1.,1.00026774928721,1.00021529917627))
REPRESENTATION_ITEM('')
);
#103=(
BOUNDED_CURVE()
B_SPLINE_CURVE(2,(#7639,#7640,#7641),.UNSPECIFIED.,.F.,.F.)
B_SPLINE_CURVE_WITH_KNOTS((3,3),(0.0467531883422387,0.116285933554048),
 .UNSPECIFIED.)
CURVE()
GEOMETRIC_REPRESENTATION_ITEM()
RATIONAL_B_SPLINE_CURVE((1.00021529917461,1.00026774928513,1.))
REPRESENTATION_ITEM('')
);
#104=(
BOUNDED_CURVE()
B_SPLINE_CURVE(2,(#7643,#7644,#7645),.UNSPECIFIED.,.F.,.F.)
B_SPLINE_CURVE_WITH_KNOTS((3,3),(0.,0.0695327452119185),.UNSPECIFIED.)
CURVE()
GEOMETRIC_REPRESENTATION_ITEM()
RATIONAL_B_SPLINE_CURVE((1.,1.00026774928974,1.00021529917831))
REPRESENTATION_ITEM('')
);
#105=(
BOUNDED_CURVE()
B_SPLINE_CURVE(2,(#7649,#7650,#7651),.UNSPECIFIED.,.F.,.F.)
B_SPLINE_CURVE_WITH_KNOTS((3,3),(0.0467531883421876,0.116285933554048),
 .UNSPECIFIED.)
CURVE()
GEOMETRIC_REPRESENTATION_ITEM()
RATIONAL_B_SPLINE_CURVE((1.0002152991783,1.00026774928972,1.))
REPRESENTATION_ITEM('')
);
#106=(
BOUNDED_CURVE()
B_SPLINE_CURVE(2,(#7653,#7654,#7655),.UNSPECIFIED.,.F.,.F.)
B_SPLINE_CURVE_WITH_KNOTS((3,3),(0.,0.0695327452119001),.UNSPECIFIED.)
CURVE()
GEOMETRIC_REPRESENTATION_ITEM()
RATIONAL_B_SPLINE_CURVE((1.,1.00026774928912,1.00021529917781))
REPRESENTATION_ITEM('')
);
#107=(
BOUNDED_CURVE()
B_SPLINE_CURVE(2,(#7659,#7660,#7661),.UNSPECIFIED.,.F.,.F.)
B_SPLINE_CURVE_WITH_KNOTS((3,3),(0.0467531883421119,0.116285933554048),
 .UNSPECIFIED.)
CURVE()
GEOMETRIC_REPRESENTATION_ITEM()
RATIONAL_B_SPLINE_CURVE((1.00021529917701,1.00026774928813,1.))
REPRESENTATION_ITEM('')
);
#108=(
BOUNDED_CURVE()
B_SPLINE_CURVE(2,(#7663,#7664,#7665),.UNSPECIFIED.,.F.,.F.)
B_SPLINE_CURVE_WITH_KNOTS((3,3),(0.,0.0695327452119693),.UNSPECIFIED.)
CURVE()
GEOMETRIC_REPRESENTATION_ITEM()
RATIONAL_B_SPLINE_CURVE((1.,1.00026774929033,1.00021529917879))
REPRESENTATION_ITEM('')
);
#109=(
BOUNDED_CURVE()
B_SPLINE_CURVE(2,(#7669,#7670,#7671),.UNSPECIFIED.,.F.,.F.)
B_SPLINE_CURVE_WITH_KNOTS((3,3),(0.0467531883420975,0.116285933554048),
 .UNSPECIFIED.)
CURVE()
GEOMETRIC_REPRESENTATION_ITEM()
RATIONAL_B_SPLINE_CURVE((1.00021529917659,1.0002677492876,1.))
REPRESENTATION_ITEM('')
);
#110=(
BOUNDED_CURVE()
B_SPLINE_CURVE(2,(#7673,#7674,#7675),.UNSPECIFIED.,.F.,.F.)
B_SPLINE_CURVE_WITH_KNOTS((3,3),(0.,0.0695327452119576),.UNSPECIFIED.)
CURVE()
GEOMETRIC_REPRESENTATION_ITEM()
RATIONAL_B_SPLINE_CURVE((1.,1.00026774928738,1.00021529917641))
REPRESENTATION_ITEM('')
);
#111=(
BOUNDED_CURVE()
B_SPLINE_CURVE(2,(#7679,#7680,#7681),.UNSPECIFIED.,.F.,.F.)
B_SPLINE_CURVE_WITH_KNOTS((3,3),(0.0467531883420653,0.116285933554048),
 .UNSPECIFIED.)
CURVE()
GEOMETRIC_REPRESENTATION_ITEM()
RATIONAL_B_SPLINE_CURVE((1.00021529917749,1.00026774928872,1.))
REPRESENTATION_ITEM('')
);
#112=(
BOUNDED_CURVE()
B_SPLINE_CURVE(2,(#7683,#7684,#7685),.UNSPECIFIED.,.F.,.F.)
B_SPLINE_CURVE_WITH_KNOTS((3,3),(0.,0.0695327452119324),.UNSPECIFIED.)
CURVE()
GEOMETRIC_REPRESENTATION_ITEM()
RATIONAL_B_SPLINE_CURVE((1.,1.00026774929029,1.00021529917875))
REPRESENTATION_ITEM('')
);
#113=(
BOUNDED_CURVE()
B_SPLINE_CURVE(2,(#7689,#7690,#7691),.UNSPECIFIED.,.F.,.F.)
B_SPLINE_CURVE_WITH_KNOTS((3,3),(0.0467531883420997,0.116285933554048),
 .UNSPECIFIED.)
CURVE()
GEOMETRIC_REPRESENTATION_ITEM()
RATIONAL_B_SPLINE_CURVE((1.00021529917761,1.00026774928887,1.))
REPRESENTATION_ITEM('')
);
#114=(
BOUNDED_CURVE()
B_SPLINE_CURVE(2,(#7693,#7694,#7695),.UNSPECIFIED.,.F.,.F.)
B_SPLINE_CURVE_WITH_KNOTS((3,3),(0.,0.0695327452119341),.UNSPECIFIED.)
CURVE()
GEOMETRIC_REPRESENTATION_ITEM()
RATIONAL_B_SPLINE_CURVE((1.,1.0002677492881,1.00021529917699))
REPRESENTATION_ITEM('')
);
#115=(
BOUNDED_CURVE()
B_SPLINE_CURVE(2,(#7699,#7700,#7701),.UNSPECIFIED.,.F.,.F.)
B_SPLINE_CURVE_WITH_KNOTS((3,3),(0.0467531883420462,0.116285933554048),
 .UNSPECIFIED.)
CURVE()
GEOMETRIC_REPRESENTATION_ITEM()
RATIONAL_B_SPLINE_CURVE((1.00021529917718,1.00026774928834,1.))
REPRESENTATION_ITEM('')
);
#116=(
BOUNDED_CURVE()
B_SPLINE_CURVE(2,(#7703,#7704,#7705),.UNSPECIFIED.,.F.,.F.)
B_SPLINE_CURVE_WITH_KNOTS((3,3),(0.,0.0695327452119116),.UNSPECIFIED.)
CURVE()
GEOMETRIC_REPRESENTATION_ITEM()
RATIONAL_B_SPLINE_CURVE((1.,1.00026774928629,1.00021529917554))
REPRESENTATION_ITEM('')
);
#117=(
BOUNDED_CURVE()
B_SPLINE_CURVE(2,(#7709,#7710,#7711),.UNSPECIFIED.,.F.,.F.)
B_SPLINE_CURVE_WITH_KNOTS((3,3),(0.0467531883421164,0.116285933554048),
 .UNSPECIFIED.)
CURVE()
GEOMETRIC_REPRESENTATION_ITEM()
RATIONAL_B_SPLINE_CURVE((1.00021529917717,1.00026774928832,1.))
REPRESENTATION_ITEM('')
);
#118=(
BOUNDED_CURVE()
B_SPLINE_CURVE(2,(#7713,#7714,#7715),.UNSPECIFIED.,.F.,.F.)
B_SPLINE_CURVE_WITH_KNOTS((3,3),(0.,0.0695327452118965),.UNSPECIFIED.)
CURVE()
GEOMETRIC_REPRESENTATION_ITEM()
RATIONAL_B_SPLINE_CURVE((1.,1.00026774928763,1.00021529917661))
REPRESENTATION_ITEM('')
);
#119=(
BOUNDED_CURVE()
B_SPLINE_CURVE(2,(#7719,#7720,#7721),.UNSPECIFIED.,.F.,.F.)
B_SPLINE_CURVE_WITH_KNOTS((3,3),(0.0467531883420168,0.116285933554048),
 .UNSPECIFIED.)
CURVE()
GEOMETRIC_REPRESENTATION_ITEM()
RATIONAL_B_SPLINE_CURVE((1.00021529917584,1.00026774928667,1.))
REPRESENTATION_ITEM('')
);
#120=(
BOUNDED_CURVE()
B_SPLINE_CURVE(2,(#7723,#7724,#7725),.UNSPECIFIED.,.F.,.F.)
B_SPLINE_CURVE_WITH_KNOTS((3,3),(0.,0.0695327452119145),.UNSPECIFIED.)
CURVE()
GEOMETRIC_REPRESENTATION_ITEM()
RATIONAL_B_SPLINE_CURVE((1.,1.00026774928925,1.00021529917792))
REPRESENTATION_ITEM('')
);
#121=(
BOUNDED_CURVE()
B_SPLINE_CURVE(2,(#7729,#7730,#7731),.UNSPECIFIED.,.F.,.F.)
B_SPLINE_CURVE_WITH_KNOTS((3,3),(0.0467531883421185,0.116285933554048),
 .UNSPECIFIED.)
CURVE()
GEOMETRIC_REPRESENTATION_ITEM()
RATIONAL_B_SPLINE_CURVE((1.00021529917662,1.00026774928764,1.))
REPRESENTATION_ITEM('')
);
#122=(
BOUNDED_CURVE()
B_SPLINE_CURVE(2,(#7733,#7734,#7735),.UNSPECIFIED.,.F.,.F.)
B_SPLINE_CURVE_WITH_KNOTS((3,3),(0.,0.0695327452119053),.UNSPECIFIED.)
CURVE()
GEOMETRIC_REPRESENTATION_ITEM()
RATIONAL_B_SPLINE_CURVE((1.,1.00026774928766,1.00021529917664))
REPRESENTATION_ITEM('')
);
#123=(
BOUNDED_CURVE()
B_SPLINE_CURVE(2,(#7739,#7740,#7741),.UNSPECIFIED.,.F.,.F.)
B_SPLINE_CURVE_WITH_KNOTS((3,3),(0.0467531883421154,0.116285933554048),
 .UNSPECIFIED.)
CURVE()
GEOMETRIC_REPRESENTATION_ITEM()
RATIONAL_B_SPLINE_CURVE((1.00021529917639,1.00026774928735,1.))
REPRESENTATION_ITEM('')
);
#124=(
BOUNDED_CURVE()
B_SPLINE_CURVE(2,(#7743,#7744,#7745),.UNSPECIFIED.,.F.,.F.)
B_SPLINE_CURVE_WITH_KNOTS((3,3),(0.,0.0695327452119923),.UNSPECIFIED.)
CURVE()
GEOMETRIC_REPRESENTATION_ITEM()
RATIONAL_B_SPLINE_CURVE((1.,1.00026774929104,1.00021529917936))
REPRESENTATION_ITEM('')
);
#125=(
BOUNDED_CURVE()
B_SPLINE_CURVE(2,(#7749,#7750,#7751),.UNSPECIFIED.,.F.,.F.)
B_SPLINE_CURVE_WITH_KNOTS((3,3),(0.0467531883421307,0.116285933554048),
 .UNSPECIFIED.)
CURVE()
GEOMETRIC_REPRESENTATION_ITEM()
RATIONAL_B_SPLINE_CURVE((1.00021529917575,1.00026774928656,1.))
REPRESENTATION_ITEM('')
);
#126=(
BOUNDED_CURVE()
B_SPLINE_CURVE(2,(#7753,#7754,#7755),.UNSPECIFIED.,.F.,.F.)
B_SPLINE_CURVE_WITH_KNOTS((3,3),(0.,0.0695327452119312),.UNSPECIFIED.)
CURVE()
GEOMETRIC_REPRESENTATION_ITEM()
RATIONAL_B_SPLINE_CURVE((1.,1.00026774929014,1.00021529917863))
REPRESENTATION_ITEM('')
);
#127=(
BOUNDED_CURVE()
B_SPLINE_CURVE(2,(#7759,#7760,#7761),.UNSPECIFIED.,.F.,.F.)
B_SPLINE_CURVE_WITH_KNOTS((3,3),(0.0467531883420554,0.116285933554048),
 .UNSPECIFIED.)
CURVE()
GEOMETRIC_REPRESENTATION_ITEM()
RATIONAL_B_SPLINE_CURVE((1.00021529917733,1.00026774928852,1.))
REPRESENTATION_ITEM('')
);
#128=(
BOUNDED_CURVE()
B_SPLINE_CURVE(2,(#7763,#7764,#7765),.UNSPECIFIED.,.F.,.F.)
B_SPLINE_CURVE_WITH_KNOTS((3,3),(0.,0.0695327452119484),.UNSPECIFIED.)
CURVE()
GEOMETRIC_REPRESENTATION_ITEM()
RATIONAL_B_SPLINE_CURVE((1.,1.00026774928683,1.00021529917597))
REPRESENTATION_ITEM('')
);
#129=(
BOUNDED_CURVE()
B_SPLINE_CURVE(2,(#7769,#7770,#7771),.UNSPECIFIED.,.F.,.F.)
B_SPLINE_CURVE_WITH_KNOTS((3,3),(0.0467531883420974,0.116285933554048),
 .UNSPECIFIED.)
CURVE()
GEOMETRIC_REPRESENTATION_ITEM()
RATIONAL_B_SPLINE_CURVE((1.00021529917818,1.00026774928957,1.))
REPRESENTATION_ITEM('')
);
#130=(
BOUNDED_CURVE()
B_SPLINE_CURVE(2,(#7773,#7774,#7775),.UNSPECIFIED.,.F.,.F.)
B_SPLINE_CURVE_WITH_KNOTS((3,3),(0.,0.0695327452119618),.UNSPECIFIED.)
CURVE()
GEOMETRIC_REPRESENTATION_ITEM()
RATIONAL_B_SPLINE_CURVE((1.,1.00026774928647,1.00021529917568))
REPRESENTATION_ITEM('')
);
#131=(
BOUNDED_CURVE()
B_SPLINE_CURVE(2,(#7779,#7780,#7781),.UNSPECIFIED.,.F.,.F.)
B_SPLINE_CURVE_WITH_KNOTS((3,3),(0.0467531883420364,0.116285933554048),
 .UNSPECIFIED.)
CURVE()
GEOMETRIC_REPRESENTATION_ITEM()
RATIONAL_B_SPLINE_CURVE((1.00021529917847,1.00026774928994,1.))
REPRESENTATION_ITEM('')
);
#132=(
BOUNDED_CURVE()
B_SPLINE_CURVE(2,(#7783,#7784,#7785),.UNSPECIFIED.,.F.,.F.)
B_SPLINE_CURVE_WITH_KNOTS((3,3),(0.,0.0695327452119063),.UNSPECIFIED.)
CURVE()
GEOMETRIC_REPRESENTATION_ITEM()
RATIONAL_B_SPLINE_CURVE((1.,1.00026774928692,1.00021529917605))
REPRESENTATION_ITEM('')
);
#133=(
BOUNDED_CURVE()
B_SPLINE_CURVE(2,(#7789,#7790,#7791),.UNSPECIFIED.,.F.,.F.)
B_SPLINE_CURVE_WITH_KNOTS((3,3),(0.0467531883421577,0.116285933554048),
 .UNSPECIFIED.)
CURVE()
GEOMETRIC_REPRESENTATION_ITEM()
RATIONAL_B_SPLINE_CURVE((1.00021529917629,1.00026774928723,1.))
REPRESENTATION_ITEM('')
);
#134=(
BOUNDED_CURVE()
B_SPLINE_CURVE(2,(#7793,#7794,#7795),.UNSPECIFIED.,.F.,.F.)
B_SPLINE_CURVE_WITH_KNOTS((3,3),(0.,0.0695327452119373),.UNSPECIFIED.)
CURVE()
GEOMETRIC_REPRESENTATION_ITEM()
RATIONAL_B_SPLINE_CURVE((1.,1.0002677492887,1.00021529917748))
REPRESENTATION_ITEM('')
);
#135=(
BOUNDED_CURVE()
B_SPLINE_CURVE(2,(#7799,#7800,#7801),.UNSPECIFIED.,.F.,.F.)
B_SPLINE_CURVE_WITH_KNOTS((3,3),(0.0467531883420873,0.116285933554048),
 .UNSPECIFIED.)
CURVE()
GEOMETRIC_REPRESENTATION_ITEM()
RATIONAL_B_SPLINE_CURVE((1.00021529917658,1.00026774928759,1.))
REPRESENTATION_ITEM('')
);
#136=(
BOUNDED_CURVE()
B_SPLINE_CURVE(2,(#7803,#7804,#7805),.UNSPECIFIED.,.F.,.F.)
B_SPLINE_CURVE_WITH_KNOTS((3,3),(0.,0.0695327452118569),.UNSPECIFIED.)
CURVE()
GEOMETRIC_REPRESENTATION_ITEM()
RATIONAL_B_SPLINE_CURVE((1.,1.00026774928891,1.00021529917764))
REPRESENTATION_ITEM('')
);
#137=(
BOUNDED_CURVE()
B_SPLINE_CURVE(2,(#7809,#7810,#7811),.UNSPECIFIED.,.F.,.F.)
B_SPLINE_CURVE_WITH_KNOTS((3,3),(0.0467531883421223,0.116285933554048),
 .UNSPECIFIED.)
CURVE()
GEOMETRIC_REPRESENTATION_ITEM()
RATIONAL_B_SPLINE_CURVE((1.00021529917663,1.00026774928765,1.))
REPRESENTATION_ITEM('')
);
#138=(
BOUNDED_CURVE()
B_SPLINE_CURVE(2,(#7813,#7814,#7815),.UNSPECIFIED.,.F.,.F.)
B_SPLINE_CURVE_WITH_KNOTS((3,3),(0.,0.0695327452119161),.UNSPECIFIED.)
CURVE()
GEOMETRIC_REPRESENTATION_ITEM()
RATIONAL_B_SPLINE_CURVE((1.,1.00026774928811,1.000215299177))
REPRESENTATION_ITEM('')
);
#139=(
BOUNDED_CURVE()
B_SPLINE_CURVE(2,(#7819,#7820,#7821),.UNSPECIFIED.,.F.,.F.)
B_SPLINE_CURVE_WITH_KNOTS((3,3),(0.0467531883421299,0.116285933554048),
 .UNSPECIFIED.)
CURVE()
GEOMETRIC_REPRESENTATION_ITEM()
RATIONAL_B_SPLINE_CURVE((1.00021529917726,1.00026774928843,1.))
REPRESENTATION_ITEM('')
);
#140=(
BOUNDED_CURVE()
B_SPLINE_CURVE(2,(#7823,#7824,#7825),.UNSPECIFIED.,.F.,.F.)
B_SPLINE_CURVE_WITH_KNOTS((3,3),(0.,0.0695327452118679),.UNSPECIFIED.)
CURVE()
GEOMETRIC_REPRESENTATION_ITEM()
RATIONAL_B_SPLINE_CURVE((1.,1.00026774928809,1.00021529917699))
REPRESENTATION_ITEM('')
);
#141=(
BOUNDED_CURVE()
B_SPLINE_CURVE(2,(#7829,#7830,#7831),.UNSPECIFIED.,.F.,.F.)
B_SPLINE_CURVE_WITH_KNOTS((3,3),(0.0467531883420158,0.116285933554048),
 .UNSPECIFIED.)
CURVE()
GEOMETRIC_REPRESENTATION_ITEM()
RATIONAL_B_SPLINE_CURVE((1.00021529917726,1.00026774928844,1.))
REPRESENTATION_ITEM('')
);
#142=(
BOUNDED_CURVE()
B_SPLINE_CURVE(2,(#7833,#7834,#7835),.UNSPECIFIED.,.F.,.F.)
B_SPLINE_CURVE_WITH_KNOTS((3,3),(0.,0.0695327452118983),.UNSPECIFIED.)
CURVE()
GEOMETRIC_REPRESENTATION_ITEM()
RATIONAL_B_SPLINE_CURVE((1.,1.00026774928918,1.00021529917786))
REPRESENTATION_ITEM('')
);
#143=(
BOUNDED_CURVE()
B_SPLINE_CURVE(2,(#7839,#7840,#7841),.UNSPECIFIED.,.F.,.F.)
B_SPLINE_CURVE_WITH_KNOTS((3,3),(0.0467531883420861,0.116285933554048),
 .UNSPECIFIED.)
CURVE()
GEOMETRIC_REPRESENTATION_ITEM()
RATIONAL_B_SPLINE_CURVE((1.00021529917522,1.0002677492859,1.))
REPRESENTATION_ITEM('')
);
#144=(
BOUNDED_CURVE()
B_SPLINE_CURVE(2,(#7843,#7844,#7845),.UNSPECIFIED.,.F.,.F.)
B_SPLINE_CURVE_WITH_KNOTS((3,3),(0.,0.0695327452118745),.UNSPECIFIED.)
CURVE()
GEOMETRIC_REPRESENTATION_ITEM()
RATIONAL_B_SPLINE_CURVE((1.,1.00026774928894,1.00021529917767))
REPRESENTATION_ITEM('')
);
#145=(
BOUNDED_CURVE()
B_SPLINE_CURVE(2,(#7849,#7850,#7851),.UNSPECIFIED.,.F.,.F.)
B_SPLINE_CURVE_WITH_KNOTS((3,3),(0.0467531883421572,0.116285933554048),
 .UNSPECIFIED.)
CURVE()
GEOMETRIC_REPRESENTATION_ITEM()
RATIONAL_B_SPLINE_CURVE((1.00021529917753,1.00026774928877,1.))
REPRESENTATION_ITEM('')
);
#146=(
BOUNDED_CURVE()
B_SPLINE_CURVE(2,(#7853,#7854,#7855),.UNSPECIFIED.,.F.,.F.)
B_SPLINE_CURVE_WITH_KNOTS((3,3),(0.,0.0695327452119126),.UNSPECIFIED.)
CURVE()
GEOMETRIC_REPRESENTATION_ITEM()
RATIONAL_B_SPLINE_CURVE((1.,1.00026774928821,1.00021529917708))
REPRESENTATION_ITEM('')
);
#147=(
BOUNDED_CURVE()
B_SPLINE_CURVE(2,(#7859,#7860,#7861),.UNSPECIFIED.,.F.,.F.)
B_SPLINE_CURVE_WITH_KNOTS((3,3),(0.0467531883420688,0.116285933554048),
 .UNSPECIFIED.)
CURVE()
GEOMETRIC_REPRESENTATION_ITEM()
RATIONAL_B_SPLINE_CURVE((1.00021529917705,1.00026774928817,1.))
REPRESENTATION_ITEM('')
);
#148=(
BOUNDED_CURVE()
B_SPLINE_CURVE(2,(#7862,#7863,#7864),.UNSPECIFIED.,.F.,.F.)
B_SPLINE_CURVE_WITH_KNOTS((3,3),(0.,0.0695327452119144),.UNSPECIFIED.)
CURVE()
GEOMETRIC_REPRESENTATION_ITEM()
RATIONAL_B_SPLINE_CURVE((1.,1.00026774928973,1.0002152991783))
REPRESENTATION_ITEM('')
);
#149=(
BOUNDED_CURVE()
B_SPLINE_CURVE(2,(#7866,#7867,#7868),.UNSPECIFIED.,.F.,.F.)
B_SPLINE_CURVE_WITH_KNOTS((3,3),(0.,0.0695327452119432),.UNSPECIFIED.)
CURVE()
GEOMETRIC_REPRESENTATION_ITEM()
RATIONAL_B_SPLINE_CURVE((1.,1.00026774928647,1.00021529917568))
REPRESENTATION_ITEM('')
);
#150=(
BOUNDED_CURVE()
B_SPLINE_CURVE(2,(#7870,#7871,#7872),.UNSPECIFIED.,.F.,.F.)
B_SPLINE_CURVE_WITH_KNOTS((3,3),(0.0467531883421878,0.116285933554048),
 .UNSPECIFIED.)
CURVE()
GEOMETRIC_REPRESENTATION_ITEM()
RATIONAL_B_SPLINE_CURVE((1.00021529917772,1.000267749289,1.))
REPRESENTATION_ITEM('')
);
#151=(
BOUNDED_CURVE()
B_SPLINE_CURVE(2,(#7876,#7877,#7878),.UNSPECIFIED.,.F.,.F.)
B_SPLINE_CURVE_WITH_KNOTS((3,3),(0.0467531883422023,0.116285933554048),
 .UNSPECIFIED.)
CURVE()
GEOMETRIC_REPRESENTATION_ITEM()
RATIONAL_B_SPLINE_CURVE((1.00021529917638,1.00026774928733,1.))
REPRESENTATION_ITEM('')
);
#152=(
BOUNDED_CURVE()
B_SPLINE_CURVE(2,(#7880,#7881,#7882),.UNSPECIFIED.,.F.,.F.)
B_SPLINE_CURVE_WITH_KNOTS((3,3),(0.,0.0695327452118735),.UNSPECIFIED.)
CURVE()
GEOMETRIC_REPRESENTATION_ITEM()
RATIONAL_B_SPLINE_CURVE((1.,1.0002677492896,1.0002152991782))
REPRESENTATION_ITEM('')
);
#153=(
BOUNDED_CURVE()
B_SPLINE_CURVE(2,(#7886,#7887,#7888),.UNSPECIFIED.,.F.,.F.)
B_SPLINE_CURVE_WITH_KNOTS((3,3),(0.0467531883421377,0.116285933554048),
 .UNSPECIFIED.)
CURVE()
GEOMETRIC_REPRESENTATION_ITEM()
RATIONAL_B_SPLINE_CURVE((1.00021529917925,1.00026774929091,1.))
REPRESENTATION_ITEM('')
);
#154=(
BOUNDED_CURVE()
B_SPLINE_CURVE(2,(#7890,#7891,#7892),.UNSPECIFIED.,.F.,.F.)
B_SPLINE_CURVE_WITH_KNOTS((3,3),(0.,0.0695327452119283),.UNSPECIFIED.)
CURVE()
GEOMETRIC_REPRESENTATION_ITEM()
RATIONAL_B_SPLINE_CURVE((1.,1.00026774928958,1.00021529917818))
REPRESENTATION_ITEM('')
);
#155=(
BOUNDED_CURVE()
B_SPLINE_CURVE(2,(#7896,#7897,#7898),.UNSPECIFIED.,.F.,.F.)
B_SPLINE_CURVE_WITH_KNOTS((3,3),(0.0467531883421858,0.116285933554048),
 .UNSPECIFIED.)
CURVE()
GEOMETRIC_REPRESENTATION_ITEM()
RATIONAL_B_SPLINE_CURVE((1.00021529917608,1.00026774928697,1.))
REPRESENTATION_ITEM('')
);
#156=(
BOUNDED_CURVE()
B_SPLINE_CURVE(2,(#7900,#7901,#7902),.UNSPECIFIED.,.F.,.F.)
B_SPLINE_CURVE_WITH_KNOTS((3,3),(0.,0.0695327452118449),.UNSPECIFIED.)
CURVE()
GEOMETRIC_REPRESENTATION_ITEM()
RATIONAL_B_SPLINE_CURVE((1.,1.00026774928586,1.00021529917519))
REPRESENTATION_ITEM('')
);
#157=(
BOUNDED_CURVE()
B_SPLINE_CURVE(2,(#7906,#7907,#7908),.UNSPECIFIED.,.F.,.F.)
B_SPLINE_CURVE_WITH_KNOTS((3,3),(0.0467531883421706,0.116285933554048),
 .UNSPECIFIED.)
CURVE()
GEOMETRIC_REPRESENTATION_ITEM()
RATIONAL_B_SPLINE_CURVE((1.00021529917688,1.00026774928797,1.))
REPRESENTATION_ITEM('')
);
#158=(
BOUNDED_CURVE()
B_SPLINE_CURVE(2,(#7910,#7911,#7912),.UNSPECIFIED.,.F.,.F.)
B_SPLINE_CURVE_WITH_KNOTS((3,3),(0.,0.0695327452119486),.UNSPECIFIED.)
CURVE()
GEOMETRIC_REPRESENTATION_ITEM()
RATIONAL_B_SPLINE_CURVE((1.,1.00026774928873,1.0002152991775))
REPRESENTATION_ITEM('')
);
#159=(
BOUNDED_CURVE()
B_SPLINE_CURVE(2,(#7916,#7917,#7918),.UNSPECIFIED.,.F.,.F.)
B_SPLINE_CURVE_WITH_KNOTS((3,3),(0.0467531883420128,0.116285933554048),
 .UNSPECIFIED.)
CURVE()
GEOMETRIC_REPRESENTATION_ITEM()
RATIONAL_B_SPLINE_CURVE((1.0002152991755,1.00026774928624,1.))
REPRESENTATION_ITEM('')
);
#160=(
BOUNDED_CURVE()
B_SPLINE_CURVE(2,(#7920,#7921,#7922),.UNSPECIFIED.,.F.,.F.)
B_SPLINE_CURVE_WITH_KNOTS((3,3),(0.,0.0695327452119788),.UNSPECIFIED.)
CURVE()
GEOMETRIC_REPRESENTATION_ITEM()
RATIONAL_B_SPLINE_CURVE((1.,1.00026774928988,1.00021529917842))
REPRESENTATION_ITEM('')
);
#161=(
BOUNDED_CURVE()
B_SPLINE_CURVE(2,(#7926,#7927,#7928),.UNSPECIFIED.,.F.,.F.)
B_SPLINE_CURVE_WITH_KNOTS((3,3),(0.0467531883421701,0.116285933554048),
 .UNSPECIFIED.)
CURVE()
GEOMETRIC_REPRESENTATION_ITEM()
RATIONAL_B_SPLINE_CURVE((1.00021529917664,1.00026774928766,1.))
REPRESENTATION_ITEM('')
);
#162=(
BOUNDED_CURVE()
B_SPLINE_CURVE(2,(#7930,#7931,#7932),.UNSPECIFIED.,.F.,.F.)
B_SPLINE_CURVE_WITH_KNOTS((3,3),(0.,0.0695327452118506),.UNSPECIFIED.)
CURVE()
GEOMETRIC_REPRESENTATION_ITEM()
RATIONAL_B_SPLINE_CURVE((1.,1.00026774928854,1.00021529917735))
REPRESENTATION_ITEM('')
);
#163=(
BOUNDED_CURVE()
B_SPLINE_CURVE(2,(#7936,#7937,#7938),.UNSPECIFIED.,.F.,.F.)
B_SPLINE_CURVE_WITH_KNOTS((3,3),(0.0467531883420579,0.116285933554048),
 .UNSPECIFIED.)
CURVE()
GEOMETRIC_REPRESENTATION_ITEM()
RATIONAL_B_SPLINE_CURVE((1.00021529917641,1.00026774928737,1.))
REPRESENTATION_ITEM('')
);
#164=(
BOUNDED_CURVE()
B_SPLINE_CURVE(2,(#7940,#7941,#7942),.UNSPECIFIED.,.F.,.F.)
B_SPLINE_CURVE_WITH_KNOTS((3,3),(0.,0.0695327452119555),.UNSPECIFIED.)
CURVE()
GEOMETRIC_REPRESENTATION_ITEM()
RATIONAL_B_SPLINE_CURVE((1.,1.00026774928729,1.00021529917634))
REPRESENTATION_ITEM('')
);
#165=(
BOUNDED_CURVE()
B_SPLINE_CURVE(2,(#7946,#7947,#7948),.UNSPECIFIED.,.F.,.F.)
B_SPLINE_CURVE_WITH_KNOTS((3,3),(0.0467531883421836,0.116285933554048),
 .UNSPECIFIED.)
CURVE()
GEOMETRIC_REPRESENTATION_ITEM()
RATIONAL_B_SPLINE_CURVE((1.00021529917656,1.00026774928756,1.))
REPRESENTATION_ITEM('')
);
#166=(
BOUNDED_CURVE()
B_SPLINE_CURVE(2,(#7950,#7951,#7952),.UNSPECIFIED.,.F.,.F.)
B_SPLINE_CURVE_WITH_KNOTS((3,3),(0.,0.0695327452119381),.UNSPECIFIED.)
CURVE()
GEOMETRIC_REPRESENTATION_ITEM()
RATIONAL_B_SPLINE_CURVE((1.,1.00026774928789,1.00021529917682))
REPRESENTATION_ITEM('')
);
#167=(
BOUNDED_CURVE()
B_SPLINE_CURVE(2,(#7956,#7957,#7958),.UNSPECIFIED.,.F.,.F.)
B_SPLINE_CURVE_WITH_KNOTS((3,3),(0.0467531883421278,0.116285933554048),
 .UNSPECIFIED.)
CURVE()
GEOMETRIC_REPRESENTATION_ITEM()
RATIONAL_B_SPLINE_CURVE((1.00021529917626,1.00026774928719,1.))
REPRESENTATION_ITEM('')
);
#168=(
BOUNDED_CURVE()
B_SPLINE_CURVE(2,(#7960,#7961,#7962),.UNSPECIFIED.,.F.,.F.)
B_SPLINE_CURVE_WITH_KNOTS((3,3),(0.,0.0695327452118082),.UNSPECIFIED.)
CURVE()
GEOMETRIC_REPRESENTATION_ITEM()
RATIONAL_B_SPLINE_CURVE((1.,1.00026774928871,1.00021529917748))
REPRESENTATION_ITEM('')
);
#169=(
BOUNDED_CURVE()
B_SPLINE_CURVE(2,(#7966,#7967,#7968),.UNSPECIFIED.,.F.,.F.)
B_SPLINE_CURVE_WITH_KNOTS((3,3),(0.0467531883421063,0.116285933554048),
 .UNSPECIFIED.)
CURVE()
GEOMETRIC_REPRESENTATION_ITEM()
RATIONAL_B_SPLINE_CURVE((1.00021529917716,1.00026774928831,1.))
REPRESENTATION_ITEM('')
);
#170=(
BOUNDED_CURVE()
B_SPLINE_CURVE(2,(#7970,#7971,#7972),.UNSPECIFIED.,.F.,.F.)
B_SPLINE_CURVE_WITH_KNOTS((3,3),(0.,0.0695327452119153),.UNSPECIFIED.)
CURVE()
GEOMETRIC_REPRESENTATION_ITEM()
RATIONAL_B_SPLINE_CURVE((1.,1.00026774928785,1.0002152991768))
REPRESENTATION_ITEM('')
);
#171=(
BOUNDED_CURVE()
B_SPLINE_CURVE(2,(#7976,#7977,#7978),.UNSPECIFIED.,.F.,.F.)
B_SPLINE_CURVE_WITH_KNOTS((3,3),(0.0467531883421456,0.116285933554048),
 .UNSPECIFIED.)
CURVE()
GEOMETRIC_REPRESENTATION_ITEM()
RATIONAL_B_SPLINE_CURVE((1.00021529917432,1.00026774928478,1.))
REPRESENTATION_ITEM('')
);
#172=(
BOUNDED_CURVE()
B_SPLINE_CURVE(2,(#7980,#7981,#7982),.UNSPECIFIED.,.F.,.F.)
B_SPLINE_CURVE_WITH_KNOTS((3,3),(0.,0.0695327452119297),.UNSPECIFIED.)
CURVE()
GEOMETRIC_REPRESENTATION_ITEM()
RATIONAL_B_SPLINE_CURVE((1.,1.00026774928805,1.00021529917695))
REPRESENTATION_ITEM('')
);
#173=(
BOUNDED_CURVE()
B_SPLINE_CURVE(2,(#7986,#7987,#7988),.UNSPECIFIED.,.F.,.F.)
B_SPLINE_CURVE_WITH_KNOTS((3,3),(0.0467531883420748,0.116285933554048),
 .UNSPECIFIED.)
CURVE()
GEOMETRIC_REPRESENTATION_ITEM()
RATIONAL_B_SPLINE_CURVE((1.00021529917713,1.00026774928827,1.))
REPRESENTATION_ITEM('')
);
#174=(
BOUNDED_CURVE()
B_SPLINE_CURVE(2,(#7990,#7991,#7992),.UNSPECIFIED.,.F.,.F.)
B_SPLINE_CURVE_WITH_KNOTS((3,3),(0.,0.0695327452118252),.UNSPECIFIED.)
CURVE()
GEOMETRIC_REPRESENTATION_ITEM()
RATIONAL_B_SPLINE_CURVE((1.,1.00026774928712,1.0002152991762))
REPRESENTATION_ITEM('')
);
#175=(
BOUNDED_CURVE()
B_SPLINE_CURVE(2,(#7996,#7997,#7998),.UNSPECIFIED.,.F.,.F.)
B_SPLINE_CURVE_WITH_KNOTS((3,3),(0.0467531883420873,0.116285933554048),
 .UNSPECIFIED.)
CURVE()
GEOMETRIC_REPRESENTATION_ITEM()
RATIONAL_B_SPLINE_CURVE((1.00021529917658,1.00026774928759,1.))
REPRESENTATION_ITEM('')
);
#176=(
BOUNDED_CURVE()
B_SPLINE_CURVE(2,(#8000,#8001,#8002),.UNSPECIFIED.,.F.,.F.)
B_SPLINE_CURVE_WITH_KNOTS((3,3),(0.,0.0695327452118569),.UNSPECIFIED.)
CURVE()
GEOMETRIC_REPRESENTATION_ITEM()
RATIONAL_B_SPLINE_CURVE((1.,1.00026774928891,1.00021529917764))
REPRESENTATION_ITEM('')
);
#177=(
BOUNDED_CURVE()
B_SPLINE_CURVE(2,(#8006,#8007,#8008),.UNSPECIFIED.,.F.,.F.)
B_SPLINE_CURVE_WITH_KNOTS((3,3),(0.0467531883420902,0.116285933554048),
 .UNSPECIFIED.)
CURVE()
GEOMETRIC_REPRESENTATION_ITEM()
RATIONAL_B_SPLINE_CURVE((1.00021529917438,1.00026774928485,1.))
REPRESENTATION_ITEM('')
);
#178=(
BOUNDED_CURVE()
B_SPLINE_CURVE(2,(#8010,#8011,#8012),.UNSPECIFIED.,.F.,.F.)
B_SPLINE_CURVE_WITH_KNOTS((3,3),(0.,0.069532745211963),.UNSPECIFIED.)
CURVE()
GEOMETRIC_REPRESENTATION_ITEM()
RATIONAL_B_SPLINE_CURVE((1.,1.00026774928742,1.00021529917644))
REPRESENTATION_ITEM('')
);
#179=(
BOUNDED_CURVE()
B_SPLINE_CURVE(2,(#8016,#8017,#8018),.UNSPECIFIED.,.F.,.F.)
B_SPLINE_CURVE_WITH_KNOTS((3,3),(0.0467531883420819,0.116285933554048),
 .UNSPECIFIED.)
CURVE()
GEOMETRIC_REPRESENTATION_ITEM()
RATIONAL_B_SPLINE_CURVE((1.0002152991748,1.00026774928538,1.))
REPRESENTATION_ITEM('')
);
#180=(
BOUNDED_CURVE()
B_SPLINE_CURVE(2,(#8020,#8021,#8022),.UNSPECIFIED.,.F.,.F.)
B_SPLINE_CURVE_WITH_KNOTS((3,3),(0.,0.0695327452119037),.UNSPECIFIED.)
CURVE()
GEOMETRIC_REPRESENTATION_ITEM()
RATIONAL_B_SPLINE_CURVE((1.,1.00026774928732,1.00021529917636))
REPRESENTATION_ITEM('')
);
#181=(
BOUNDED_CURVE()
B_SPLINE_CURVE(2,(#8026,#8027,#8028),.UNSPECIFIED.,.F.,.F.)
B_SPLINE_CURVE_WITH_KNOTS((3,3),(0.0467531883420951,0.116285933554048),
 .UNSPECIFIED.)
CURVE()
GEOMETRIC_REPRESENTATION_ITEM()
RATIONAL_B_SPLINE_CURVE((1.00021529917555,1.0002677492863,1.))
REPRESENTATION_ITEM('')
);
#182=(
BOUNDED_CURVE()
B_SPLINE_CURVE(2,(#8030,#8031,#8032),.UNSPECIFIED.,.F.,.F.)
B_SPLINE_CURVE_WITH_KNOTS((3,3),(0.,0.0695327452119552),.UNSPECIFIED.)
CURVE()
GEOMETRIC_REPRESENTATION_ITEM()
RATIONAL_B_SPLINE_CURVE((1.,1.00026774928801,1.00021529917692))
REPRESENTATION_ITEM('')
);
#183=(
BOUNDED_CURVE()
B_SPLINE_CURVE(2,(#8036,#8037,#8038),.UNSPECIFIED.,.F.,.F.)
B_SPLINE_CURVE_WITH_KNOTS((3,3),(0.0467531883420644,0.116285933554048),
 .UNSPECIFIED.)
CURVE()
GEOMETRIC_REPRESENTATION_ITEM()
RATIONAL_B_SPLINE_CURVE((1.00021529917758,1.00026774928883,1.))
REPRESENTATION_ITEM('')
);
#184=(
BOUNDED_CURVE()
B_SPLINE_CURVE(2,(#8040,#8041,#8042),.UNSPECIFIED.,.F.,.F.)
B_SPLINE_CURVE_WITH_KNOTS((3,3),(0.,0.0695327452119191),.UNSPECIFIED.)
CURVE()
GEOMETRIC_REPRESENTATION_ITEM()
RATIONAL_B_SPLINE_CURVE((1.,1.00026774928682,1.00021529917597))
REPRESENTATION_ITEM('')
);
#185=(
BOUNDED_CURVE()
B_SPLINE_CURVE(2,(#8046,#8047,#8048),.UNSPECIFIED.,.F.,.F.)
B_SPLINE_CURVE_WITH_KNOTS((3,3),(0.0467531883421236,0.116285933554048),
 .UNSPECIFIED.)
CURVE()
GEOMETRIC_REPRESENTATION_ITEM()
RATIONAL_B_SPLINE_CURVE((1.00021529917656,1.00026774928756,1.))
REPRESENTATION_ITEM('')
);
#186=(
BOUNDED_CURVE()
B_SPLINE_CURVE(2,(#8050,#8051,#8052),.UNSPECIFIED.,.F.,.F.)
B_SPLINE_CURVE_WITH_KNOTS((3,3),(0.,0.0695327452119783),.UNSPECIFIED.)
CURVE()
GEOMETRIC_REPRESENTATION_ITEM()
RATIONAL_B_SPLINE_CURVE((1.,1.0002677492895,1.00021529917812))
REPRESENTATION_ITEM('')
);
#187=(
BOUNDED_CURVE()
B_SPLINE_CURVE(2,(#8056,#8057,#8058),.UNSPECIFIED.,.F.,.F.)
B_SPLINE_CURVE_WITH_KNOTS((3,3),(0.0467531883420692,0.116285933554048),
 .UNSPECIFIED.)
CURVE()
GEOMETRIC_REPRESENTATION_ITEM()
RATIONAL_B_SPLINE_CURVE((1.00021529917703,1.00026774928815,1.))
REPRESENTATION_ITEM('')
);
#188=(
BOUNDED_CURVE()
B_SPLINE_CURVE(2,(#8060,#8061,#8062),.UNSPECIFIED.,.F.,.F.)
B_SPLINE_CURVE_WITH_KNOTS((3,3),(0.,0.0695327452119144),.UNSPECIFIED.)
CURVE()
GEOMETRIC_REPRESENTATION_ITEM()
RATIONAL_B_SPLINE_CURVE((1.,1.00026774928973,1.0002152991783))
REPRESENTATION_ITEM('')
);
#189=(
BOUNDED_CURVE()
B_SPLINE_CURVE(2,(#8066,#8067,#8068),.UNSPECIFIED.,.F.,.F.)
B_SPLINE_CURVE_WITH_KNOTS((3,3),(0.0467531883422291,0.116285933554048),
 .UNSPECIFIED.)
CURVE()
GEOMETRIC_REPRESENTATION_ITEM()
RATIONAL_B_SPLINE_CURVE((1.00021529917756,1.0002677492888,1.))
REPRESENTATION_ITEM('')
);
#190=(
BOUNDED_CURVE()
B_SPLINE_CURVE(2,(#8070,#8071,#8072),.UNSPECIFIED.,.F.,.F.)
B_SPLINE_CURVE_WITH_KNOTS((3,3),(0.,0.0695327452117865),.UNSPECIFIED.)
CURVE()
GEOMETRIC_REPRESENTATION_ITEM()
RATIONAL_B_SPLINE_CURVE((1.,1.00026774928611,1.00021529917539))
REPRESENTATION_ITEM('')
);
#191=(
BOUNDED_CURVE()
B_SPLINE_CURVE(2,(#8075,#8076,#8077),.UNSPECIFIED.,.F.,.F.)
B_SPLINE_CURVE_WITH_KNOTS((3,3),(0.046753188342114,0.116285933554048),
 .UNSPECIFIED.)
CURVE()
GEOMETRIC_REPRESENTATION_ITEM()
RATIONAL_B_SPLINE_CURVE((1.00021529917566,1.00026774928644,1.))
REPRESENTATION_ITEM('')
);
#192=(
BOUNDED_CURVE()
B_SPLINE_CURVE(2,(#8081,#8082,#8083),.UNSPECIFIED.,.F.,.F.)
B_SPLINE_CURVE_WITH_KNOTS((3,3),(0.0467531883422634,0.116285933554049),
 .UNSPECIFIED.)
CURVE()
GEOMETRIC_REPRESENTATION_ITEM()
RATIONAL_B_SPLINE_CURVE((1.0002152991773,1.00026774928848,1.))
REPRESENTATION_ITEM('')
);
#193=(
BOUNDED_CURVE()
B_SPLINE_CURVE(2,(#8087,#8088,#8089),.UNSPECIFIED.,.F.,.F.)
B_SPLINE_CURVE_WITH_KNOTS((3,3),(0.,0.0695327452119362),.UNSPECIFIED.)
CURVE()
GEOMETRIC_REPRESENTATION_ITEM()
RATIONAL_B_SPLINE_CURVE((1.,1.00026774928848,1.0002152991773))
REPRESENTATION_ITEM('')
);
#194=(
BOUNDED_CURVE()
B_SPLINE_CURVE(2,(#8097,#8098,#8099),.UNSPECIFIED.,.F.,.F.)
B_SPLINE_CURVE_WITH_KNOTS((3,3),(0.0467531883420563,0.116285933554049),
 .UNSPECIFIED.)
CURVE()
GEOMETRIC_REPRESENTATION_ITEM()
RATIONAL_B_SPLINE_CURVE((1.00021529917639,1.00026774928736,1.))
REPRESENTATION_ITEM('')
);
#195=(
BOUNDED_CURVE()
B_SPLINE_CURVE(2,(#8103,#8104,#8105),.UNSPECIFIED.,.F.,.F.)
B_SPLINE_CURVE_WITH_KNOTS((3,3),(0.,0.0695327452118912),.UNSPECIFIED.)
CURVE()
GEOMETRIC_REPRESENTATION_ITEM()
RATIONAL_B_SPLINE_CURVE((1.,1.00026774928863,1.00021529917742))
REPRESENTATION_ITEM('')
);
#196=(
BOUNDED_CURVE()
B_SPLINE_CURVE(2,(#8113,#8114,#8115),.UNSPECIFIED.,.F.,.F.)
B_SPLINE_CURVE_WITH_KNOTS((3,3),(0.0467531883421247,0.116285933554048),
 .UNSPECIFIED.)
CURVE()
GEOMETRIC_REPRESENTATION_ITEM()
RATIONAL_B_SPLINE_CURVE((1.00021529917709,1.00026774928822,1.))
REPRESENTATION_ITEM('')
);
#197=(
BOUNDED_CURVE()
B_SPLINE_CURVE(2,(#8119,#8120,#8121),.UNSPECIFIED.,.F.,.F.)
B_SPLINE_CURVE_WITH_KNOTS((3,3),(0.,0.0695327452120018),.UNSPECIFIED.)
CURVE()
GEOMETRIC_REPRESENTATION_ITEM()
RATIONAL_B_SPLINE_CURVE((1.,1.00026774928903,1.00021529917774))
REPRESENTATION_ITEM('')
);
#198=(
BOUNDED_CURVE()
B_SPLINE_CURVE(2,(#8129,#8130,#8131),.UNSPECIFIED.,.F.,.F.)
B_SPLINE_CURVE_WITH_KNOTS((3,3),(0.0467531883423317,0.116285933554048),
 .UNSPECIFIED.)
CURVE()
GEOMETRIC_REPRESENTATION_ITEM()
RATIONAL_B_SPLINE_CURVE((1.00021529917843,1.00026774928989,1.))
REPRESENTATION_ITEM('')
);
#199=(
BOUNDED_CURVE()
B_SPLINE_CURVE(2,(#8135,#8136,#8137),.UNSPECIFIED.,.F.,.F.)
B_SPLINE_CURVE_WITH_KNOTS((3,3),(0.,0.069532745211824),.UNSPECIFIED.)
CURVE()
GEOMETRIC_REPRESENTATION_ITEM()
RATIONAL_B_SPLINE_CURVE((1.,1.00026774928777,1.00021529917673))
REPRESENTATION_ITEM('')
);
#200=(
BOUNDED_CURVE()
B_SPLINE_CURVE(2,(#8145,#8146,#8147),.UNSPECIFIED.,.F.,.F.)
B_SPLINE_CURVE_WITH_KNOTS((3,3),(0.0467531883421106,0.116285933554049),
 .UNSPECIFIED.)
CURVE()
GEOMETRIC_REPRESENTATION_ITEM()
RATIONAL_B_SPLINE_CURVE((1.00021529917743,1.00026774928865,1.))
REPRESENTATION_ITEM('')
);
#201=(
BOUNDED_CURVE()
B_SPLINE_CURVE(2,(#8151,#8152,#8153),.UNSPECIFIED.,.F.,.F.)
B_SPLINE_CURVE_WITH_KNOTS((3,3),(0.,0.06953274521199),.UNSPECIFIED.)
CURVE()
GEOMETRIC_REPRESENTATION_ITEM()
RATIONAL_B_SPLINE_CURVE((1.,1.00026774928742,1.00021529917644))
REPRESENTATION_ITEM('')
);
#202=(
BOUNDED_CURVE()
B_SPLINE_CURVE(2,(#8161,#8162,#8163),.UNSPECIFIED.,.F.,.F.)
B_SPLINE_CURVE_WITH_KNOTS((3,3),(0.0467531883420751,0.116285933554048),
 .UNSPECIFIED.)
CURVE()
GEOMETRIC_REPRESENTATION_ITEM()
RATIONAL_B_SPLINE_CURVE((1.0002152991775,1.00026774928873,1.))
REPRESENTATION_ITEM('')
);
#203=(
BOUNDED_CURVE()
B_SPLINE_CURVE(2,(#8167,#8168,#8169),.UNSPECIFIED.,.F.,.F.)
B_SPLINE_CURVE_WITH_KNOTS((3,3),(0.,0.0695327452118513),.UNSPECIFIED.)
CURVE()
GEOMETRIC_REPRESENTATION_ITEM()
RATIONAL_B_SPLINE_CURVE((1.,1.00026774928746,1.00021529917648))
REPRESENTATION_ITEM('')
);
#204=(
BOUNDED_CURVE()
B_SPLINE_CURVE(2,(#8177,#8178,#8179),.UNSPECIFIED.,.F.,.F.)
B_SPLINE_CURVE_WITH_KNOTS((3,3),(0.0467531883421333,0.116285933554048),
 .UNSPECIFIED.)
CURVE()
GEOMETRIC_REPRESENTATION_ITEM()
RATIONAL_B_SPLINE_CURVE((1.00021529917778,1.00026774928908,1.))
REPRESENTATION_ITEM('')
);
#205=(
BOUNDED_CURVE()
B_SPLINE_CURVE(2,(#8183,#8184,#8185),.UNSPECIFIED.,.F.,.F.)
B_SPLINE_CURVE_WITH_KNOTS((3,3),(0.,0.0695327452119432),.UNSPECIFIED.)
CURVE()
GEOMETRIC_REPRESENTATION_ITEM()
RATIONAL_B_SPLINE_CURVE((1.,1.00026774928863,1.00021529917742))
REPRESENTATION_ITEM('')
);
#206=(
BOUNDED_CURVE()
B_SPLINE_CURVE(2,(#8193,#8194,#8195),.UNSPECIFIED.,.F.,.F.)
B_SPLINE_CURVE_WITH_KNOTS((3,3),(0.0467531883421377,0.116285933554048),
 .UNSPECIFIED.)
CURVE()
GEOMETRIC_REPRESENTATION_ITEM()
RATIONAL_B_SPLINE_CURVE((1.00021529917783,1.00026774928914,1.))
REPRESENTATION_ITEM('')
);
#207=(
BOUNDED_CURVE()
B_SPLINE_CURVE(2,(#8199,#8200,#8201),.UNSPECIFIED.,.F.,.F.)
B_SPLINE_CURVE_WITH_KNOTS((3,3),(0.,0.0695327452118871),.UNSPECIFIED.)
CURVE()
GEOMETRIC_REPRESENTATION_ITEM()
RATIONAL_B_SPLINE_CURVE((1.,1.00026774928699,1.0002152991761))
REPRESENTATION_ITEM('')
);
#208=(
BOUNDED_CURVE()
B_SPLINE_CURVE(2,(#8209,#8210,#8211),.UNSPECIFIED.,.F.,.F.)
B_SPLINE_CURVE_WITH_KNOTS((3,3),(0.0467531883421442,0.116285933554048),
 .UNSPECIFIED.)
CURVE()
GEOMETRIC_REPRESENTATION_ITEM()
RATIONAL_B_SPLINE_CURVE((1.00021529917604,1.00026774928692,1.))
REPRESENTATION_ITEM('')
);
#209=(
BOUNDED_CURVE()
B_SPLINE_CURVE(2,(#8215,#8216,#8217),.UNSPECIFIED.,.F.,.F.)
B_SPLINE_CURVE_WITH_KNOTS((3,3),(0.,0.0695327452119383),.UNSPECIFIED.)
CURVE()
GEOMETRIC_REPRESENTATION_ITEM()
RATIONAL_B_SPLINE_CURVE((1.,1.00026774928781,1.00021529917676))
REPRESENTATION_ITEM('')
);
#210=(
BOUNDED_CURVE()
B_SPLINE_CURVE(2,(#8225,#8226,#8227),.UNSPECIFIED.,.F.,.F.)
B_SPLINE_CURVE_WITH_KNOTS((3,3),(0.0467531883421905,0.116285933554048),
 .UNSPECIFIED.)
CURVE()
GEOMETRIC_REPRESENTATION_ITEM()
RATIONAL_B_SPLINE_CURVE((1.00021529917823,1.00026774928963,1.))
REPRESENTATION_ITEM('')
);
#211=(
BOUNDED_CURVE()
B_SPLINE_CURVE(2,(#8231,#8232,#8233),.UNSPECIFIED.,.F.,.F.)
B_SPLINE_CURVE_WITH_KNOTS((3,3),(0.,0.0695327452119595),.UNSPECIFIED.)
CURVE()
GEOMETRIC_REPRESENTATION_ITEM()
RATIONAL_B_SPLINE_CURVE((1.,1.00026774929084,1.00021529917919))
REPRESENTATION_ITEM('')
);
#212=(
BOUNDED_CURVE()
B_SPLINE_CURVE(2,(#8241,#8242,#8243),.UNSPECIFIED.,.F.,.F.)
B_SPLINE_CURVE_WITH_KNOTS((3,3),(0.04675318834212,0.116285933554049),
 .UNSPECIFIED.)
CURVE()
GEOMETRIC_REPRESENTATION_ITEM()
RATIONAL_B_SPLINE_CURVE((1.0002152991751,1.00026774928575,1.))
REPRESENTATION_ITEM('')
);
#213=(
BOUNDED_CURVE()
B_SPLINE_CURVE(2,(#8247,#8248,#8249),.UNSPECIFIED.,.F.,.F.)
B_SPLINE_CURVE_WITH_KNOTS((3,3),(0.,0.0695327452119981),.UNSPECIFIED.)
CURVE()
GEOMETRIC_REPRESENTATION_ITEM()
RATIONAL_B_SPLINE_CURVE((1.,1.00026774928876,1.00021529917752))
REPRESENTATION_ITEM('')
);
#214=(
BOUNDED_CURVE()
B_SPLINE_CURVE(2,(#8257,#8258,#8259),.UNSPECIFIED.,.F.,.F.)
B_SPLINE_CURVE_WITH_KNOTS((3,3),(0.0467531883421287,0.116285933554048),
 .UNSPECIFIED.)
CURVE()
GEOMETRIC_REPRESENTATION_ITEM()
RATIONAL_B_SPLINE_CURVE((1.00021529917717,1.00026774928832,1.))
REPRESENTATION_ITEM('')
);
#215=(
BOUNDED_CURVE()
B_SPLINE_CURVE(2,(#8263,#8264,#8265),.UNSPECIFIED.,.F.,.F.)
B_SPLINE_CURVE_WITH_KNOTS((3,3),(0.,0.0695327452119424),.UNSPECIFIED.)
CURVE()
GEOMETRIC_REPRESENTATION_ITEM()
RATIONAL_B_SPLINE_CURVE((1.,1.00026774928657,1.00021529917576))
REPRESENTATION_ITEM('')
);
#216=(
BOUNDED_CURVE()
B_SPLINE_CURVE(2,(#8273,#8274,#8275),.UNSPECIFIED.,.F.,.F.)
B_SPLINE_CURVE_WITH_KNOTS((3,3),(0.0467531883422732,0.116285933554048),
 .UNSPECIFIED.)
CURVE()
GEOMETRIC_REPRESENTATION_ITEM()
RATIONAL_B_SPLINE_CURVE((1.00021529917709,1.00026774928822,1.))
REPRESENTATION_ITEM('')
);
#217=(
BOUNDED_CURVE()
B_SPLINE_CURVE(2,(#8279,#8280,#8281),.UNSPECIFIED.,.F.,.F.)
B_SPLINE_CURVE_WITH_KNOTS((3,3),(0.,0.0695327452119925),.UNSPECIFIED.)
CURVE()
GEOMETRIC_REPRESENTATION_ITEM()
RATIONAL_B_SPLINE_CURVE((1.,1.00026774928684,1.00021529917598))
REPRESENTATION_ITEM('')
);
#218=(
BOUNDED_CURVE()
B_SPLINE_CURVE(2,(#8289,#8290,#8291),.UNSPECIFIED.,.F.,.F.)
B_SPLINE_CURVE_WITH_KNOTS((3,3),(0.0467531883421797,0.116285933554048),
 .UNSPECIFIED.)
CURVE()
GEOMETRIC_REPRESENTATION_ITEM()
RATIONAL_B_SPLINE_CURVE((1.00021529917604,1.00026774928692,1.))
REPRESENTATION_ITEM('')
);
#219=(
BOUNDED_CURVE()
B_SPLINE_CURVE(2,(#8295,#8296,#8297),.UNSPECIFIED.,.F.,.F.)
B_SPLINE_CURVE_WITH_KNOTS((3,3),(0.,0.0695327452119433),.UNSPECIFIED.)
CURVE()
GEOMETRIC_REPRESENTATION_ITEM()
RATIONAL_B_SPLINE_CURVE((1.,1.00026774928864,1.00021529917742))
REPRESENTATION_ITEM('')
);
#220=(
BOUNDED_CURVE()
B_SPLINE_CURVE(2,(#8305,#8306,#8307),.UNSPECIFIED.,.F.,.F.)
B_SPLINE_CURVE_WITH_KNOTS((3,3),(0.0467531883421326,0.116285933554048),
 .UNSPECIFIED.)
CURVE()
GEOMETRIC_REPRESENTATION_ITEM()
RATIONAL_B_SPLINE_CURVE((1.00021529917847,1.00026774928994,1.))
REPRESENTATION_ITEM('')
);
#221=(
BOUNDED_CURVE()
B_SPLINE_CURVE(2,(#8311,#8312,#8313),.UNSPECIFIED.,.F.,.F.)
B_SPLINE_CURVE_WITH_KNOTS((3,3),(0.,0.0695327452118377),.UNSPECIFIED.)
CURVE()
GEOMETRIC_REPRESENTATION_ITEM()
RATIONAL_B_SPLINE_CURVE((1.,1.00026774928725,1.00021529917631))
REPRESENTATION_ITEM('')
);
#222=(
BOUNDED_CURVE()
B_SPLINE_CURVE(2,(#8321,#8322,#8323),.UNSPECIFIED.,.F.,.F.)
B_SPLINE_CURVE_WITH_KNOTS((3,3),(0.0467531883421026,0.116285933554048),
 .UNSPECIFIED.)
CURVE()
GEOMETRIC_REPRESENTATION_ITEM()
RATIONAL_B_SPLINE_CURVE((1.00021529917931,1.00026774929099,1.))
REPRESENTATION_ITEM('')
);
#223=(
BOUNDED_CURVE()
B_SPLINE_CURVE(2,(#8327,#8328,#8329),.UNSPECIFIED.,.F.,.F.)
B_SPLINE_CURVE_WITH_KNOTS((3,3),(0.,0.0695327452118365),.UNSPECIFIED.)
CURVE()
GEOMETRIC_REPRESENTATION_ITEM()
RATIONAL_B_SPLINE_CURVE((1.,1.0002677492887,1.00021529917748))
REPRESENTATION_ITEM('')
);
#224=(
BOUNDED_CURVE()
B_SPLINE_CURVE(2,(#8337,#8338,#8339),.UNSPECIFIED.,.F.,.F.)
B_SPLINE_CURVE_WITH_KNOTS((3,3),(0.0467531883421895,0.116285933554049),
 .UNSPECIFIED.)
CURVE()
GEOMETRIC_REPRESENTATION_ITEM()
RATIONAL_B_SPLINE_CURVE((1.00021529917642,1.00026774928739,1.))
REPRESENTATION_ITEM('')
);
#225=(
BOUNDED_CURVE()
B_SPLINE_CURVE(2,(#8343,#8344,#8345),.UNSPECIFIED.,.F.,.F.)
B_SPLINE_CURVE_WITH_KNOTS((3,3),(0.,0.0695327452119891),.UNSPECIFIED.)
CURVE()
GEOMETRIC_REPRESENTATION_ITEM()
RATIONAL_B_SPLINE_CURVE((1.,1.00026774928864,1.00021529917742))
REPRESENTATION_ITEM('')
);
#226=(
BOUNDED_CURVE()
B_SPLINE_CURVE(2,(#8353,#8354,#8355),.UNSPECIFIED.,.F.,.F.)
B_SPLINE_CURVE_WITH_KNOTS((3,3),(0.0467531883421772,0.116285933554049),
 .UNSPECIFIED.)
CURVE()
GEOMETRIC_REPRESENTATION_ITEM()
RATIONAL_B_SPLINE_CURVE((1.00021529917742,1.00026774928863,1.))
REPRESENTATION_ITEM('')
);
#227=(
BOUNDED_CURVE()
B_SPLINE_CURVE(2,(#8359,#8360,#8361),.UNSPECIFIED.,.F.,.F.)
B_SPLINE_CURVE_WITH_KNOTS((3,3),(0.,0.0695327452118209),.UNSPECIFIED.)
CURVE()
GEOMETRIC_REPRESENTATION_ITEM()
RATIONAL_B_SPLINE_CURVE((1.,1.00026774928854,1.00021529917735))
REPRESENTATION_ITEM('')
);
#228=(
BOUNDED_CURVE()
B_SPLINE_CURVE(2,(#8369,#8370,#8371),.UNSPECIFIED.,.F.,.F.)
B_SPLINE_CURVE_WITH_KNOTS((3,3),(0.046753188342151,0.116285933554048),
 .UNSPECIFIED.)
CURVE()
GEOMETRIC_REPRESENTATION_ITEM()
RATIONAL_B_SPLINE_CURVE((1.00021529917565,1.00026774928643,1.))
REPRESENTATION_ITEM('')
);
#229=(
BOUNDED_CURVE()
B_SPLINE_CURVE(2,(#8375,#8376,#8377),.UNSPECIFIED.,.F.,.F.)
B_SPLINE_CURVE_WITH_KNOTS((3,3),(0.,0.0695327452118579),.UNSPECIFIED.)
CURVE()
GEOMETRIC_REPRESENTATION_ITEM()
RATIONAL_B_SPLINE_CURVE((1.,1.00026774929004,1.00021529917855))
REPRESENTATION_ITEM('')
);
#230=(
BOUNDED_CURVE()
B_SPLINE_CURVE(2,(#8385,#8386,#8387),.UNSPECIFIED.,.F.,.F.)
B_SPLINE_CURVE_WITH_KNOTS((3,3),(0.0467531883421043,0.116285933554048),
 .UNSPECIFIED.)
CURVE()
GEOMETRIC_REPRESENTATION_ITEM()
RATIONAL_B_SPLINE_CURVE((1.00021529917668,1.00026774928772,1.))
REPRESENTATION_ITEM('')
);
#231=(
BOUNDED_CURVE()
B_SPLINE_CURVE(2,(#8391,#8392,#8393),.UNSPECIFIED.,.F.,.F.)
B_SPLINE_CURVE_WITH_KNOTS((3,3),(0.,0.0695327452118934),.UNSPECIFIED.)
CURVE()
GEOMETRIC_REPRESENTATION_ITEM()
RATIONAL_B_SPLINE_CURVE((1.,1.00026774928793,1.00021529917686))
REPRESENTATION_ITEM('')
);
#232=(
BOUNDED_CURVE()
B_SPLINE_CURVE(2,(#8401,#8402,#8403),.UNSPECIFIED.,.F.,.F.)
B_SPLINE_CURVE_WITH_KNOTS((3,3),(0.0467531883421596,0.116285933554048),
 .UNSPECIFIED.)
CURVE()
GEOMETRIC_REPRESENTATION_ITEM()
RATIONAL_B_SPLINE_CURVE((1.00021529917785,1.00026774928917,1.))
REPRESENTATION_ITEM('')
);
#233=(
BOUNDED_CURVE()
B_SPLINE_CURVE(2,(#8407,#8408,#8409),.UNSPECIFIED.,.F.,.F.)
B_SPLINE_CURVE_WITH_KNOTS((3,3),(0.,0.069532745211951),.UNSPECIFIED.)
CURVE()
GEOMETRIC_REPRESENTATION_ITEM()
RATIONAL_B_SPLINE_CURVE((1.,1.00026774928672,1.00021529917589))
REPRESENTATION_ITEM('')
);
#234=(
BOUNDED_CURVE()
B_SPLINE_CURVE(2,(#8417,#8418,#8419),.UNSPECIFIED.,.F.,.F.)
B_SPLINE_CURVE_WITH_KNOTS((3,3),(0.0467531883422264,0.116285933554048),
 .UNSPECIFIED.)
CURVE()
GEOMETRIC_REPRESENTATION_ITEM()
RATIONAL_B_SPLINE_CURVE((1.00021529917673,1.00026774928777,1.))
REPRESENTATION_ITEM('')
);
#235=(
BOUNDED_CURVE()
B_SPLINE_CURVE(2,(#8423,#8424,#8425),.UNSPECIFIED.,.F.,.F.)
B_SPLINE_CURVE_WITH_KNOTS((3,3),(0.,0.0695327452119573),.UNSPECIFIED.)
CURVE()
GEOMETRIC_REPRESENTATION_ITEM()
RATIONAL_B_SPLINE_CURVE((1.,1.00026774928714,1.00021529917622))
REPRESENTATION_ITEM('')
);
#236=(
BOUNDED_CURVE()
B_SPLINE_CURVE(2,(#8433,#8434,#8435),.UNSPECIFIED.,.F.,.F.)
B_SPLINE_CURVE_WITH_KNOTS((3,3),(0.0467531883421878,0.116285933554048),
 .UNSPECIFIED.)
CURVE()
GEOMETRIC_REPRESENTATION_ITEM()
RATIONAL_B_SPLINE_CURVE((1.00021529917664,1.00026774928766,1.))
REPRESENTATION_ITEM('')
);
#237=(
BOUNDED_CURVE()
B_SPLINE_CURVE(2,(#8439,#8440,#8441),.UNSPECIFIED.,.F.,.F.)
B_SPLINE_CURVE_WITH_KNOTS((3,3),(0.,0.0695327452119219),.UNSPECIFIED.)
CURVE()
GEOMETRIC_REPRESENTATION_ITEM()
RATIONAL_B_SPLINE_CURVE((1.,1.00026774928787,1.00021529917681))
REPRESENTATION_ITEM('')
);
#238=(
BOUNDED_CURVE()
B_SPLINE_CURVE(2,(#8449,#8450,#8451),.UNSPECIFIED.,.F.,.F.)
B_SPLINE_CURVE_WITH_KNOTS((3,3),(0.0467531883421207,0.116285933554048),
 .UNSPECIFIED.)
CURVE()
GEOMETRIC_REPRESENTATION_ITEM()
RATIONAL_B_SPLINE_CURVE((1.00021529917773,1.00026774928902,1.))
REPRESENTATION_ITEM('')
);
#239=(
BOUNDED_CURVE()
B_SPLINE_CURVE(2,(#8455,#8456,#8457),.UNSPECIFIED.,.F.,.F.)
B_SPLINE_CURVE_WITH_KNOTS((3,3),(0.,0.0695327452119893),.UNSPECIFIED.)
CURVE()
GEOMETRIC_REPRESENTATION_ITEM()
RATIONAL_B_SPLINE_CURVE((1.,1.00026774928768,1.00021529917665))
REPRESENTATION_ITEM('')
);
#240=(
BOUNDED_CURVE()
B_SPLINE_CURVE(2,(#8465,#8466,#8467),.UNSPECIFIED.,.F.,.F.)
B_SPLINE_CURVE_WITH_KNOTS((3,3),(0.0467531883423192,0.116285933554049),
 .UNSPECIFIED.)
CURVE()
GEOMETRIC_REPRESENTATION_ITEM()
RATIONAL_B_SPLINE_CURVE((1.00021529917743,1.00026774928864,1.))
REPRESENTATION_ITEM('')
);
#241=(
BOUNDED_CURVE()
B_SPLINE_CURVE(2,(#8471,#8472,#8473),.UNSPECIFIED.,.F.,.F.)
B_SPLINE_CURVE_WITH_KNOTS((3,3),(0.,0.0695327452118851),.UNSPECIFIED.)
CURVE()
GEOMETRIC_REPRESENTATION_ITEM()
RATIONAL_B_SPLINE_CURVE((1.,1.00026774928658,1.00021529917577))
REPRESENTATION_ITEM('')
);
#242=(
BOUNDED_CURVE()
B_SPLINE_CURVE(2,(#8481,#8482,#8483),.UNSPECIFIED.,.F.,.F.)
B_SPLINE_CURVE_WITH_KNOTS((3,3),(0.0467531883421015,0.116285933554049),
 .UNSPECIFIED.)
CURVE()
GEOMETRIC_REPRESENTATION_ITEM()
RATIONAL_B_SPLINE_CURVE((1.00021529917818,1.00026774928957,1.))
REPRESENTATION_ITEM('')
);
#243=(
BOUNDED_CURVE()
B_SPLINE_CURVE(2,(#8487,#8488,#8489),.UNSPECIFIED.,.F.,.F.)
B_SPLINE_CURVE_WITH_KNOTS((3,3),(0.,0.0695327452119901),.UNSPECIFIED.)
CURVE()
GEOMETRIC_REPRESENTATION_ITEM()
RATIONAL_B_SPLINE_CURVE((1.,1.00026774928742,1.00021529917644))
REPRESENTATION_ITEM('')
);
#244=(
BOUNDED_CURVE()
B_SPLINE_CURVE(2,(#8497,#8498,#8499),.UNSPECIFIED.,.F.,.F.)
B_SPLINE_CURVE_WITH_KNOTS((3,3),(0.046753188342173,0.116285933554048),
 .UNSPECIFIED.)
CURVE()
GEOMETRIC_REPRESENTATION_ITEM()
RATIONAL_B_SPLINE_CURVE((1.00021529917808,1.00026774928945,1.))
REPRESENTATION_ITEM('')
);
#245=(
BOUNDED_CURVE()
B_SPLINE_CURVE(2,(#8503,#8504,#8505),.UNSPECIFIED.,.F.,.F.)
B_SPLINE_CURVE_WITH_KNOTS((3,3),(0.,0.0695327452118514),.UNSPECIFIED.)
CURVE()
GEOMETRIC_REPRESENTATION_ITEM()
RATIONAL_B_SPLINE_CURVE((1.,1.00026774928746,1.00021529917648))
REPRESENTATION_ITEM('')
);
#246=(
BOUNDED_CURVE()
B_SPLINE_CURVE(2,(#8513,#8514,#8515),.UNSPECIFIED.,.F.,.F.)
B_SPLINE_CURVE_WITH_KNOTS((3,3),(0.0467531883421333,0.116285933554048),
 .UNSPECIFIED.)
CURVE()
GEOMETRIC_REPRESENTATION_ITEM()
RATIONAL_B_SPLINE_CURVE((1.00021529917778,1.00026774928908,1.))
REPRESENTATION_ITEM('')
);
#247=(
BOUNDED_CURVE()
B_SPLINE_CURVE(2,(#8519,#8520,#8521),.UNSPECIFIED.,.F.,.F.)
B_SPLINE_CURVE_WITH_KNOTS((3,3),(0.,0.0695327452119432),.UNSPECIFIED.)
CURVE()
GEOMETRIC_REPRESENTATION_ITEM()
RATIONAL_B_SPLINE_CURVE((1.,1.00026774928863,1.00021529917742))
REPRESENTATION_ITEM('')
);
#248=(
BOUNDED_CURVE()
B_SPLINE_CURVE(2,(#8529,#8530,#8531),.UNSPECIFIED.,.F.,.F.)
B_SPLINE_CURVE_WITH_KNOTS((3,3),(0.0467531883421377,0.116285933554048),
 .UNSPECIFIED.)
CURVE()
GEOMETRIC_REPRESENTATION_ITEM()
RATIONAL_B_SPLINE_CURVE((1.00021529917783,1.00026774928914,1.))
REPRESENTATION_ITEM('')
);
#249=(
BOUNDED_CURVE()
B_SPLINE_CURVE(2,(#8535,#8536,#8537),.UNSPECIFIED.,.F.,.F.)
B_SPLINE_CURVE_WITH_KNOTS((3,3),(0.,0.0695327452118871),.UNSPECIFIED.)
CURVE()
GEOMETRIC_REPRESENTATION_ITEM()
RATIONAL_B_SPLINE_CURVE((1.,1.00026774928699,1.0002152991761))
REPRESENTATION_ITEM('')
);
#250=(
BOUNDED_CURVE()
B_SPLINE_CURVE(2,(#8545,#8546,#8547),.UNSPECIFIED.,.F.,.F.)
B_SPLINE_CURVE_WITH_KNOTS((3,3),(0.0467531883423109,0.116285933554048),
 .UNSPECIFIED.)
CURVE()
GEOMETRIC_REPRESENTATION_ITEM()
RATIONAL_B_SPLINE_CURVE((1.00021529917819,1.00026774928958,1.))
REPRESENTATION_ITEM('')
);
#251=(
BOUNDED_CURVE()
B_SPLINE_CURVE(2,(#8551,#8552,#8553),.UNSPECIFIED.,.F.,.F.)
B_SPLINE_CURVE_WITH_KNOTS((3,3),(0.,0.0695327452119488),.UNSPECIFIED.)
CURVE()
GEOMETRIC_REPRESENTATION_ITEM()
RATIONAL_B_SPLINE_CURVE((1.,1.00026774928935,1.000215299178))
REPRESENTATION_ITEM('')
);
#252=(
BOUNDED_CURVE()
B_SPLINE_CURVE(2,(#8561,#8562,#8563),.UNSPECIFIED.,.F.,.F.)
B_SPLINE_CURVE_WITH_KNOTS((3,3),(0.0467531883421905,0.116285933554048),
 .UNSPECIFIED.)
CURVE()
GEOMETRIC_REPRESENTATION_ITEM()
RATIONAL_B_SPLINE_CURVE((1.00021529917823,1.00026774928963,1.))
REPRESENTATION_ITEM('')
);
#253=(
BOUNDED_CURVE()
B_SPLINE_CURVE(2,(#8567,#8568,#8569),.UNSPECIFIED.,.F.,.F.)
B_SPLINE_CURVE_WITH_KNOTS((3,3),(0.,0.0695327452119595),.UNSPECIFIED.)
CURVE()
GEOMETRIC_REPRESENTATION_ITEM()
RATIONAL_B_SPLINE_CURVE((1.,1.00026774929084,1.00021529917919))
REPRESENTATION_ITEM('')
);
#254=(
BOUNDED_CURVE()
B_SPLINE_CURVE(2,(#8577,#8578,#8579),.UNSPECIFIED.,.F.,.F.)
B_SPLINE_CURVE_WITH_KNOTS((3,3),(0.0467531883421712,0.116285933554048),
 .UNSPECIFIED.)
CURVE()
GEOMETRIC_REPRESENTATION_ITEM()
RATIONAL_B_SPLINE_CURVE((1.0002152991768,1.00026774928786,1.))
REPRESENTATION_ITEM('')
);
#255=(
BOUNDED_CURVE()
B_SPLINE_CURVE(2,(#8583,#8584,#8585),.UNSPECIFIED.,.F.,.F.)
B_SPLINE_CURVE_WITH_KNOTS((3,3),(0.,0.0695327452119184),.UNSPECIFIED.)
CURVE()
GEOMETRIC_REPRESENTATION_ITEM()
RATIONAL_B_SPLINE_CURVE((1.,1.00026774928691,1.00021529917603))
REPRESENTATION_ITEM('')
);
#256=(
BOUNDED_CURVE()
B_SPLINE_CURVE(2,(#8593,#8594,#8595),.UNSPECIFIED.,.F.,.F.)
B_SPLINE_CURVE_WITH_KNOTS((3,3),(0.0467531883421134,0.116285933554048),
 .UNSPECIFIED.)
CURVE()
GEOMETRIC_REPRESENTATION_ITEM()
RATIONAL_B_SPLINE_CURVE((1.00021529917724,1.00026774928841,1.))
REPRESENTATION_ITEM('')
);
#257=(
BOUNDED_CURVE()
B_SPLINE_CURVE(2,(#8599,#8600,#8601),.UNSPECIFIED.,.F.,.F.)
B_SPLINE_CURVE_WITH_KNOTS((3,3),(0.,0.0695327452119084),.UNSPECIFIED.)
CURVE()
GEOMETRIC_REPRESENTATION_ITEM()
RATIONAL_B_SPLINE_CURVE((1.,1.00026774928488,1.00021529917441))
REPRESENTATION_ITEM('')
);
#258=(
BOUNDED_CURVE()
B_SPLINE_CURVE(2,(#8609,#8610,#8611),.UNSPECIFIED.,.F.,.F.)
B_SPLINE_CURVE_WITH_KNOTS((3,3),(0.0467531883422732,0.116285933554048),
 .UNSPECIFIED.)
CURVE()
GEOMETRIC_REPRESENTATION_ITEM()
RATIONAL_B_SPLINE_CURVE((1.00021529917709,1.00026774928822,1.))
REPRESENTATION_ITEM('')
);
#259=(
BOUNDED_CURVE()
B_SPLINE_CURVE(2,(#8615,#8616,#8617),.UNSPECIFIED.,.F.,.F.)
B_SPLINE_CURVE_WITH_KNOTS((3,3),(0.,0.0695327452119925),.UNSPECIFIED.)
CURVE()
GEOMETRIC_REPRESENTATION_ITEM()
RATIONAL_B_SPLINE_CURVE((1.,1.00026774928684,1.00021529917598))
REPRESENTATION_ITEM('')
);
#260=(
BOUNDED_CURVE()
B_SPLINE_CURVE(2,(#8625,#8626,#8627),.UNSPECIFIED.,.F.,.F.)
B_SPLINE_CURVE_WITH_KNOTS((3,3),(0.0467531883421269,0.116285933554049),
 .UNSPECIFIED.)
CURVE()
GEOMETRIC_REPRESENTATION_ITEM()
RATIONAL_B_SPLINE_CURVE((1.00021529917753,1.00026774928876,1.))
REPRESENTATION_ITEM('')
);
#261=(
BOUNDED_CURVE()
B_SPLINE_CURVE(2,(#8631,#8632,#8633),.UNSPECIFIED.,.F.,.F.)
B_SPLINE_CURVE_WITH_KNOTS((3,3),(0.,0.0695327452119272),.UNSPECIFIED.)
CURVE()
GEOMETRIC_REPRESENTATION_ITEM()
RATIONAL_B_SPLINE_CURVE((1.,1.000267749287,1.00021529917611))
REPRESENTATION_ITEM('')
);
#262=(
BOUNDED_CURVE()
B_SPLINE_CURVE(2,(#8641,#8642,#8643),.UNSPECIFIED.,.F.,.F.)
B_SPLINE_CURVE_WITH_KNOTS((3,3),(0.0467531883421744,0.116285933554048),
 .UNSPECIFIED.)
CURVE()
GEOMETRIC_REPRESENTATION_ITEM()
RATIONAL_B_SPLINE_CURVE((1.00021529917603,1.0002677492869,1.))
REPRESENTATION_ITEM('')
);
#263=(
BOUNDED_CURVE()
B_SPLINE_CURVE(2,(#8647,#8648,#8649),.UNSPECIFIED.,.F.,.F.)
B_SPLINE_CURVE_WITH_KNOTS((3,3),(0.,0.0695327452118593),.UNSPECIFIED.)
CURVE()
GEOMETRIC_REPRESENTATION_ITEM()
RATIONAL_B_SPLINE_CURVE((1.,1.00026774928748,1.0002152991765))
REPRESENTATION_ITEM('')
);
#264=(
BOUNDED_CURVE()
B_SPLINE_CURVE(2,(#8657,#8658,#8659),.UNSPECIFIED.,.F.,.F.)
B_SPLINE_CURVE_WITH_KNOTS((3,3),(0.0467531883421049,0.116285933554048),
 .UNSPECIFIED.)
CURVE()
GEOMETRIC_REPRESENTATION_ITEM()
RATIONAL_B_SPLINE_CURVE((1.00021529917893,1.0002677492905,1.))
REPRESENTATION_ITEM('')
);
#265=(
BOUNDED_CURVE()
B_SPLINE_CURVE(2,(#8663,#8664,#8665),.UNSPECIFIED.,.F.,.F.)
B_SPLINE_CURVE_WITH_KNOTS((3,3),(0.,0.069532745211817),.UNSPECIFIED.)
CURVE()
GEOMETRIC_REPRESENTATION_ITEM()
RATIONAL_B_SPLINE_CURVE((1.,1.0002677492875,1.00021529917651))
REPRESENTATION_ITEM('')
);
#266=(
BOUNDED_CURVE()
B_SPLINE_CURVE(2,(#8673,#8674,#8675),.UNSPECIFIED.,.F.,.F.)
B_SPLINE_CURVE_WITH_KNOTS((3,3),(0.0467531883421897,0.116285933554048),
 .UNSPECIFIED.)
CURVE()
GEOMETRIC_REPRESENTATION_ITEM()
RATIONAL_B_SPLINE_CURVE((1.00021529917768,1.00026774928895,1.))
REPRESENTATION_ITEM('')
);
#267=(
BOUNDED_CURVE()
B_SPLINE_CURVE(2,(#8679,#8680,#8681),.UNSPECIFIED.,.F.,.F.)
B_SPLINE_CURVE_WITH_KNOTS((3,3),(0.,0.0695327452119891),.UNSPECIFIED.)
CURVE()
GEOMETRIC_REPRESENTATION_ITEM()
RATIONAL_B_SPLINE_CURVE((1.,1.00026774928864,1.00021529917742))
REPRESENTATION_ITEM('')
);
#268=(
BOUNDED_CURVE()
B_SPLINE_CURVE(2,(#8689,#8690,#8691),.UNSPECIFIED.,.F.,.F.)
B_SPLINE_CURVE_WITH_KNOTS((3,3),(0.0467531883421655,0.116285933554049),
 .UNSPECIFIED.)
CURVE()
GEOMETRIC_REPRESENTATION_ITEM()
RATIONAL_B_SPLINE_CURVE((1.000215299177,1.0002677492881,1.))
REPRESENTATION_ITEM('')
);
#269=(
BOUNDED_CURVE()
B_SPLINE_CURVE(2,(#8695,#8696,#8697),.UNSPECIFIED.,.F.,.F.)
B_SPLINE_CURVE_WITH_KNOTS((3,3),(0.,0.069532745211824),.UNSPECIFIED.)
CURVE()
GEOMETRIC_REPRESENTATION_ITEM()
RATIONAL_B_SPLINE_CURVE((1.,1.00026774928902,1.00021529917773))
REPRESENTATION_ITEM('')
);
#270=(
BOUNDED_CURVE()
B_SPLINE_CURVE(2,(#8705,#8706,#8707),.UNSPECIFIED.,.F.,.F.)
B_SPLINE_CURVE_WITH_KNOTS((3,3),(0.0467531883421511,0.116285933554048),
 .UNSPECIFIED.)
CURVE()
GEOMETRIC_REPRESENTATION_ITEM()
RATIONAL_B_SPLINE_CURVE((1.00021529917565,1.00026774928643,1.))
REPRESENTATION_ITEM('')
);
#271=(
BOUNDED_CURVE()
B_SPLINE_CURVE(2,(#8711,#8712,#8713),.UNSPECIFIED.,.F.,.F.)
B_SPLINE_CURVE_WITH_KNOTS((3,3),(0.,0.0695327452119017),.UNSPECIFIED.)
CURVE()
GEOMETRIC_REPRESENTATION_ITEM()
RATIONAL_B_SPLINE_CURVE((1.,1.00026774928535,1.00021529917478))
REPRESENTATION_ITEM('')
);
#272=(
BOUNDED_CURVE()
B_SPLINE_CURVE(2,(#8721,#8722,#8723),.UNSPECIFIED.,.F.,.F.)
B_SPLINE_CURVE_WITH_KNOTS((3,3),(0.046753188342128,0.116285933554048),
 .UNSPECIFIED.)
CURVE()
GEOMETRIC_REPRESENTATION_ITEM()
RATIONAL_B_SPLINE_CURVE((1.00021529917444,1.00026774928493,1.))
REPRESENTATION_ITEM('')
);
#273=(
BOUNDED_CURVE()
B_SPLINE_CURVE(2,(#8727,#8728,#8729),.UNSPECIFIED.,.F.,.F.)
B_SPLINE_CURVE_WITH_KNOTS((3,3),(0.,0.0695327452118738),.UNSPECIFIED.)
CURVE()
GEOMETRIC_REPRESENTATION_ITEM()
RATIONAL_B_SPLINE_CURVE((1.,1.00026774928577,1.00021529917512))
REPRESENTATION_ITEM('')
);
#274=(
BOUNDED_CURVE()
B_SPLINE_CURVE(2,(#8737,#8738,#8739),.UNSPECIFIED.,.F.,.F.)
B_SPLINE_CURVE_WITH_KNOTS((3,3),(0.0467531883422366,0.116285933554048),
 .UNSPECIFIED.)
CURVE()
GEOMETRIC_REPRESENTATION_ITEM()
RATIONAL_B_SPLINE_CURVE((1.00021529917647,1.00026774928745,1.))
REPRESENTATION_ITEM('')
);
#275=(
BOUNDED_CURVE()
B_SPLINE_CURVE(2,(#8743,#8744,#8745),.UNSPECIFIED.,.F.,.F.)
B_SPLINE_CURVE_WITH_KNOTS((3,3),(0.,0.0695327452118328),.UNSPECIFIED.)
CURVE()
GEOMETRIC_REPRESENTATION_ITEM()
RATIONAL_B_SPLINE_CURVE((1.,1.00026774928931,1.00021529917796))
REPRESENTATION_ITEM('')
);
#276=(
BOUNDED_CURVE()
B_SPLINE_CURVE(2,(#8753,#8754,#8755),.UNSPECIFIED.,.F.,.F.)
B_SPLINE_CURVE_WITH_KNOTS((3,3),(0.0467531883421942,0.116285933554049),
 .UNSPECIFIED.)
CURVE()
GEOMETRIC_REPRESENTATION_ITEM()
RATIONAL_B_SPLINE_CURVE((1.00021529917877,1.00026774929032,1.))
REPRESENTATION_ITEM('')
);
#277=(
BOUNDED_CURVE()
B_SPLINE_CURVE(2,(#8759,#8760,#8761),.UNSPECIFIED.,.F.,.F.)
B_SPLINE_CURVE_WITH_KNOTS((3,3),(0.,0.0695327452119573),.UNSPECIFIED.)
CURVE()
GEOMETRIC_REPRESENTATION_ITEM()
RATIONAL_B_SPLINE_CURVE((1.,1.00026774928714,1.00021529917622))
REPRESENTATION_ITEM('')
);
#278=(
BOUNDED_CURVE()
B_SPLINE_CURVE(2,(#8769,#8770,#8771),.UNSPECIFIED.,.F.,.F.)
B_SPLINE_CURVE_WITH_KNOTS((3,3),(0.0467531883420568,0.116285933554048),
 .UNSPECIFIED.)
CURVE()
GEOMETRIC_REPRESENTATION_ITEM()
RATIONAL_B_SPLINE_CURVE((1.00021529917618,1.00026774928709,1.))
REPRESENTATION_ITEM('')
);
#279=(
BOUNDED_CURVE()
B_SPLINE_CURVE(2,(#8775,#8776,#8777),.UNSPECIFIED.,.F.,.F.)
B_SPLINE_CURVE_WITH_KNOTS((3,3),(0.,0.0695327452119004),.UNSPECIFIED.)
CURVE()
GEOMETRIC_REPRESENTATION_ITEM()
RATIONAL_B_SPLINE_CURVE((1.,1.00026774928515,1.00021529917462))
REPRESENTATION_ITEM('')
);
#280=(
BOUNDED_CURVE()
B_SPLINE_CURVE(2,(#8785,#8786,#8787),.UNSPECIFIED.,.F.,.F.)
B_SPLINE_CURVE_WITH_KNOTS((3,3),(0.0467531883422028,0.116285933554049),
 .UNSPECIFIED.)
CURVE()
GEOMETRIC_REPRESENTATION_ITEM()
RATIONAL_B_SPLINE_CURVE((1.00021529917821,1.00026774928962,1.))
REPRESENTATION_ITEM('')
);
#281=(
BOUNDED_CURVE()
B_SPLINE_CURVE(2,(#8791,#8792,#8793),.UNSPECIFIED.,.F.,.F.)
B_SPLINE_CURVE_WITH_KNOTS((3,3),(0.,0.0695327452119224),.UNSPECIFIED.)
CURVE()
GEOMETRIC_REPRESENTATION_ITEM()
RATIONAL_B_SPLINE_CURVE((1.,1.00026774928864,1.00021529917743))
REPRESENTATION_ITEM('')
);
#282=(
BOUNDED_CURVE()
B_SPLINE_CURVE(2,(#8801,#8802,#8803),.UNSPECIFIED.,.F.,.F.)
B_SPLINE_CURVE_WITH_KNOTS((3,3),(0.0467531883422174,0.116285933554049),
 .UNSPECIFIED.)
CURVE()
GEOMETRIC_REPRESENTATION_ITEM()
RATIONAL_B_SPLINE_CURVE((1.00021529917925,1.0002677492909,1.))
REPRESENTATION_ITEM('')
);
#283=(
BOUNDED_CURVE()
B_SPLINE_CURVE(2,(#8807,#8808,#8809),.UNSPECIFIED.,.F.,.F.)
B_SPLINE_CURVE_WITH_KNOTS((3,3),(0.,0.0695327452118847),.UNSPECIFIED.)
CURVE()
GEOMETRIC_REPRESENTATION_ITEM()
RATIONAL_B_SPLINE_CURVE((1.,1.00026774928674,1.0002152991759))
REPRESENTATION_ITEM('')
);
#284=(
BOUNDED_CURVE()
B_SPLINE_CURVE(2,(#8817,#8818,#8819),.UNSPECIFIED.,.F.,.F.)
B_SPLINE_CURVE_WITH_KNOTS((3,3),(0.0467531883420599,0.116285933554048),
 .UNSPECIFIED.)
CURVE()
GEOMETRIC_REPRESENTATION_ITEM()
RATIONAL_B_SPLINE_CURVE((1.00021529917755,1.00026774928879,1.))
REPRESENTATION_ITEM('')
);
#285=(
BOUNDED_CURVE()
B_SPLINE_CURVE(2,(#8823,#8824,#8825),.UNSPECIFIED.,.F.,.F.)
B_SPLINE_CURVE_WITH_KNOTS((3,3),(0.,0.0695327452119901),.UNSPECIFIED.)
CURVE()
GEOMETRIC_REPRESENTATION_ITEM()
RATIONAL_B_SPLINE_CURVE((1.,1.00026774928742,1.00021529917644))
REPRESENTATION_ITEM('')
);
#286=(
BOUNDED_CURVE()
B_SPLINE_CURVE(2,(#8833,#8834,#8835),.UNSPECIFIED.,.F.,.F.)
B_SPLINE_CURVE_WITH_KNOTS((3,3),(0.0467531883421583,0.116285933554048),
 .UNSPECIFIED.)
CURVE()
GEOMETRIC_REPRESENTATION_ITEM()
RATIONAL_B_SPLINE_CURVE((1.00021529917518,1.00026774928585,1.))
REPRESENTATION_ITEM('')
);
#287=(
BOUNDED_CURVE()
B_SPLINE_CURVE(2,(#8839,#8840,#8841),.UNSPECIFIED.,.F.,.F.)
B_SPLINE_CURVE_WITH_KNOTS((3,3),(0.,0.0695327452118647),.UNSPECIFIED.)
CURVE()
GEOMETRIC_REPRESENTATION_ITEM()
RATIONAL_B_SPLINE_CURVE((1.,1.00026774929003,1.00021529917855))
REPRESENTATION_ITEM('')
);
#288=(
BOUNDED_CURVE()
B_SPLINE_CURVE(2,(#8849,#8850,#8851),.UNSPECIFIED.,.F.,.F.)
B_SPLINE_CURVE_WITH_KNOTS((3,3),(0.0467531883421196,0.116285933554048),
 .UNSPECIFIED.)
CURVE()
GEOMETRIC_REPRESENTATION_ITEM()
RATIONAL_B_SPLINE_CURVE((1.0002152991774,1.00026774928861,1.))
REPRESENTATION_ITEM('')
);
#289=(
BOUNDED_CURVE()
B_SPLINE_CURVE(2,(#8855,#8856,#8857),.UNSPECIFIED.,.F.,.F.)
B_SPLINE_CURVE_WITH_KNOTS((3,3),(0.,0.0695327452118819),.UNSPECIFIED.)
CURVE()
GEOMETRIC_REPRESENTATION_ITEM()
RATIONAL_B_SPLINE_CURVE((1.,1.00026774928828,1.00021529917714))
REPRESENTATION_ITEM('')
);
#290=(
BOUNDED_CURVE()
B_SPLINE_CURVE(2,(#8865,#8866,#8867),.UNSPECIFIED.,.F.,.F.)
B_SPLINE_CURVE_WITH_KNOTS((3,3),(0.0467531883421352,0.116285933554049),
 .UNSPECIFIED.)
CURVE()
GEOMETRIC_REPRESENTATION_ITEM()
RATIONAL_B_SPLINE_CURVE((1.00021529917744,1.00026774928865,1.))
REPRESENTATION_ITEM('')
);
#291=(
BOUNDED_CURVE()
B_SPLINE_CURVE(2,(#8871,#8872,#8873),.UNSPECIFIED.,.F.,.F.)
B_SPLINE_CURVE_WITH_KNOTS((3,3),(0.,0.0695327452120371),.UNSPECIFIED.)
CURVE()
GEOMETRIC_REPRESENTATION_ITEM()
RATIONAL_B_SPLINE_CURVE((1.,1.00026774929009,1.00021529917859))
REPRESENTATION_ITEM('')
);
#292=(
BOUNDED_CURVE()
B_SPLINE_CURVE(2,(#8881,#8882,#8883),.UNSPECIFIED.,.F.,.F.)
B_SPLINE_CURVE_WITH_KNOTS((3,3),(0.0467531883423109,0.116285933554048),
 .UNSPECIFIED.)
CURVE()
GEOMETRIC_REPRESENTATION_ITEM()
RATIONAL_B_SPLINE_CURVE((1.00021529917819,1.00026774928958,1.))
REPRESENTATION_ITEM('')
);
#293=(
BOUNDED_CURVE()
B_SPLINE_CURVE(2,(#8887,#8888,#8889),.UNSPECIFIED.,.F.,.F.)
B_SPLINE_CURVE_WITH_KNOTS((3,3),(0.,0.0695327452119488),.UNSPECIFIED.)
CURVE()
GEOMETRIC_REPRESENTATION_ITEM()
RATIONAL_B_SPLINE_CURVE((1.,1.00026774928935,1.000215299178))
REPRESENTATION_ITEM('')
);
#294=(
BOUNDED_CURVE()
B_SPLINE_CURVE(2,(#8897,#8898,#8899),.UNSPECIFIED.,.F.,.F.)
B_SPLINE_CURVE_WITH_KNOTS((3,3),(0.0467531883422593,0.116285933554048),
 .UNSPECIFIED.)
CURVE()
GEOMETRIC_REPRESENTATION_ITEM()
RATIONAL_B_SPLINE_CURVE((1.00021529917609,1.00026774928697,1.))
REPRESENTATION_ITEM('')
);
#295=(
BOUNDED_CURVE()
B_SPLINE_CURVE(2,(#8903,#8904,#8905),.UNSPECIFIED.,.F.,.F.)
B_SPLINE_CURVE_WITH_KNOTS((3,3),(0.,0.0695327452119554),.UNSPECIFIED.)
CURVE()
GEOMETRIC_REPRESENTATION_ITEM()
RATIONAL_B_SPLINE_CURVE((1.,1.0002677492891,1.0002152991778))
REPRESENTATION_ITEM('')
);
#296=(
BOUNDED_CURVE()
B_SPLINE_CURVE(2,(#8913,#8914,#8915),.UNSPECIFIED.,.F.,.F.)
B_SPLINE_CURVE_WITH_KNOTS((3,3),(0.0467531883421962,0.116285933554048),
 .UNSPECIFIED.)
CURVE()
GEOMETRIC_REPRESENTATION_ITEM()
RATIONAL_B_SPLINE_CURVE((1.00021529917831,1.00026774928974,1.))
REPRESENTATION_ITEM('')
);
#297=(
BOUNDED_CURVE()
B_SPLINE_CURVE(2,(#8919,#8920,#8921),.UNSPECIFIED.,.F.,.F.)
B_SPLINE_CURVE_WITH_KNOTS((3,3),(0.,0.0695327452119968),.UNSPECIFIED.)
CURVE()
GEOMETRIC_REPRESENTATION_ITEM()
RATIONAL_B_SPLINE_CURVE((1.,1.00026774928803,1.00021529917693))
REPRESENTATION_ITEM('')
);
#298=(
BOUNDED_CURVE()
B_SPLINE_CURVE(2,(#8929,#8930,#8931),.UNSPECIFIED.,.F.,.F.)
B_SPLINE_CURVE_WITH_KNOTS((3,3),(0.0467531883421047,0.116285933554048),
 .UNSPECIFIED.)
CURVE()
GEOMETRIC_REPRESENTATION_ITEM()
RATIONAL_B_SPLINE_CURVE((1.00021529917776,1.00026774928905,1.))
REPRESENTATION_ITEM('')
);
#299=(
BOUNDED_CURVE()
B_SPLINE_CURVE(2,(#8935,#8936,#8937),.UNSPECIFIED.,.F.,.F.)
B_SPLINE_CURVE_WITH_KNOTS((3,3),(0.,0.0695327452119262),.UNSPECIFIED.)
CURVE()
GEOMETRIC_REPRESENTATION_ITEM()
RATIONAL_B_SPLINE_CURVE((1.,1.00026774928579,1.00021529917513))
REPRESENTATION_ITEM('')
);
#300=(
BOUNDED_CURVE()
B_SPLINE_CURVE(2,(#8945,#8946,#8947),.UNSPECIFIED.,.F.,.F.)
B_SPLINE_CURVE_WITH_KNOTS((3,3),(0.0467531883422692,0.116285933554049),
 .UNSPECIFIED.)
CURVE()
GEOMETRIC_REPRESENTATION_ITEM()
RATIONAL_B_SPLINE_CURVE((1.00021529917699,1.00026774928809,1.))
REPRESENTATION_ITEM('')
);
#301=(
BOUNDED_CURVE()
B_SPLINE_CURVE(2,(#8951,#8952,#8953),.UNSPECIFIED.,.F.,.F.)
B_SPLINE_CURVE_WITH_KNOTS((3,3),(0.,0.0695327452119875),.UNSPECIFIED.)
CURVE()
GEOMETRIC_REPRESENTATION_ITEM()
RATIONAL_B_SPLINE_CURVE((1.,1.00026774928738,1.00021529917642))
REPRESENTATION_ITEM('')
);
#302=(
BOUNDED_CURVE()
B_SPLINE_CURVE(2,(#8961,#8962,#8963),.UNSPECIFIED.,.F.,.F.)
B_SPLINE_CURVE_WITH_KNOTS((3,3),(0.0467531883421269,0.116285933554049),
 .UNSPECIFIED.)
CURVE()
GEOMETRIC_REPRESENTATION_ITEM()
RATIONAL_B_SPLINE_CURVE((1.00021529917753,1.00026774928876,1.))
REPRESENTATION_ITEM('')
);
#303=(
BOUNDED_CURVE()
B_SPLINE_CURVE(2,(#8967,#8968,#8969),.UNSPECIFIED.,.F.,.F.)
B_SPLINE_CURVE_WITH_KNOTS((3,3),(0.,0.0695327452119115),.UNSPECIFIED.)
CURVE()
GEOMETRIC_REPRESENTATION_ITEM()
RATIONAL_B_SPLINE_CURVE((1.,1.00026774928511,1.00021529917459))
REPRESENTATION_ITEM('')
);
#304=(
BOUNDED_CURVE()
B_SPLINE_CURVE(2,(#8977,#8978,#8979),.UNSPECIFIED.,.F.,.F.)
B_SPLINE_CURVE_WITH_KNOTS((3,3),(0.0467531883421744,0.116285933554048),
 .UNSPECIFIED.)
CURVE()
GEOMETRIC_REPRESENTATION_ITEM()
RATIONAL_B_SPLINE_CURVE((1.00021529917603,1.0002677492869,1.))
REPRESENTATION_ITEM('')
);
#305=(
BOUNDED_CURVE()
B_SPLINE_CURVE(2,(#8983,#8984,#8985),.UNSPECIFIED.,.F.,.F.)
B_SPLINE_CURVE_WITH_KNOTS((3,3),(0.,0.0695327452118577),.UNSPECIFIED.)
CURVE()
GEOMETRIC_REPRESENTATION_ITEM()
RATIONAL_B_SPLINE_CURVE((1.,1.00026774928735,1.00021529917639))
REPRESENTATION_ITEM('')
);
#306=(
BOUNDED_CURVE()
B_SPLINE_CURVE(2,(#8993,#8994,#8995),.UNSPECIFIED.,.F.,.F.)
B_SPLINE_CURVE_WITH_KNOTS((3,3),(0.0467531883421648,0.116285933554048),
 .UNSPECIFIED.)
CURVE()
GEOMETRIC_REPRESENTATION_ITEM()
RATIONAL_B_SPLINE_CURVE((1.00021529917767,1.00026774928894,1.))
REPRESENTATION_ITEM('')
);
#307=(
BOUNDED_CURVE()
B_SPLINE_CURVE(2,(#8999,#9000,#9001),.UNSPECIFIED.,.F.,.F.)
B_SPLINE_CURVE_WITH_KNOTS((3,3),(0.,0.0695327452119378),.UNSPECIFIED.)
CURVE()
GEOMETRIC_REPRESENTATION_ITEM()
RATIONAL_B_SPLINE_CURVE((1.,1.00026774928932,1.00021529917797))
REPRESENTATION_ITEM('')
);
#308=(
BOUNDED_CURVE()
B_SPLINE_CURVE(2,(#9009,#9010,#9011),.UNSPECIFIED.,.F.,.F.)
B_SPLINE_CURVE_WITH_KNOTS((3,3),(0.0467531883421183,0.116285933554048),
 .UNSPECIFIED.)
CURVE()
GEOMETRIC_REPRESENTATION_ITEM()
RATIONAL_B_SPLINE_CURVE((1.00021529917943,1.00026774929113,1.))
REPRESENTATION_ITEM('')
);
#309=(
BOUNDED_CURVE()
B_SPLINE_CURVE(2,(#9015,#9016,#9017),.UNSPECIFIED.,.F.,.F.)
B_SPLINE_CURVE_WITH_KNOTS((3,3),(0.,0.0695327452119809),.UNSPECIFIED.)
CURVE()
GEOMETRIC_REPRESENTATION_ITEM()
RATIONAL_B_SPLINE_CURVE((1.,1.00026774928691,1.00021529917603))
REPRESENTATION_ITEM('')
);
#310=(
BOUNDED_CURVE()
B_SPLINE_CURVE(2,(#9025,#9026,#9027),.UNSPECIFIED.,.F.,.F.)
B_SPLINE_CURVE_WITH_KNOTS((3,3),(0.0467531883421655,0.116285933554049),
 .UNSPECIFIED.)
CURVE()
GEOMETRIC_REPRESENTATION_ITEM()
RATIONAL_B_SPLINE_CURVE((1.000215299177,1.0002677492881,1.))
REPRESENTATION_ITEM('')
);
#311=(
BOUNDED_CURVE()
B_SPLINE_CURVE(2,(#9031,#9032,#9033),.UNSPECIFIED.,.F.,.F.)
B_SPLINE_CURVE_WITH_KNOTS((3,3),(0.,0.0695327452118542),.UNSPECIFIED.)
CURVE()
GEOMETRIC_REPRESENTATION_ITEM()
RATIONAL_B_SPLINE_CURVE((1.,1.00026774928367,1.00021529917343))
REPRESENTATION_ITEM('')
);
#312=(
BOUNDED_CURVE()
B_SPLINE_CURVE(2,(#9041,#9042,#9043),.UNSPECIFIED.,.F.,.F.)
B_SPLINE_CURVE_WITH_KNOTS((3,3),(0.0467531883420685,0.116285933554048),
 .UNSPECIFIED.)
CURVE()
GEOMETRIC_REPRESENTATION_ITEM()
RATIONAL_B_SPLINE_CURVE((1.00021529917638,1.00026774928733,1.))
REPRESENTATION_ITEM('')
);
#313=(
BOUNDED_CURVE()
B_SPLINE_CURVE(2,(#9047,#9048,#9049),.UNSPECIFIED.,.F.,.F.)
B_SPLINE_CURVE_WITH_KNOTS((3,3),(0.,0.0695327452119267),.UNSPECIFIED.)
CURVE()
GEOMETRIC_REPRESENTATION_ITEM()
RATIONAL_B_SPLINE_CURVE((1.,1.00026774928861,1.0002152991774))
REPRESENTATION_ITEM('')
);
#314=(
BOUNDED_CURVE()
B_SPLINE_CURVE(2,(#9057,#9058,#9059),.UNSPECIFIED.,.F.,.F.)
B_SPLINE_CURVE_WITH_KNOTS((3,3),(0.0467531883421451,0.116285933554048),
 .UNSPECIFIED.)
CURVE()
GEOMETRIC_REPRESENTATION_ITEM()
RATIONAL_B_SPLINE_CURVE((1.00021529917851,1.00026774928998,1.))
REPRESENTATION_ITEM('')
);
#315=(
BOUNDED_CURVE()
B_SPLINE_CURVE(2,(#9063,#9064,#9065),.UNSPECIFIED.,.F.,.F.)
B_SPLINE_CURVE_WITH_KNOTS((3,3),(0.,0.0695327452118554),.UNSPECIFIED.)
CURVE()
GEOMETRIC_REPRESENTATION_ITEM()
RATIONAL_B_SPLINE_CURVE((1.,1.0002677492853,1.00021529917474))
REPRESENTATION_ITEM('')
);
#316=(
BOUNDED_CURVE()
B_SPLINE_CURVE(2,(#9073,#9074,#9075),.UNSPECIFIED.,.F.,.F.)
B_SPLINE_CURVE_WITH_KNOTS((3,3),(0.0467531883421538,0.116285933554048),
 .UNSPECIFIED.)
CURVE()
GEOMETRIC_REPRESENTATION_ITEM()
RATIONAL_B_SPLINE_CURVE((1.00021529917469,1.00026774928524,1.))
REPRESENTATION_ITEM('')
);
#317=(
BOUNDED_CURVE()
B_SPLINE_CURVE(2,(#9079,#9080,#9081),.UNSPECIFIED.,.F.,.F.)
B_SPLINE_CURVE_WITH_KNOTS((3,3),(0.,0.0695327452118781),.UNSPECIFIED.)
CURVE()
GEOMETRIC_REPRESENTATION_ITEM()
RATIONAL_B_SPLINE_CURVE((1.,1.00026774928723,1.00021529917629))
REPRESENTATION_ITEM('')
);
#318=(
BOUNDED_CURVE()
B_SPLINE_CURVE(2,(#9089,#9090,#9091),.UNSPECIFIED.,.F.,.F.)
B_SPLINE_CURVE_WITH_KNOTS((3,3),(0.0467531883422633,0.116285933554049),
 .UNSPECIFIED.)
CURVE()
GEOMETRIC_REPRESENTATION_ITEM()
RATIONAL_B_SPLINE_CURVE((1.0002152991773,1.00026774928848,1.))
REPRESENTATION_ITEM('')
);
#319=(
BOUNDED_CURVE()
B_SPLINE_CURVE(2,(#9095,#9096,#9097),.UNSPECIFIED.,.F.,.F.)
B_SPLINE_CURVE_WITH_KNOTS((3,3),(0.,0.0695327452119349),.UNSPECIFIED.)
CURVE()
GEOMETRIC_REPRESENTATION_ITEM()
RATIONAL_B_SPLINE_CURVE((1.,1.00026774928842,1.00021529917725))
REPRESENTATION_ITEM('')
);
#320=(
BOUNDED_CURVE()
B_SPLINE_CURVE(2,(#9105,#9106,#9107),.UNSPECIFIED.,.F.,.F.)
B_SPLINE_CURVE_WITH_KNOTS((3,3),(0.0467531883421102,0.116285933554048),
 .UNSPECIFIED.)
CURVE()
GEOMETRIC_REPRESENTATION_ITEM()
RATIONAL_B_SPLINE_CURVE((1.00021529917908,1.0002677492907,1.))
REPRESENTATION_ITEM('')
);
#321=(
BOUNDED_CURVE()
B_SPLINE_CURVE(2,(#9111,#9112,#9113),.UNSPECIFIED.,.F.,.F.)
B_SPLINE_CURVE_WITH_KNOTS((3,3),(0.,0.0695327452119447),.UNSPECIFIED.)
CURVE()
GEOMETRIC_REPRESENTATION_ITEM()
RATIONAL_B_SPLINE_CURVE((1.,1.0002677492881,1.000215299177))
REPRESENTATION_ITEM('')
);
#322=(
BOUNDED_CURVE()
B_SPLINE_CURVE(2,(#9121,#9122,#9123),.UNSPECIFIED.,.F.,.F.)
B_SPLINE_CURVE_WITH_KNOTS((3,3),(0.0467531883420605,0.116285933554048),
 .UNSPECIFIED.)
CURVE()
GEOMETRIC_REPRESENTATION_ITEM()
RATIONAL_B_SPLINE_CURVE((1.0002152991765,1.00026774928749,1.))
REPRESENTATION_ITEM('')
);
#323=(
BOUNDED_CURVE()
B_SPLINE_CURVE(2,(#9127,#9128,#9129),.UNSPECIFIED.,.F.,.F.)
B_SPLINE_CURVE_WITH_KNOTS((3,3),(0.,0.0695327452118925),.UNSPECIFIED.)
CURVE()
GEOMETRIC_REPRESENTATION_ITEM()
RATIONAL_B_SPLINE_CURVE((1.,1.00026774929031,1.00021529917877))
REPRESENTATION_ITEM('')
);
#324=(
BOUNDED_CURVE()
B_SPLINE_CURVE(2,(#9137,#9138,#9139),.UNSPECIFIED.,.F.,.F.)
B_SPLINE_CURVE_WITH_KNOTS((3,3),(0.0467531883423349,0.116285933554048),
 .UNSPECIFIED.)
CURVE()
GEOMETRIC_REPRESENTATION_ITEM()
RATIONAL_B_SPLINE_CURVE((1.00021529917725,1.00026774928842,1.))
REPRESENTATION_ITEM('')
);
#325=(
BOUNDED_CURVE()
B_SPLINE_CURVE(2,(#9143,#9144,#9145),.UNSPECIFIED.,.F.,.F.)
B_SPLINE_CURVE_WITH_KNOTS((3,3),(0.,0.069532745211894),.UNSPECIFIED.)
CURVE()
GEOMETRIC_REPRESENTATION_ITEM()
RATIONAL_B_SPLINE_CURVE((1.,1.00026774928672,1.00021529917588))
REPRESENTATION_ITEM('')
);
#326=(
BOUNDED_CURVE()
B_SPLINE_CURVE(2,(#9153,#9154,#9155),.UNSPECIFIED.,.F.,.F.)
B_SPLINE_CURVE_WITH_KNOTS((3,3),(0.0467531883421449,0.116285933554048),
 .UNSPECIFIED.)
CURVE()
GEOMETRIC_REPRESENTATION_ITEM()
RATIONAL_B_SPLINE_CURVE((1.00021529917634,1.00026774928729,1.))
REPRESENTATION_ITEM('')
);
#327=(
BOUNDED_CURVE()
B_SPLINE_CURVE(2,(#9159,#9160,#9161),.UNSPECIFIED.,.F.,.F.)
B_SPLINE_CURVE_WITH_KNOTS((3,3),(0.,0.0695327452118346),.UNSPECIFIED.)
CURVE()
GEOMETRIC_REPRESENTATION_ITEM()
RATIONAL_B_SPLINE_CURVE((1.,1.00026774928673,1.0002152991759))
REPRESENTATION_ITEM('')
);
#328=(
BOUNDED_CURVE()
B_SPLINE_CURVE(2,(#9169,#9170,#9171),.UNSPECIFIED.,.F.,.F.)
B_SPLINE_CURVE_WITH_KNOTS((3,3),(0.0467531883420869,0.116285933554048),
 .UNSPECIFIED.)
CURVE()
GEOMETRIC_REPRESENTATION_ITEM()
RATIONAL_B_SPLINE_CURVE((1.00021529917618,1.00026774928709,1.))
REPRESENTATION_ITEM('')
);
#329=(
BOUNDED_CURVE()
B_SPLINE_CURVE(2,(#9175,#9176,#9177),.UNSPECIFIED.,.F.,.F.)
B_SPLINE_CURVE_WITH_KNOTS((3,3),(0.,0.0695327452118977),.UNSPECIFIED.)
CURVE()
GEOMETRIC_REPRESENTATION_ITEM()
RATIONAL_B_SPLINE_CURVE((1.,1.0002677492883,1.00021529917715))
REPRESENTATION_ITEM('')
);
#330=(
BOUNDED_CURVE()
B_SPLINE_CURVE(2,(#9185,#9186,#9187),.UNSPECIFIED.,.F.,.F.)
B_SPLINE_CURVE_WITH_KNOTS((3,3),(0.0467531883421333,0.116285933554048),
 .UNSPECIFIED.)
CURVE()
GEOMETRIC_REPRESENTATION_ITEM()
RATIONAL_B_SPLINE_CURVE((1.00021529917778,1.00026774928908,1.))
REPRESENTATION_ITEM('')
);
#331=(
BOUNDED_CURVE()
B_SPLINE_CURVE(2,(#9191,#9192,#9193),.UNSPECIFIED.,.F.,.F.)
B_SPLINE_CURVE_WITH_KNOTS((3,3),(0.,0.0695327452119432),.UNSPECIFIED.)
CURVE()
GEOMETRIC_REPRESENTATION_ITEM()
RATIONAL_B_SPLINE_CURVE((1.,1.00026774928863,1.00021529917742))
REPRESENTATION_ITEM('')
);
#332=(
BOUNDED_CURVE()
B_SPLINE_CURVE(2,(#9201,#9202,#9203),.UNSPECIFIED.,.F.,.F.)
B_SPLINE_CURVE_WITH_KNOTS((3,3),(0.0467531883421215,0.116285933554049),
 .UNSPECIFIED.)
CURVE()
GEOMETRIC_REPRESENTATION_ITEM()
RATIONAL_B_SPLINE_CURVE((1.00021529917817,1.00026774928956,1.))
REPRESENTATION_ITEM('')
);
#333=(
BOUNDED_CURVE()
B_SPLINE_CURVE(2,(#9207,#9208,#9209),.UNSPECIFIED.,.F.,.F.)
B_SPLINE_CURVE_WITH_KNOTS((3,3),(0.,0.0695327452119787),.UNSPECIFIED.)
CURVE()
GEOMETRIC_REPRESENTATION_ITEM()
RATIONAL_B_SPLINE_CURVE((1.,1.00026774928946,1.00021529917809))
REPRESENTATION_ITEM('')
);
#334=(
BOUNDED_CURVE()
B_SPLINE_CURVE(2,(#9217,#9218,#9219),.UNSPECIFIED.,.F.,.F.)
B_SPLINE_CURVE_WITH_KNOTS((3,3),(0.0467531883423109,0.116285933554048),
 .UNSPECIFIED.)
CURVE()
GEOMETRIC_REPRESENTATION_ITEM()
RATIONAL_B_SPLINE_CURVE((1.00021529917819,1.00026774928958,1.))
REPRESENTATION_ITEM('')
);
#335=(
BOUNDED_CURVE()
B_SPLINE_CURVE(2,(#9223,#9224,#9225),.UNSPECIFIED.,.F.,.F.)
B_SPLINE_CURVE_WITH_KNOTS((3,3),(0.,0.0695327452119488),.UNSPECIFIED.)
CURVE()
GEOMETRIC_REPRESENTATION_ITEM()
RATIONAL_B_SPLINE_CURVE((1.,1.00026774928935,1.000215299178))
REPRESENTATION_ITEM('')
);
#336=(
BOUNDED_CURVE()
B_SPLINE_CURVE(2,(#9233,#9234,#9235),.UNSPECIFIED.,.F.,.F.)
B_SPLINE_CURVE_WITH_KNOTS((3,3),(0.046753188342255,0.116285933554048),
 .UNSPECIFIED.)
CURVE()
GEOMETRIC_REPRESENTATION_ITEM()
RATIONAL_B_SPLINE_CURVE((1.00021529917644,1.00026774928741,1.))
REPRESENTATION_ITEM('')
);
#337=(
BOUNDED_CURVE()
B_SPLINE_CURVE(2,(#9239,#9240,#9241),.UNSPECIFIED.,.F.,.F.)
B_SPLINE_CURVE_WITH_KNOTS((3,3),(0.,0.0695327452120187),.UNSPECIFIED.)
CURVE()
GEOMETRIC_REPRESENTATION_ITEM()
RATIONAL_B_SPLINE_CURVE((1.,1.00026774928981,1.00021529917836))
REPRESENTATION_ITEM('')
);
#338=(
BOUNDED_CURVE()
B_SPLINE_CURVE(2,(#9249,#9250,#9251),.UNSPECIFIED.,.F.,.F.)
B_SPLINE_CURVE_WITH_KNOTS((3,3),(0.0467531883421591,0.116285933554048),
 .UNSPECIFIED.)
CURVE()
GEOMETRIC_REPRESENTATION_ITEM()
RATIONAL_B_SPLINE_CURVE((1.00021529917671,1.00026774928774,1.))
REPRESENTATION_ITEM('')
);
#339=(
BOUNDED_CURVE()
B_SPLINE_CURVE(2,(#9255,#9256,#9257),.UNSPECIFIED.,.F.,.F.)
B_SPLINE_CURVE_WITH_KNOTS((3,3),(0.,0.0695327452118674),.UNSPECIFIED.)
CURVE()
GEOMETRIC_REPRESENTATION_ITEM()
RATIONAL_B_SPLINE_CURVE((1.,1.00026774928933,1.00021529917798))
REPRESENTATION_ITEM('')
);
#340=(
BOUNDED_CURVE()
B_SPLINE_CURVE(2,(#9265,#9266,#9267),.UNSPECIFIED.,.F.,.F.)
B_SPLINE_CURVE_WITH_KNOTS((3,3),(0.0467531883421134,0.116285933554048),
 .UNSPECIFIED.)
CURVE()
GEOMETRIC_REPRESENTATION_ITEM()
RATIONAL_B_SPLINE_CURVE((1.00021529917724,1.00026774928841,1.))
REPRESENTATION_ITEM('')
);
#341=(
BOUNDED_CURVE()
B_SPLINE_CURVE(2,(#9271,#9272,#9273),.UNSPECIFIED.,.F.,.F.)
B_SPLINE_CURVE_WITH_KNOTS((3,3),(0.,0.0695327452119084),.UNSPECIFIED.)
CURVE()
GEOMETRIC_REPRESENTATION_ITEM()
RATIONAL_B_SPLINE_CURVE((1.,1.00026774928488,1.00021529917441))
REPRESENTATION_ITEM('')
);
#342=(
BOUNDED_CURVE()
B_SPLINE_CURVE(2,(#9281,#9282,#9283),.UNSPECIFIED.,.F.,.F.)
B_SPLINE_CURVE_WITH_KNOTS((3,3),(0.0467531883421786,0.116285933554048),
 .UNSPECIFIED.)
CURVE()
GEOMETRIC_REPRESENTATION_ITEM()
RATIONAL_B_SPLINE_CURVE((1.00021529917548,1.00026774928622,1.))
REPRESENTATION_ITEM('')
);
#343=(
BOUNDED_CURVE()
B_SPLINE_CURVE(2,(#9287,#9288,#9289),.UNSPECIFIED.,.F.,.F.)
B_SPLINE_CURVE_WITH_KNOTS((3,3),(0.,0.0695327452119286),.UNSPECIFIED.)
CURVE()
GEOMETRIC_REPRESENTATION_ITEM()
RATIONAL_B_SPLINE_CURVE((1.,1.00026774928756,1.00021529917656))
REPRESENTATION_ITEM('')
);
#344=(
BOUNDED_CURVE()
B_SPLINE_CURVE(2,(#9297,#9298,#9299),.UNSPECIFIED.,.F.,.F.)
B_SPLINE_CURVE_WITH_KNOTS((3,3),(0.0467531883421336,0.116285933554049),
 .UNSPECIFIED.)
CURVE()
GEOMETRIC_REPRESENTATION_ITEM()
RATIONAL_B_SPLINE_CURVE((1.00021529917683,1.00026774928789,1.))
REPRESENTATION_ITEM('')
);
#345=(
BOUNDED_CURVE()
B_SPLINE_CURVE(2,(#9303,#9304,#9305),.UNSPECIFIED.,.F.,.F.)
B_SPLINE_CURVE_WITH_KNOTS((3,3),(0.,0.0695327452119305),.UNSPECIFIED.)
CURVE()
GEOMETRIC_REPRESENTATION_ITEM()
RATIONAL_B_SPLINE_CURVE((1.,1.00026774928725,1.00021529917631))
REPRESENTATION_ITEM('')
);
#346=(
BOUNDED_CURVE()
B_SPLINE_CURVE(2,(#9313,#9314,#9315),.UNSPECIFIED.,.F.,.F.)
B_SPLINE_CURVE_WITH_KNOTS((3,3),(0.0467531883421744,0.116285933554048),
 .UNSPECIFIED.)
CURVE()
GEOMETRIC_REPRESENTATION_ITEM()
RATIONAL_B_SPLINE_CURVE((1.00021529917603,1.0002677492869,1.))
REPRESENTATION_ITEM('')
);
#347=(
BOUNDED_CURVE()
B_SPLINE_CURVE(2,(#9319,#9320,#9321),.UNSPECIFIED.,.F.,.F.)
B_SPLINE_CURVE_WITH_KNOTS((3,3),(0.,0.0695327452118593),.UNSPECIFIED.)
CURVE()
GEOMETRIC_REPRESENTATION_ITEM()
RATIONAL_B_SPLINE_CURVE((1.,1.00026774928748,1.0002152991765))
REPRESENTATION_ITEM('')
);
#348=(
BOUNDED_CURVE()
B_SPLINE_CURVE(2,(#9329,#9330,#9331),.UNSPECIFIED.,.F.,.F.)
B_SPLINE_CURVE_WITH_KNOTS((3,3),(0.0467531883422941,0.116285933554048),
 .UNSPECIFIED.)
CURVE()
GEOMETRIC_REPRESENTATION_ITEM()
RATIONAL_B_SPLINE_CURVE((1.00021529917627,1.0002677492872,1.))
REPRESENTATION_ITEM('')
);
#349=(
BOUNDED_CURVE()
B_SPLINE_CURVE(2,(#9335,#9336,#9337),.UNSPECIFIED.,.F.,.F.)
B_SPLINE_CURVE_WITH_KNOTS((3,3),(0.,0.0695327452118229),.UNSPECIFIED.)
CURVE()
GEOMETRIC_REPRESENTATION_ITEM()
RATIONAL_B_SPLINE_CURVE((1.,1.00026774928855,1.00021529917735))
REPRESENTATION_ITEM('')
);
#350=(
BOUNDED_CURVE()
B_SPLINE_CURVE(2,(#9345,#9346,#9347),.UNSPECIFIED.,.F.,.F.)
B_SPLINE_CURVE_WITH_KNOTS((3,3),(0.0467531883421593,0.116285933554048),
 .UNSPECIFIED.)
CURVE()
GEOMETRIC_REPRESENTATION_ITEM()
RATIONAL_B_SPLINE_CURVE((1.00021529917534,1.00026774928605,1.))
REPRESENTATION_ITEM('')
);
#351=(
BOUNDED_CURVE()
B_SPLINE_CURVE(2,(#9351,#9352,#9353),.UNSPECIFIED.,.F.,.F.)
B_SPLINE_CURVE_WITH_KNOTS((3,3),(0.,0.0695327452119154),.UNSPECIFIED.)
CURVE()
GEOMETRIC_REPRESENTATION_ITEM()
RATIONAL_B_SPLINE_CURVE((1.,1.00026774928608,1.00021529917537))
REPRESENTATION_ITEM('')
);
#352=(
BOUNDED_CURVE()
B_SPLINE_CURVE(2,(#9361,#9362,#9363),.UNSPECIFIED.,.F.,.F.)
B_SPLINE_CURVE_WITH_KNOTS((3,3),(0.046753188342154,0.116285933554048),
 .UNSPECIFIED.)
CURVE()
GEOMETRIC_REPRESENTATION_ITEM()
RATIONAL_B_SPLINE_CURVE((1.00021529917785,1.00026774928916,1.))
REPRESENTATION_ITEM('')
);
#353=(
BOUNDED_CURVE()
B_SPLINE_CURVE(2,(#9367,#9368,#9369),.UNSPECIFIED.,.F.,.F.)
B_SPLINE_CURVE_WITH_KNOTS((3,3),(0.,0.0695327452118344),.UNSPECIFIED.)
CURVE()
GEOMETRIC_REPRESENTATION_ITEM()
RATIONAL_B_SPLINE_CURVE((1.,1.00026774928999,1.00021529917851))
REPRESENTATION_ITEM('')
);
#354=(
BOUNDED_CURVE()
B_SPLINE_CURVE(2,(#9377,#9378,#9379),.UNSPECIFIED.,.F.,.F.)
B_SPLINE_CURVE_WITH_KNOTS((3,3),(0.0467531883422223,0.116285933554048),
 .UNSPECIFIED.)
CURVE()
GEOMETRIC_REPRESENTATION_ITEM()
RATIONAL_B_SPLINE_CURVE((1.00021529917537,1.00026774928608,1.))
REPRESENTATION_ITEM('')
);
#355=(
BOUNDED_CURVE()
B_SPLINE_CURVE(2,(#9383,#9384,#9385),.UNSPECIFIED.,.F.,.F.)
B_SPLINE_CURVE_WITH_KNOTS((3,3),(0.,0.0695327452119212),.UNSPECIFIED.)
CURVE()
GEOMETRIC_REPRESENTATION_ITEM()
RATIONAL_B_SPLINE_CURVE((1.,1.0002677492876,1.00021529917659))
REPRESENTATION_ITEM('')
);
#356=(
BOUNDED_CURVE()
B_SPLINE_CURVE(2,(#9393,#9394,#9395),.UNSPECIFIED.,.F.,.F.)
B_SPLINE_CURVE_WITH_KNOTS((3,3),(0.,0.0695327452119051),.UNSPECIFIED.)
CURVE()
GEOMETRIC_REPRESENTATION_ITEM()
RATIONAL_B_SPLINE_CURVE((1.,1.00026774928684,1.00021529917598))
REPRESENTATION_ITEM('')
);
#357=(
BOUNDED_CURVE()
B_SPLINE_CURVE(2,(#9397,#9398,#9399),.UNSPECIFIED.,.F.,.F.)
B_SPLINE_CURVE_WITH_KNOTS((3,3),(0.0467531883421677,0.116285933554048),
 .UNSPECIFIED.)
CURVE()
GEOMETRIC_REPRESENTATION_ITEM()
RATIONAL_B_SPLINE_CURVE((1.00021529917753,1.00026774928876,1.))
REPRESENTATION_ITEM('')
);
#358=PLANE('',#5223);
#359=PLANE('',#5224);
#360=PLANE('',#5315);
#361=PLANE('',#5316);
#362=PLANE('',#5319);
#363=PLANE('',#5320);
#364=PLANE('',#5323);
#365=PLANE('',#5324);
#366=PLANE('',#5327);
#367=PLANE('',#5328);
#368=PLANE('',#5331);
#369=PLANE('',#5332);
#370=PLANE('',#5335);
#371=PLANE('',#5336);
#372=PLANE('',#5339);
#373=PLANE('',#5340);
#374=PLANE('',#5343);
#375=PLANE('',#5344);
#376=PLANE('',#5347);
#377=PLANE('',#5348);
#378=PLANE('',#5351);
#379=PLANE('',#5352);
#380=PLANE('',#5355);
#381=PLANE('',#5356);
#382=PLANE('',#5359);
#383=PLANE('',#5360);
#384=PLANE('',#5363);
#385=PLANE('',#5364);
#386=PLANE('',#5367);
#387=PLANE('',#5368);
#388=PLANE('',#5371);
#389=PLANE('',#5372);
#390=PLANE('',#5375);
#391=PLANE('',#5376);
#392=PLANE('',#5379);
#393=PLANE('',#5380);
#394=PLANE('',#5383);
#395=PLANE('',#5384);
#396=PLANE('',#5387);
#397=PLANE('',#5388);
#398=PLANE('',#5391);
#399=PLANE('',#5392);
#400=PLANE('',#5395);
#401=PLANE('',#5396);
#402=PLANE('',#5399);
#403=PLANE('',#5400);
#404=PLANE('',#5403);
#405=PLANE('',#5404);
#406=PLANE('',#5407);
#407=PLANE('',#5408);
#408=PLANE('',#5411);
#409=PLANE('',#5412);
#410=PLANE('',#5415);
#411=PLANE('',#5416);
#412=PLANE('',#5419);
#413=PLANE('',#5420);
#414=PLANE('',#5423);
#415=PLANE('',#5424);
#416=PLANE('',#5427);
#417=PLANE('',#5428);
#418=PLANE('',#5431);
#419=PLANE('',#5432);
#420=PLANE('',#5435);
#421=PLANE('',#5436);
#422=PLANE('',#5439);
#423=PLANE('',#5440);
#424=PLANE('',#5443);
#425=PLANE('',#5444);
#426=PLANE('',#5447);
#427=PLANE('',#5448);
#428=PLANE('',#5451);
#429=PLANE('',#5452);
#430=PLANE('',#5455);
#431=PLANE('',#5456);
#432=PLANE('',#5459);
#433=PLANE('',#5460);
#434=PLANE('',#5463);
#435=PLANE('',#5464);
#436=PLANE('',#5467);
#437=PLANE('',#5468);
#438=PLANE('',#5471);
#439=PLANE('',#5472);
#440=PLANE('',#5475);
#441=PLANE('',#5476);
#442=PLANE('',#5479);
#443=PLANE('',#5480);
#444=PLANE('',#5483);
#445=PLANE('',#5484);
#446=PLANE('',#5487);
#447=PLANE('',#5488);
#448=PLANE('',#5491);
#449=PLANE('',#5492);
#450=PLANE('',#5495);
#451=PLANE('',#5496);
#452=PLANE('',#5499);
#453=PLANE('',#5500);
#454=PLANE('',#5503);
#455=PLANE('',#5504);
#456=PLANE('',#5507);
#457=PLANE('',#5508);
#458=PLANE('',#5511);
#459=PLANE('',#5512);
#460=PLANE('',#5515);
#461=PLANE('',#5516);
#462=PLANE('',#5519);
#463=PLANE('',#5520);
#464=PLANE('',#5523);
#465=PLANE('',#5524);
#466=PLANE('',#5527);
#467=PLANE('',#5528);
#468=PLANE('',#5531);
#469=PLANE('',#5532);
#470=PLANE('',#5535);
#471=PLANE('',#5536);
#472=PLANE('',#5539);
#473=PLANE('',#5540);
#474=PLANE('',#5543);
#475=PLANE('',#5544);
#476=PLANE('',#5547);
#477=PLANE('',#5548);
#478=PLANE('',#5551);
#479=PLANE('',#5552);
#480=PLANE('',#5555);
#481=PLANE('',#5556);
#482=PLANE('',#5559);
#483=PLANE('',#5560);
#484=PLANE('',#5563);
#485=PLANE('',#5564);
#486=PLANE('',#5567);
#487=PLANE('',#5568);
#488=PLANE('',#5571);
#489=PLANE('',#5572);
#490=PLANE('',#5575);
#491=PLANE('',#5576);
#492=PLANE('',#5579);
#493=PLANE('',#5580);
#494=PLANE('',#5583);
#495=PLANE('',#5584);
#496=PLANE('',#5587);
#497=PLANE('',#5588);
#498=PLANE('',#5591);
#499=PLANE('',#5592);
#500=PLANE('',#5595);
#501=PLANE('',#5596);
#502=PLANE('',#5599);
#503=PLANE('',#5600);
#504=PLANE('',#5603);
#505=PLANE('',#5604);
#506=PLANE('',#5607);
#507=PLANE('',#5608);
#508=PLANE('',#5611);
#509=PLANE('',#5612);
#510=PLANE('',#5615);
#511=PLANE('',#5616);
#512=PLANE('',#5619);
#513=PLANE('',#5620);
#514=PLANE('',#5623);
#515=PLANE('',#5624);
#516=PLANE('',#5627);
#517=PLANE('',#5628);
#518=PLANE('',#5631);
#519=PLANE('',#5632);
#520=PLANE('',#5635);
#521=PLANE('',#5636);
#522=PLANE('',#5639);
#523=PLANE('',#5640);
#524=PLANE('',#5643);
#525=PLANE('',#5644);
#526=PLANE('',#5647);
#527=PLANE('',#5648);
#528=PLANE('',#5657);
#529=PLANE('',#5658);
#530=PLANE('',#5660);
#531=FACE_OUTER_BOUND('',#807,.T.);
#532=FACE_OUTER_BOUND('',#808,.T.);
#533=FACE_OUTER_BOUND('',#809,.T.);
#534=FACE_OUTER_BOUND('',#810,.T.);
#535=FACE_OUTER_BOUND('',#811,.T.);
#536=FACE_OUTER_BOUND('',#812,.T.);
#537=FACE_OUTER_BOUND('',#813,.T.);
#538=FACE_OUTER_BOUND('',#814,.T.);
#539=FACE_OUTER_BOUND('',#815,.T.);
#540=FACE_OUTER_BOUND('',#816,.T.);
#541=FACE_OUTER_BOUND('',#817,.T.);
#542=FACE_OUTER_BOUND('',#818,.T.);
#543=FACE_OUTER_BOUND('',#819,.T.);
#544=FACE_OUTER_BOUND('',#820,.T.);
#545=FACE_OUTER_BOUND('',#821,.T.);
#546=FACE_OUTER_BOUND('',#822,.T.);
#547=FACE_OUTER_BOUND('',#823,.T.);
#548=FACE_OUTER_BOUND('',#824,.T.);
#549=FACE_OUTER_BOUND('',#825,.T.);
#550=FACE_OUTER_BOUND('',#826,.T.);
#551=FACE_OUTER_BOUND('',#827,.T.);
#552=FACE_OUTER_BOUND('',#828,.T.);
#553=FACE_OUTER_BOUND('',#829,.T.);
#554=FACE_OUTER_BOUND('',#830,.T.);
#555=FACE_OUTER_BOUND('',#831,.T.);
#556=FACE_OUTER_BOUND('',#832,.T.);
#557=FACE_OUTER_BOUND('',#833,.T.);
#558=FACE_OUTER_BOUND('',#834,.T.);
#559=FACE_OUTER_BOUND('',#835,.T.);
#560=FACE_OUTER_BOUND('',#836,.T.);
#561=FACE_OUTER_BOUND('',#837,.T.);
#562=FACE_OUTER_BOUND('',#838,.T.);
#563=FACE_OUTER_BOUND('',#839,.T.);
#564=FACE_OUTER_BOUND('',#840,.T.);
#565=FACE_OUTER_BOUND('',#841,.T.);
#566=FACE_OUTER_BOUND('',#842,.T.);
#567=FACE_OUTER_BOUND('',#843,.T.);
#568=FACE_OUTER_BOUND('',#844,.T.);
#569=FACE_OUTER_BOUND('',#845,.T.);
#570=FACE_OUTER_BOUND('',#846,.T.);
#571=FACE_OUTER_BOUND('',#847,.T.);
#572=FACE_OUTER_BOUND('',#848,.T.);
#573=FACE_OUTER_BOUND('',#849,.T.);
#574=FACE_OUTER_BOUND('',#850,.T.);
#575=FACE_OUTER_BOUND('',#851,.T.);
#576=FACE_OUTER_BOUND('',#852,.T.);
#577=FACE_OUTER_BOUND('',#853,.T.);
#578=FACE_OUTER_BOUND('',#854,.T.);
#579=FACE_OUTER_BOUND('',#855,.T.);
#580=FACE_OUTER_BOUND('',#856,.T.);
#581=FACE_OUTER_BOUND('',#857,.T.);
#582=FACE_OUTER_BOUND('',#858,.T.);
#583=FACE_OUTER_BOUND('',#859,.T.);
#584=FACE_OUTER_BOUND('',#860,.T.);
#585=FACE_OUTER_BOUND('',#861,.T.);
#586=FACE_OUTER_BOUND('',#862,.T.);
#587=FACE_OUTER_BOUND('',#863,.T.);
#588=FACE_OUTER_BOUND('',#864,.T.);
#589=FACE_OUTER_BOUND('',#865,.T.);
#590=FACE_OUTER_BOUND('',#866,.T.);
#591=FACE_OUTER_BOUND('',#867,.T.);
#592=FACE_OUTER_BOUND('',#868,.T.);
#593=FACE_OUTER_BOUND('',#869,.T.);
#594=FACE_OUTER_BOUND('',#870,.T.);
#595=FACE_OUTER_BOUND('',#871,.T.);
#596=FACE_OUTER_BOUND('',#872,.T.);
#597=FACE_OUTER_BOUND('',#873,.T.);
#598=FACE_OUTER_BOUND('',#874,.T.);
#599=FACE_OUTER_BOUND('',#875,.T.);
#600=FACE_OUTER_BOUND('',#876,.T.);
#601=FACE_OUTER_BOUND('',#877,.T.);
#602=FACE_OUTER_BOUND('',#878,.T.);
#603=FACE_OUTER_BOUND('',#879,.T.);
#604=FACE_OUTER_BOUND('',#880,.T.);
#605=FACE_OUTER_BOUND('',#881,.T.);
#606=FACE_OUTER_BOUND('',#882,.T.);
#607=FACE_OUTER_BOUND('',#883,.T.);
#608=FACE_OUTER_BOUND('',#884,.T.);
#609=FACE_OUTER_BOUND('',#885,.T.);
#610=FACE_OUTER_BOUND('',#886,.T.);
#611=FACE_OUTER_BOUND('',#887,.T.);
#612=FACE_OUTER_BOUND('',#888,.T.);
#613=FACE_OUTER_BOUND('',#889,.T.);
#614=FACE_OUTER_BOUND('',#890,.T.);
#615=FACE_OUTER_BOUND('',#891,.T.);
#616=FACE_OUTER_BOUND('',#892,.T.);
#617=FACE_OUTER_BOUND('',#893,.T.);
#618=FACE_OUTER_BOUND('',#894,.T.);
#619=FACE_OUTER_BOUND('',#895,.T.);
#620=FACE_OUTER_BOUND('',#896,.T.);
#621=FACE_OUTER_BOUND('',#897,.T.);
#622=FACE_OUTER_BOUND('',#898,.T.);
#623=FACE_OUTER_BOUND('',#899,.T.);
#624=FACE_OUTER_BOUND('',#900,.T.);
#625=FACE_OUTER_BOUND('',#901,.T.);
#626=FACE_OUTER_BOUND('',#902,.T.);
#627=FACE_OUTER_BOUND('',#903,.T.);
#628=FACE_OUTER_BOUND('',#904,.T.);
#629=FACE_OUTER_BOUND('',#905,.T.);
#630=FACE_OUTER_BOUND('',#906,.T.);
#631=FACE_OUTER_BOUND('',#907,.T.);
#632=FACE_OUTER_BOUND('',#908,.T.);
#633=FACE_OUTER_BOUND('',#909,.T.);
#634=FACE_OUTER_BOUND('',#910,.T.);
#635=FACE_OUTER_BOUND('',#911,.T.);
#636=FACE_OUTER_BOUND('',#912,.T.);
#637=FACE_OUTER_BOUND('',#913,.T.);
#638=FACE_OUTER_BOUND('',#914,.T.);
#639=FACE_OUTER_BOUND('',#915,.T.);
#640=FACE_OUTER_BOUND('',#916,.T.);
#641=FACE_OUTER_BOUND('',#917,.T.);
#642=FACE_OUTER_BOUND('',#918,.T.);
#643=FACE_OUTER_BOUND('',#919,.T.);
#644=FACE_OUTER_BOUND('',#920,.T.);
#645=FACE_OUTER_BOUND('',#921,.T.);
#646=FACE_OUTER_BOUND('',#922,.T.);
#647=FACE_OUTER_BOUND('',#923,.T.);
#648=FACE_OUTER_BOUND('',#924,.T.);
#649=FACE_OUTER_BOUND('',#925,.T.);
#650=FACE_OUTER_BOUND('',#926,.T.);
#651=FACE_OUTER_BOUND('',#927,.T.);
#652=FACE_OUTER_BOUND('',#928,.T.);
#653=FACE_OUTER_BOUND('',#929,.T.);
#654=FACE_OUTER_BOUND('',#930,.T.);
#655=FACE_OUTER_BOUND('',#931,.T.);
#656=FACE_OUTER_BOUND('',#932,.T.);
#657=FACE_OUTER_BOUND('',#933,.T.);
#658=FACE_OUTER_BOUND('',#934,.T.);
#659=FACE_OUTER_BOUND('',#935,.T.);
#660=FACE_OUTER_BOUND('',#936,.T.);
#661=FACE_OUTER_BOUND('',#937,.T.);
#662=FACE_OUTER_BOUND('',#938,.T.);
#663=FACE_OUTER_BOUND('',#939,.T.);
#664=FACE_OUTER_BOUND('',#940,.T.);
#665=FACE_OUTER_BOUND('',#941,.T.);
#666=FACE_OUTER_BOUND('',#942,.T.);
#667=FACE_OUTER_BOUND('',#943,.T.);
#668=FACE_OUTER_BOUND('',#944,.T.);
#669=FACE_OUTER_BOUND('',#945,.T.);
#670=FACE_OUTER_BOUND('',#946,.T.);
#671=FACE_OUTER_BOUND('',#947,.T.);
#672=FACE_OUTER_BOUND('',#948,.T.);
#673=FACE_OUTER_BOUND('',#949,.T.);
#674=FACE_OUTER_BOUND('',#950,.T.);
#675=FACE_OUTER_BOUND('',#951,.T.);
#676=FACE_OUTER_BOUND('',#952,.T.);
#677=FACE_OUTER_BOUND('',#953,.T.);
#678=FACE_OUTER_BOUND('',#954,.T.);
#679=FACE_OUTER_BOUND('',#955,.T.);
#680=FACE_OUTER_BOUND('',#956,.T.);
#681=FACE_OUTER_BOUND('',#957,.T.);
#682=FACE_OUTER_BOUND('',#958,.T.);
#683=FACE_OUTER_BOUND('',#959,.T.);
#684=FACE_OUTER_BOUND('',#960,.T.);
#685=FACE_OUTER_BOUND('',#961,.T.);
#686=FACE_OUTER_BOUND('',#962,.T.);
#687=FACE_OUTER_BOUND('',#963,.T.);
#688=FACE_OUTER_BOUND('',#964,.T.);
#689=FACE_OUTER_BOUND('',#965,.T.);
#690=FACE_OUTER_BOUND('',#966,.T.);
#691=FACE_OUTER_BOUND('',#967,.T.);
#692=FACE_OUTER_BOUND('',#968,.T.);
#693=FACE_OUTER_BOUND('',#969,.T.);
#694=FACE_OUTER_BOUND('',#970,.T.);
#695=FACE_OUTER_BOUND('',#971,.T.);
#696=FACE_OUTER_BOUND('',#972,.T.);
#697=FACE_OUTER_BOUND('',#973,.T.);
#698=FACE_OUTER_BOUND('',#974,.T.);
#699=FACE_OUTER_BOUND('',#975,.T.);
#700=FACE_OUTER_BOUND('',#976,.T.);
#701=FACE_OUTER_BOUND('',#977,.T.);
#702=FACE_OUTER_BOUND('',#978,.T.);
#703=FACE_OUTER_BOUND('',#979,.T.);
#704=FACE_OUTER_BOUND('',#980,.T.);
#705=FACE_OUTER_BOUND('',#981,.T.);
#706=FACE_OUTER_BOUND('',#982,.T.);
#707=FACE_OUTER_BOUND('',#983,.T.);
#708=FACE_OUTER_BOUND('',#984,.T.);
#709=FACE_OUTER_BOUND('',#985,.T.);
#710=FACE_OUTER_BOUND('',#986,.T.);
#711=FACE_OUTER_BOUND('',#987,.T.);
#712=FACE_OUTER_BOUND('',#988,.T.);
#713=FACE_OUTER_BOUND('',#989,.T.);
#714=FACE_OUTER_BOUND('',#990,.T.);
#715=FACE_OUTER_BOUND('',#991,.T.);
#716=FACE_OUTER_BOUND('',#992,.T.);
#717=FACE_OUTER_BOUND('',#993,.T.);
#718=FACE_OUTER_BOUND('',#994,.T.);
#719=FACE_OUTER_BOUND('',#995,.T.);
#720=FACE_OUTER_BOUND('',#996,.T.);
#721=FACE_OUTER_BOUND('',#997,.T.);
#722=FACE_OUTER_BOUND('',#998,.T.);
#723=FACE_OUTER_BOUND('',#999,.T.);
#724=FACE_OUTER_BOUND('',#1000,.T.);
#725=FACE_OUTER_BOUND('',#1001,.T.);
#726=FACE_OUTER_BOUND('',#1002,.T.);
#727=FACE_OUTER_BOUND('',#1003,.T.);
#728=FACE_OUTER_BOUND('',#1004,.T.);
#729=FACE_OUTER_BOUND('',#1005,.T.);
#730=FACE_OUTER_BOUND('',#1006,.T.);
#731=FACE_OUTER_BOUND('',#1007,.T.);
#732=FACE_OUTER_BOUND('',#1008,.T.);
#733=FACE_OUTER_BOUND('',#1009,.T.);
#734=FACE_OUTER_BOUND('',#1010,.T.);
#735=FACE_OUTER_BOUND('',#1011,.T.);
#736=FACE_OUTER_BOUND('',#1012,.T.);
#737=FACE_OUTER_BOUND('',#1013,.T.);
#738=FACE_OUTER_BOUND('',#1014,.T.);
#739=FACE_OUTER_BOUND('',#1015,.T.);
#740=FACE_OUTER_BOUND('',#1016,.T.);
#741=FACE_OUTER_BOUND('',#1017,.T.);
#742=FACE_OUTER_BOUND('',#1018,.T.);
#743=FACE_OUTER_BOUND('',#1019,.T.);
#744=FACE_OUTER_BOUND('',#1020,.T.);
#745=FACE_OUTER_BOUND('',#1021,.T.);
#746=FACE_OUTER_BOUND('',#1022,.T.);
#747=FACE_OUTER_BOUND('',#1023,.T.);
#748=FACE_OUTER_BOUND('',#1024,.T.);
#749=FACE_OUTER_BOUND('',#1025,.T.);
#750=FACE_OUTER_BOUND('',#1026,.T.);
#751=FACE_OUTER_BOUND('',#1027,.T.);
#752=FACE_OUTER_BOUND('',#1028,.T.);
#753=FACE_OUTER_BOUND('',#1029,.T.);
#754=FACE_OUTER_BOUND('',#1030,.T.);
#755=FACE_OUTER_BOUND('',#1031,.T.);
#756=FACE_OUTER_BOUND('',#1032,.T.);
#757=FACE_OUTER_BOUND('',#1033,.T.);
#758=FACE_OUTER_BOUND('',#1034,.T.);
#759=FACE_OUTER_BOUND('',#1035,.T.);
#760=FACE_OUTER_BOUND('',#1036,.T.);
#761=FACE_OUTER_BOUND('',#1037,.T.);
#762=FACE_OUTER_BOUND('',#1038,.T.);
#763=FACE_OUTER_BOUND('',#1039,.T.);
#764=FACE_OUTER_BOUND('',#1040,.T.);
#765=FACE_OUTER_BOUND('',#1041,.T.);
#766=FACE_OUTER_BOUND('',#1042,.T.);
#767=FACE_OUTER_BOUND('',#1043,.T.);
#768=FACE_OUTER_BOUND('',#1044,.T.);
#769=FACE_OUTER_BOUND('',#1045,.T.);
#770=FACE_OUTER_BOUND('',#1046,.T.);
#771=FACE_OUTER_BOUND('',#1047,.T.);
#772=FACE_OUTER_BOUND('',#1048,.T.);
#773=FACE_OUTER_BOUND('',#1049,.T.);
#774=FACE_OUTER_BOUND('',#1050,.T.);
#775=FACE_OUTER_BOUND('',#1051,.T.);
#776=FACE_OUTER_BOUND('',#1052,.T.);
#777=FACE_OUTER_BOUND('',#1053,.T.);
#778=FACE_OUTER_BOUND('',#1054,.T.);
#779=FACE_OUTER_BOUND('',#1055,.T.);
#780=FACE_OUTER_BOUND('',#1056,.T.);
#781=FACE_OUTER_BOUND('',#1057,.T.);
#782=FACE_OUTER_BOUND('',#1058,.T.);
#783=FACE_OUTER_BOUND('',#1059,.T.);
#784=FACE_OUTER_BOUND('',#1060,.T.);
#785=FACE_OUTER_BOUND('',#1061,.T.);
#786=FACE_OUTER_BOUND('',#1062,.T.);
#787=FACE_OUTER_BOUND('',#1063,.T.);
#788=FACE_OUTER_BOUND('',#1064,.T.);
#789=FACE_OUTER_BOUND('',#1065,.T.);
#790=FACE_OUTER_BOUND('',#1066,.T.);
#791=FACE_OUTER_BOUND('',#1067,.T.);
#792=FACE_OUTER_BOUND('',#1068,.T.);
#793=FACE_OUTER_BOUND('',#1069,.T.);
#794=FACE_OUTER_BOUND('',#1070,.T.);
#795=FACE_OUTER_BOUND('',#1071,.T.);
#796=FACE_OUTER_BOUND('',#1072,.T.);
#797=FACE_OUTER_BOUND('',#1074,.T.);
#798=FACE_OUTER_BOUND('',#1076,.T.);
#799=FACE_OUTER_BOUND('',#1077,.T.);
#800=FACE_OUTER_BOUND('',#1078,.T.);
#801=FACE_OUTER_BOUND('',#1080,.T.);
#802=FACE_OUTER_BOUND('',#1081,.T.);
#803=FACE_OUTER_BOUND('',#1082,.T.);
#804=FACE_OUTER_BOUND('',#1083,.T.);
#805=FACE_OUTER_BOUND('',#1084,.T.);
#806=FACE_OUTER_BOUND('',#1085,.T.);
#807=EDGE_LOOP('',(#3189,#3190,#3191,#3192));
#808=EDGE_LOOP('',(#3193,#3194,#3195,#3196));
#809=EDGE_LOOP('',(#3197,#3198,#3199,#3200));
#810=EDGE_LOOP('',(#3201,#3202,#3203,#3204));
#811=EDGE_LOOP('',(#3205,#3206,#3207,#3208));
#812=EDGE_LOOP('',(#3209,#3210,#3211,#3212));
#813=EDGE_LOOP('',(#3213,#3214,#3215,#3216));
#814=EDGE_LOOP('',(#3217,#3218,#3219,#3220));
#815=EDGE_LOOP('',(#3221,#3222,#3223,#3224));
#816=EDGE_LOOP('',(#3225,#3226,#3227,#3228));
#817=EDGE_LOOP('',(#3229,#3230,#3231,#3232));
#818=EDGE_LOOP('',(#3233,#3234,#3235,#3236));
#819=EDGE_LOOP('',(#3237,#3238,#3239,#3240));
#820=EDGE_LOOP('',(#3241,#3242,#3243,#3244));
#821=EDGE_LOOP('',(#3245,#3246,#3247,#3248));
#822=EDGE_LOOP('',(#3249,#3250,#3251,#3252,#3253,#3254,#3255,#3256,#3257,
#3258,#3259,#3260,#3261,#3262,#3263,#3264,#3265,#3266,#3267,#3268,#3269,
#3270,#3271,#3272,#3273,#3274,#3275,#3276,#3277,#3278,#3279,#3280,#3281,
#3282,#3283,#3284,#3285,#3286,#3287,#3288,#3289,#3290,#3291,#3292,#3293,
#3294,#3295,#3296,#3297,#3298,#3299,#3300,#3301,#3302,#3303,#3304,#3305,
#3306,#3307,#3308,#3309,#3310,#3311,#3312,#3313,#3314,#3315,#3316,#3317,
#3318,#3319,#3320,#3321,#3322,#3323,#3324,#3325,#3326,#3327,#3328,#3329,
#3330,#3331,#3332,#3333,#3334,#3335,#3336,#3337,#3338,#3339,#3340,#3341,
#3342,#3343,#3344,#3345,#3346,#3347,#3348,#3349,#3350,#3351,#3352,#3353,
#3354,#3355,#3356,#3357,#3358,#3359,#3360,#3361,#3362,#3363,#3364,#3365,
#3366,#3367,#3368,#3369,#3370,#3371,#3372,#3373,#3374,#3375,#3376,#3377,
#3378,#3379,#3380,#3381,#3382,#3383,#3384,#3385,#3386,#3387,#3388,#3389,
#3390,#3391,#3392,#3393,#3394,#3395,#3396,#3397,#3398,#3399,#3400,#3401,
#3402,#3403,#3404,#3405,#3406,#3407,#3408,#3409,#3410,#3411,#3412,#3413,
#3414,#3415,#3416,#3417,#3418,#3419,#3420,#3421,#3422,#3423,#3424,#3425,
#3426,#3427,#3428,#3429,#3430,#3431,#3432,#3433,#3434,#3435,#3436,#3437,
#3438,#3439,#3440,#3441,#3442,#3443,#3444,#3445,#3446,#3447,#3448,#3449,
#3450,#3451,#3452,#3453,#3454,#3455,#3456,#3457,#3458,#3459,#3460,#3461,
#3462,#3463,#3464,#3465,#3466,#3467,#3468,#3469,#3470,#3471,#3472,#3473,
#3474,#3475,#3476,#3477,#3478,#3479,#3480,#3481,#3482,#3483,#3484,#3485,
#3486,#3487,#3488,#3489,#3490,#3491,#3492,#3493,#3494,#3495,#3496,#3497,
#3498,#3499,#3500,#3501,#3502,#3503));
#823=EDGE_LOOP('',(#3504,#3505,#3506,#3507));
#824=EDGE_LOOP('',(#3508,#3509,#3510,#3511));
#825=EDGE_LOOP('',(#3512,#3513,#3514,#3515));
#826=EDGE_LOOP('',(#3516,#3517,#3518,#3519));
#827=EDGE_LOOP('',(#3520,#3521,#3522,#3523));
#828=EDGE_LOOP('',(#3524,#3525,#3526,#3527));
#829=EDGE_LOOP('',(#3528,#3529,#3530,#3531));
#830=EDGE_LOOP('',(#3532,#3533,#3534,#3535));
#831=EDGE_LOOP('',(#3536,#3537,#3538,#3539));
#832=EDGE_LOOP('',(#3540,#3541,#3542,#3543));
#833=EDGE_LOOP('',(#3544,#3545,#3546,#3547));
#834=EDGE_LOOP('',(#3548,#3549,#3550,#3551));
#835=EDGE_LOOP('',(#3552,#3553,#3554,#3555));
#836=EDGE_LOOP('',(#3556,#3557,#3558,#3559));
#837=EDGE_LOOP('',(#3560,#3561,#3562,#3563));
#838=EDGE_LOOP('',(#3564,#3565,#3566,#3567));
#839=EDGE_LOOP('',(#3568,#3569,#3570,#3571));
#840=EDGE_LOOP('',(#3572,#3573,#3574,#3575));
#841=EDGE_LOOP('',(#3576,#3577,#3578,#3579));
#842=EDGE_LOOP('',(#3580,#3581,#3582,#3583));
#843=EDGE_LOOP('',(#3584,#3585,#3586,#3587));
#844=EDGE_LOOP('',(#3588,#3589,#3590,#3591));
#845=EDGE_LOOP('',(#3592,#3593,#3594,#3595));
#846=EDGE_LOOP('',(#3596,#3597,#3598,#3599));
#847=EDGE_LOOP('',(#3600,#3601,#3602,#3603));
#848=EDGE_LOOP('',(#3604,#3605,#3606,#3607));
#849=EDGE_LOOP('',(#3608,#3609,#3610,#3611));
#850=EDGE_LOOP('',(#3612,#3613,#3614,#3615));
#851=EDGE_LOOP('',(#3616,#3617,#3618,#3619));
#852=EDGE_LOOP('',(#3620,#3621,#3622,#3623));
#853=EDGE_LOOP('',(#3624,#3625,#3626,#3627));
#854=EDGE_LOOP('',(#3628,#3629,#3630,#3631));
#855=EDGE_LOOP('',(#3632,#3633,#3634,#3635));
#856=EDGE_LOOP('',(#3636,#3637,#3638,#3639));
#857=EDGE_LOOP('',(#3640,#3641,#3642,#3643));
#858=EDGE_LOOP('',(#3644,#3645,#3646,#3647));
#859=EDGE_LOOP('',(#3648,#3649,#3650,#3651));
#860=EDGE_LOOP('',(#3652,#3653,#3654,#3655));
#861=EDGE_LOOP('',(#3656,#3657,#3658,#3659));
#862=EDGE_LOOP('',(#3660,#3661,#3662,#3663));
#863=EDGE_LOOP('',(#3664,#3665,#3666,#3667));
#864=EDGE_LOOP('',(#3668,#3669,#3670,#3671));
#865=EDGE_LOOP('',(#3672,#3673,#3674,#3675));
#866=EDGE_LOOP('',(#3676,#3677,#3678,#3679));
#867=EDGE_LOOP('',(#3680,#3681,#3682,#3683));
#868=EDGE_LOOP('',(#3684,#3685,#3686,#3687));
#869=EDGE_LOOP('',(#3688,#3689,#3690,#3691));
#870=EDGE_LOOP('',(#3692,#3693,#3694,#3695));
#871=EDGE_LOOP('',(#3696,#3697,#3698,#3699));
#872=EDGE_LOOP('',(#3700,#3701,#3702,#3703));
#873=EDGE_LOOP('',(#3704,#3705,#3706,#3707));
#874=EDGE_LOOP('',(#3708,#3709,#3710,#3711));
#875=EDGE_LOOP('',(#3712,#3713,#3714,#3715));
#876=EDGE_LOOP('',(#3716,#3717,#3718,#3719));
#877=EDGE_LOOP('',(#3720,#3721,#3722,#3723));
#878=EDGE_LOOP('',(#3724,#3725,#3726,#3727));
#879=EDGE_LOOP('',(#3728,#3729,#3730,#3731));
#880=EDGE_LOOP('',(#3732,#3733,#3734,#3735));
#881=EDGE_LOOP('',(#3736,#3737,#3738,#3739));
#882=EDGE_LOOP('',(#3740,#3741,#3742,#3743));
#883=EDGE_LOOP('',(#3744,#3745,#3746,#3747));
#884=EDGE_LOOP('',(#3748,#3749,#3750,#3751));
#885=EDGE_LOOP('',(#3752,#3753,#3754,#3755));
#886=EDGE_LOOP('',(#3756,#3757,#3758,#3759));
#887=EDGE_LOOP('',(#3760,#3761,#3762,#3763));
#888=EDGE_LOOP('',(#3764,#3765,#3766,#3767));
#889=EDGE_LOOP('',(#3768,#3769,#3770,#3771));
#890=EDGE_LOOP('',(#3772,#3773,#3774,#3775));
#891=EDGE_LOOP('',(#3776,#3777,#3778,#3779));
#892=EDGE_LOOP('',(#3780,#3781,#3782,#3783));
#893=EDGE_LOOP('',(#3784,#3785,#3786,#3787));
#894=EDGE_LOOP('',(#3788,#3789,#3790,#3791));
#895=EDGE_LOOP('',(#3792,#3793,#3794,#3795));
#896=EDGE_LOOP('',(#3796,#3797,#3798,#3799));
#897=EDGE_LOOP('',(#3800,#3801,#3802,#3803));
#898=EDGE_LOOP('',(#3804,#3805,#3806,#3807));
#899=EDGE_LOOP('',(#3808,#3809,#3810,#3811));
#900=EDGE_LOOP('',(#3812,#3813,#3814,#3815));
#901=EDGE_LOOP('',(#3816,#3817,#3818,#3819));
#902=EDGE_LOOP('',(#3820,#3821,#3822,#3823));
#903=EDGE_LOOP('',(#3824,#3825,#3826,#3827));
#904=EDGE_LOOP('',(#3828,#3829,#3830,#3831));
#905=EDGE_LOOP('',(#3832,#3833,#3834,#3835));
#906=EDGE_LOOP('',(#3836,#3837,#3838,#3839));
#907=EDGE_LOOP('',(#3840,#3841,#3842,#3843));
#908=EDGE_LOOP('',(#3844,#3845,#3846,#3847));
#909=EDGE_LOOP('',(#3848,#3849,#3850,#3851));
#910=EDGE_LOOP('',(#3852,#3853,#3854,#3855));
#911=EDGE_LOOP('',(#3856,#3857,#3858,#3859));
#912=EDGE_LOOP('',(#3860,#3861,#3862,#3863));
#913=EDGE_LOOP('',(#3864,#3865,#3866,#3867));
#914=EDGE_LOOP('',(#3868,#3869,#3870,#3871));
#915=EDGE_LOOP('',(#3872,#3873,#3874,#3875));
#916=EDGE_LOOP('',(#3876,#3877,#3878,#3879));
#917=EDGE_LOOP('',(#3880,#3881,#3882,#3883));
#918=EDGE_LOOP('',(#3884,#3885,#3886,#3887));
#919=EDGE_LOOP('',(#3888,#3889,#3890,#3891));
#920=EDGE_LOOP('',(#3892,#3893,#3894,#3895));
#921=EDGE_LOOP('',(#3896,#3897,#3898,#3899));
#922=EDGE_LOOP('',(#3900,#3901,#3902,#3903));
#923=EDGE_LOOP('',(#3904,#3905,#3906,#3907));
#924=EDGE_LOOP('',(#3908,#3909,#3910,#3911));
#925=EDGE_LOOP('',(#3912,#3913,#3914,#3915));
#926=EDGE_LOOP('',(#3916,#3917,#3918,#3919));
#927=EDGE_LOOP('',(#3920,#3921,#3922,#3923));
#928=EDGE_LOOP('',(#3924,#3925,#3926,#3927));
#929=EDGE_LOOP('',(#3928,#3929,#3930,#3931));
#930=EDGE_LOOP('',(#3932,#3933,#3934,#3935));
#931=EDGE_LOOP('',(#3936,#3937,#3938,#3939));
#932=EDGE_LOOP('',(#3940,#3941,#3942,#3943));
#933=EDGE_LOOP('',(#3944,#3945,#3946,#3947));
#934=EDGE_LOOP('',(#3948,#3949,#3950,#3951));
#935=EDGE_LOOP('',(#3952,#3953,#3954,#3955));
#936=EDGE_LOOP('',(#3956,#3957,#3958,#3959));
#937=EDGE_LOOP('',(#3960,#3961,#3962,#3963));
#938=EDGE_LOOP('',(#3964,#3965,#3966,#3967));
#939=EDGE_LOOP('',(#3968,#3969,#3970,#3971));
#940=EDGE_LOOP('',(#3972,#3973,#3974,#3975));
#941=EDGE_LOOP('',(#3976,#3977,#3978,#3979));
#942=EDGE_LOOP('',(#3980,#3981,#3982,#3983));
#943=EDGE_LOOP('',(#3984,#3985,#3986,#3987));
#944=EDGE_LOOP('',(#3988,#3989,#3990,#3991));
#945=EDGE_LOOP('',(#3992,#3993,#3994,#3995));
#946=EDGE_LOOP('',(#3996,#3997,#3998,#3999));
#947=EDGE_LOOP('',(#4000,#4001,#4002,#4003));
#948=EDGE_LOOP('',(#4004,#4005,#4006,#4007));
#949=EDGE_LOOP('',(#4008,#4009,#4010,#4011));
#950=EDGE_LOOP('',(#4012,#4013,#4014,#4015));
#951=EDGE_LOOP('',(#4016,#4017,#4018,#4019));
#952=EDGE_LOOP('',(#4020,#4021,#4022,#4023));
#953=EDGE_LOOP('',(#4024,#4025,#4026,#4027));
#954=EDGE_LOOP('',(#4028,#4029,#4030,#4031));
#955=EDGE_LOOP('',(#4032,#4033,#4034,#4035));
#956=EDGE_LOOP('',(#4036,#4037,#4038,#4039));
#957=EDGE_LOOP('',(#4040,#4041,#4042,#4043));
#958=EDGE_LOOP('',(#4044,#4045,#4046,#4047));
#959=EDGE_LOOP('',(#4048,#4049,#4050,#4051));
#960=EDGE_LOOP('',(#4052,#4053,#4054,#4055));
#961=EDGE_LOOP('',(#4056,#4057,#4058,#4059));
#962=EDGE_LOOP('',(#4060,#4061,#4062,#4063));
#963=EDGE_LOOP('',(#4064,#4065,#4066,#4067));
#964=EDGE_LOOP('',(#4068,#4069,#4070,#4071));
#965=EDGE_LOOP('',(#4072,#4073,#4074,#4075));
#966=EDGE_LOOP('',(#4076,#4077,#4078,#4079));
#967=EDGE_LOOP('',(#4080,#4081,#4082,#4083));
#968=EDGE_LOOP('',(#4084,#4085,#4086,#4087));
#969=EDGE_LOOP('',(#4088,#4089,#4090,#4091));
#970=EDGE_LOOP('',(#4092,#4093,#4094,#4095));
#971=EDGE_LOOP('',(#4096,#4097,#4098,#4099));
#972=EDGE_LOOP('',(#4100,#4101,#4102,#4103));
#973=EDGE_LOOP('',(#4104,#4105,#4106,#4107));
#974=EDGE_LOOP('',(#4108,#4109,#4110,#4111));
#975=EDGE_LOOP('',(#4112,#4113,#4114,#4115));
#976=EDGE_LOOP('',(#4116,#4117,#4118,#4119));
#977=EDGE_LOOP('',(#4120,#4121,#4122,#4123));
#978=EDGE_LOOP('',(#4124,#4125,#4126,#4127));
#979=EDGE_LOOP('',(#4128,#4129,#4130,#4131));
#980=EDGE_LOOP('',(#4132,#4133,#4134,#4135));
#981=EDGE_LOOP('',(#4136,#4137,#4138,#4139));
#982=EDGE_LOOP('',(#4140,#4141,#4142,#4143));
#983=EDGE_LOOP('',(#4144,#4145,#4146,#4147));
#984=EDGE_LOOP('',(#4148,#4149,#4150,#4151));
#985=EDGE_LOOP('',(#4152,#4153,#4154,#4155));
#986=EDGE_LOOP('',(#4156,#4157,#4158,#4159));
#987=EDGE_LOOP('',(#4160,#4161,#4162,#4163));
#988=EDGE_LOOP('',(#4164,#4165,#4166,#4167));
#989=EDGE_LOOP('',(#4168,#4169,#4170,#4171));
#990=EDGE_LOOP('',(#4172,#4173,#4174,#4175));
#991=EDGE_LOOP('',(#4176,#4177,#4178,#4179));
#992=EDGE_LOOP('',(#4180,#4181,#4182,#4183));
#993=EDGE_LOOP('',(#4184,#4185,#4186,#4187));
#994=EDGE_LOOP('',(#4188,#4189,#4190,#4191));
#995=EDGE_LOOP('',(#4192,#4193,#4194,#4195));
#996=EDGE_LOOP('',(#4196,#4197,#4198,#4199));
#997=EDGE_LOOP('',(#4200,#4201,#4202,#4203));
#998=EDGE_LOOP('',(#4204,#4205,#4206,#4207));
#999=EDGE_LOOP('',(#4208,#4209,#4210,#4211));
#1000=EDGE_LOOP('',(#4212,#4213,#4214,#4215));
#1001=EDGE_LOOP('',(#4216,#4217,#4218,#4219));
#1002=EDGE_LOOP('',(#4220,#4221,#4222,#4223));
#1003=EDGE_LOOP('',(#4224,#4225,#4226,#4227));
#1004=EDGE_LOOP('',(#4228,#4229,#4230,#4231));
#1005=EDGE_LOOP('',(#4232,#4233,#4234,#4235));
#1006=EDGE_LOOP('',(#4236,#4237,#4238,#4239));
#1007=EDGE_LOOP('',(#4240,#4241,#4242,#4243));
#1008=EDGE_LOOP('',(#4244,#4245,#4246,#4247));
#1009=EDGE_LOOP('',(#4248,#4249,#4250,#4251));
#1010=EDGE_LOOP('',(#4252,#4253,#4254,#4255));
#1011=EDGE_LOOP('',(#4256,#4257,#4258,#4259));
#1012=EDGE_LOOP('',(#4260,#4261,#4262,#4263));
#1013=EDGE_LOOP('',(#4264,#4265,#4266,#4267));
#1014=EDGE_LOOP('',(#4268,#4269,#4270,#4271));
#1015=EDGE_LOOP('',(#4272,#4273,#4274,#4275));
#1016=EDGE_LOOP('',(#4276,#4277,#4278,#4279));
#1017=EDGE_LOOP('',(#4280,#4281,#4282,#4283));
#1018=EDGE_LOOP('',(#4284,#4285,#4286,#4287));
#1019=EDGE_LOOP('',(#4288,#4289,#4290,#4291));
#1020=EDGE_LOOP('',(#4292,#4293,#4294,#4295));
#1021=EDGE_LOOP('',(#4296,#4297,#4298,#4299));
#1022=EDGE_LOOP('',(#4300,#4301,#4302,#4303));
#1023=EDGE_LOOP('',(#4304,#4305,#4306,#4307));
#1024=EDGE_LOOP('',(#4308,#4309,#4310,#4311));
#1025=EDGE_LOOP('',(#4312,#4313,#4314,#4315));
#1026=EDGE_LOOP('',(#4316,#4317,#4318,#4319));
#1027=EDGE_LOOP('',(#4320,#4321,#4322,#4323));
#1028=EDGE_LOOP('',(#4324,#4325,#4326,#4327));
#1029=EDGE_LOOP('',(#4328,#4329,#4330,#4331));
#1030=EDGE_LOOP('',(#4332,#4333,#4334,#4335));
#1031=EDGE_LOOP('',(#4336,#4337,#4338,#4339));
#1032=EDGE_LOOP('',(#4340,#4341,#4342,#4343));
#1033=EDGE_LOOP('',(#4344,#4345,#4346,#4347));
#1034=EDGE_LOOP('',(#4348,#4349,#4350,#4351));
#1035=EDGE_LOOP('',(#4352,#4353,#4354,#4355));
#1036=EDGE_LOOP('',(#4356,#4357,#4358,#4359));
#1037=EDGE_LOOP('',(#4360,#4361,#4362,#4363));
#1038=EDGE_LOOP('',(#4364,#4365,#4366,#4367));
#1039=EDGE_LOOP('',(#4368,#4369,#4370,#4371));
#1040=EDGE_LOOP('',(#4372,#4373,#4374,#4375));
#1041=EDGE_LOOP('',(#4376,#4377,#4378,#4379));
#1042=EDGE_LOOP('',(#4380,#4381,#4382,#4383));
#1043=EDGE_LOOP('',(#4384,#4385,#4386,#4387));
#1044=EDGE_LOOP('',(#4388,#4389,#4390,#4391));
#1045=EDGE_LOOP('',(#4392,#4393,#4394,#4395));
#1046=EDGE_LOOP('',(#4396,#4397,#4398,#4399));
#1047=EDGE_LOOP('',(#4400,#4401,#4402,#4403));
#1048=EDGE_LOOP('',(#4404,#4405,#4406,#4407));
#1049=EDGE_LOOP('',(#4408,#4409,#4410,#4411));
#1050=EDGE_LOOP('',(#4412,#4413,#4414,#4415));
#1051=EDGE_LOOP('',(#4416,#4417,#4418,#4419));
#1052=EDGE_LOOP('',(#4420,#4421,#4422,#4423));
#1053=EDGE_LOOP('',(#4424,#4425,#4426,#4427));
#1054=EDGE_LOOP('',(#4428,#4429,#4430,#4431));
#1055=EDGE_LOOP('',(#4432,#4433,#4434,#4435));
#1056=EDGE_LOOP('',(#4436,#4437,#4438,#4439));
#1057=EDGE_LOOP('',(#4440,#4441,#4442,#4443));
#1058=EDGE_LOOP('',(#4444,#4445,#4446,#4447));
#1059=EDGE_LOOP('',(#4448,#4449,#4450,#4451));
#1060=EDGE_LOOP('',(#4452,#4453,#4454,#4455));
#1061=EDGE_LOOP('',(#4456,#4457,#4458,#4459));
#1062=EDGE_LOOP('',(#4460,#4461,#4462,#4463));
#1063=EDGE_LOOP('',(#4464,#4465,#4466,#4467));
#1064=EDGE_LOOP('',(#4468,#4469,#4470,#4471));
#1065=EDGE_LOOP('',(#4472,#4473,#4474,#4475));
#1066=EDGE_LOOP('',(#4476,#4477,#4478,#4479));
#1067=EDGE_LOOP('',(#4480,#4481,#4482,#4483));
#1068=EDGE_LOOP('',(#4484,#4485,#4486,#4487));
#1069=EDGE_LOOP('',(#4488,#4489,#4490,#4491));
#1070=EDGE_LOOP('',(#4492,#4493,#4494,#4495));
#1071=EDGE_LOOP('',(#4496,#4497,#4498,#4499,#4500,#4501,#4502,#4503,#4504,
#4505,#4506,#4507,#4508,#4509,#4510,#4511,#4512,#4513,#4514,#4515,#4516,
#4517,#4518,#4519,#4520,#4521,#4522,#4523,#4524,#4525,#4526,#4527,#4528,
#4529,#4530,#4531,#4532,#4533,#4534,#4535,#4536,#4537,#4538,#4539,#4540,
#4541,#4542,#4543,#4544,#4545,#4546,#4547,#4548,#4549,#4550,#4551,#4552,
#4553,#4554,#4555,#4556,#4557,#4558,#4559,#4560,#4561,#4562,#4563,#4564,
#4565,#4566,#4567,#4568,#4569,#4570,#4571,#4572,#4573,#4574,#4575,#4576,
#4577,#4578,#4579,#4580,#4581,#4582,#4583,#4584,#4585,#4586,#4587,#4588,
#4589,#4590,#4591,#4592,#4593,#4594,#4595,#4596,#4597,#4598,#4599,#4600,
#4601,#4602,#4603,#4604,#4605,#4606,#4607,#4608,#4609,#4610,#4611,#4612,
#4613,#4614,#4615,#4616,#4617,#4618,#4619,#4620,#4621,#4622,#4623,#4624,
#4625,#4626,#4627,#4628,#4629,#4630,#4631,#4632,#4633,#4634,#4635,#4636,
#4637,#4638,#4639,#4640,#4641,#4642,#4643,#4644,#4645,#4646,#4647,#4648,
#4649,#4650,#4651,#4652,#4653,#4654,#4655,#4656,#4657,#4658,#4659,#4660,
#4661,#4662,#4663,#4664,#4665,#4666,#4667,#4668,#4669,#4670,#4671,#4672,
#4673,#4674,#4675,#4676,#4677,#4678,#4679,#4680,#4681,#4682,#4683,#4684,
#4685,#4686,#4687,#4688,#4689,#4690,#4691,#4692,#4693,#4694,#4695,#4696,
#4697,#4698,#4699,#4700,#4701,#4702,#4703,#4704,#4705,#4706,#4707,#4708,
#4709,#4710,#4711,#4712,#4713,#4714,#4715,#4716,#4717,#4718,#4719,#4720,
#4721,#4722,#4723,#4724,#4725,#4726,#4727,#4728,#4729,#4730,#4731,#4732,
#4733,#4734,#4735,#4736,#4737,#4738,#4739,#4740,#4741,#4742,#4743,#4744,
#4745,#4746,#4747,#4748,#4749,#4750));
#1072=EDGE_LOOP('',(#4751));
#1073=EDGE_LOOP('',(#4752,#4753,#4754,#4755));
#1074=EDGE_LOOP('',(#4756));
#1075=EDGE_LOOP('',(#4757));
#1076=EDGE_LOOP('',(#4758,#4759,#4760,#4761,#4762,#4763));
#1077=EDGE_LOOP('',(#4764,#4765,#4766,#4767));
#1078=EDGE_LOOP('',(#4768));
#1079=EDGE_LOOP('',(#4769));
#1080=EDGE_LOOP('',(#4770,#4771,#4772,#4773,#4774));
#1081=EDGE_LOOP('',(#4775,#4776,#4777,#4778));
#1082=EDGE_LOOP('',(#4779,#4780,#4781,#4782,#4783,#4784,#4785,#4786,#4787,
#4788,#4789,#4790,#4791,#4792,#4793,#4794));
#1083=EDGE_LOOP('',(#4795,#4796,#4797,#4798,#4799,#4800,#4801,#4802,#4803,
#4804,#4805,#4806,#4807,#4808,#4809,#4810));
#1084=EDGE_LOOP('',(#4811,#4812,#4813,#4814));
#1085=EDGE_LOOP('',(#4815,#4816,#4817,#4818));
#1086=CIRCLE('',#5209,0.10075);
#1087=CIRCLE('',#5214,0.10075);
#1088=CIRCLE('',#5216,0.125);
#1089=CIRCLE('',#5222,0.125);
#1090=CIRCLE('',#5226,0.593);
#1091=CIRCLE('',#5227,0.593);
#1092=CIRCLE('',#5229,0.593);
#1093=CIRCLE('',#5230,0.593);
#1094=CIRCLE('',#5232,0.563);
#1095=CIRCLE('',#5233,0.593);
#1096=CIRCLE('',#5234,0.593);
#1097=CIRCLE('',#5235,0.593);
#1098=CIRCLE('',#5236,0.593);
#1099=CIRCLE('',#5237,0.593);
#1100=CIRCLE('',#5238,0.593);
#1101=CIRCLE('',#5239,0.593);
#1102=CIRCLE('',#5240,0.593);
#1103=CIRCLE('',#5241,0.593);
#1104=CIRCLE('',#5242,0.593);
#1105=CIRCLE('',#5243,0.593);
#1106=CIRCLE('',#5244,0.593);
#1107=CIRCLE('',#5245,0.593);
#1108=CIRCLE('',#5246,0.593);
#1109=CIRCLE('',#5247,0.593);
#1110=CIRCLE('',#5248,0.593);
#1111=CIRCLE('',#5249,0.593);
#1112=CIRCLE('',#5250,0.593);
#1113=CIRCLE('',#5251,0.593);
#1114=CIRCLE('',#5252,0.593);
#1115=CIRCLE('',#5253,0.593);
#1116=CIRCLE('',#5254,0.593);
#1117=CIRCLE('',#5255,0.593);
#1118=CIRCLE('',#5256,0.593);
#1119=CIRCLE('',#5257,0.593);
#1120=CIRCLE('',#5258,0.593);
#1121=CIRCLE('',#5259,0.593);
#1122=CIRCLE('',#5260,0.593);
#1123=CIRCLE('',#5261,0.593);
#1124=CIRCLE('',#5262,0.593);
#1125=CIRCLE('',#5263,0.593);
#1126=CIRCLE('',#5264,0.593);
#1127=CIRCLE('',#5265,0.593);
#1128=CIRCLE('',#5266,0.593);
#1129=CIRCLE('',#5267,0.593);
#1130=CIRCLE('',#5268,0.593);
#1131=CIRCLE('',#5269,0.593);
#1132=CIRCLE('',#5270,0.593);
#1133=CIRCLE('',#5271,0.593);
#1134=CIRCLE('',#5272,0.593);
#1135=CIRCLE('',#5273,0.593);
#1136=CIRCLE('',#5274,0.593);
#1137=CIRCLE('',#5275,0.593);
#1138=CIRCLE('',#5276,0.593);
#1139=CIRCLE('',#5277,0.593);
#1140=CIRCLE('',#5278,0.593);
#1141=CIRCLE('',#5279,0.593);
#1142=CIRCLE('',#5280,0.593);
#1143=CIRCLE('',#5281,0.593);
#1144=CIRCLE('',#5282,0.593);
#1145=CIRCLE('',#5283,0.593);
#1146=CIRCLE('',#5284,0.593);
#1147=CIRCLE('',#5285,0.593);
#1148=CIRCLE('',#5286,0.593);
#1149=CIRCLE('',#5287,0.593);
#1150=CIRCLE('',#5288,0.593);
#1151=CIRCLE('',#5289,0.593);
#1152=CIRCLE('',#5290,0.593);
#1153=CIRCLE('',#5291,0.593);
#1154=CIRCLE('',#5292,0.593);
#1155=CIRCLE('',#5293,0.593);
#1156=CIRCLE('',#5294,0.593);
#1157=CIRCLE('',#5295,0.593);
#1158=CIRCLE('',#5296,0.593);
#1159=CIRCLE('',#5297,0.593);
#1160=CIRCLE('',#5298,0.593);
#1161=CIRCLE('',#5299,0.593);
#1162=CIRCLE('',#5300,0.593);
#1163=CIRCLE('',#5301,0.593);
#1164=CIRCLE('',#5302,0.593);
#1165=CIRCLE('',#5303,0.593);
#1166=CIRCLE('',#5304,0.593);
#1167=CIRCLE('',#5305,0.593);
#1168=CIRCLE('',#5306,0.593);
#1169=CIRCLE('',#5307,0.593);
#1170=CIRCLE('',#5308,0.593);
#1171=CIRCLE('',#5309,0.593);
#1172=CIRCLE('',#5310,0.593);
#1173=CIRCLE('',#5311,0.593);
#1174=CIRCLE('',#5312,0.593);
#1175=CIRCLE('',#5313,0.593);
#1176=CIRCLE('',#5314,0.593);
#1177=CIRCLE('',#5318,0.593);
#1178=CIRCLE('',#5322,0.593);
#1179=CIRCLE('',#5326,0.593);
#1180=CIRCLE('',#5330,0.593);
#1181=CIRCLE('',#5334,0.593);
#1182=CIRCLE('',#5338,0.593);
#1183=CIRCLE('',#5342,0.593);
#1184=CIRCLE('',#5346,0.593);
#1185=CIRCLE('',#5350,0.593);
#1186=CIRCLE('',#5354,0.593);
#1187=CIRCLE('',#5358,0.593);
#1188=CIRCLE('',#5362,0.593);
#1189=CIRCLE('',#5366,0.593);
#1190=CIRCLE('',#5370,0.593);
#1191=CIRCLE('',#5374,0.593);
#1192=CIRCLE('',#5378,0.593);
#1193=CIRCLE('',#5382,0.593);
#1194=CIRCLE('',#5386,0.593);
#1195=CIRCLE('',#5390,0.593);
#1196=CIRCLE('',#5394,0.593);
#1197=CIRCLE('',#5398,0.593);
#1198=CIRCLE('',#5402,0.593);
#1199=CIRCLE('',#5406,0.593);
#1200=CIRCLE('',#5410,0.593);
#1201=CIRCLE('',#5414,0.593);
#1202=CIRCLE('',#5418,0.593);
#1203=CIRCLE('',#5422,0.593);
#1204=CIRCLE('',#5426,0.593);
#1205=CIRCLE('',#5430,0.593);
#1206=CIRCLE('',#5434,0.593);
#1207=CIRCLE('',#5438,0.593);
#1208=CIRCLE('',#5442,0.593);
#1209=CIRCLE('',#5446,0.593);
#1210=CIRCLE('',#5450,0.593);
#1211=CIRCLE('',#5454,0.593);
#1212=CIRCLE('',#5458,0.593);
#1213=CIRCLE('',#5462,0.593);
#1214=CIRCLE('',#5466,0.593);
#1215=CIRCLE('',#5470,0.593);
#1216=CIRCLE('',#5474,0.593);
#1217=CIRCLE('',#5478,0.593);
#1218=CIRCLE('',#5482,0.593);
#1219=CIRCLE('',#5486,0.593);
#1220=CIRCLE('',#5490,0.593);
#1221=CIRCLE('',#5494,0.593);
#1222=CIRCLE('',#5498,0.593);
#1223=CIRCLE('',#5502,0.593);
#1224=CIRCLE('',#5506,0.593);
#1225=CIRCLE('',#5510,0.593);
#1226=CIRCLE('',#5514,0.593);
#1227=CIRCLE('',#5518,0.593);
#1228=CIRCLE('',#5522,0.593);
#1229=CIRCLE('',#5526,0.593);
#1230=CIRCLE('',#5530,0.593);
#1231=CIRCLE('',#5534,0.593);
#1232=CIRCLE('',#5538,0.593);
#1233=CIRCLE('',#5542,0.593);
#1234=CIRCLE('',#5546,0.593);
#1235=CIRCLE('',#5550,0.593);
#1236=CIRCLE('',#5554,0.593);
#1237=CIRCLE('',#5558,0.593);
#1238=CIRCLE('',#5562,0.593);
#1239=CIRCLE('',#5566,0.593);
#1240=CIRCLE('',#5570,0.593);
#1241=CIRCLE('',#5574,0.593);
#1242=CIRCLE('',#5578,0.593);
#1243=CIRCLE('',#5582,0.593);
#1244=CIRCLE('',#5586,0.593);
#1245=CIRCLE('',#5590,0.593);
#1246=CIRCLE('',#5594,0.593);
#1247=CIRCLE('',#5598,0.593);
#1248=CIRCLE('',#5602,0.593);
#1249=CIRCLE('',#5606,0.593);
#1250=CIRCLE('',#5610,0.593);
#1251=CIRCLE('',#5614,0.593);
#1252=CIRCLE('',#5618,0.593);
#1253=CIRCLE('',#5622,0.593);
#1254=CIRCLE('',#5626,0.593);
#1255=CIRCLE('',#5630,0.593);
#1256=CIRCLE('',#5634,0.593);
#1257=CIRCLE('',#5638,0.593);
#1258=CIRCLE('',#5642,0.593);
#1259=CIRCLE('',#5646,0.563);
#1260=CIRCLE('',#5649,0.4835);
#1261=CIRCLE('',#5651,0.107816105482423);
#1262=CIRCLE('',#5652,0.107816105482423);
#1263=CIRCLE('',#5653,0.107816105482423);
#1264=CIRCLE('',#5654,0.107816105482423);
#1265=CIRCLE('',#5656,0.4835);
#1266=B_SPLINE_CURVE_WITH_KNOTS('',3,(#6845,#6846,#6847,#6848,#6849,#6850,
#6851,#6852,#6853,#6854,#6855,#6856,#6857),.UNSPECIFIED.,.F.,.F.,(4,3,3,
3,4),(32.5042061544385,33.3722906885143,34.3538286499411,35.335366611368,
36.3169045727949),.UNSPECIFIED.);
#1267=B_SPLINE_CURVE_WITH_KNOTS('',3,(#6860,#6861,#6862,#6863,#6864,#6865,
#6866,#6867,#6868,#6869,#6870,#6871,#6872,#6873,#6874,#6875,#6876,#6877,
#6878,#6879,#6880,#6881),.UNSPECIFIED.,.F.,.F.,(4,3,3,3,3,3,3,4),(-34.5575191894877,
-34.3538286499411,-33.3722906885143,-32.3907527270874,-31.4092147656605,
-30.4276768042336,-29.4461388428067,-28.9454396470748),.UNSPECIFIED.);
#1268=B_SPLINE_CURVE_WITH_KNOTS('',3,(#6886,#6887,#6888,#6889,#6890,#6891,
#6892,#6893,#6894,#6895,#6896,#6897,#6898,#6899,#6900,#6901,#6902,#6903,
#6904,#6905,#6906,#6907,#6908,#6909,#6910),.UNSPECIFIED.,.F.,.F.,(4,3,3,
3,3,3,3,3,4),(26.2210208472589,26.501524958526,27.4830629199529,28.4646008813798,
29.4461388428067,30.4276768042336,31.4092147656605,32.3907527270874,32.5042061544385),
 .UNSPECIFIED.);
#1269=B_SPLINE_CURVE_WITH_KNOTS('',3,(#6911,#6912,#6913,#6914,#6915,#6916,
#6917,#6918,#6919,#6920,#6921,#6922,#6923,#6924,#6925,#6926,#6927,#6928,
#6929,#6930,#6931,#6932),.UNSPECIFIED.,.F.,.F.,(4,3,3,3,3,3,3,4),(-28.9454396470748,
-28.4646008813798,-27.4830629199529,-26.501524958526,-25.5199869970991,
-24.5384490356722,-23.5569110742454,-22.6622543398952),.UNSPECIFIED.);
#1270=B_SPLINE_CURVE_WITH_KNOTS('',3,(#6937,#6938,#6939,#6940,#6941,#6942,
#6943,#6944,#6945,#6946,#6947,#6948,#6949,#6950,#6951,#6952,#6953,#6954,
#6955,#6956,#6957,#6958),.UNSPECIFIED.,.F.,.F.,(4,3,3,3,3,3,3,4),(19.9378355400793,
20.6122971899647,21.5938351513916,22.5753731128185,23.5569110742454,24.5384490356722,
25.5199869970991,26.2210208472589),.UNSPECIFIED.);
#1271=B_SPLINE_CURVE_WITH_KNOTS('',3,(#6959,#6960,#6961,#6962,#6963,#6964,
#6965,#6966,#6967,#6968,#6969,#6970,#6971,#6972,#6973,#6974,#6975,#6976,
#6977,#6978,#6979,#6980,#6981,#6982,#6983),.UNSPECIFIED.,.F.,.F.,(4,3,3,
3,3,3,3,3,4),(-22.6622543398952,-22.5753731128185,-21.5938351513916,-20.6122971899647,
-19.6307592285378,-18.6492212671109,-17.667683305684,-16.6861453442571,
-16.3790690327156),.UNSPECIFIED.);
#1272=B_SPLINE_CURVE_WITH_KNOTS('',3,(#6988,#6989,#6990,#6991,#6992,#6993,
#6994,#6995,#6996,#6997,#6998,#6999,#7000,#7001,#7002,#7003,#7004,#7005,
#7006,#7007,#7008,#7009,#7010,#7011,#7012),.UNSPECIFIED.,.F.,.F.,(4,3,3,
3,3,3,3,3,4),(13.6546502328997,13.7415314599765,14.7230694214034,15.7046073828302,
16.6861453442571,17.667683305684,18.6492212671109,19.6307592285378,19.9378355400793),
 .UNSPECIFIED.);
#1273=B_SPLINE_CURVE_WITH_KNOTS('',3,(#7013,#7014,#7015,#7016,#7017,#7018,
#7019,#7020,#7021,#7022,#7023,#7024,#7025,#7026,#7027,#7028,#7029,#7030,
#7031,#7032,#7033,#7034),.UNSPECIFIED.,.F.,.F.,(4,3,3,3,3,3,3,4),(-16.3790690327156,
-15.7046073828302,-14.7230694214034,-13.7415314599765,-12.7599934985496,
-11.7784555371227,-10.7969175756958,-10.095883725536),.UNSPECIFIED.);
#1274=B_SPLINE_CURVE_WITH_KNOTS('',3,(#7040,#7041,#7042,#7043,#7044,#7045,
#7046,#7047,#7048,#7049,#7050,#7051,#7052),.UNSPECIFIED.,.F.,.F.,(4,3,3,
3,4),(-3.81269841835644,-2.94461388428067,-1.96307592285378,-0.981537961426889,
0.),.UNSPECIFIED.);
#1275=B_SPLINE_CURVE_WITH_KNOTS('',3,(#7055,#7056,#7057,#7058,#7059,#7060,
#7061,#7062,#7063,#7064,#7065,#7066,#7067,#7068,#7069,#7070,#7071,#7072,
#7073,#7074,#7075,#7076),.UNSPECIFIED.,.F.,.F.,(4,3,3,3,3,3,3,4),(1.7593853833072,
1.96307592285378,2.94461388428067,3.92615184570756,4.90768980713445,5.88922776856134,
6.87076572998823,7.37146492572012),.UNSPECIFIED.);
#1276=B_SPLINE_CURVE_WITH_KNOTS('',3,(#7082,#7083,#7084,#7085,#7086),
 .UNSPECIFIED.,.F.,.F.,(4,1,4),(47.1238898038469,47.2306314609606,48.2121694223874),
 .UNSPECIFIED.);
#1277=B_SPLINE_CURVE_WITH_KNOTS('',3,(#7089,#7090,#7091,#7092,#7093,#7094),
 .UNSPECIFIED.,.F.,.F.,(4,1,1,4),(47.1238898038469,47.9919743379227,48.9735122993496,
49.1772028388962),.UNSPECIFIED.);
#1278=B_SPLINE_CURVE_WITH_KNOTS('',3,(#7099,#7100,#7101,#7102,#7103,#7104,
#7105,#7106,#7107,#7108),.UNSPECIFIED.,.F.,.F.,(4,1,1,1,1,1,1,4),(40.8407044966673,
41.3414036923992,42.3229416538261,43.304479615253,44.2860175766799,45.2675555381068,
46.2490934995337,47.1238898038469),.UNSPECIFIED.);
#1279=B_SPLINE_CURVE_WITH_KNOTS('',3,(#7109,#7110,#7111,#7112,#7113,#7114,
#7115,#7116,#7117,#7118,#7119),.UNSPECIFIED.,.F.,.F.,(4,1,1,1,1,1,1,1,4),
(40.8407044966673,41.1212086079345,42.1027465693614,43.0842845307882,44.0658224922151,
45.047360453642,46.0288984150689,47.0104363764958,47.1238898038469),
 .UNSPECIFIED.);
#1280=B_SPLINE_CURVE_WITH_KNOTS('',3,(#7124,#7125,#7126,#7127,#7128,#7129,
#7130,#7131,#7132,#7133),.UNSPECIFIED.,.F.,.F.,(4,1,1,1,1,1,1,4),(34.5575191894877,
35.4521759238379,36.4337138852648,37.4152518466917,38.3967898081185,39.3783277695454,
40.3598657309723,40.8407044966673),.UNSPECIFIED.);
#1281=B_SPLINE_CURVE_WITH_KNOTS('',3,(#7134,#7135,#7136,#7137,#7138,#7139,
#7140,#7141,#7142,#7143),.UNSPECIFIED.,.F.,.F.,(4,1,1,1,1,1,1,4),(34.5575191894877,
35.2319808393731,36.2135188008,37.1950567622269,38.1765947236538,39.1581326850807,
40.1396706465076,40.8407044966673),.UNSPECIFIED.);
#1282=B_SPLINE_CURVE_WITH_KNOTS('',3,(#7148,#7149,#7150,#7151,#7152,#7153,
#7154,#7155,#7156,#7157,#7158),.UNSPECIFIED.,.F.,.F.,(4,1,1,1,1,1,1,1,4),
(28.2743338823081,28.5814101938496,29.5629481552765,30.5444861167034,31.5260240781303,
32.5075620395572,33.4891000009841,34.470637962411,34.5575191894877),
 .UNSPECIFIED.);
#1283=B_SPLINE_CURVE_WITH_KNOTS('',3,(#7159,#7160,#7161,#7162,#7163,#7164,
#7165,#7166,#7167,#7168,#7169),.UNSPECIFIED.,.F.,.F.,(4,1,1,1,1,1,1,1,4),
(28.2743338823081,28.3612151093849,29.3427530708118,30.3242910322387,31.3058289936656,
32.2873669550925,33.2689049165193,34.2504428779462,34.5575191894877),
 .UNSPECIFIED.);
#1284=B_SPLINE_CURVE_WITH_KNOTS('',3,(#7174,#7175,#7176,#7177,#7178,#7179,
#7180,#7181,#7182,#7183),.UNSPECIFIED.,.F.,.F.,(4,1,1,1,1,1,1,4),(21.9911485751285,
22.6921824252883,23.6737203867152,24.6552583481421,25.636796309569,26.6183342709959,
27.5998722324228,28.2743338823081),.UNSPECIFIED.);
#1285=B_SPLINE_CURVE_WITH_KNOTS('',3,(#7184,#7185,#7186,#7187,#7188,#7189,
#7190,#7191,#7192,#7193),.UNSPECIFIED.,.F.,.F.,(4,1,1,1,1,1,1,4),(21.9911485751285,
22.4719873408236,23.4535253022504,24.4350632636773,25.4166012251042,26.3981391865311,
27.379677147958,28.2743338823081),.UNSPECIFIED.);
#1286=B_SPLINE_CURVE_WITH_KNOTS('',3,(#7199,#7200,#7201,#7202,#7203),
 .UNSPECIFIED.,.F.,.F.,(4,1,4),(14.6196836494084,15.6012216108353,15.707963267949),
 .UNSPECIFIED.);
#1287=B_SPLINE_CURVE_WITH_KNOTS('',3,(#7206,#7207,#7208,#7209,#7210,#7211),
 .UNSPECIFIED.,.F.,.F.,(4,1,1,4),(13.6546502328997,13.8583407724463,14.8398787338732,
15.707963267949),.UNSPECIFIED.);
#1288=B_SPLINE_CURVE_WITH_KNOTS('',3,(#9405,#9406,#9407,#9408,#9409,#9410,
#9411,#9412,#9413,#9414,#9415,#9416,#9417,#9418,#9419,#9420,#9421,#9422,
#9423,#9424,#9425,#9426,#9427,#9428,#9429,#9430,#9431,#9432,#9433,#9434,
#9435,#9436,#9437,#9438,#9439,#9440,#9441,#9442,#9443,#9444),
 .UNSPECIFIED.,.F.,.F.,(4,3,3,3,3,3,3,3,3,3,3,3,3,4),(0.,0.0691957844147937,
0.105284401696652,0.136104951266508,0.202935629819837,0.235452335942689,
0.257513057810752,0.298089066717426,0.332140278573074,0.362564229718824,
0.406673926274466,0.43206122568037,0.4921532590637,0.51066272838635),
 .UNSPECIFIED.);
#1289=B_SPLINE_CURVE_WITH_KNOTS('',3,(#9445,#9446,#9447,#9448,#9449,#9450,
#9451,#9452,#9453,#9454,#9455,#9456,#9457,#9458,#9459,#9460,#9461,#9462,
#9463,#9464,#9465,#9466,#9467,#9468,#9469,#9470,#9471,#9472,#9473,#9474,
#9475,#9476,#9477,#9478,#9479,#9480,#9481,#9482,#9483,#9484),
 .UNSPECIFIED.,.F.,.F.,(4,3,3,3,3,3,3,3,3,3,3,3,3,4),(0.,0.058523367307132,
0.0901267407492728,0.11663815934626,0.164816115088468,0.197723822563475,
0.223860689576247,0.270722946179136,0.305205026561471,0.33637125412164,
0.38432420048348,0.41257118878212,0.437488212990802,0.508353027354249),
 .UNSPECIFIED.);
#1290=B_SPLINE_CURVE_WITH_KNOTS('',3,(#9504,#9505,#9506,#9507,#9508,#9509,
#9510,#9511,#9512,#9513,#9514,#9515,#9516,#9517,#9518,#9519,#9520,#9521,
#9522,#9523,#9524,#9525,#9526,#9527,#9528,#9529,#9530,#9531,#9532,#9533,
#9534),.UNSPECIFIED.,.F.,.F.,(4,3,3,3,3,3,3,3,3,3,4),(0.,0.0691958819277393,
0.105283923141402,0.136104998830588,0.202935622795635,0.235452304170227,
0.257513065779187,0.298089066717429,0.331741925011038,0.362853852995676,
0.372913172457113),.UNSPECIFIED.);
#1291=B_SPLINE_CURVE_WITH_KNOTS('',3,(#9535,#9536,#9537,#9538,#9539,#9540,
#9541,#9542,#9543,#9544,#9545,#9546,#9547,#9548,#9549,#9550,#9551,#9552,
#9553,#9554,#9555,#9556,#9557,#9558,#9559,#9560,#9561,#9562,#9563,#9564,
#9565),.UNSPECIFIED.,.F.,.F.,(4,3,3,3,3,3,3,3,3,3,4),(0.137286065592726,
0.176442239686297,0.205394046113228,0.228543042752244,0.270722946179129,
0.305205140337565,0.336371262385259,0.384324229730813,0.412571423409135,
0.437488306146609,0.508353027354251),.UNSPECIFIED.);
#1292=B_SPLINE_CURVE_WITH_KNOTS('',3,(#9567,#9568,#9569,#9570,#9571,#9572,
#9573,#9574,#9575,#9576,#9577),.UNSPECIFIED.,.F.,.F.,(4,1,1,1,1,1,1,1,4),
(15.707963267949,15.8214166953001,16.802954656727,17.7844926181539,18.7660305795808,
19.7475685410076,20.7291065024345,21.7106444638614,21.9911485751285),
 .UNSPECIFIED.);
#1293=B_SPLINE_CURVE_WITH_KNOTS('',3,(#9578,#9579,#9580,#9581,#9582,#9583,
#9584,#9585,#9586,#9587),.UNSPECIFIED.,.F.,.F.,(4,1,1,1,1,1,1,4),(15.707963267949,
16.5827595722622,17.5642975336891,18.545835495116,19.5273734565429,20.5089114179698,
21.4904493793967,21.9911485751285),.UNSPECIFIED.);
#1294=B_SPLINE_CURVE_WITH_KNOTS('',3,(#9748,#9749,#9750,#9751,#9752,#9753,
#9754,#9755,#9756,#9757,#9758,#9759,#9760),.UNSPECIFIED.,.F.,.F.,(4,3,3,
3,4),(0.,0.0585520891745,0.0920614505672224,0.115047562410197,0.137286065592726),
 .UNSPECIFIED.);
#1295=B_SPLINE_CURVE_WITH_KNOTS('',3,(#9761,#9762,#9763,#9764,#9765,#9766,
#9767,#9768,#9769,#9770,#9771,#9772,#9773,#9774,#9775,#9776,#9777,#9778,
#9779,#9780,#9781,#9782,#9783,#9784,#9785),.UNSPECIFIED.,.F.,.F.,(4,3,3,
3,3,3,3,3,4),(-10.095883725536,-9.8153796142689,-8.83384165284201,-7.85230369141512,
-6.87076572998823,-5.88922776856134,-4.90768980713445,-3.92615184570756,
-3.81269841835644),.UNSPECIFIED.);
#1296=B_SPLINE_CURVE_WITH_KNOTS('',3,(#9946,#9947,#9948,#9949,#9950,#9951,
#9952,#9953,#9954,#9955,#9956,#9957,#9958,#9959,#9960,#9961,#9962,#9963,
#9964,#9965,#9966,#9967),.UNSPECIFIED.,.F.,.F.,(4,3,3,3,3,3,3,4),(7.37146492572012,
7.85230369141512,8.83384165284201,9.8153796142689,10.7969175756958,11.7784555371227,
12.7599934985496,13.6546502328997),.UNSPECIFIED.);
#1297=B_SPLINE_CURVE_WITH_KNOTS('',3,(#9968,#9969,#9970,#9971,#9972,#9973,
#9974,#9975,#9976,#9977,#9978,#9979,#9980),.UNSPECIFIED.,.F.,.F.,(4,3,3,
3,4),(0.372913172457113,0.425274575089559,0.446376108719554,0.506061604407661,
0.51066272838636),.UNSPECIFIED.);
#1298=LINE('',#6843,#1565);
#1299=LINE('',#6885,#1566);
#1300=LINE('',#6936,#1567);
#1301=LINE('',#6987,#1568);
#1302=LINE('',#7038,#1569);
#1303=LINE('',#7080,#1570);
#1304=LINE('',#7098,#1571);
#1305=LINE('',#7123,#1572);
#1306=LINE('',#7147,#1573);
#1307=LINE('',#7173,#1574);
#1308=LINE('',#7197,#1575);
#1309=LINE('',#7219,#1576);
#1310=LINE('',#7224,#1577);
#1311=LINE('',#7231,#1578);
#1312=LINE('',#7239,#1579);
#1313=LINE('',#7245,#1580);
#1314=LINE('',#7251,#1581);
#1315=LINE('',#8080,#1582);
#1316=LINE('',#8086,#1583);
#1317=LINE('',#8092,#1584);
#1318=LINE('',#8096,#1585);
#1319=LINE('',#8102,#1586);
#1320=LINE('',#8108,#1587);
#1321=LINE('',#8112,#1588);
#1322=LINE('',#8118,#1589);
#1323=LINE('',#8124,#1590);
#1324=LINE('',#8128,#1591);
#1325=LINE('',#8134,#1592);
#1326=LINE('',#8140,#1593);
#1327=LINE('',#8144,#1594);
#1328=LINE('',#8150,#1595);
#1329=LINE('',#8156,#1596);
#1330=LINE('',#8160,#1597);
#1331=LINE('',#8166,#1598);
#1332=LINE('',#8172,#1599);
#1333=LINE('',#8176,#1600);
#1334=LINE('',#8182,#1601);
#1335=LINE('',#8188,#1602);
#1336=LINE('',#8192,#1603);
#1337=LINE('',#8198,#1604);
#1338=LINE('',#8204,#1605);
#1339=LINE('',#8208,#1606);
#1340=LINE('',#8214,#1607);
#1341=LINE('',#8220,#1608);
#1342=LINE('',#8224,#1609);
#1343=LINE('',#8230,#1610);
#1344=LINE('',#8236,#1611);
#1345=LINE('',#8240,#1612);
#1346=LINE('',#8246,#1613);
#1347=LINE('',#8252,#1614);
#1348=LINE('',#8256,#1615);
#1349=LINE('',#8262,#1616);
#1350=LINE('',#8268,#1617);
#1351=LINE('',#8272,#1618);
#1352=LINE('',#8278,#1619);
#1353=LINE('',#8284,#1620);
#1354=LINE('',#8288,#1621);
#1355=LINE('',#8294,#1622);
#1356=LINE('',#8300,#1623);
#1357=LINE('',#8304,#1624);
#1358=LINE('',#8310,#1625);
#1359=LINE('',#8316,#1626);
#1360=LINE('',#8320,#1627);
#1361=LINE('',#8326,#1628);
#1362=LINE('',#8332,#1629);
#1363=LINE('',#8336,#1630);
#1364=LINE('',#8342,#1631);
#1365=LINE('',#8348,#1632);
#1366=LINE('',#8352,#1633);
#1367=LINE('',#8358,#1634);
#1368=LINE('',#8364,#1635);
#1369=LINE('',#8368,#1636);
#1370=LINE('',#8374,#1637);
#1371=LINE('',#8380,#1638);
#1372=LINE('',#8384,#1639);
#1373=LINE('',#8390,#1640);
#1374=LINE('',#8396,#1641);
#1375=LINE('',#8400,#1642);
#1376=LINE('',#8406,#1643);
#1377=LINE('',#8412,#1644);
#1378=LINE('',#8416,#1645);
#1379=LINE('',#8422,#1646);
#1380=LINE('',#8428,#1647);
#1381=LINE('',#8432,#1648);
#1382=LINE('',#8438,#1649);
#1383=LINE('',#8444,#1650);
#1384=LINE('',#8448,#1651);
#1385=LINE('',#8454,#1652);
#1386=LINE('',#8460,#1653);
#1387=LINE('',#8464,#1654);
#1388=LINE('',#8470,#1655);
#1389=LINE('',#8476,#1656);
#1390=LINE('',#8480,#1657);
#1391=LINE('',#8486,#1658);
#1392=LINE('',#8492,#1659);
#1393=LINE('',#8496,#1660);
#1394=LINE('',#8502,#1661);
#1395=LINE('',#8508,#1662);
#1396=LINE('',#8512,#1663);
#1397=LINE('',#8518,#1664);
#1398=LINE('',#8524,#1665);
#1399=LINE('',#8528,#1666);
#1400=LINE('',#8534,#1667);
#1401=LINE('',#8540,#1668);
#1402=LINE('',#8544,#1669);
#1403=LINE('',#8550,#1670);
#1404=LINE('',#8556,#1671);
#1405=LINE('',#8560,#1672);
#1406=LINE('',#8566,#1673);
#1407=LINE('',#8572,#1674);
#1408=LINE('',#8576,#1675);
#1409=LINE('',#8582,#1676);
#1410=LINE('',#8588,#1677);
#1411=LINE('',#8592,#1678);
#1412=LINE('',#8598,#1679);
#1413=LINE('',#8604,#1680);
#1414=LINE('',#8608,#1681);
#1415=LINE('',#8614,#1682);
#1416=LINE('',#8620,#1683);
#1417=LINE('',#8624,#1684);
#1418=LINE('',#8630,#1685);
#1419=LINE('',#8636,#1686);
#1420=LINE('',#8640,#1687);
#1421=LINE('',#8646,#1688);
#1422=LINE('',#8652,#1689);
#1423=LINE('',#8656,#1690);
#1424=LINE('',#8662,#1691);
#1425=LINE('',#8668,#1692);
#1426=LINE('',#8672,#1693);
#1427=LINE('',#8678,#1694);
#1428=LINE('',#8684,#1695);
#1429=LINE('',#8688,#1696);
#1430=LINE('',#8694,#1697);
#1431=LINE('',#8700,#1698);
#1432=LINE('',#8704,#1699);
#1433=LINE('',#8710,#1700);
#1434=LINE('',#8716,#1701);
#1435=LINE('',#8720,#1702);
#1436=LINE('',#8726,#1703);
#1437=LINE('',#8732,#1704);
#1438=LINE('',#8736,#1705);
#1439=LINE('',#8742,#1706);
#1440=LINE('',#8748,#1707);
#1441=LINE('',#8752,#1708);
#1442=LINE('',#8758,#1709);
#1443=LINE('',#8764,#1710);
#1444=LINE('',#8768,#1711);
#1445=LINE('',#8774,#1712);
#1446=LINE('',#8780,#1713);
#1447=LINE('',#8784,#1714);
#1448=LINE('',#8790,#1715);
#1449=LINE('',#8796,#1716);
#1450=LINE('',#8800,#1717);
#1451=LINE('',#8806,#1718);
#1452=LINE('',#8812,#1719);
#1453=LINE('',#8816,#1720);
#1454=LINE('',#8822,#1721);
#1455=LINE('',#8828,#1722);
#1456=LINE('',#8832,#1723);
#1457=LINE('',#8838,#1724);
#1458=LINE('',#8844,#1725);
#1459=LINE('',#8848,#1726);
#1460=LINE('',#8854,#1727);
#1461=LINE('',#8860,#1728);
#1462=LINE('',#8864,#1729);
#1463=LINE('',#8870,#1730);
#1464=LINE('',#8876,#1731);
#1465=LINE('',#8880,#1732);
#1466=LINE('',#8886,#1733);
#1467=LINE('',#8892,#1734);
#1468=LINE('',#8896,#1735);
#1469=LINE('',#8902,#1736);
#1470=LINE('',#8908,#1737);
#1471=LINE('',#8912,#1738);
#1472=LINE('',#8918,#1739);
#1473=LINE('',#8924,#1740);
#1474=LINE('',#8928,#1741);
#1475=LINE('',#8934,#1742);
#1476=LINE('',#8940,#1743);
#1477=LINE('',#8944,#1744);
#1478=LINE('',#8950,#1745);
#1479=LINE('',#8956,#1746);
#1480=LINE('',#8960,#1747);
#1481=LINE('',#8966,#1748);
#1482=LINE('',#8972,#1749);
#1483=LINE('',#8976,#1750);
#1484=LINE('',#8982,#1751);
#1485=LINE('',#8988,#1752);
#1486=LINE('',#8992,#1753);
#1487=LINE('',#8998,#1754);
#1488=LINE('',#9004,#1755);
#1489=LINE('',#9008,#1756);
#1490=LINE('',#9014,#1757);
#1491=LINE('',#9020,#1758);
#1492=LINE('',#9024,#1759);
#1493=LINE('',#9030,#1760);
#1494=LINE('',#9036,#1761);
#1495=LINE('',#9040,#1762);
#1496=LINE('',#9046,#1763);
#1497=LINE('',#9052,#1764);
#1498=LINE('',#9056,#1765);
#1499=LINE('',#9062,#1766);
#1500=LINE('',#9068,#1767);
#1501=LINE('',#9072,#1768);
#1502=LINE('',#9078,#1769);
#1503=LINE('',#9084,#1770);
#1504=LINE('',#9088,#1771);
#1505=LINE('',#9094,#1772);
#1506=LINE('',#9100,#1773);
#1507=LINE('',#9104,#1774);
#1508=LINE('',#9110,#1775);
#1509=LINE('',#9116,#1776);
#1510=LINE('',#9120,#1777);
#1511=LINE('',#9126,#1778);
#1512=LINE('',#9132,#1779);
#1513=LINE('',#9136,#1780);
#1514=LINE('',#9142,#1781);
#1515=LINE('',#9148,#1782);
#1516=LINE('',#9152,#1783);
#1517=LINE('',#9158,#1784);
#1518=LINE('',#9164,#1785);
#1519=LINE('',#9168,#1786);
#1520=LINE('',#9174,#1787);
#1521=LINE('',#9180,#1788);
#1522=LINE('',#9184,#1789);
#1523=LINE('',#9190,#1790);
#1524=LINE('',#9196,#1791);
#1525=LINE('',#9200,#1792);
#1526=LINE('',#9206,#1793);
#1527=LINE('',#9212,#1794);
#1528=LINE('',#9216,#1795);
#1529=LINE('',#9222,#1796);
#1530=LINE('',#9228,#1797);
#1531=LINE('',#9232,#1798);
#1532=LINE('',#9238,#1799);
#1533=LINE('',#9244,#1800);
#1534=LINE('',#9248,#1801);
#1535=LINE('',#9254,#1802);
#1536=LINE('',#9260,#1803);
#1537=LINE('',#9264,#1804);
#1538=LINE('',#9270,#1805);
#1539=LINE('',#9276,#1806);
#1540=LINE('',#9280,#1807);
#1541=LINE('',#9286,#1808);
#1542=LINE('',#9292,#1809);
#1543=LINE('',#9296,#1810);
#1544=LINE('',#9302,#1811);
#1545=LINE('',#9308,#1812);
#1546=LINE('',#9312,#1813);
#1547=LINE('',#9318,#1814);
#1548=LINE('',#9324,#1815);
#1549=LINE('',#9328,#1816);
#1550=LINE('',#9334,#1817);
#1551=LINE('',#9340,#1818);
#1552=LINE('',#9344,#1819);
#1553=LINE('',#9350,#1820);
#1554=LINE('',#9356,#1821);
#1555=LINE('',#9360,#1822);
#1556=LINE('',#9366,#1823);
#1557=LINE('',#9372,#1824);
#1558=LINE('',#9376,#1825);
#1559=LINE('',#9382,#1826);
#1560=LINE('',#9388,#1827);
#1561=LINE('',#9392,#1828);
#1562=LINE('',#9402,#1829);
#1563=LINE('',#9492,#1830);
#1564=LINE('',#9501,#1831);
#1565=VECTOR('',#5666,0.101);
#1566=VECTOR('',#5671,0.101);
#1567=VECTOR('',#5674,0.101);
#1568=VECTOR('',#5677,0.101);
#1569=VECTOR('',#5680,0.101);
#1570=VECTOR('',#5685,0.125);
#1571=VECTOR('',#5690,0.125);
#1572=VECTOR('',#5693,0.125);
#1573=VECTOR('',#5696,0.125);
#1574=VECTOR('',#5699,0.125);
#1575=VECTOR('',#5702,0.125);
#1576=VECTOR('',#5707,0.393700787401575);
#1577=VECTOR('',#5708,0.393700787401575);
#1578=VECTOR('',#5711,0.393700787401575);
#1579=VECTOR('',#5716,0.393700787401575);
#1580=VECTOR('',#5723,0.393700787401575);
#1581=VECTOR('',#5730,0.578);
#1582=VECTOR('',#5897,0.393700787401575);
#1583=VECTOR('',#5900,0.393700787401575);
#1584=VECTOR('',#5903,0.393700787401575);
#1585=VECTOR('',#5908,0.393700787401575);
#1586=VECTOR('',#5911,0.393700787401575);
#1587=VECTOR('',#5914,0.393700787401575);
#1588=VECTOR('',#5919,0.393700787401575);
#1589=VECTOR('',#5922,0.393700787401575);
#1590=VECTOR('',#5925,0.393700787401575);
#1591=VECTOR('',#5930,0.393700787401575);
#1592=VECTOR('',#5933,0.393700787401575);
#1593=VECTOR('',#5936,0.393700787401575);
#1594=VECTOR('',#5941,0.393700787401575);
#1595=VECTOR('',#5944,0.393700787401575);
#1596=VECTOR('',#5947,0.393700787401575);
#1597=VECTOR('',#5952,0.393700787401575);
#1598=VECTOR('',#5955,0.393700787401575);
#1599=VECTOR('',#5958,0.393700787401575);
#1600=VECTOR('',#5963,0.393700787401575);
#1601=VECTOR('',#5966,0.393700787401575);
#1602=VECTOR('',#5969,0.393700787401575);
#1603=VECTOR('',#5974,0.393700787401575);
#1604=VECTOR('',#5977,0.393700787401575);
#1605=VECTOR('',#5980,0.393700787401575);
#1606=VECTOR('',#5985,0.393700787401575);
#1607=VECTOR('',#5988,0.393700787401575);
#1608=VECTOR('',#5991,0.393700787401575);
#1609=VECTOR('',#5996,0.393700787401575);
#1610=VECTOR('',#5999,0.393700787401575);
#1611=VECTOR('',#6002,0.393700787401575);
#1612=VECTOR('',#6007,0.393700787401575);
#1613=VECTOR('',#6010,0.393700787401575);
#1614=VECTOR('',#6013,0.393700787401575);
#1615=VECTOR('',#6018,0.393700787401575);
#1616=VECTOR('',#6021,0.393700787401575);
#1617=VECTOR('',#6024,0.393700787401575);
#1618=VECTOR('',#6029,0.393700787401575);
#1619=VECTOR('',#6032,0.393700787401575);
#1620=VECTOR('',#6035,0.393700787401575);
#1621=VECTOR('',#6040,0.393700787401575);
#1622=VECTOR('',#6043,0.393700787401575);
#1623=VECTOR('',#6046,0.393700787401575);
#1624=VECTOR('',#6051,0.393700787401575);
#1625=VECTOR('',#6054,0.393700787401575);
#1626=VECTOR('',#6057,0.393700787401575);
#1627=VECTOR('',#6062,0.393700787401575);
#1628=VECTOR('',#6065,0.393700787401575);
#1629=VECTOR('',#6068,0.393700787401575);
#1630=VECTOR('',#6073,0.393700787401575);
#1631=VECTOR('',#6076,0.393700787401575);
#1632=VECTOR('',#6079,0.393700787401575);
#1633=VECTOR('',#6084,0.393700787401575);
#1634=VECTOR('',#6087,0.393700787401575);
#1635=VECTOR('',#6090,0.393700787401575);
#1636=VECTOR('',#6095,0.393700787401575);
#1637=VECTOR('',#6098,0.393700787401575);
#1638=VECTOR('',#6101,0.393700787401575);
#1639=VECTOR('',#6106,0.393700787401575);
#1640=VECTOR('',#6109,0.393700787401575);
#1641=VECTOR('',#6112,0.393700787401575);
#1642=VECTOR('',#6117,0.393700787401575);
#1643=VECTOR('',#6120,0.393700787401575);
#1644=VECTOR('',#6123,0.393700787401575);
#1645=VECTOR('',#6128,0.393700787401575);
#1646=VECTOR('',#6131,0.393700787401575);
#1647=VECTOR('',#6134,0.393700787401575);
#1648=VECTOR('',#6139,0.393700787401575);
#1649=VECTOR('',#6142,0.393700787401575);
#1650=VECTOR('',#6145,0.393700787401575);
#1651=VECTOR('',#6150,0.393700787401575);
#1652=VECTOR('',#6153,0.393700787401575);
#1653=VECTOR('',#6156,0.393700787401575);
#1654=VECTOR('',#6161,0.393700787401575);
#1655=VECTOR('',#6164,0.393700787401575);
#1656=VECTOR('',#6167,0.393700787401575);
#1657=VECTOR('',#6172,0.393700787401575);
#1658=VECTOR('',#6175,0.393700787401575);
#1659=VECTOR('',#6178,0.393700787401575);
#1660=VECTOR('',#6183,0.393700787401575);
#1661=VECTOR('',#6186,0.393700787401575);
#1662=VECTOR('',#6189,0.393700787401575);
#1663=VECTOR('',#6194,0.393700787401575);
#1664=VECTOR('',#6197,0.393700787401575);
#1665=VECTOR('',#6200,0.393700787401575);
#1666=VECTOR('',#6205,0.393700787401575);
#1667=VECTOR('',#6208,0.393700787401575);
#1668=VECTOR('',#6211,0.393700787401575);
#1669=VECTOR('',#6216,0.393700787401575);
#1670=VECTOR('',#6219,0.393700787401575);
#1671=VECTOR('',#6222,0.393700787401575);
#1672=VECTOR('',#6227,0.393700787401575);
#1673=VECTOR('',#6230,0.393700787401575);
#1674=VECTOR('',#6233,0.393700787401575);
#1675=VECTOR('',#6238,0.393700787401575);
#1676=VECTOR('',#6241,0.393700787401575);
#1677=VECTOR('',#6244,0.393700787401575);
#1678=VECTOR('',#6249,0.393700787401575);
#1679=VECTOR('',#6252,0.393700787401575);
#1680=VECTOR('',#6255,0.393700787401575);
#1681=VECTOR('',#6260,0.393700787401575);
#1682=VECTOR('',#6263,0.393700787401575);
#1683=VECTOR('',#6266,0.393700787401575);
#1684=VECTOR('',#6271,0.393700787401575);
#1685=VECTOR('',#6274,0.393700787401575);
#1686=VECTOR('',#6277,0.393700787401575);
#1687=VECTOR('',#6282,0.393700787401575);
#1688=VECTOR('',#6285,0.393700787401575);
#1689=VECTOR('',#6288,0.393700787401575);
#1690=VECTOR('',#6293,0.393700787401575);
#1691=VECTOR('',#6296,0.393700787401575);
#1692=VECTOR('',#6299,0.393700787401575);
#1693=VECTOR('',#6304,0.393700787401575);
#1694=VECTOR('',#6307,0.393700787401575);
#1695=VECTOR('',#6310,0.393700787401575);
#1696=VECTOR('',#6315,0.393700787401575);
#1697=VECTOR('',#6318,0.393700787401575);
#1698=VECTOR('',#6321,0.393700787401575);
#1699=VECTOR('',#6326,0.393700787401575);
#1700=VECTOR('',#6329,0.393700787401575);
#1701=VECTOR('',#6332,0.393700787401575);
#1702=VECTOR('',#6337,0.393700787401575);
#1703=VECTOR('',#6340,0.393700787401575);
#1704=VECTOR('',#6343,0.393700787401575);
#1705=VECTOR('',#6348,0.393700787401575);
#1706=VECTOR('',#6351,0.393700787401575);
#1707=VECTOR('',#6354,0.393700787401575);
#1708=VECTOR('',#6359,0.393700787401575);
#1709=VECTOR('',#6362,0.393700787401575);
#1710=VECTOR('',#6365,0.393700787401575);
#1711=VECTOR('',#6370,0.393700787401575);
#1712=VECTOR('',#6373,0.393700787401575);
#1713=VECTOR('',#6376,0.393700787401575);
#1714=VECTOR('',#6381,0.393700787401575);
#1715=VECTOR('',#6384,0.393700787401575);
#1716=VECTOR('',#6387,0.393700787401575);
#1717=VECTOR('',#6392,0.393700787401575);
#1718=VECTOR('',#6395,0.393700787401575);
#1719=VECTOR('',#6398,0.393700787401575);
#1720=VECTOR('',#6403,0.393700787401575);
#1721=VECTOR('',#6406,0.393700787401575);
#1722=VECTOR('',#6409,0.393700787401575);
#1723=VECTOR('',#6414,0.393700787401575);
#1724=VECTOR('',#6417,0.393700787401575);
#1725=VECTOR('',#6420,0.393700787401575);
#1726=VECTOR('',#6425,0.393700787401575);
#1727=VECTOR('',#6428,0.393700787401575);
#1728=VECTOR('',#6431,0.393700787401575);
#1729=VECTOR('',#6436,0.393700787401575);
#1730=VECTOR('',#6439,0.393700787401575);
#1731=VECTOR('',#6442,0.393700787401575);
#1732=VECTOR('',#6447,0.393700787401575);
#1733=VECTOR('',#6450,0.393700787401575);
#1734=VECTOR('',#6453,0.393700787401575);
#1735=VECTOR('',#6458,0.393700787401575);
#1736=VECTOR('',#6461,0.393700787401575);
#1737=VECTOR('',#6464,0.393700787401575);
#1738=VECTOR('',#6469,0.393700787401575);
#1739=VECTOR('',#6472,0.393700787401575);
#1740=VECTOR('',#6475,0.393700787401575);
#1741=VECTOR('',#6480,0.393700787401575);
#1742=VECTOR('',#6483,0.393700787401575);
#1743=VECTOR('',#6486,0.393700787401575);
#1744=VECTOR('',#6491,0.393700787401575);
#1745=VECTOR('',#6494,0.393700787401575);
#1746=VECTOR('',#6497,0.393700787401575);
#1747=VECTOR('',#6502,0.393700787401575);
#1748=VECTOR('',#6505,0.393700787401575);
#1749=VECTOR('',#6508,0.393700787401575);
#1750=VECTOR('',#6513,0.393700787401575);
#1751=VECTOR('',#6516,0.393700787401575);
#1752=VECTOR('',#6519,0.393700787401575);
#1753=VECTOR('',#6524,0.393700787401575);
#1754=VECTOR('',#6527,0.393700787401575);
#1755=VECTOR('',#6530,0.393700787401575);
#1756=VECTOR('',#6535,0.393700787401575);
#1757=VECTOR('',#6538,0.393700787401575);
#1758=VECTOR('',#6541,0.393700787401575);
#1759=VECTOR('',#6546,0.393700787401575);
#1760=VECTOR('',#6549,0.393700787401575);
#1761=VECTOR('',#6552,0.393700787401575);
#1762=VECTOR('',#6557,0.393700787401575);
#1763=VECTOR('',#6560,0.393700787401575);
#1764=VECTOR('',#6563,0.393700787401575);
#1765=VECTOR('',#6568,0.393700787401575);
#1766=VECTOR('',#6571,0.393700787401575);
#1767=VECTOR('',#6574,0.393700787401575);
#1768=VECTOR('',#6579,0.393700787401575);
#1769=VECTOR('',#6582,0.393700787401575);
#1770=VECTOR('',#6585,0.393700787401575);
#1771=VECTOR('',#6590,0.393700787401575);
#1772=VECTOR('',#6593,0.393700787401575);
#1773=VECTOR('',#6596,0.393700787401575);
#1774=VECTOR('',#6601,0.393700787401575);
#1775=VECTOR('',#6604,0.393700787401575);
#1776=VECTOR('',#6607,0.393700787401575);
#1777=VECTOR('',#6612,0.393700787401575);
#1778=VECTOR('',#6615,0.393700787401575);
#1779=VECTOR('',#6618,0.393700787401575);
#1780=VECTOR('',#6623,0.393700787401575);
#1781=VECTOR('',#6626,0.393700787401575);
#1782=VECTOR('',#6629,0.393700787401575);
#1783=VECTOR('',#6634,0.393700787401575);
#1784=VECTOR('',#6637,0.393700787401575);
#1785=VECTOR('',#6640,0.393700787401575);
#1786=VECTOR('',#6645,0.393700787401575);
#1787=VECTOR('',#6648,0.393700787401575);
#1788=VECTOR('',#6651,0.393700787401575);
#1789=VECTOR('',#6656,0.393700787401575);
#1790=VECTOR('',#6659,0.393700787401575);
#1791=VECTOR('',#6662,0.393700787401575);
#1792=VECTOR('',#6667,0.393700787401575);
#1793=VECTOR('',#6670,0.393700787401575);
#1794=VECTOR('',#6673,0.393700787401575);
#1795=VECTOR('',#6678,0.393700787401575);
#1796=VECTOR('',#6681,0.393700787401575);
#1797=VECTOR('',#6684,0.393700787401575);
#1798=VECTOR('',#6689,0.393700787401575);
#1799=VECTOR('',#6692,0.393700787401575);
#1800=VECTOR('',#6695,0.393700787401575);
#1801=VECTOR('',#6700,0.393700787401575);
#1802=VECTOR('',#6703,0.393700787401575);
#1803=VECTOR('',#6706,0.393700787401575);
#1804=VECTOR('',#6711,0.393700787401575);
#1805=VECTOR('',#6714,0.393700787401575);
#1806=VECTOR('',#6717,0.393700787401575);
#1807=VECTOR('',#6722,0.393700787401575);
#1808=VECTOR('',#6725,0.393700787401575);
#1809=VECTOR('',#6728,0.393700787401575);
#1810=VECTOR('',#6733,0.393700787401575);
#1811=VECTOR('',#6736,0.393700787401575);
#1812=VECTOR('',#6739,0.393700787401575);
#1813=VECTOR('',#6744,0.393700787401575);
#1814=VECTOR('',#6747,0.393700787401575);
#1815=VECTOR('',#6750,0.393700787401575);
#1816=VECTOR('',#6755,0.393700787401575);
#1817=VECTOR('',#6758,0.393700787401575);
#1818=VECTOR('',#6761,0.393700787401575);
#1819=VECTOR('',#6766,0.393700787401575);
#1820=VECTOR('',#6769,0.393700787401575);
#1821=VECTOR('',#6772,0.393700787401575);
#1822=VECTOR('',#6777,0.393700787401575);
#1823=VECTOR('',#6780,0.393700787401575);
#1824=VECTOR('',#6783,0.393700787401575);
#1825=VECTOR('',#6788,0.393700787401575);
#1826=VECTOR('',#6791,0.393700787401575);
#1827=VECTOR('',#6794,0.393700787401575);
#1828=VECTOR('',#6799,0.393700787401575);
#1829=VECTOR('',#6804,0.578);
#1830=VECTOR('',#6817,0.107816105482423);
#1831=VECTOR('',#6828,0.4835);
#1832=VERTEX_POINT('',#6841);
#1833=VERTEX_POINT('',#6842);
#1834=VERTEX_POINT('',#6844);
#1835=VERTEX_POINT('',#6858);
#1836=VERTEX_POINT('',#6883);
#1837=VERTEX_POINT('',#6884);
#1838=VERTEX_POINT('',#6934);
#1839=VERTEX_POINT('',#6935);
#1840=VERTEX_POINT('',#6985);
#1841=VERTEX_POINT('',#6986);
#1842=VERTEX_POINT('',#7036);
#1843=VERTEX_POINT('',#7037);
#1844=VERTEX_POINT('',#7039);
#1845=VERTEX_POINT('',#7053);
#1846=VERTEX_POINT('',#7078);
#1847=VERTEX_POINT('',#7079);
#1848=VERTEX_POINT('',#7081);
#1849=VERTEX_POINT('',#7087);
#1850=VERTEX_POINT('',#7096);
#1851=VERTEX_POINT('',#7097);
#1852=VERTEX_POINT('',#7121);
#1853=VERTEX_POINT('',#7122);
#1854=VERTEX_POINT('',#7145);
#1855=VERTEX_POINT('',#7146);
#1856=VERTEX_POINT('',#7171);
#1857=VERTEX_POINT('',#7172);
#1858=VERTEX_POINT('',#7195);
#1859=VERTEX_POINT('',#7196);
#1860=VERTEX_POINT('',#7198);
#1861=VERTEX_POINT('',#7204);
#1862=VERTEX_POINT('',#7213);
#1863=VERTEX_POINT('',#7214);
#1864=VERTEX_POINT('',#7218);
#1865=VERTEX_POINT('',#7220);
#1866=VERTEX_POINT('',#7226);
#1867=VERTEX_POINT('',#7230);
#1868=VERTEX_POINT('',#7236);
#1869=VERTEX_POINT('',#7238);
#1870=VERTEX_POINT('',#7242);
#1871=VERTEX_POINT('',#7244);
#1872=VERTEX_POINT('',#7248);
#1873=VERTEX_POINT('',#7250);
#1874=VERTEX_POINT('',#7252);
#1875=VERTEX_POINT('',#7256);
#1876=VERTEX_POINT('',#7258);
#1877=VERTEX_POINT('',#7262);
#1878=VERTEX_POINT('',#7266);
#1879=VERTEX_POINT('',#7268);
#1880=VERTEX_POINT('',#7272);
#1881=VERTEX_POINT('',#7276);
#1882=VERTEX_POINT('',#7278);
#1883=VERTEX_POINT('',#7282);
#1884=VERTEX_POINT('',#7286);
#1885=VERTEX_POINT('',#7288);
#1886=VERTEX_POINT('',#7292);
#1887=VERTEX_POINT('',#7296);
#1888=VERTEX_POINT('',#7298);
#1889=VERTEX_POINT('',#7302);
#1890=VERTEX_POINT('',#7306);
#1891=VERTEX_POINT('',#7308);
#1892=VERTEX_POINT('',#7312);
#1893=VERTEX_POINT('',#7316);
#1894=VERTEX_POINT('',#7318);
#1895=VERTEX_POINT('',#7322);
#1896=VERTEX_POINT('',#7326);
#1897=VERTEX_POINT('',#7328);
#1898=VERTEX_POINT('',#7332);
#1899=VERTEX_POINT('',#7336);
#1900=VERTEX_POINT('',#7338);
#1901=VERTEX_POINT('',#7342);
#1902=VERTEX_POINT('',#7346);
#1903=VERTEX_POINT('',#7348);
#1904=VERTEX_POINT('',#7352);
#1905=VERTEX_POINT('',#7356);
#1906=VERTEX_POINT('',#7358);
#1907=VERTEX_POINT('',#7362);
#1908=VERTEX_POINT('',#7366);
#1909=VERTEX_POINT('',#7368);
#1910=VERTEX_POINT('',#7372);
#1911=VERTEX_POINT('',#7376);
#1912=VERTEX_POINT('',#7378);
#1913=VERTEX_POINT('',#7382);
#1914=VERTEX_POINT('',#7386);
#1915=VERTEX_POINT('',#7388);
#1916=VERTEX_POINT('',#7392);
#1917=VERTEX_POINT('',#7396);
#1918=VERTEX_POINT('',#7398);
#1919=VERTEX_POINT('',#7402);
#1920=VERTEX_POINT('',#7406);
#1921=VERTEX_POINT('',#7408);
#1922=VERTEX_POINT('',#7412);
#1923=VERTEX_POINT('',#7416);
#1924=VERTEX_POINT('',#7418);
#1925=VERTEX_POINT('',#7422);
#1926=VERTEX_POINT('',#7426);
#1927=VERTEX_POINT('',#7428);
#1928=VERTEX_POINT('',#7432);
#1929=VERTEX_POINT('',#7436);
#1930=VERTEX_POINT('',#7438);
#1931=VERTEX_POINT('',#7442);
#1932=VERTEX_POINT('',#7446);
#1933=VERTEX_POINT('',#7448);
#1934=VERTEX_POINT('',#7452);
#1935=VERTEX_POINT('',#7456);
#1936=VERTEX_POINT('',#7458);
#1937=VERTEX_POINT('',#7462);
#1938=VERTEX_POINT('',#7466);
#1939=VERTEX_POINT('',#7468);
#1940=VERTEX_POINT('',#7472);
#1941=VERTEX_POINT('',#7476);
#1942=VERTEX_POINT('',#7478);
#1943=VERTEX_POINT('',#7482);
#1944=VERTEX_POINT('',#7486);
#1945=VERTEX_POINT('',#7488);
#1946=VERTEX_POINT('',#7492);
#1947=VERTEX_POINT('',#7496);
#1948=VERTEX_POINT('',#7498);
#1949=VERTEX_POINT('',#7502);
#1950=VERTEX_POINT('',#7506);
#1951=VERTEX_POINT('',#7508);
#1952=VERTEX_POINT('',#7512);
#1953=VERTEX_POINT('',#7516);
#1954=VERTEX_POINT('',#7518);
#1955=VERTEX_POINT('',#7522);
#1956=VERTEX_POINT('',#7526);
#1957=VERTEX_POINT('',#7528);
#1958=VERTEX_POINT('',#7532);
#1959=VERTEX_POINT('',#7536);
#1960=VERTEX_POINT('',#7538);
#1961=VERTEX_POINT('',#7542);
#1962=VERTEX_POINT('',#7546);
#1963=VERTEX_POINT('',#7548);
#1964=VERTEX_POINT('',#7552);
#1965=VERTEX_POINT('',#7556);
#1966=VERTEX_POINT('',#7558);
#1967=VERTEX_POINT('',#7562);
#1968=VERTEX_POINT('',#7566);
#1969=VERTEX_POINT('',#7568);
#1970=VERTEX_POINT('',#7572);
#1971=VERTEX_POINT('',#7576);
#1972=VERTEX_POINT('',#7578);
#1973=VERTEX_POINT('',#7582);
#1974=VERTEX_POINT('',#7586);
#1975=VERTEX_POINT('',#7588);
#1976=VERTEX_POINT('',#7592);
#1977=VERTEX_POINT('',#7596);
#1978=VERTEX_POINT('',#7598);
#1979=VERTEX_POINT('',#7602);
#1980=VERTEX_POINT('',#7606);
#1981=VERTEX_POINT('',#7608);
#1982=VERTEX_POINT('',#7612);
#1983=VERTEX_POINT('',#7616);
#1984=VERTEX_POINT('',#7618);
#1985=VERTEX_POINT('',#7622);
#1986=VERTEX_POINT('',#7626);
#1987=VERTEX_POINT('',#7628);
#1988=VERTEX_POINT('',#7632);
#1989=VERTEX_POINT('',#7636);
#1990=VERTEX_POINT('',#7638);
#1991=VERTEX_POINT('',#7642);
#1992=VERTEX_POINT('',#7646);
#1993=VERTEX_POINT('',#7648);
#1994=VERTEX_POINT('',#7652);
#1995=VERTEX_POINT('',#7656);
#1996=VERTEX_POINT('',#7658);
#1997=VERTEX_POINT('',#7662);
#1998=VERTEX_POINT('',#7666);
#1999=VERTEX_POINT('',#7668);
#2000=VERTEX_POINT('',#7672);
#2001=VERTEX_POINT('',#7676);
#2002=VERTEX_POINT('',#7678);
#2003=VERTEX_POINT('',#7682);
#2004=VERTEX_POINT('',#7686);
#2005=VERTEX_POINT('',#7688);
#2006=VERTEX_POINT('',#7692);
#2007=VERTEX_POINT('',#7696);
#2008=VERTEX_POINT('',#7698);
#2009=VERTEX_POINT('',#7702);
#2010=VERTEX_POINT('',#7706);
#2011=VERTEX_POINT('',#7708);
#2012=VERTEX_POINT('',#7712);
#2013=VERTEX_POINT('',#7716);
#2014=VERTEX_POINT('',#7718);
#2015=VERTEX_POINT('',#7722);
#2016=VERTEX_POINT('',#7726);
#2017=VERTEX_POINT('',#7728);
#2018=VERTEX_POINT('',#7732);
#2019=VERTEX_POINT('',#7736);
#2020=VERTEX_POINT('',#7738);
#2021=VERTEX_POINT('',#7742);
#2022=VERTEX_POINT('',#7746);
#2023=VERTEX_POINT('',#7748);
#2024=VERTEX_POINT('',#7752);
#2025=VERTEX_POINT('',#7756);
#2026=VERTEX_POINT('',#7758);
#2027=VERTEX_POINT('',#7762);
#2028=VERTEX_POINT('',#7766);
#2029=VERTEX_POINT('',#7768);
#2030=VERTEX_POINT('',#7772);
#2031=VERTEX_POINT('',#7776);
#2032=VERTEX_POINT('',#7778);
#2033=VERTEX_POINT('',#7782);
#2034=VERTEX_POINT('',#7786);
#2035=VERTEX_POINT('',#7788);
#2036=VERTEX_POINT('',#7792);
#2037=VERTEX_POINT('',#7796);
#2038=VERTEX_POINT('',#7798);
#2039=VERTEX_POINT('',#7802);
#2040=VERTEX_POINT('',#7806);
#2041=VERTEX_POINT('',#7808);
#2042=VERTEX_POINT('',#7812);
#2043=VERTEX_POINT('',#7816);
#2044=VERTEX_POINT('',#7818);
#2045=VERTEX_POINT('',#7822);
#2046=VERTEX_POINT('',#7826);
#2047=VERTEX_POINT('',#7828);
#2048=VERTEX_POINT('',#7832);
#2049=VERTEX_POINT('',#7836);
#2050=VERTEX_POINT('',#7838);
#2051=VERTEX_POINT('',#7842);
#2052=VERTEX_POINT('',#7846);
#2053=VERTEX_POINT('',#7848);
#2054=VERTEX_POINT('',#7852);
#2055=VERTEX_POINT('',#7856);
#2056=VERTEX_POINT('',#7858);
#2057=VERTEX_POINT('',#7865);
#2058=VERTEX_POINT('',#7869);
#2059=VERTEX_POINT('',#7873);
#2060=VERTEX_POINT('',#7875);
#2061=VERTEX_POINT('',#7879);
#2062=VERTEX_POINT('',#7883);
#2063=VERTEX_POINT('',#7885);
#2064=VERTEX_POINT('',#7889);
#2065=VERTEX_POINT('',#7893);
#2066=VERTEX_POINT('',#7895);
#2067=VERTEX_POINT('',#7899);
#2068=VERTEX_POINT('',#7903);
#2069=VERTEX_POINT('',#7905);
#2070=VERTEX_POINT('',#7909);
#2071=VERTEX_POINT('',#7913);
#2072=VERTEX_POINT('',#7915);
#2073=VERTEX_POINT('',#7919);
#2074=VERTEX_POINT('',#7923);
#2075=VERTEX_POINT('',#7925);
#2076=VERTEX_POINT('',#7929);
#2077=VERTEX_POINT('',#7933);
#2078=VERTEX_POINT('',#7935);
#2079=VERTEX_POINT('',#7939);
#2080=VERTEX_POINT('',#7943);
#2081=VERTEX_POINT('',#7945);
#2082=VERTEX_POINT('',#7949);
#2083=VERTEX_POINT('',#7953);
#2084=VERTEX_POINT('',#7955);
#2085=VERTEX_POINT('',#7959);
#2086=VERTEX_POINT('',#7963);
#2087=VERTEX_POINT('',#7965);
#2088=VERTEX_POINT('',#7969);
#2089=VERTEX_POINT('',#7973);
#2090=VERTEX_POINT('',#7975);
#2091=VERTEX_POINT('',#7979);
#2092=VERTEX_POINT('',#7983);
#2093=VERTEX_POINT('',#7985);
#2094=VERTEX_POINT('',#7989);
#2095=VERTEX_POINT('',#7993);
#2096=VERTEX_POINT('',#7995);
#2097=VERTEX_POINT('',#7999);
#2098=VERTEX_POINT('',#8003);
#2099=VERTEX_POINT('',#8005);
#2100=VERTEX_POINT('',#8009);
#2101=VERTEX_POINT('',#8013);
#2102=VERTEX_POINT('',#8015);
#2103=VERTEX_POINT('',#8019);
#2104=VERTEX_POINT('',#8023);
#2105=VERTEX_POINT('',#8025);
#2106=VERTEX_POINT('',#8029);
#2107=VERTEX_POINT('',#8033);
#2108=VERTEX_POINT('',#8035);
#2109=VERTEX_POINT('',#8039);
#2110=VERTEX_POINT('',#8043);
#2111=VERTEX_POINT('',#8045);
#2112=VERTEX_POINT('',#8049);
#2113=VERTEX_POINT('',#8053);
#2114=VERTEX_POINT('',#8055);
#2115=VERTEX_POINT('',#8059);
#2116=VERTEX_POINT('',#8063);
#2117=VERTEX_POINT('',#8065);
#2118=VERTEX_POINT('',#8069);
#2119=VERTEX_POINT('',#8073);
#2120=VERTEX_POINT('',#8079);
#2121=VERTEX_POINT('',#8085);
#2122=VERTEX_POINT('',#8091);
#2123=VERTEX_POINT('',#8095);
#2124=VERTEX_POINT('',#8101);
#2125=VERTEX_POINT('',#8107);
#2126=VERTEX_POINT('',#8111);
#2127=VERTEX_POINT('',#8117);
#2128=VERTEX_POINT('',#8123);
#2129=VERTEX_POINT('',#8127);
#2130=VERTEX_POINT('',#8133);
#2131=VERTEX_POINT('',#8139);
#2132=VERTEX_POINT('',#8143);
#2133=VERTEX_POINT('',#8149);
#2134=VERTEX_POINT('',#8155);
#2135=VERTEX_POINT('',#8159);
#2136=VERTEX_POINT('',#8165);
#2137=VERTEX_POINT('',#8171);
#2138=VERTEX_POINT('',#8175);
#2139=VERTEX_POINT('',#8181);
#2140=VERTEX_POINT('',#8187);
#2141=VERTEX_POINT('',#8191);
#2142=VERTEX_POINT('',#8197);
#2143=VERTEX_POINT('',#8203);
#2144=VERTEX_POINT('',#8207);
#2145=VERTEX_POINT('',#8213);
#2146=VERTEX_POINT('',#8219);
#2147=VERTEX_POINT('',#8223);
#2148=VERTEX_POINT('',#8229);
#2149=VERTEX_POINT('',#8235);
#2150=VERTEX_POINT('',#8239);
#2151=VERTEX_POINT('',#8245);
#2152=VERTEX_POINT('',#8251);
#2153=VERTEX_POINT('',#8255);
#2154=VERTEX_POINT('',#8261);
#2155=VERTEX_POINT('',#8267);
#2156=VERTEX_POINT('',#8271);
#2157=VERTEX_POINT('',#8277);
#2158=VERTEX_POINT('',#8283);
#2159=VERTEX_POINT('',#8287);
#2160=VERTEX_POINT('',#8293);
#2161=VERTEX_POINT('',#8299);
#2162=VERTEX_POINT('',#8303);
#2163=VERTEX_POINT('',#8309);
#2164=VERTEX_POINT('',#8315);
#2165=VERTEX_POINT('',#8319);
#2166=VERTEX_POINT('',#8325);
#2167=VERTEX_POINT('',#8331);
#2168=VERTEX_POINT('',#8335);
#2169=VERTEX_POINT('',#8341);
#2170=VERTEX_POINT('',#8347);
#2171=VERTEX_POINT('',#8351);
#2172=VERTEX_POINT('',#8357);
#2173=VERTEX_POINT('',#8363);
#2174=VERTEX_POINT('',#8367);
#2175=VERTEX_POINT('',#8373);
#2176=VERTEX_POINT('',#8379);
#2177=VERTEX_POINT('',#8383);
#2178=VERTEX_POINT('',#8389);
#2179=VERTEX_POINT('',#8395);
#2180=VERTEX_POINT('',#8399);
#2181=VERTEX_POINT('',#8405);
#2182=VERTEX_POINT('',#8411);
#2183=VERTEX_POINT('',#8415);
#2184=VERTEX_POINT('',#8421);
#2185=VERTEX_POINT('',#8427);
#2186=VERTEX_POINT('',#8431);
#2187=VERTEX_POINT('',#8437);
#2188=VERTEX_POINT('',#8443);
#2189=VERTEX_POINT('',#8447);
#2190=VERTEX_POINT('',#8453);
#2191=VERTEX_POINT('',#8459);
#2192=VERTEX_POINT('',#8463);
#2193=VERTEX_POINT('',#8469);
#2194=VERTEX_POINT('',#8475);
#2195=VERTEX_POINT('',#8479);
#2196=VERTEX_POINT('',#8485);
#2197=VERTEX_POINT('',#8491);
#2198=VERTEX_POINT('',#8495);
#2199=VERTEX_POINT('',#8501);
#2200=VERTEX_POINT('',#8507);
#2201=VERTEX_POINT('',#8511);
#2202=VERTEX_POINT('',#8517);
#2203=VERTEX_POINT('',#8523);
#2204=VERTEX_POINT('',#8527);
#2205=VERTEX_POINT('',#8533);
#2206=VERTEX_POINT('',#8539);
#2207=VERTEX_POINT('',#8543);
#2208=VERTEX_POINT('',#8549);
#2209=VERTEX_POINT('',#8555);
#2210=VERTEX_POINT('',#8559);
#2211=VERTEX_POINT('',#8565);
#2212=VERTEX_POINT('',#8571);
#2213=VERTEX_POINT('',#8575);
#2214=VERTEX_POINT('',#8581);
#2215=VERTEX_POINT('',#8587);
#2216=VERTEX_POINT('',#8591);
#2217=VERTEX_POINT('',#8597);
#2218=VERTEX_POINT('',#8603);
#2219=VERTEX_POINT('',#8607);
#2220=VERTEX_POINT('',#8613);
#2221=VERTEX_POINT('',#8619);
#2222=VERTEX_POINT('',#8623);
#2223=VERTEX_POINT('',#8629);
#2224=VERTEX_POINT('',#8635);
#2225=VERTEX_POINT('',#8639);
#2226=VERTEX_POINT('',#8645);
#2227=VERTEX_POINT('',#8651);
#2228=VERTEX_POINT('',#8655);
#2229=VERTEX_POINT('',#8661);
#2230=VERTEX_POINT('',#8667);
#2231=VERTEX_POINT('',#8671);
#2232=VERTEX_POINT('',#8677);
#2233=VERTEX_POINT('',#8683);
#2234=VERTEX_POINT('',#8687);
#2235=VERTEX_POINT('',#8693);
#2236=VERTEX_POINT('',#8699);
#2237=VERTEX_POINT('',#8703);
#2238=VERTEX_POINT('',#8709);
#2239=VERTEX_POINT('',#8715);
#2240=VERTEX_POINT('',#8719);
#2241=VERTEX_POINT('',#8725);
#2242=VERTEX_POINT('',#8731);
#2243=VERTEX_POINT('',#8735);
#2244=VERTEX_POINT('',#8741);
#2245=VERTEX_POINT('',#8747);
#2246=VERTEX_POINT('',#8751);
#2247=VERTEX_POINT('',#8757);
#2248=VERTEX_POINT('',#8763);
#2249=VERTEX_POINT('',#8767);
#2250=VERTEX_POINT('',#8773);
#2251=VERTEX_POINT('',#8779);
#2252=VERTEX_POINT('',#8783);
#2253=VERTEX_POINT('',#8789);
#2254=VERTEX_POINT('',#8795);
#2255=VERTEX_POINT('',#8799);
#2256=VERTEX_POINT('',#8805);
#2257=VERTEX_POINT('',#8811);
#2258=VERTEX_POINT('',#8815);
#2259=VERTEX_POINT('',#8821);
#2260=VERTEX_POINT('',#8827);
#2261=VERTEX_POINT('',#8831);
#2262=VERTEX_POINT('',#8837);
#2263=VERTEX_POINT('',#8843);
#2264=VERTEX_POINT('',#8847);
#2265=VERTEX_POINT('',#8853);
#2266=VERTEX_POINT('',#8859);
#2267=VERTEX_POINT('',#8863);
#2268=VERTEX_POINT('',#8869);
#2269=VERTEX_POINT('',#8875);
#2270=VERTEX_POINT('',#8879);
#2271=VERTEX_POINT('',#8885);
#2272=VERTEX_POINT('',#8891);
#2273=VERTEX_POINT('',#8895);
#2274=VERTEX_POINT('',#8901);
#2275=VERTEX_POINT('',#8907);
#2276=VERTEX_POINT('',#8911);
#2277=VERTEX_POINT('',#8917);
#2278=VERTEX_POINT('',#8923);
#2279=VERTEX_POINT('',#8927);
#2280=VERTEX_POINT('',#8933);
#2281=VERTEX_POINT('',#8939);
#2282=VERTEX_POINT('',#8943);
#2283=VERTEX_POINT('',#8949);
#2284=VERTEX_POINT('',#8955);
#2285=VERTEX_POINT('',#8959);
#2286=VERTEX_POINT('',#8965);
#2287=VERTEX_POINT('',#8971);
#2288=VERTEX_POINT('',#8975);
#2289=VERTEX_POINT('',#8981);
#2290=VERTEX_POINT('',#8987);
#2291=VERTEX_POINT('',#8991);
#2292=VERTEX_POINT('',#8997);
#2293=VERTEX_POINT('',#9003);
#2294=VERTEX_POINT('',#9007);
#2295=VERTEX_POINT('',#9013);
#2296=VERTEX_POINT('',#9019);
#2297=VERTEX_POINT('',#9023);
#2298=VERTEX_POINT('',#9029);
#2299=VERTEX_POINT('',#9035);
#2300=VERTEX_POINT('',#9039);
#2301=VERTEX_POINT('',#9045);
#2302=VERTEX_POINT('',#9051);
#2303=VERTEX_POINT('',#9055);
#2304=VERTEX_POINT('',#9061);
#2305=VERTEX_POINT('',#9067);
#2306=VERTEX_POINT('',#9071);
#2307=VERTEX_POINT('',#9077);
#2308=VERTEX_POINT('',#9083);
#2309=VERTEX_POINT('',#9087);
#2310=VERTEX_POINT('',#9093);
#2311=VERTEX_POINT('',#9099);
#2312=VERTEX_POINT('',#9103);
#2313=VERTEX_POINT('',#9109);
#2314=VERTEX_POINT('',#9115);
#2315=VERTEX_POINT('',#9119);
#2316=VERTEX_POINT('',#9125);
#2317=VERTEX_POINT('',#9131);
#2318=VERTEX_POINT('',#9135);
#2319=VERTEX_POINT('',#9141);
#2320=VERTEX_POINT('',#9147);
#2321=VERTEX_POINT('',#9151);
#2322=VERTEX_POINT('',#9157);
#2323=VERTEX_POINT('',#9163);
#2324=VERTEX_POINT('',#9167);
#2325=VERTEX_POINT('',#9173);
#2326=VERTEX_POINT('',#9179);
#2327=VERTEX_POINT('',#9183);
#2328=VERTEX_POINT('',#9189);
#2329=VERTEX_POINT('',#9195);
#2330=VERTEX_POINT('',#9199);
#2331=VERTEX_POINT('',#9205);
#2332=VERTEX_POINT('',#9211);
#2333=VERTEX_POINT('',#9215);
#2334=VERTEX_POINT('',#9221);
#2335=VERTEX_POINT('',#9227);
#2336=VERTEX_POINT('',#9231);
#2337=VERTEX_POINT('',#9237);
#2338=VERTEX_POINT('',#9243);
#2339=VERTEX_POINT('',#9247);
#2340=VERTEX_POINT('',#9253);
#2341=VERTEX_POINT('',#9259);
#2342=VERTEX_POINT('',#9263);
#2343=VERTEX_POINT('',#9269);
#2344=VERTEX_POINT('',#9275);
#2345=VERTEX_POINT('',#9279);
#2346=VERTEX_POINT('',#9285);
#2347=VERTEX_POINT('',#9291);
#2348=VERTEX_POINT('',#9295);
#2349=VERTEX_POINT('',#9301);
#2350=VERTEX_POINT('',#9307);
#2351=VERTEX_POINT('',#9311);
#2352=VERTEX_POINT('',#9317);
#2353=VERTEX_POINT('',#9323);
#2354=VERTEX_POINT('',#9327);
#2355=VERTEX_POINT('',#9333);
#2356=VERTEX_POINT('',#9339);
#2357=VERTEX_POINT('',#9343);
#2358=VERTEX_POINT('',#9349);
#2359=VERTEX_POINT('',#9355);
#2360=VERTEX_POINT('',#9359);
#2361=VERTEX_POINT('',#9365);
#2362=VERTEX_POINT('',#9371);
#2363=VERTEX_POINT('',#9375);
#2364=VERTEX_POINT('',#9381);
#2365=VERTEX_POINT('',#9387);
#2366=VERTEX_POINT('',#9391);
#2367=VERTEX_POINT('',#9401);
#2368=VERTEX_POINT('',#9486);
#2369=VERTEX_POINT('',#9489);
#2370=VERTEX_POINT('',#9491);
#2371=VERTEX_POINT('',#9493);
#2372=VERTEX_POINT('',#9495);
#2373=VERTEX_POINT('',#9499);
#2374=EDGE_CURVE('',#1832,#1833,#1298,.T.);
#2375=EDGE_CURVE('',#1833,#1834,#1266,.T.);
#2376=EDGE_CURVE('',#1835,#1834,#1086,.F.);
#2377=EDGE_CURVE('',#1835,#1832,#1267,.T.);
#2378=EDGE_CURVE('',#1836,#1837,#1299,.T.);
#2379=EDGE_CURVE('',#1837,#1833,#1268,.T.);
#2380=EDGE_CURVE('',#1832,#1836,#1269,.T.);
#2381=EDGE_CURVE('',#1838,#1839,#1300,.T.);
#2382=EDGE_CURVE('',#1839,#1837,#1270,.T.);
#2383=EDGE_CURVE('',#1836,#1838,#1271,.T.);
#2384=EDGE_CURVE('',#1840,#1841,#1301,.T.);
#2385=EDGE_CURVE('',#1841,#1839,#1272,.T.);
#2386=EDGE_CURVE('',#1838,#1840,#1273,.T.);
#2387=EDGE_CURVE('',#1842,#1843,#1302,.T.);
#2388=EDGE_CURVE('',#1842,#1844,#1274,.T.);
#2389=EDGE_CURVE('',#1845,#1844,#1087,.T.);
#2390=EDGE_CURVE('',#1845,#1843,#1275,.T.);
#2391=EDGE_CURVE('',#1846,#1847,#1303,.T.);
#2392=EDGE_CURVE('',#1847,#1848,#1276,.T.);
#2393=EDGE_CURVE('',#1849,#1848,#1088,.T.);
#2394=EDGE_CURVE('',#1846,#1849,#1277,.T.);
#2395=EDGE_CURVE('',#1850,#1851,#1304,.T.);
#2396=EDGE_CURVE('',#1851,#1847,#1278,.T.);
#2397=EDGE_CURVE('',#1850,#1846,#1279,.T.);
#2398=EDGE_CURVE('',#1852,#1853,#1305,.T.);
#2399=EDGE_CURVE('',#1853,#1851,#1280,.T.);
#2400=EDGE_CURVE('',#1852,#1850,#1281,.T.);
#2401=EDGE_CURVE('',#1854,#1855,#1306,.T.);
#2402=EDGE_CURVE('',#1855,#1853,#1282,.T.);
#2403=EDGE_CURVE('',#1854,#1852,#1283,.T.);
#2404=EDGE_CURVE('',#1856,#1857,#1307,.T.);
#2405=EDGE_CURVE('',#1857,#1855,#1284,.T.);
#2406=EDGE_CURVE('',#1856,#1854,#1285,.T.);
#2407=EDGE_CURVE('',#1858,#1859,#1308,.T.);
#2408=EDGE_CURVE('',#1860,#1858,#1286,.T.);
#2409=EDGE_CURVE('',#1861,#1860,#1089,.T.);
#2410=EDGE_CURVE('',#1861,#1859,#1287,.T.);
#2411=EDGE_CURVE('',#1862,#1863,#22,.T.);
#2412=EDGE_CURVE('',#1863,#1864,#1309,.T.);
#2413=EDGE_CURVE('',#1864,#1865,#23,.T.);
#2414=EDGE_CURVE('',#1865,#1862,#1310,.T.);
#2415=EDGE_CURVE('',#1863,#1866,#24,.T.);
#2416=EDGE_CURVE('',#1866,#1867,#1311,.T.);
#2417=EDGE_CURVE('',#1867,#1864,#25,.T.);
#2418=EDGE_CURVE('',#1868,#1865,#1090,.T.);
#2419=EDGE_CURVE('',#1868,#1869,#1312,.T.);
#2420=EDGE_CURVE('',#1862,#1869,#1091,.T.);
#2421=EDGE_CURVE('',#1870,#1866,#1092,.T.);
#2422=EDGE_CURVE('',#1871,#1870,#1313,.T.);
#2423=EDGE_CURVE('',#1867,#1871,#1093,.T.);
#2424=EDGE_CURVE('',#1872,#1872,#1094,.T.);
#2425=EDGE_CURVE('',#1872,#1873,#1314,.T.);
#2426=EDGE_CURVE('',#1874,#1873,#26,.T.);
#2427=EDGE_CURVE('',#1874,#1875,#1095,.T.);
#2428=EDGE_CURVE('',#1876,#1875,#27,.T.);
#2429=EDGE_CURVE('',#1877,#1876,#28,.T.);
#2430=EDGE_CURVE('',#1877,#1878,#1096,.T.);
#2431=EDGE_CURVE('',#1879,#1878,#29,.T.);
#2432=EDGE_CURVE('',#1880,#1879,#30,.T.);
#2433=EDGE_CURVE('',#1880,#1881,#1097,.T.);
#2434=EDGE_CURVE('',#1882,#1881,#31,.T.);
#2435=EDGE_CURVE('',#1883,#1882,#32,.T.);
#2436=EDGE_CURVE('',#1883,#1884,#1098,.T.);
#2437=EDGE_CURVE('',#1885,#1884,#33,.T.);
#2438=EDGE_CURVE('',#1886,#1885,#34,.T.);
#2439=EDGE_CURVE('',#1886,#1887,#1099,.T.);
#2440=EDGE_CURVE('',#1888,#1887,#35,.T.);
#2441=EDGE_CURVE('',#1889,#1888,#36,.T.);
#2442=EDGE_CURVE('',#1889,#1890,#1100,.T.);
#2443=EDGE_CURVE('',#1891,#1890,#37,.T.);
#2444=EDGE_CURVE('',#1892,#1891,#38,.T.);
#2445=EDGE_CURVE('',#1892,#1893,#1101,.T.);
#2446=EDGE_CURVE('',#1894,#1893,#39,.T.);
#2447=EDGE_CURVE('',#1895,#1894,#40,.T.);
#2448=EDGE_CURVE('',#1895,#1896,#1102,.T.);
#2449=EDGE_CURVE('',#1897,#1896,#41,.T.);
#2450=EDGE_CURVE('',#1898,#1897,#42,.T.);
#2451=EDGE_CURVE('',#1898,#1899,#1103,.T.);
#2452=EDGE_CURVE('',#1900,#1899,#43,.T.);
#2453=EDGE_CURVE('',#1901,#1900,#44,.T.);
#2454=EDGE_CURVE('',#1901,#1902,#1104,.T.);
#2455=EDGE_CURVE('',#1903,#1902,#45,.T.);
#2456=EDGE_CURVE('',#1904,#1903,#46,.T.);
#2457=EDGE_CURVE('',#1904,#1905,#1105,.T.);
#2458=EDGE_CURVE('',#1906,#1905,#47,.T.);
#2459=EDGE_CURVE('',#1907,#1906,#48,.T.);
#2460=EDGE_CURVE('',#1907,#1908,#1106,.T.);
#2461=EDGE_CURVE('',#1909,#1908,#49,.T.);
#2462=EDGE_CURVE('',#1910,#1909,#50,.T.);
#2463=EDGE_CURVE('',#1910,#1911,#1107,.T.);
#2464=EDGE_CURVE('',#1912,#1911,#51,.T.);
#2465=EDGE_CURVE('',#1913,#1912,#52,.T.);
#2466=EDGE_CURVE('',#1913,#1914,#1108,.T.);
#2467=EDGE_CURVE('',#1915,#1914,#53,.T.);
#2468=EDGE_CURVE('',#1916,#1915,#54,.T.);
#2469=EDGE_CURVE('',#1916,#1917,#1109,.T.);
#2470=EDGE_CURVE('',#1918,#1917,#55,.T.);
#2471=EDGE_CURVE('',#1919,#1918,#56,.T.);
#2472=EDGE_CURVE('',#1919,#1920,#1110,.T.);
#2473=EDGE_CURVE('',#1921,#1920,#57,.T.);
#2474=EDGE_CURVE('',#1922,#1921,#58,.T.);
#2475=EDGE_CURVE('',#1922,#1923,#1111,.T.);
#2476=EDGE_CURVE('',#1924,#1923,#59,.T.);
#2477=EDGE_CURVE('',#1925,#1924,#60,.T.);
#2478=EDGE_CURVE('',#1925,#1926,#1112,.T.);
#2479=EDGE_CURVE('',#1927,#1926,#61,.T.);
#2480=EDGE_CURVE('',#1928,#1927,#62,.T.);
#2481=EDGE_CURVE('',#1928,#1929,#1113,.T.);
#2482=EDGE_CURVE('',#1930,#1929,#63,.T.);
#2483=EDGE_CURVE('',#1931,#1930,#64,.T.);
#2484=EDGE_CURVE('',#1931,#1932,#1114,.T.);
#2485=EDGE_CURVE('',#1933,#1932,#65,.T.);
#2486=EDGE_CURVE('',#1934,#1933,#66,.T.);
#2487=EDGE_CURVE('',#1934,#1935,#1115,.T.);
#2488=EDGE_CURVE('',#1936,#1935,#67,.T.);
#2489=EDGE_CURVE('',#1937,#1936,#68,.T.);
#2490=EDGE_CURVE('',#1937,#1938,#1116,.T.);
#2491=EDGE_CURVE('',#1939,#1938,#69,.T.);
#2492=EDGE_CURVE('',#1940,#1939,#70,.T.);
#2493=EDGE_CURVE('',#1940,#1941,#1117,.T.);
#2494=EDGE_CURVE('',#1942,#1941,#71,.T.);
#2495=EDGE_CURVE('',#1943,#1942,#72,.T.);
#2496=EDGE_CURVE('',#1943,#1944,#1118,.T.);
#2497=EDGE_CURVE('',#1945,#1944,#73,.T.);
#2498=EDGE_CURVE('',#1946,#1945,#74,.T.);
#2499=EDGE_CURVE('',#1946,#1947,#1119,.T.);
#2500=EDGE_CURVE('',#1948,#1947,#75,.T.);
#2501=EDGE_CURVE('',#1949,#1948,#76,.T.);
#2502=EDGE_CURVE('',#1949,#1950,#1120,.T.);
#2503=EDGE_CURVE('',#1951,#1950,#77,.T.);
#2504=EDGE_CURVE('',#1952,#1951,#78,.T.);
#2505=EDGE_CURVE('',#1952,#1953,#1121,.T.);
#2506=EDGE_CURVE('',#1954,#1953,#79,.T.);
#2507=EDGE_CURVE('',#1955,#1954,#80,.T.);
#2508=EDGE_CURVE('',#1955,#1956,#1122,.T.);
#2509=EDGE_CURVE('',#1957,#1956,#81,.T.);
#2510=EDGE_CURVE('',#1958,#1957,#82,.T.);
#2511=EDGE_CURVE('',#1958,#1959,#1123,.T.);
#2512=EDGE_CURVE('',#1960,#1959,#83,.T.);
#2513=EDGE_CURVE('',#1961,#1960,#84,.T.);
#2514=EDGE_CURVE('',#1961,#1962,#1124,.T.);
#2515=EDGE_CURVE('',#1963,#1962,#85,.T.);
#2516=EDGE_CURVE('',#1964,#1963,#86,.T.);
#2517=EDGE_CURVE('',#1964,#1965,#1125,.T.);
#2518=EDGE_CURVE('',#1966,#1965,#87,.T.);
#2519=EDGE_CURVE('',#1967,#1966,#88,.T.);
#2520=EDGE_CURVE('',#1967,#1968,#1126,.T.);
#2521=EDGE_CURVE('',#1969,#1968,#89,.T.);
#2522=EDGE_CURVE('',#1970,#1969,#90,.T.);
#2523=EDGE_CURVE('',#1970,#1971,#1127,.T.);
#2524=EDGE_CURVE('',#1972,#1971,#91,.T.);
#2525=EDGE_CURVE('',#1973,#1972,#92,.T.);
#2526=EDGE_CURVE('',#1973,#1974,#1128,.T.);
#2527=EDGE_CURVE('',#1975,#1974,#93,.T.);
#2528=EDGE_CURVE('',#1976,#1975,#94,.T.);
#2529=EDGE_CURVE('',#1976,#1977,#1129,.T.);
#2530=EDGE_CURVE('',#1978,#1977,#95,.T.);
#2531=EDGE_CURVE('',#1979,#1978,#96,.T.);
#2532=EDGE_CURVE('',#1979,#1980,#1130,.T.);
#2533=EDGE_CURVE('',#1981,#1980,#97,.T.);
#2534=EDGE_CURVE('',#1982,#1981,#98,.T.);
#2535=EDGE_CURVE('',#1982,#1983,#1131,.T.);
#2536=EDGE_CURVE('',#1984,#1983,#99,.T.);
#2537=EDGE_CURVE('',#1985,#1984,#100,.T.);
#2538=EDGE_CURVE('',#1985,#1986,#1132,.T.);
#2539=EDGE_CURVE('',#1987,#1986,#101,.T.);
#2540=EDGE_CURVE('',#1988,#1987,#102,.T.);
#2541=EDGE_CURVE('',#1988,#1989,#1133,.T.);
#2542=EDGE_CURVE('',#1990,#1989,#103,.T.);
#2543=EDGE_CURVE('',#1991,#1990,#104,.T.);
#2544=EDGE_CURVE('',#1991,#1992,#1134,.T.);
#2545=EDGE_CURVE('',#1993,#1992,#105,.T.);
#2546=EDGE_CURVE('',#1994,#1993,#106,.T.);
#2547=EDGE_CURVE('',#1994,#1995,#1135,.T.);
#2548=EDGE_CURVE('',#1996,#1995,#107,.T.);
#2549=EDGE_CURVE('',#1997,#1996,#108,.T.);
#2550=EDGE_CURVE('',#1997,#1998,#1136,.T.);
#2551=EDGE_CURVE('',#1999,#1998,#109,.T.);
#2552=EDGE_CURVE('',#2000,#1999,#110,.T.);
#2553=EDGE_CURVE('',#2000,#2001,#1137,.T.);
#2554=EDGE_CURVE('',#2002,#2001,#111,.T.);
#2555=EDGE_CURVE('',#2003,#2002,#112,.T.);
#2556=EDGE_CURVE('',#2003,#2004,#1138,.T.);
#2557=EDGE_CURVE('',#2005,#2004,#113,.T.);
#2558=EDGE_CURVE('',#2006,#2005,#114,.T.);
#2559=EDGE_CURVE('',#2006,#2007,#1139,.T.);
#2560=EDGE_CURVE('',#2008,#2007,#115,.T.);
#2561=EDGE_CURVE('',#2009,#2008,#116,.T.);
#2562=EDGE_CURVE('',#2009,#2010,#1140,.T.);
#2563=EDGE_CURVE('',#2011,#2010,#117,.T.);
#2564=EDGE_CURVE('',#2012,#2011,#118,.T.);
#2565=EDGE_CURVE('',#2012,#2013,#1141,.T.);
#2566=EDGE_CURVE('',#2014,#2013,#119,.T.);
#2567=EDGE_CURVE('',#2015,#2014,#120,.T.);
#2568=EDGE_CURVE('',#2015,#2016,#1142,.T.);
#2569=EDGE_CURVE('',#2017,#2016,#121,.T.);
#2570=EDGE_CURVE('',#2018,#2017,#122,.T.);
#2571=EDGE_CURVE('',#2018,#2019,#1143,.T.);
#2572=EDGE_CURVE('',#2020,#2019,#123,.T.);
#2573=EDGE_CURVE('',#2021,#2020,#124,.T.);
#2574=EDGE_CURVE('',#2021,#2022,#1144,.T.);
#2575=EDGE_CURVE('',#2023,#2022,#125,.T.);
#2576=EDGE_CURVE('',#2024,#2023,#126,.T.);
#2577=EDGE_CURVE('',#2024,#2025,#1145,.T.);
#2578=EDGE_CURVE('',#2026,#2025,#127,.T.);
#2579=EDGE_CURVE('',#2027,#2026,#128,.T.);
#2580=EDGE_CURVE('',#2027,#2028,#1146,.T.);
#2581=EDGE_CURVE('',#2029,#2028,#129,.T.);
#2582=EDGE_CURVE('',#2030,#2029,#130,.T.);
#2583=EDGE_CURVE('',#2030,#2031,#1147,.T.);
#2584=EDGE_CURVE('',#2032,#2031,#131,.T.);
#2585=EDGE_CURVE('',#2033,#2032,#132,.T.);
#2586=EDGE_CURVE('',#2033,#2034,#1148,.T.);
#2587=EDGE_CURVE('',#2035,#2034,#133,.T.);
#2588=EDGE_CURVE('',#2036,#2035,#134,.T.);
#2589=EDGE_CURVE('',#2036,#2037,#1149,.T.);
#2590=EDGE_CURVE('',#2038,#2037,#135,.T.);
#2591=EDGE_CURVE('',#2039,#2038,#136,.T.);
#2592=EDGE_CURVE('',#2039,#2040,#1150,.T.);
#2593=EDGE_CURVE('',#2041,#2040,#137,.T.);
#2594=EDGE_CURVE('',#2042,#2041,#138,.T.);
#2595=EDGE_CURVE('',#2042,#2043,#1151,.T.);
#2596=EDGE_CURVE('',#2044,#2043,#139,.T.);
#2597=EDGE_CURVE('',#2045,#2044,#140,.T.);
#2598=EDGE_CURVE('',#2045,#2046,#1152,.T.);
#2599=EDGE_CURVE('',#2047,#2046,#141,.T.);
#2600=EDGE_CURVE('',#2048,#2047,#142,.T.);
#2601=EDGE_CURVE('',#2048,#2049,#1153,.T.);
#2602=EDGE_CURVE('',#2050,#2049,#143,.T.);
#2603=EDGE_CURVE('',#2051,#2050,#144,.T.);
#2604=EDGE_CURVE('',#2051,#2052,#1154,.T.);
#2605=EDGE_CURVE('',#2053,#2052,#145,.T.);
#2606=EDGE_CURVE('',#2054,#2053,#146,.T.);
#2607=EDGE_CURVE('',#2054,#2055,#1155,.T.);
#2608=EDGE_CURVE('',#2056,#2055,#147,.T.);
#2609=EDGE_CURVE('',#1870,#2056,#148,.T.);
#2610=EDGE_CURVE('',#1869,#2057,#149,.T.);
#2611=EDGE_CURVE('',#2057,#2058,#150,.T.);
#2612=EDGE_CURVE('',#2058,#2059,#1156,.T.);
#2613=EDGE_CURVE('',#2060,#2059,#151,.T.);
#2614=EDGE_CURVE('',#2061,#2060,#152,.T.);
#2615=EDGE_CURVE('',#2061,#2062,#1157,.T.);
#2616=EDGE_CURVE('',#2063,#2062,#153,.T.);
#2617=EDGE_CURVE('',#2064,#2063,#154,.T.);
#2618=EDGE_CURVE('',#2064,#2065,#1158,.T.);
#2619=EDGE_CURVE('',#2066,#2065,#155,.T.);
#2620=EDGE_CURVE('',#2067,#2066,#156,.T.);
#2621=EDGE_CURVE('',#2067,#2068,#1159,.T.);
#2622=EDGE_CURVE('',#2069,#2068,#157,.T.);
#2623=EDGE_CURVE('',#2070,#2069,#158,.T.);
#2624=EDGE_CURVE('',#2070,#2071,#1160,.T.);
#2625=EDGE_CURVE('',#2072,#2071,#159,.T.);
#2626=EDGE_CURVE('',#2073,#2072,#160,.T.);
#2627=EDGE_CURVE('',#2073,#2074,#1161,.T.);
#2628=EDGE_CURVE('',#2075,#2074,#161,.T.);
#2629=EDGE_CURVE('',#2076,#2075,#162,.T.);
#2630=EDGE_CURVE('',#2076,#2077,#1162,.T.);
#2631=EDGE_CURVE('',#2078,#2077,#163,.T.);
#2632=EDGE_CURVE('',#2079,#2078,#164,.T.);
#2633=EDGE_CURVE('',#2079,#2080,#1163,.T.);
#2634=EDGE_CURVE('',#2081,#2080,#165,.T.);
#2635=EDGE_CURVE('',#2082,#2081,#166,.T.);
#2636=EDGE_CURVE('',#2082,#2083,#1164,.T.);
#2637=EDGE_CURVE('',#2084,#2083,#167,.T.);
#2638=EDGE_CURVE('',#2085,#2084,#168,.T.);
#2639=EDGE_CURVE('',#2085,#2086,#1165,.T.);
#2640=EDGE_CURVE('',#2087,#2086,#169,.T.);
#2641=EDGE_CURVE('',#2088,#2087,#170,.T.);
#2642=EDGE_CURVE('',#2088,#2089,#1166,.T.);
#2643=EDGE_CURVE('',#2090,#2089,#171,.T.);
#2644=EDGE_CURVE('',#2091,#2090,#172,.T.);
#2645=EDGE_CURVE('',#2091,#2092,#1167,.T.);
#2646=EDGE_CURVE('',#2093,#2092,#173,.T.);
#2647=EDGE_CURVE('',#2094,#2093,#174,.T.);
#2648=EDGE_CURVE('',#2094,#2095,#1168,.T.);
#2649=EDGE_CURVE('',#2096,#2095,#175,.T.);
#2650=EDGE_CURVE('',#2097,#2096,#176,.T.);
#2651=EDGE_CURVE('',#2097,#2098,#1169,.T.);
#2652=EDGE_CURVE('',#2099,#2098,#177,.T.);
#2653=EDGE_CURVE('',#2100,#2099,#178,.T.);
#2654=EDGE_CURVE('',#2100,#2101,#1170,.T.);
#2655=EDGE_CURVE('',#2102,#2101,#179,.T.);
#2656=EDGE_CURVE('',#2103,#2102,#180,.T.);
#2657=EDGE_CURVE('',#2103,#2104,#1171,.T.);
#2658=EDGE_CURVE('',#2105,#2104,#181,.T.);
#2659=EDGE_CURVE('',#2106,#2105,#182,.T.);
#2660=EDGE_CURVE('',#2106,#2107,#1172,.T.);
#2661=EDGE_CURVE('',#2108,#2107,#183,.T.);
#2662=EDGE_CURVE('',#2109,#2108,#184,.T.);
#2663=EDGE_CURVE('',#2109,#2110,#1173,.T.);
#2664=EDGE_CURVE('',#2111,#2110,#185,.T.);
#2665=EDGE_CURVE('',#2112,#2111,#186,.T.);
#2666=EDGE_CURVE('',#2112,#2113,#1174,.T.);
#2667=EDGE_CURVE('',#2114,#2113,#187,.T.);
#2668=EDGE_CURVE('',#2115,#2114,#188,.T.);
#2669=EDGE_CURVE('',#2115,#2116,#1175,.T.);
#2670=EDGE_CURVE('',#2117,#2116,#189,.T.);
#2671=EDGE_CURVE('',#2118,#2117,#190,.T.);
#2672=EDGE_CURVE('',#2118,#2119,#1176,.T.);
#2673=EDGE_CURVE('',#1873,#2119,#191,.T.);
#2674=EDGE_CURVE('',#2056,#2120,#1315,.T.);
#2675=EDGE_CURVE('',#2120,#1871,#192,.T.);
#2676=EDGE_CURVE('',#2055,#2121,#1316,.T.);
#2677=EDGE_CURVE('',#2121,#2120,#193,.T.);
#2678=EDGE_CURVE('',#2122,#2054,#1317,.T.);
#2679=EDGE_CURVE('',#2121,#2122,#1177,.T.);
#2680=EDGE_CURVE('',#2053,#2123,#1318,.T.);
#2681=EDGE_CURVE('',#2123,#2122,#194,.T.);
#2682=EDGE_CURVE('',#2052,#2124,#1319,.T.);
#2683=EDGE_CURVE('',#2124,#2123,#195,.T.);
#2684=EDGE_CURVE('',#2125,#2051,#1320,.T.);
#2685=EDGE_CURVE('',#2124,#2125,#1178,.T.);
#2686=EDGE_CURVE('',#2050,#2126,#1321,.T.);
#2687=EDGE_CURVE('',#2126,#2125,#196,.T.);
#2688=EDGE_CURVE('',#2049,#2127,#1322,.T.);
#2689=EDGE_CURVE('',#2127,#2126,#197,.T.);
#2690=EDGE_CURVE('',#2128,#2048,#1323,.T.);
#2691=EDGE_CURVE('',#2127,#2128,#1179,.T.);
#2692=EDGE_CURVE('',#2047,#2129,#1324,.T.);
#2693=EDGE_CURVE('',#2129,#2128,#198,.T.);
#2694=EDGE_CURVE('',#2046,#2130,#1325,.T.);
#2695=EDGE_CURVE('',#2130,#2129,#199,.T.);
#2696=EDGE_CURVE('',#2131,#2045,#1326,.T.);
#2697=EDGE_CURVE('',#2130,#2131,#1180,.T.);
#2698=EDGE_CURVE('',#2044,#2132,#1327,.T.);
#2699=EDGE_CURVE('',#2132,#2131,#200,.T.);
#2700=EDGE_CURVE('',#2043,#2133,#1328,.T.);
#2701=EDGE_CURVE('',#2133,#2132,#201,.T.);
#2702=EDGE_CURVE('',#2134,#2042,#1329,.T.);
#2703=EDGE_CURVE('',#2133,#2134,#1181,.T.);
#2704=EDGE_CURVE('',#2041,#2135,#1330,.T.);
#2705=EDGE_CURVE('',#2135,#2134,#202,.T.);
#2706=EDGE_CURVE('',#2040,#2136,#1331,.T.);
#2707=EDGE_CURVE('',#2136,#2135,#203,.T.);
#2708=EDGE_CURVE('',#2137,#2039,#1332,.T.);
#2709=EDGE_CURVE('',#2136,#2137,#1182,.T.);
#2710=EDGE_CURVE('',#2038,#2138,#1333,.T.);
#2711=EDGE_CURVE('',#2138,#2137,#204,.T.);
#2712=EDGE_CURVE('',#2037,#2139,#1334,.T.);
#2713=EDGE_CURVE('',#2139,#2138,#205,.T.);
#2714=EDGE_CURVE('',#2140,#2036,#1335,.T.);
#2715=EDGE_CURVE('',#2139,#2140,#1183,.T.);
#2716=EDGE_CURVE('',#2035,#2141,#1336,.T.);
#2717=EDGE_CURVE('',#2141,#2140,#206,.T.);
#2718=EDGE_CURVE('',#2034,#2142,#1337,.T.);
#2719=EDGE_CURVE('',#2142,#2141,#207,.T.);
#2720=EDGE_CURVE('',#2143,#2033,#1338,.T.);
#2721=EDGE_CURVE('',#2142,#2143,#1184,.T.);
#2722=EDGE_CURVE('',#2032,#2144,#1339,.T.);
#2723=EDGE_CURVE('',#2144,#2143,#208,.T.);
#2724=EDGE_CURVE('',#2031,#2145,#1340,.T.);
#2725=EDGE_CURVE('',#2145,#2144,#209,.T.);
#2726=EDGE_CURVE('',#2146,#2030,#1341,.T.);
#2727=EDGE_CURVE('',#2145,#2146,#1185,.T.);
#2728=EDGE_CURVE('',#2029,#2147,#1342,.T.);
#2729=EDGE_CURVE('',#2147,#2146,#210,.T.);
#2730=EDGE_CURVE('',#2028,#2148,#1343,.T.);
#2731=EDGE_CURVE('',#2148,#2147,#211,.T.);
#2732=EDGE_CURVE('',#2149,#2027,#1344,.T.);
#2733=EDGE_CURVE('',#2148,#2149,#1186,.T.);
#2734=EDGE_CURVE('',#2026,#2150,#1345,.T.);
#2735=EDGE_CURVE('',#2150,#2149,#212,.T.);
#2736=EDGE_CURVE('',#2025,#2151,#1346,.T.);
#2737=EDGE_CURVE('',#2151,#2150,#213,.T.);
#2738=EDGE_CURVE('',#2152,#2024,#1347,.T.);
#2739=EDGE_CURVE('',#2151,#2152,#1187,.T.);
#2740=EDGE_CURVE('',#2023,#2153,#1348,.T.);
#2741=EDGE_CURVE('',#2153,#2152,#214,.T.);
#2742=EDGE_CURVE('',#2022,#2154,#1349,.T.);
#2743=EDGE_CURVE('',#2154,#2153,#215,.T.);
#2744=EDGE_CURVE('',#2155,#2021,#1350,.T.);
#2745=EDGE_CURVE('',#2154,#2155,#1188,.T.);
#2746=EDGE_CURVE('',#2020,#2156,#1351,.T.);
#2747=EDGE_CURVE('',#2156,#2155,#216,.T.);
#2748=EDGE_CURVE('',#2019,#2157,#1352,.T.);
#2749=EDGE_CURVE('',#2157,#2156,#217,.T.);
#2750=EDGE_CURVE('',#2158,#2018,#1353,.T.);
#2751=EDGE_CURVE('',#2157,#2158,#1189,.T.);
#2752=EDGE_CURVE('',#2017,#2159,#1354,.T.);
#2753=EDGE_CURVE('',#2159,#2158,#218,.T.);
#2754=EDGE_CURVE('',#2016,#2160,#1355,.T.);
#2755=EDGE_CURVE('',#2160,#2159,#219,.T.);
#2756=EDGE_CURVE('',#2161,#2015,#1356,.T.);
#2757=EDGE_CURVE('',#2160,#2161,#1190,.T.);
#2758=EDGE_CURVE('',#2014,#2162,#1357,.T.);
#2759=EDGE_CURVE('',#2162,#2161,#220,.T.);
#2760=EDGE_CURVE('',#2013,#2163,#1358,.T.);
#2761=EDGE_CURVE('',#2163,#2162,#221,.T.);
#2762=EDGE_CURVE('',#2164,#2012,#1359,.T.);
#2763=EDGE_CURVE('',#2163,#2164,#1191,.T.);
#2764=EDGE_CURVE('',#2011,#2165,#1360,.T.);
#2765=EDGE_CURVE('',#2165,#2164,#222,.T.);
#2766=EDGE_CURVE('',#2010,#2166,#1361,.T.);
#2767=EDGE_CURVE('',#2166,#2165,#223,.T.);
#2768=EDGE_CURVE('',#2167,#2009,#1362,.T.);
#2769=EDGE_CURVE('',#2166,#2167,#1192,.T.);
#2770=EDGE_CURVE('',#2008,#2168,#1363,.T.);
#2771=EDGE_CURVE('',#2168,#2167,#224,.T.);
#2772=EDGE_CURVE('',#2007,#2169,#1364,.T.);
#2773=EDGE_CURVE('',#2169,#2168,#225,.T.);
#2774=EDGE_CURVE('',#2170,#2006,#1365,.T.);
#2775=EDGE_CURVE('',#2169,#2170,#1193,.T.);
#2776=EDGE_CURVE('',#2005,#2171,#1366,.T.);
#2777=EDGE_CURVE('',#2171,#2170,#226,.T.);
#2778=EDGE_CURVE('',#2004,#2172,#1367,.T.);
#2779=EDGE_CURVE('',#2172,#2171,#227,.T.);
#2780=EDGE_CURVE('',#2173,#2003,#1368,.T.);
#2781=EDGE_CURVE('',#2172,#2173,#1194,.T.);
#2782=EDGE_CURVE('',#2002,#2174,#1369,.T.);
#2783=EDGE_CURVE('',#2174,#2173,#228,.T.);
#2784=EDGE_CURVE('',#2001,#2175,#1370,.T.);
#2785=EDGE_CURVE('',#2175,#2174,#229,.T.);
#2786=EDGE_CURVE('',#2176,#2000,#1371,.T.);
#2787=EDGE_CURVE('',#2175,#2176,#1195,.T.);
#2788=EDGE_CURVE('',#1999,#2177,#1372,.T.);
#2789=EDGE_CURVE('',#2177,#2176,#230,.T.);
#2790=EDGE_CURVE('',#1998,#2178,#1373,.T.);
#2791=EDGE_CURVE('',#2178,#2177,#231,.T.);
#2792=EDGE_CURVE('',#2179,#1997,#1374,.T.);
#2793=EDGE_CURVE('',#2178,#2179,#1196,.T.);
#2794=EDGE_CURVE('',#1996,#2180,#1375,.T.);
#2795=EDGE_CURVE('',#2180,#2179,#232,.T.);
#2796=EDGE_CURVE('',#1995,#2181,#1376,.T.);
#2797=EDGE_CURVE('',#2181,#2180,#233,.T.);
#2798=EDGE_CURVE('',#2182,#1994,#1377,.T.);
#2799=EDGE_CURVE('',#2181,#2182,#1197,.T.);
#2800=EDGE_CURVE('',#1993,#2183,#1378,.T.);
#2801=EDGE_CURVE('',#2183,#2182,#234,.T.);
#2802=EDGE_CURVE('',#1992,#2184,#1379,.T.);
#2803=EDGE_CURVE('',#2184,#2183,#235,.T.);
#2804=EDGE_CURVE('',#2185,#1991,#1380,.T.);
#2805=EDGE_CURVE('',#2184,#2185,#1198,.T.);
#2806=EDGE_CURVE('',#1990,#2186,#1381,.T.);
#2807=EDGE_CURVE('',#2186,#2185,#236,.T.);
#2808=EDGE_CURVE('',#1989,#2187,#1382,.T.);
#2809=EDGE_CURVE('',#2187,#2186,#237,.T.);
#2810=EDGE_CURVE('',#2188,#1988,#1383,.T.);
#2811=EDGE_CURVE('',#2187,#2188,#1199,.T.);
#2812=EDGE_CURVE('',#1987,#2189,#1384,.T.);
#2813=EDGE_CURVE('',#2189,#2188,#238,.T.);
#2814=EDGE_CURVE('',#1986,#2190,#1385,.T.);
#2815=EDGE_CURVE('',#2190,#2189,#239,.T.);
#2816=EDGE_CURVE('',#2191,#1985,#1386,.T.);
#2817=EDGE_CURVE('',#2190,#2191,#1200,.T.);
#2818=EDGE_CURVE('',#1984,#2192,#1387,.T.);
#2819=EDGE_CURVE('',#2192,#2191,#240,.T.);
#2820=EDGE_CURVE('',#1983,#2193,#1388,.T.);
#2821=EDGE_CURVE('',#2193,#2192,#241,.T.);
#2822=EDGE_CURVE('',#2194,#1982,#1389,.T.);
#2823=EDGE_CURVE('',#2193,#2194,#1201,.T.);
#2824=EDGE_CURVE('',#1981,#2195,#1390,.T.);
#2825=EDGE_CURVE('',#2195,#2194,#242,.T.);
#2826=EDGE_CURVE('',#1980,#2196,#1391,.T.);
#2827=EDGE_CURVE('',#2196,#2195,#243,.T.);
#2828=EDGE_CURVE('',#2197,#1979,#1392,.T.);
#2829=EDGE_CURVE('',#2196,#2197,#1202,.T.);
#2830=EDGE_CURVE('',#1978,#2198,#1393,.T.);
#2831=EDGE_CURVE('',#2198,#2197,#244,.T.);
#2832=EDGE_CURVE('',#1977,#2199,#1394,.T.);
#2833=EDGE_CURVE('',#2199,#2198,#245,.T.);
#2834=EDGE_CURVE('',#2200,#1976,#1395,.T.);
#2835=EDGE_CURVE('',#2199,#2200,#1203,.T.);
#2836=EDGE_CURVE('',#1975,#2201,#1396,.T.);
#2837=EDGE_CURVE('',#2201,#2200,#246,.T.);
#2838=EDGE_CURVE('',#1974,#2202,#1397,.T.);
#2839=EDGE_CURVE('',#2202,#2201,#247,.T.);
#2840=EDGE_CURVE('',#2203,#1973,#1398,.T.);
#2841=EDGE_CURVE('',#2202,#2203,#1204,.T.);
#2842=EDGE_CURVE('',#1972,#2204,#1399,.T.);
#2843=EDGE_CURVE('',#2204,#2203,#248,.T.);
#2844=EDGE_CURVE('',#1971,#2205,#1400,.T.);
#2845=EDGE_CURVE('',#2205,#2204,#249,.T.);
#2846=EDGE_CURVE('',#2206,#1970,#1401,.T.);
#2847=EDGE_CURVE('',#2205,#2206,#1205,.T.);
#2848=EDGE_CURVE('',#1969,#2207,#1402,.T.);
#2849=EDGE_CURVE('',#2207,#2206,#250,.T.);
#2850=EDGE_CURVE('',#1968,#2208,#1403,.T.);
#2851=EDGE_CURVE('',#2208,#2207,#251,.T.);
#2852=EDGE_CURVE('',#2209,#1967,#1404,.T.);
#2853=EDGE_CURVE('',#2208,#2209,#1206,.T.);
#2854=EDGE_CURVE('',#1966,#2210,#1405,.T.);
#2855=EDGE_CURVE('',#2210,#2209,#252,.T.);
#2856=EDGE_CURVE('',#1965,#2211,#1406,.T.);
#2857=EDGE_CURVE('',#2211,#2210,#253,.T.);
#2858=EDGE_CURVE('',#2212,#1964,#1407,.T.);
#2859=EDGE_CURVE('',#2211,#2212,#1207,.T.);
#2860=EDGE_CURVE('',#1963,#2213,#1408,.T.);
#2861=EDGE_CURVE('',#2213,#2212,#254,.T.);
#2862=EDGE_CURVE('',#1962,#2214,#1409,.T.);
#2863=EDGE_CURVE('',#2214,#2213,#255,.T.);
#2864=EDGE_CURVE('',#2215,#1961,#1410,.T.);
#2865=EDGE_CURVE('',#2214,#2215,#1208,.T.);
#2866=EDGE_CURVE('',#1960,#2216,#1411,.T.);
#2867=EDGE_CURVE('',#2216,#2215,#256,.T.);
#2868=EDGE_CURVE('',#1959,#2217,#1412,.T.);
#2869=EDGE_CURVE('',#2217,#2216,#257,.T.);
#2870=EDGE_CURVE('',#2218,#1958,#1413,.T.);
#2871=EDGE_CURVE('',#2217,#2218,#1209,.T.);
#2872=EDGE_CURVE('',#1957,#2219,#1414,.T.);
#2873=EDGE_CURVE('',#2219,#2218,#258,.T.);
#2874=EDGE_CURVE('',#1956,#2220,#1415,.T.);
#2875=EDGE_CURVE('',#2220,#2219,#259,.T.);
#2876=EDGE_CURVE('',#2221,#1955,#1416,.T.);
#2877=EDGE_CURVE('',#2220,#2221,#1210,.T.);
#2878=EDGE_CURVE('',#1954,#2222,#1417,.T.);
#2879=EDGE_CURVE('',#2222,#2221,#260,.T.);
#2880=EDGE_CURVE('',#1953,#2223,#1418,.T.);
#2881=EDGE_CURVE('',#2223,#2222,#261,.T.);
#2882=EDGE_CURVE('',#2224,#1952,#1419,.T.);
#2883=EDGE_CURVE('',#2223,#2224,#1211,.T.);
#2884=EDGE_CURVE('',#1951,#2225,#1420,.T.);
#2885=EDGE_CURVE('',#2225,#2224,#262,.T.);
#2886=EDGE_CURVE('',#1950,#2226,#1421,.T.);
#2887=EDGE_CURVE('',#2226,#2225,#263,.T.);
#2888=EDGE_CURVE('',#2227,#1949,#1422,.T.);
#2889=EDGE_CURVE('',#2226,#2227,#1212,.T.);
#2890=EDGE_CURVE('',#1948,#2228,#1423,.T.);
#2891=EDGE_CURVE('',#2228,#2227,#264,.T.);
#2892=EDGE_CURVE('',#1947,#2229,#1424,.T.);
#2893=EDGE_CURVE('',#2229,#2228,#265,.T.);
#2894=EDGE_CURVE('',#2230,#1946,#1425,.T.);
#2895=EDGE_CURVE('',#2229,#2230,#1213,.T.);
#2896=EDGE_CURVE('',#1945,#2231,#1426,.T.);
#2897=EDGE_CURVE('',#2231,#2230,#266,.T.);
#2898=EDGE_CURVE('',#1944,#2232,#1427,.T.);
#2899=EDGE_CURVE('',#2232,#2231,#267,.T.);
#2900=EDGE_CURVE('',#2233,#1943,#1428,.T.);
#2901=EDGE_CURVE('',#2232,#2233,#1214,.T.);
#2902=EDGE_CURVE('',#1942,#2234,#1429,.T.);
#2903=EDGE_CURVE('',#2234,#2233,#268,.T.);
#2904=EDGE_CURVE('',#1941,#2235,#1430,.T.);
#2905=EDGE_CURVE('',#2235,#2234,#269,.T.);
#2906=EDGE_CURVE('',#2236,#1940,#1431,.T.);
#2907=EDGE_CURVE('',#2235,#2236,#1215,.T.);
#2908=EDGE_CURVE('',#1939,#2237,#1432,.T.);
#2909=EDGE_CURVE('',#2237,#2236,#270,.T.);
#2910=EDGE_CURVE('',#1938,#2238,#1433,.T.);
#2911=EDGE_CURVE('',#2238,#2237,#271,.T.);
#2912=EDGE_CURVE('',#2239,#1937,#1434,.T.);
#2913=EDGE_CURVE('',#2238,#2239,#1216,.T.);
#2914=EDGE_CURVE('',#1936,#2240,#1435,.T.);
#2915=EDGE_CURVE('',#2240,#2239,#272,.T.);
#2916=EDGE_CURVE('',#1935,#2241,#1436,.T.);
#2917=EDGE_CURVE('',#2241,#2240,#273,.T.);
#2918=EDGE_CURVE('',#2242,#1934,#1437,.T.);
#2919=EDGE_CURVE('',#2241,#2242,#1217,.T.);
#2920=EDGE_CURVE('',#1933,#2243,#1438,.T.);
#2921=EDGE_CURVE('',#2243,#2242,#274,.T.);
#2922=EDGE_CURVE('',#1932,#2244,#1439,.T.);
#2923=EDGE_CURVE('',#2244,#2243,#275,.T.);
#2924=EDGE_CURVE('',#2245,#1931,#1440,.T.);
#2925=EDGE_CURVE('',#2244,#2245,#1218,.T.);
#2926=EDGE_CURVE('',#1930,#2246,#1441,.T.);
#2927=EDGE_CURVE('',#2246,#2245,#276,.T.);
#2928=EDGE_CURVE('',#1929,#2247,#1442,.T.);
#2929=EDGE_CURVE('',#2247,#2246,#277,.T.);
#2930=EDGE_CURVE('',#2248,#1928,#1443,.T.);
#2931=EDGE_CURVE('',#2247,#2248,#1219,.T.);
#2932=EDGE_CURVE('',#1927,#2249,#1444,.T.);
#2933=EDGE_CURVE('',#2249,#2248,#278,.T.);
#2934=EDGE_CURVE('',#1926,#2250,#1445,.T.);
#2935=EDGE_CURVE('',#2250,#2249,#279,.T.);
#2936=EDGE_CURVE('',#2251,#1925,#1446,.T.);
#2937=EDGE_CURVE('',#2250,#2251,#1220,.T.);
#2938=EDGE_CURVE('',#1924,#2252,#1447,.T.);
#2939=EDGE_CURVE('',#2252,#2251,#280,.T.);
#2940=EDGE_CURVE('',#1923,#2253,#1448,.T.);
#2941=EDGE_CURVE('',#2253,#2252,#281,.T.);
#2942=EDGE_CURVE('',#2254,#1922,#1449,.T.);
#2943=EDGE_CURVE('',#2253,#2254,#1221,.T.);
#2944=EDGE_CURVE('',#1921,#2255,#1450,.T.);
#2945=EDGE_CURVE('',#2255,#2254,#282,.T.);
#2946=EDGE_CURVE('',#1920,#2256,#1451,.T.);
#2947=EDGE_CURVE('',#2256,#2255,#283,.T.);
#2948=EDGE_CURVE('',#2257,#1919,#1452,.T.);
#2949=EDGE_CURVE('',#2256,#2257,#1222,.T.);
#2950=EDGE_CURVE('',#1918,#2258,#1453,.T.);
#2951=EDGE_CURVE('',#2258,#2257,#284,.T.);
#2952=EDGE_CURVE('',#1917,#2259,#1454,.T.);
#2953=EDGE_CURVE('',#2259,#2258,#285,.T.);
#2954=EDGE_CURVE('',#2260,#1916,#1455,.T.);
#2955=EDGE_CURVE('',#2259,#2260,#1223,.T.);
#2956=EDGE_CURVE('',#1915,#2261,#1456,.T.);
#2957=EDGE_CURVE('',#2261,#2260,#286,.T.);
#2958=EDGE_CURVE('',#1914,#2262,#1457,.T.);
#2959=EDGE_CURVE('',#2262,#2261,#287,.T.);
#2960=EDGE_CURVE('',#2263,#1913,#1458,.T.);
#2961=EDGE_CURVE('',#2262,#2263,#1224,.T.);
#2962=EDGE_CURVE('',#1912,#2264,#1459,.T.);
#2963=EDGE_CURVE('',#2264,#2263,#288,.T.);
#2964=EDGE_CURVE('',#1911,#2265,#1460,.T.);
#2965=EDGE_CURVE('',#2265,#2264,#289,.T.);
#2966=EDGE_CURVE('',#2266,#1910,#1461,.T.);
#2967=EDGE_CURVE('',#2265,#2266,#1225,.T.);
#2968=EDGE_CURVE('',#1909,#2267,#1462,.T.);
#2969=EDGE_CURVE('',#2267,#2266,#290,.T.);
#2970=EDGE_CURVE('',#1908,#2268,#1463,.T.);
#2971=EDGE_CURVE('',#2268,#2267,#291,.T.);
#2972=EDGE_CURVE('',#2269,#1907,#1464,.T.);
#2973=EDGE_CURVE('',#2268,#2269,#1226,.T.);
#2974=EDGE_CURVE('',#1906,#2270,#1465,.T.);
#2975=EDGE_CURVE('',#2270,#2269,#292,.T.);
#2976=EDGE_CURVE('',#1905,#2271,#1466,.T.);
#2977=EDGE_CURVE('',#2271,#2270,#293,.T.);
#2978=EDGE_CURVE('',#2272,#1904,#1467,.T.);
#2979=EDGE_CURVE('',#2271,#2272,#1227,.T.);
#2980=EDGE_CURVE('',#1903,#2273,#1468,.T.);
#2981=EDGE_CURVE('',#2273,#2272,#294,.T.);
#2982=EDGE_CURVE('',#1902,#2274,#1469,.T.);
#2983=EDGE_CURVE('',#2274,#2273,#295,.T.);
#2984=EDGE_CURVE('',#2275,#1901,#1470,.T.);
#2985=EDGE_CURVE('',#2274,#2275,#1228,.T.);
#2986=EDGE_CURVE('',#1900,#2276,#1471,.T.);
#2987=EDGE_CURVE('',#2276,#2275,#296,.T.);
#2988=EDGE_CURVE('',#1899,#2277,#1472,.T.);
#2989=EDGE_CURVE('',#2277,#2276,#297,.T.);
#2990=EDGE_CURVE('',#2278,#1898,#1473,.T.);
#2991=EDGE_CURVE('',#2277,#2278,#1229,.T.);
#2992=EDGE_CURVE('',#1897,#2279,#1474,.T.);
#2993=EDGE_CURVE('',#2279,#2278,#298,.T.);
#2994=EDGE_CURVE('',#1896,#2280,#1475,.T.);
#2995=EDGE_CURVE('',#2280,#2279,#299,.T.);
#2996=EDGE_CURVE('',#2281,#1895,#1476,.T.);
#2997=EDGE_CURVE('',#2280,#2281,#1230,.T.);
#2998=EDGE_CURVE('',#1894,#2282,#1477,.T.);
#2999=EDGE_CURVE('',#2282,#2281,#300,.T.);
#3000=EDGE_CURVE('',#1893,#2283,#1478,.T.);
#3001=EDGE_CURVE('',#2283,#2282,#301,.T.);
#3002=EDGE_CURVE('',#2284,#1892,#1479,.T.);
#3003=EDGE_CURVE('',#2283,#2284,#1231,.T.);
#3004=EDGE_CURVE('',#1891,#2285,#1480,.T.);
#3005=EDGE_CURVE('',#2285,#2284,#302,.T.);
#3006=EDGE_CURVE('',#1890,#2286,#1481,.T.);
#3007=EDGE_CURVE('',#2286,#2285,#303,.T.);
#3008=EDGE_CURVE('',#2287,#1889,#1482,.T.);
#3009=EDGE_CURVE('',#2286,#2287,#1232,.T.);
#3010=EDGE_CURVE('',#1888,#2288,#1483,.T.);
#3011=EDGE_CURVE('',#2288,#2287,#304,.T.);
#3012=EDGE_CURVE('',#1887,#2289,#1484,.T.);
#3013=EDGE_CURVE('',#2289,#2288,#305,.T.);
#3014=EDGE_CURVE('',#2290,#1886,#1485,.T.);
#3015=EDGE_CURVE('',#2289,#2290,#1233,.T.);
#3016=EDGE_CURVE('',#1885,#2291,#1486,.T.);
#3017=EDGE_CURVE('',#2291,#2290,#306,.T.);
#3018=EDGE_CURVE('',#1884,#2292,#1487,.T.);
#3019=EDGE_CURVE('',#2292,#2291,#307,.T.);
#3020=EDGE_CURVE('',#2293,#1883,#1488,.T.);
#3021=EDGE_CURVE('',#2292,#2293,#1234,.T.);
#3022=EDGE_CURVE('',#1882,#2294,#1489,.T.);
#3023=EDGE_CURVE('',#2294,#2293,#308,.T.);
#3024=EDGE_CURVE('',#1881,#2295,#1490,.T.);
#3025=EDGE_CURVE('',#2295,#2294,#309,.T.);
#3026=EDGE_CURVE('',#2296,#1880,#1491,.T.);
#3027=EDGE_CURVE('',#2295,#2296,#1235,.T.);
#3028=EDGE_CURVE('',#1879,#2297,#1492,.T.);
#3029=EDGE_CURVE('',#2297,#2296,#310,.T.);
#3030=EDGE_CURVE('',#1878,#2298,#1493,.T.);
#3031=EDGE_CURVE('',#2298,#2297,#311,.T.);
#3032=EDGE_CURVE('',#2299,#1877,#1494,.T.);
#3033=EDGE_CURVE('',#2298,#2299,#1236,.T.);
#3034=EDGE_CURVE('',#1876,#2300,#1495,.T.);
#3035=EDGE_CURVE('',#2300,#2299,#312,.T.);
#3036=EDGE_CURVE('',#1875,#2301,#1496,.T.);
#3037=EDGE_CURVE('',#2301,#2300,#313,.T.);
#3038=EDGE_CURVE('',#2302,#1874,#1497,.T.);
#3039=EDGE_CURVE('',#2301,#2302,#1237,.T.);
#3040=EDGE_CURVE('',#1873,#2303,#1498,.T.);
#3041=EDGE_CURVE('',#2303,#2302,#314,.T.);
#3042=EDGE_CURVE('',#2119,#2304,#1499,.T.);
#3043=EDGE_CURVE('',#2304,#2303,#315,.T.);
#3044=EDGE_CURVE('',#2305,#2118,#1500,.T.);
#3045=EDGE_CURVE('',#2304,#2305,#1238,.T.);
#3046=EDGE_CURVE('',#2117,#2306,#1501,.T.);
#3047=EDGE_CURVE('',#2306,#2305,#316,.T.);
#3048=EDGE_CURVE('',#2116,#2307,#1502,.T.);
#3049=EDGE_CURVE('',#2307,#2306,#317,.T.);
#3050=EDGE_CURVE('',#2308,#2115,#1503,.T.);
#3051=EDGE_CURVE('',#2307,#2308,#1239,.T.);
#3052=EDGE_CURVE('',#2114,#2309,#1504,.T.);
#3053=EDGE_CURVE('',#2309,#2308,#318,.T.);
#3054=EDGE_CURVE('',#2113,#2310,#1505,.T.);
#3055=EDGE_CURVE('',#2310,#2309,#319,.T.);
#3056=EDGE_CURVE('',#2311,#2112,#1506,.T.);
#3057=EDGE_CURVE('',#2310,#2311,#1240,.T.);
#3058=EDGE_CURVE('',#2111,#2312,#1507,.T.);
#3059=EDGE_CURVE('',#2312,#2311,#320,.T.);
#3060=EDGE_CURVE('',#2110,#2313,#1508,.T.);
#3061=EDGE_CURVE('',#2313,#2312,#321,.T.);
#3062=EDGE_CURVE('',#2314,#2109,#1509,.T.);
#3063=EDGE_CURVE('',#2313,#2314,#1241,.T.);
#3064=EDGE_CURVE('',#2108,#2315,#1510,.T.);
#3065=EDGE_CURVE('',#2315,#2314,#322,.T.);
#3066=EDGE_CURVE('',#2107,#2316,#1511,.T.);
#3067=EDGE_CURVE('',#2316,#2315,#323,.T.);
#3068=EDGE_CURVE('',#2317,#2106,#1512,.T.);
#3069=EDGE_CURVE('',#2316,#2317,#1242,.T.);
#3070=EDGE_CURVE('',#2105,#2318,#1513,.T.);
#3071=EDGE_CURVE('',#2318,#2317,#324,.T.);
#3072=EDGE_CURVE('',#2104,#2319,#1514,.T.);
#3073=EDGE_CURVE('',#2319,#2318,#325,.T.);
#3074=EDGE_CURVE('',#2320,#2103,#1515,.T.);
#3075=EDGE_CURVE('',#2319,#2320,#1243,.T.);
#3076=EDGE_CURVE('',#2102,#2321,#1516,.T.);
#3077=EDGE_CURVE('',#2321,#2320,#326,.T.);
#3078=EDGE_CURVE('',#2101,#2322,#1517,.T.);
#3079=EDGE_CURVE('',#2322,#2321,#327,.T.);
#3080=EDGE_CURVE('',#2323,#2100,#1518,.T.);
#3081=EDGE_CURVE('',#2322,#2323,#1244,.T.);
#3082=EDGE_CURVE('',#2099,#2324,#1519,.T.);
#3083=EDGE_CURVE('',#2324,#2323,#328,.T.);
#3084=EDGE_CURVE('',#2098,#2325,#1520,.T.);
#3085=EDGE_CURVE('',#2325,#2324,#329,.T.);
#3086=EDGE_CURVE('',#2326,#2097,#1521,.T.);
#3087=EDGE_CURVE('',#2325,#2326,#1245,.T.);
#3088=EDGE_CURVE('',#2096,#2327,#1522,.T.);
#3089=EDGE_CURVE('',#2327,#2326,#330,.T.);
#3090=EDGE_CURVE('',#2095,#2328,#1523,.T.);
#3091=EDGE_CURVE('',#2328,#2327,#331,.T.);
#3092=EDGE_CURVE('',#2329,#2094,#1524,.T.);
#3093=EDGE_CURVE('',#2328,#2329,#1246,.T.);
#3094=EDGE_CURVE('',#2093,#2330,#1525,.T.);
#3095=EDGE_CURVE('',#2330,#2329,#332,.T.);
#3096=EDGE_CURVE('',#2092,#2331,#1526,.T.);
#3097=EDGE_CURVE('',#2331,#2330,#333,.T.);
#3098=EDGE_CURVE('',#2332,#2091,#1527,.T.);
#3099=EDGE_CURVE('',#2331,#2332,#1247,.T.);
#3100=EDGE_CURVE('',#2090,#2333,#1528,.T.);
#3101=EDGE_CURVE('',#2333,#2332,#334,.T.);
#3102=EDGE_CURVE('',#2089,#2334,#1529,.T.);
#3103=EDGE_CURVE('',#2334,#2333,#335,.T.);
#3104=EDGE_CURVE('',#2335,#2088,#1530,.T.);
#3105=EDGE_CURVE('',#2334,#2335,#1248,.T.);
#3106=EDGE_CURVE('',#2087,#2336,#1531,.T.);
#3107=EDGE_CURVE('',#2336,#2335,#336,.T.);
#3108=EDGE_CURVE('',#2086,#2337,#1532,.T.);
#3109=EDGE_CURVE('',#2337,#2336,#337,.T.);
#3110=EDGE_CURVE('',#2338,#2085,#1533,.T.);
#3111=EDGE_CURVE('',#2337,#2338,#1249,.T.);
#3112=EDGE_CURVE('',#2084,#2339,#1534,.T.);
#3113=EDGE_CURVE('',#2339,#2338,#338,.T.);
#3114=EDGE_CURVE('',#2083,#2340,#1535,.T.);
#3115=EDGE_CURVE('',#2340,#2339,#339,.T.);
#3116=EDGE_CURVE('',#2341,#2082,#1536,.T.);
#3117=EDGE_CURVE('',#2340,#2341,#1250,.T.);
#3118=EDGE_CURVE('',#2081,#2342,#1537,.T.);
#3119=EDGE_CURVE('',#2342,#2341,#340,.T.);
#3120=EDGE_CURVE('',#2080,#2343,#1538,.T.);
#3121=EDGE_CURVE('',#2343,#2342,#341,.T.);
#3122=EDGE_CURVE('',#2344,#2079,#1539,.T.);
#3123=EDGE_CURVE('',#2343,#2344,#1251,.T.);
#3124=EDGE_CURVE('',#2078,#2345,#1540,.T.);
#3125=EDGE_CURVE('',#2345,#2344,#342,.T.);
#3126=EDGE_CURVE('',#2077,#2346,#1541,.T.);
#3127=EDGE_CURVE('',#2346,#2345,#343,.T.);
#3128=EDGE_CURVE('',#2347,#2076,#1542,.T.);
#3129=EDGE_CURVE('',#2346,#2347,#1252,.T.);
#3130=EDGE_CURVE('',#2075,#2348,#1543,.T.);
#3131=EDGE_CURVE('',#2348,#2347,#344,.T.);
#3132=EDGE_CURVE('',#2074,#2349,#1544,.T.);
#3133=EDGE_CURVE('',#2349,#2348,#345,.T.);
#3134=EDGE_CURVE('',#2350,#2073,#1545,.T.);
#3135=EDGE_CURVE('',#2349,#2350,#1253,.T.);
#3136=EDGE_CURVE('',#2072,#2351,#1546,.T.);
#3137=EDGE_CURVE('',#2351,#2350,#346,.T.);
#3138=EDGE_CURVE('',#2071,#2352,#1547,.T.);
#3139=EDGE_CURVE('',#2352,#2351,#347,.T.);
#3140=EDGE_CURVE('',#2353,#2070,#1548,.T.);
#3141=EDGE_CURVE('',#2352,#2353,#1254,.T.);
#3142=EDGE_CURVE('',#2069,#2354,#1549,.T.);
#3143=EDGE_CURVE('',#2354,#2353,#348,.T.);
#3144=EDGE_CURVE('',#2068,#2355,#1550,.T.);
#3145=EDGE_CURVE('',#2355,#2354,#349,.T.);
#3146=EDGE_CURVE('',#2356,#2067,#1551,.T.);
#3147=EDGE_CURVE('',#2355,#2356,#1255,.T.);
#3148=EDGE_CURVE('',#2066,#2357,#1552,.T.);
#3149=EDGE_CURVE('',#2357,#2356,#350,.T.);
#3150=EDGE_CURVE('',#2065,#2358,#1553,.T.);
#3151=EDGE_CURVE('',#2358,#2357,#351,.T.);
#3152=EDGE_CURVE('',#2359,#2064,#1554,.T.);
#3153=EDGE_CURVE('',#2358,#2359,#1256,.T.);
#3154=EDGE_CURVE('',#2063,#2360,#1555,.T.);
#3155=EDGE_CURVE('',#2360,#2359,#352,.T.);
#3156=EDGE_CURVE('',#2062,#2361,#1556,.T.);
#3157=EDGE_CURVE('',#2361,#2360,#353,.T.);
#3158=EDGE_CURVE('',#2362,#2061,#1557,.T.);
#3159=EDGE_CURVE('',#2361,#2362,#1257,.T.);
#3160=EDGE_CURVE('',#2060,#2363,#1558,.T.);
#3161=EDGE_CURVE('',#2363,#2362,#354,.T.);
#3162=EDGE_CURVE('',#2059,#2364,#1559,.T.);
#3163=EDGE_CURVE('',#2364,#2363,#355,.T.);
#3164=EDGE_CURVE('',#2058,#2365,#1560,.T.);
#3165=EDGE_CURVE('',#2364,#2365,#1258,.T.);
#3166=EDGE_CURVE('',#2057,#2366,#1561,.T.);
#3167=EDGE_CURVE('',#2365,#2366,#356,.T.);
#3168=EDGE_CURVE('',#2366,#1868,#357,.T.);
#3169=EDGE_CURVE('',#2303,#2367,#1562,.T.);
#3170=EDGE_CURVE('',#2367,#2367,#1259,.T.);
#3171=EDGE_CURVE('',#1848,#1835,#1288,.T.);
#3172=EDGE_CURVE('',#1834,#1849,#1289,.T.);
#3173=EDGE_CURVE('',#2368,#2368,#1260,.T.);
#3174=EDGE_CURVE('',#2369,#2369,#1261,.T.);
#3175=EDGE_CURVE('',#2369,#2370,#1563,.T.);
#3176=EDGE_CURVE('',#2370,#2371,#1262,.T.);
#3177=EDGE_CURVE('',#2372,#2371,#1263,.T.);
#3178=EDGE_CURVE('',#2372,#2370,#1264,.T.);
#3179=EDGE_CURVE('',#2373,#2373,#1265,.T.);
#3180=EDGE_CURVE('',#2373,#2368,#1564,.T.);
#3181=EDGE_CURVE('',#1860,#2371,#1290,.T.);
#3182=EDGE_CURVE('',#2372,#1861,#1291,.T.);
#3183=EDGE_CURVE('',#1859,#1857,#1292,.T.);
#3184=EDGE_CURVE('',#1858,#1856,#1293,.T.);
#3185=EDGE_CURVE('',#1844,#2372,#1294,.T.);
#3186=EDGE_CURVE('',#1840,#1842,#1295,.T.);
#3187=EDGE_CURVE('',#1843,#1841,#1296,.T.);
#3188=EDGE_CURVE('',#2371,#1845,#1297,.T.);
#3189=ORIENTED_EDGE('',*,*,#2374,.T.);
#3190=ORIENTED_EDGE('',*,*,#2375,.T.);
#3191=ORIENTED_EDGE('',*,*,#2376,.F.);
#3192=ORIENTED_EDGE('',*,*,#2377,.T.);
#3193=ORIENTED_EDGE('',*,*,#2378,.T.);
#3194=ORIENTED_EDGE('',*,*,#2379,.T.);
#3195=ORIENTED_EDGE('',*,*,#2374,.F.);
#3196=ORIENTED_EDGE('',*,*,#2380,.T.);
#3197=ORIENTED_EDGE('',*,*,#2381,.T.);
#3198=ORIENTED_EDGE('',*,*,#2382,.T.);
#3199=ORIENTED_EDGE('',*,*,#2378,.F.);
#3200=ORIENTED_EDGE('',*,*,#2383,.T.);
#3201=ORIENTED_EDGE('',*,*,#2384,.T.);
#3202=ORIENTED_EDGE('',*,*,#2385,.T.);
#3203=ORIENTED_EDGE('',*,*,#2381,.F.);
#3204=ORIENTED_EDGE('',*,*,#2386,.T.);
#3205=ORIENTED_EDGE('',*,*,#2387,.F.);
#3206=ORIENTED_EDGE('',*,*,#2388,.T.);
#3207=ORIENTED_EDGE('',*,*,#2389,.F.);
#3208=ORIENTED_EDGE('',*,*,#2390,.T.);
#3209=ORIENTED_EDGE('',*,*,#2391,.T.);
#3210=ORIENTED_EDGE('',*,*,#2392,.T.);
#3211=ORIENTED_EDGE('',*,*,#2393,.F.);
#3212=ORIENTED_EDGE('',*,*,#2394,.F.);
#3213=ORIENTED_EDGE('',*,*,#2395,.T.);
#3214=ORIENTED_EDGE('',*,*,#2396,.T.);
#3215=ORIENTED_EDGE('',*,*,#2391,.F.);
#3216=ORIENTED_EDGE('',*,*,#2397,.F.);
#3217=ORIENTED_EDGE('',*,*,#2398,.T.);
#3218=ORIENTED_EDGE('',*,*,#2399,.T.);
#3219=ORIENTED_EDGE('',*,*,#2395,.F.);
#3220=ORIENTED_EDGE('',*,*,#2400,.F.);
#3221=ORIENTED_EDGE('',*,*,#2401,.T.);
#3222=ORIENTED_EDGE('',*,*,#2402,.T.);
#3223=ORIENTED_EDGE('',*,*,#2398,.F.);
#3224=ORIENTED_EDGE('',*,*,#2403,.F.);
#3225=ORIENTED_EDGE('',*,*,#2404,.T.);
#3226=ORIENTED_EDGE('',*,*,#2405,.T.);
#3227=ORIENTED_EDGE('',*,*,#2401,.F.);
#3228=ORIENTED_EDGE('',*,*,#2406,.F.);
#3229=ORIENTED_EDGE('',*,*,#2407,.F.);
#3230=ORIENTED_EDGE('',*,*,#2408,.F.);
#3231=ORIENTED_EDGE('',*,*,#2409,.F.);
#3232=ORIENTED_EDGE('',*,*,#2410,.T.);
#3233=ORIENTED_EDGE('',*,*,#2411,.T.);
#3234=ORIENTED_EDGE('',*,*,#2412,.T.);
#3235=ORIENTED_EDGE('',*,*,#2413,.T.);
#3236=ORIENTED_EDGE('',*,*,#2414,.T.);
#3237=ORIENTED_EDGE('',*,*,#2415,.T.);
#3238=ORIENTED_EDGE('',*,*,#2416,.T.);
#3239=ORIENTED_EDGE('',*,*,#2417,.T.);
#3240=ORIENTED_EDGE('',*,*,#2412,.F.);
#3241=ORIENTED_EDGE('',*,*,#2414,.F.);
#3242=ORIENTED_EDGE('',*,*,#2418,.F.);
#3243=ORIENTED_EDGE('',*,*,#2419,.T.);
#3244=ORIENTED_EDGE('',*,*,#2420,.F.);
#3245=ORIENTED_EDGE('',*,*,#2416,.F.);
#3246=ORIENTED_EDGE('',*,*,#2421,.F.);
#3247=ORIENTED_EDGE('',*,*,#2422,.F.);
#3248=ORIENTED_EDGE('',*,*,#2423,.F.);
#3249=ORIENTED_EDGE('',*,*,#2424,.T.);
#3250=ORIENTED_EDGE('',*,*,#2425,.T.);
#3251=ORIENTED_EDGE('',*,*,#2426,.F.);
#3252=ORIENTED_EDGE('',*,*,#2427,.T.);
#3253=ORIENTED_EDGE('',*,*,#2428,.F.);
#3254=ORIENTED_EDGE('',*,*,#2429,.F.);
#3255=ORIENTED_EDGE('',*,*,#2430,.T.);
#3256=ORIENTED_EDGE('',*,*,#2431,.F.);
#3257=ORIENTED_EDGE('',*,*,#2432,.F.);
#3258=ORIENTED_EDGE('',*,*,#2433,.T.);
#3259=ORIENTED_EDGE('',*,*,#2434,.F.);
#3260=ORIENTED_EDGE('',*,*,#2435,.F.);
#3261=ORIENTED_EDGE('',*,*,#2436,.T.);
#3262=ORIENTED_EDGE('',*,*,#2437,.F.);
#3263=ORIENTED_EDGE('',*,*,#2438,.F.);
#3264=ORIENTED_EDGE('',*,*,#2439,.T.);
#3265=ORIENTED_EDGE('',*,*,#2440,.F.);
#3266=ORIENTED_EDGE('',*,*,#2441,.F.);
#3267=ORIENTED_EDGE('',*,*,#2442,.T.);
#3268=ORIENTED_EDGE('',*,*,#2443,.F.);
#3269=ORIENTED_EDGE('',*,*,#2444,.F.);
#3270=ORIENTED_EDGE('',*,*,#2445,.T.);
#3271=ORIENTED_EDGE('',*,*,#2446,.F.);
#3272=ORIENTED_EDGE('',*,*,#2447,.F.);
#3273=ORIENTED_EDGE('',*,*,#2448,.T.);
#3274=ORIENTED_EDGE('',*,*,#2449,.F.);
#3275=ORIENTED_EDGE('',*,*,#2450,.F.);
#3276=ORIENTED_EDGE('',*,*,#2451,.T.);
#3277=ORIENTED_EDGE('',*,*,#2452,.F.);
#3278=ORIENTED_EDGE('',*,*,#2453,.F.);
#3279=ORIENTED_EDGE('',*,*,#2454,.T.);
#3280=ORIENTED_EDGE('',*,*,#2455,.F.);
#3281=ORIENTED_EDGE('',*,*,#2456,.F.);
#3282=ORIENTED_EDGE('',*,*,#2457,.T.);
#3283=ORIENTED_EDGE('',*,*,#2458,.F.);
#3284=ORIENTED_EDGE('',*,*,#2459,.F.);
#3285=ORIENTED_EDGE('',*,*,#2460,.T.);
#3286=ORIENTED_EDGE('',*,*,#2461,.F.);
#3287=ORIENTED_EDGE('',*,*,#2462,.F.);
#3288=ORIENTED_EDGE('',*,*,#2463,.T.);
#3289=ORIENTED_EDGE('',*,*,#2464,.F.);
#3290=ORIENTED_EDGE('',*,*,#2465,.F.);
#3291=ORIENTED_EDGE('',*,*,#2466,.T.);
#3292=ORIENTED_EDGE('',*,*,#2467,.F.);
#3293=ORIENTED_EDGE('',*,*,#2468,.F.);
#3294=ORIENTED_EDGE('',*,*,#2469,.T.);
#3295=ORIENTED_EDGE('',*,*,#2470,.F.);
#3296=ORIENTED_EDGE('',*,*,#2471,.F.);
#3297=ORIENTED_EDGE('',*,*,#2472,.T.);
#3298=ORIENTED_EDGE('',*,*,#2473,.F.);
#3299=ORIENTED_EDGE('',*,*,#2474,.F.);
#3300=ORIENTED_EDGE('',*,*,#2475,.T.);
#3301=ORIENTED_EDGE('',*,*,#2476,.F.);
#3302=ORIENTED_EDGE('',*,*,#2477,.F.);
#3303=ORIENTED_EDGE('',*,*,#2478,.T.);
#3304=ORIENTED_EDGE('',*,*,#2479,.F.);
#3305=ORIENTED_EDGE('',*,*,#2480,.F.);
#3306=ORIENTED_EDGE('',*,*,#2481,.T.);
#3307=ORIENTED_EDGE('',*,*,#2482,.F.);
#3308=ORIENTED_EDGE('',*,*,#2483,.F.);
#3309=ORIENTED_EDGE('',*,*,#2484,.T.);
#3310=ORIENTED_EDGE('',*,*,#2485,.F.);
#3311=ORIENTED_EDGE('',*,*,#2486,.F.);
#3312=ORIENTED_EDGE('',*,*,#2487,.T.);
#3313=ORIENTED_EDGE('',*,*,#2488,.F.);
#3314=ORIENTED_EDGE('',*,*,#2489,.F.);
#3315=ORIENTED_EDGE('',*,*,#2490,.T.);
#3316=ORIENTED_EDGE('',*,*,#2491,.F.);
#3317=ORIENTED_EDGE('',*,*,#2492,.F.);
#3318=ORIENTED_EDGE('',*,*,#2493,.T.);
#3319=ORIENTED_EDGE('',*,*,#2494,.F.);
#3320=ORIENTED_EDGE('',*,*,#2495,.F.);
#3321=ORIENTED_EDGE('',*,*,#2496,.T.);
#3322=ORIENTED_EDGE('',*,*,#2497,.F.);
#3323=ORIENTED_EDGE('',*,*,#2498,.F.);
#3324=ORIENTED_EDGE('',*,*,#2499,.T.);
#3325=ORIENTED_EDGE('',*,*,#2500,.F.);
#3326=ORIENTED_EDGE('',*,*,#2501,.F.);
#3327=ORIENTED_EDGE('',*,*,#2502,.T.);
#3328=ORIENTED_EDGE('',*,*,#2503,.F.);
#3329=ORIENTED_EDGE('',*,*,#2504,.F.);
#3330=ORIENTED_EDGE('',*,*,#2505,.T.);
#3331=ORIENTED_EDGE('',*,*,#2506,.F.);
#3332=ORIENTED_EDGE('',*,*,#2507,.F.);
#3333=ORIENTED_EDGE('',*,*,#2508,.T.);
#3334=ORIENTED_EDGE('',*,*,#2509,.F.);
#3335=ORIENTED_EDGE('',*,*,#2510,.F.);
#3336=ORIENTED_EDGE('',*,*,#2511,.T.);
#3337=ORIENTED_EDGE('',*,*,#2512,.F.);
#3338=ORIENTED_EDGE('',*,*,#2513,.F.);
#3339=ORIENTED_EDGE('',*,*,#2514,.T.);
#3340=ORIENTED_EDGE('',*,*,#2515,.F.);
#3341=ORIENTED_EDGE('',*,*,#2516,.F.);
#3342=ORIENTED_EDGE('',*,*,#2517,.T.);
#3343=ORIENTED_EDGE('',*,*,#2518,.F.);
#3344=ORIENTED_EDGE('',*,*,#2519,.F.);
#3345=ORIENTED_EDGE('',*,*,#2520,.T.);
#3346=ORIENTED_EDGE('',*,*,#2521,.F.);
#3347=ORIENTED_EDGE('',*,*,#2522,.F.);
#3348=ORIENTED_EDGE('',*,*,#2523,.T.);
#3349=ORIENTED_EDGE('',*,*,#2524,.F.);
#3350=ORIENTED_EDGE('',*,*,#2525,.F.);
#3351=ORIENTED_EDGE('',*,*,#2526,.T.);
#3352=ORIENTED_EDGE('',*,*,#2527,.F.);
#3353=ORIENTED_EDGE('',*,*,#2528,.F.);
#3354=ORIENTED_EDGE('',*,*,#2529,.T.);
#3355=ORIENTED_EDGE('',*,*,#2530,.F.);
#3356=ORIENTED_EDGE('',*,*,#2531,.F.);
#3357=ORIENTED_EDGE('',*,*,#2532,.T.);
#3358=ORIENTED_EDGE('',*,*,#2533,.F.);
#3359=ORIENTED_EDGE('',*,*,#2534,.F.);
#3360=ORIENTED_EDGE('',*,*,#2535,.T.);
#3361=ORIENTED_EDGE('',*,*,#2536,.F.);
#3362=ORIENTED_EDGE('',*,*,#2537,.F.);
#3363=ORIENTED_EDGE('',*,*,#2538,.T.);
#3364=ORIENTED_EDGE('',*,*,#2539,.F.);
#3365=ORIENTED_EDGE('',*,*,#2540,.F.);
#3366=ORIENTED_EDGE('',*,*,#2541,.T.);
#3367=ORIENTED_EDGE('',*,*,#2542,.F.);
#3368=ORIENTED_EDGE('',*,*,#2543,.F.);
#3369=ORIENTED_EDGE('',*,*,#2544,.T.);
#3370=ORIENTED_EDGE('',*,*,#2545,.F.);
#3371=ORIENTED_EDGE('',*,*,#2546,.F.);
#3372=ORIENTED_EDGE('',*,*,#2547,.T.);
#3373=ORIENTED_EDGE('',*,*,#2548,.F.);
#3374=ORIENTED_EDGE('',*,*,#2549,.F.);
#3375=ORIENTED_EDGE('',*,*,#2550,.T.);
#3376=ORIENTED_EDGE('',*,*,#2551,.F.);
#3377=ORIENTED_EDGE('',*,*,#2552,.F.);
#3378=ORIENTED_EDGE('',*,*,#2553,.T.);
#3379=ORIENTED_EDGE('',*,*,#2554,.F.);
#3380=ORIENTED_EDGE('',*,*,#2555,.F.);
#3381=ORIENTED_EDGE('',*,*,#2556,.T.);
#3382=ORIENTED_EDGE('',*,*,#2557,.F.);
#3383=ORIENTED_EDGE('',*,*,#2558,.F.);
#3384=ORIENTED_EDGE('',*,*,#2559,.T.);
#3385=ORIENTED_EDGE('',*,*,#2560,.F.);
#3386=ORIENTED_EDGE('',*,*,#2561,.F.);
#3387=ORIENTED_EDGE('',*,*,#2562,.T.);
#3388=ORIENTED_EDGE('',*,*,#2563,.F.);
#3389=ORIENTED_EDGE('',*,*,#2564,.F.);
#3390=ORIENTED_EDGE('',*,*,#2565,.T.);
#3391=ORIENTED_EDGE('',*,*,#2566,.F.);
#3392=ORIENTED_EDGE('',*,*,#2567,.F.);
#3393=ORIENTED_EDGE('',*,*,#2568,.T.);
#3394=ORIENTED_EDGE('',*,*,#2569,.F.);
#3395=ORIENTED_EDGE('',*,*,#2570,.F.);
#3396=ORIENTED_EDGE('',*,*,#2571,.T.);
#3397=ORIENTED_EDGE('',*,*,#2572,.F.);
#3398=ORIENTED_EDGE('',*,*,#2573,.F.);
#3399=ORIENTED_EDGE('',*,*,#2574,.T.);
#3400=ORIENTED_EDGE('',*,*,#2575,.F.);
#3401=ORIENTED_EDGE('',*,*,#2576,.F.);
#3402=ORIENTED_EDGE('',*,*,#2577,.T.);
#3403=ORIENTED_EDGE('',*,*,#2578,.F.);
#3404=ORIENTED_EDGE('',*,*,#2579,.F.);
#3405=ORIENTED_EDGE('',*,*,#2580,.T.);
#3406=ORIENTED_EDGE('',*,*,#2581,.F.);
#3407=ORIENTED_EDGE('',*,*,#2582,.F.);
#3408=ORIENTED_EDGE('',*,*,#2583,.T.);
#3409=ORIENTED_EDGE('',*,*,#2584,.F.);
#3410=ORIENTED_EDGE('',*,*,#2585,.F.);
#3411=ORIENTED_EDGE('',*,*,#2586,.T.);
#3412=ORIENTED_EDGE('',*,*,#2587,.F.);
#3413=ORIENTED_EDGE('',*,*,#2588,.F.);
#3414=ORIENTED_EDGE('',*,*,#2589,.T.);
#3415=ORIENTED_EDGE('',*,*,#2590,.F.);
#3416=ORIENTED_EDGE('',*,*,#2591,.F.);
#3417=ORIENTED_EDGE('',*,*,#2592,.T.);
#3418=ORIENTED_EDGE('',*,*,#2593,.F.);
#3419=ORIENTED_EDGE('',*,*,#2594,.F.);
#3420=ORIENTED_EDGE('',*,*,#2595,.T.);
#3421=ORIENTED_EDGE('',*,*,#2596,.F.);
#3422=ORIENTED_EDGE('',*,*,#2597,.F.);
#3423=ORIENTED_EDGE('',*,*,#2598,.T.);
#3424=ORIENTED_EDGE('',*,*,#2599,.F.);
#3425=ORIENTED_EDGE('',*,*,#2600,.F.);
#3426=ORIENTED_EDGE('',*,*,#2601,.T.);
#3427=ORIENTED_EDGE('',*,*,#2602,.F.);
#3428=ORIENTED_EDGE('',*,*,#2603,.F.);
#3429=ORIENTED_EDGE('',*,*,#2604,.T.);
#3430=ORIENTED_EDGE('',*,*,#2605,.F.);
#3431=ORIENTED_EDGE('',*,*,#2606,.F.);
#3432=ORIENTED_EDGE('',*,*,#2607,.T.);
#3433=ORIENTED_EDGE('',*,*,#2608,.F.);
#3434=ORIENTED_EDGE('',*,*,#2609,.F.);
#3435=ORIENTED_EDGE('',*,*,#2421,.T.);
#3436=ORIENTED_EDGE('',*,*,#2415,.F.);
#3437=ORIENTED_EDGE('',*,*,#2411,.F.);
#3438=ORIENTED_EDGE('',*,*,#2420,.T.);
#3439=ORIENTED_EDGE('',*,*,#2610,.T.);
#3440=ORIENTED_EDGE('',*,*,#2611,.T.);
#3441=ORIENTED_EDGE('',*,*,#2612,.T.);
#3442=ORIENTED_EDGE('',*,*,#2613,.F.);
#3443=ORIENTED_EDGE('',*,*,#2614,.F.);
#3444=ORIENTED_EDGE('',*,*,#2615,.T.);
#3445=ORIENTED_EDGE('',*,*,#2616,.F.);
#3446=ORIENTED_EDGE('',*,*,#2617,.F.);
#3447=ORIENTED_EDGE('',*,*,#2618,.T.);
#3448=ORIENTED_EDGE('',*,*,#2619,.F.);
#3449=ORIENTED_EDGE('',*,*,#2620,.F.);
#3450=ORIENTED_EDGE('',*,*,#2621,.T.);
#3451=ORIENTED_EDGE('',*,*,#2622,.F.);
#3452=ORIENTED_EDGE('',*,*,#2623,.F.);
#3453=ORIENTED_EDGE('',*,*,#2624,.T.);
#3454=ORIENTED_EDGE('',*,*,#2625,.F.);
#3455=ORIENTED_EDGE('',*,*,#2626,.F.);
#3456=ORIENTED_EDGE('',*,*,#2627,.T.);
#3457=ORIENTED_EDGE('',*,*,#2628,.F.);
#3458=ORIENTED_EDGE('',*,*,#2629,.F.);
#3459=ORIENTED_EDGE('',*,*,#2630,.T.);
#3460=ORIENTED_EDGE('',*,*,#2631,.F.);
#3461=ORIENTED_EDGE('',*,*,#2632,.F.);
#3462=ORIENTED_EDGE('',*,*,#2633,.T.);
#3463=ORIENTED_EDGE('',*,*,#2634,.F.);
#3464=ORIENTED_EDGE('',*,*,#2635,.F.);
#3465=ORIENTED_EDGE('',*,*,#2636,.T.);
#3466=ORIENTED_EDGE('',*,*,#2637,.F.);
#3467=ORIENTED_EDGE('',*,*,#2638,.F.);
#3468=ORIENTED_EDGE('',*,*,#2639,.T.);
#3469=ORIENTED_EDGE('',*,*,#2640,.F.);
#3470=ORIENTED_EDGE('',*,*,#2641,.F.);
#3471=ORIENTED_EDGE('',*,*,#2642,.T.);
#3472=ORIENTED_EDGE('',*,*,#2643,.F.);
#3473=ORIENTED_EDGE('',*,*,#2644,.F.);
#3474=ORIENTED_EDGE('',*,*,#2645,.T.);
#3475=ORIENTED_EDGE('',*,*,#2646,.F.);
#3476=ORIENTED_EDGE('',*,*,#2647,.F.);
#3477=ORIENTED_EDGE('',*,*,#2648,.T.);
#3478=ORIENTED_EDGE('',*,*,#2649,.F.);
#3479=ORIENTED_EDGE('',*,*,#2650,.F.);
#3480=ORIENTED_EDGE('',*,*,#2651,.T.);
#3481=ORIENTED_EDGE('',*,*,#2652,.F.);
#3482=ORIENTED_EDGE('',*,*,#2653,.F.);
#3483=ORIENTED_EDGE('',*,*,#2654,.T.);
#3484=ORIENTED_EDGE('',*,*,#2655,.F.);
#3485=ORIENTED_EDGE('',*,*,#2656,.F.);
#3486=ORIENTED_EDGE('',*,*,#2657,.T.);
#3487=ORIENTED_EDGE('',*,*,#2658,.F.);
#3488=ORIENTED_EDGE('',*,*,#2659,.F.);
#3489=ORIENTED_EDGE('',*,*,#2660,.T.);
#3490=ORIENTED_EDGE('',*,*,#2661,.F.);
#3491=ORIENTED_EDGE('',*,*,#2662,.F.);
#3492=ORIENTED_EDGE('',*,*,#2663,.T.);
#3493=ORIENTED_EDGE('',*,*,#2664,.F.);
#3494=ORIENTED_EDGE('',*,*,#2665,.F.);
#3495=ORIENTED_EDGE('',*,*,#2666,.T.);
#3496=ORIENTED_EDGE('',*,*,#2667,.F.);
#3497=ORIENTED_EDGE('',*,*,#2668,.F.);
#3498=ORIENTED_EDGE('',*,*,#2669,.T.);
#3499=ORIENTED_EDGE('',*,*,#2670,.F.);
#3500=ORIENTED_EDGE('',*,*,#2671,.F.);
#3501=ORIENTED_EDGE('',*,*,#2672,.T.);
#3502=ORIENTED_EDGE('',*,*,#2673,.F.);
#3503=ORIENTED_EDGE('',*,*,#2425,.F.);
#3504=ORIENTED_EDGE('',*,*,#2609,.T.);
#3505=ORIENTED_EDGE('',*,*,#2674,.T.);
#3506=ORIENTED_EDGE('',*,*,#2675,.T.);
#3507=ORIENTED_EDGE('',*,*,#2422,.T.);
#3508=ORIENTED_EDGE('',*,*,#2608,.T.);
#3509=ORIENTED_EDGE('',*,*,#2676,.T.);
#3510=ORIENTED_EDGE('',*,*,#2677,.T.);
#3511=ORIENTED_EDGE('',*,*,#2674,.F.);
#3512=ORIENTED_EDGE('',*,*,#2676,.F.);
#3513=ORIENTED_EDGE('',*,*,#2607,.F.);
#3514=ORIENTED_EDGE('',*,*,#2678,.F.);
#3515=ORIENTED_EDGE('',*,*,#2679,.F.);
#3516=ORIENTED_EDGE('',*,*,#2606,.T.);
#3517=ORIENTED_EDGE('',*,*,#2680,.T.);
#3518=ORIENTED_EDGE('',*,*,#2681,.T.);
#3519=ORIENTED_EDGE('',*,*,#2678,.T.);
#3520=ORIENTED_EDGE('',*,*,#2605,.T.);
#3521=ORIENTED_EDGE('',*,*,#2682,.T.);
#3522=ORIENTED_EDGE('',*,*,#2683,.T.);
#3523=ORIENTED_EDGE('',*,*,#2680,.F.);
#3524=ORIENTED_EDGE('',*,*,#2682,.F.);
#3525=ORIENTED_EDGE('',*,*,#2604,.F.);
#3526=ORIENTED_EDGE('',*,*,#2684,.F.);
#3527=ORIENTED_EDGE('',*,*,#2685,.F.);
#3528=ORIENTED_EDGE('',*,*,#2603,.T.);
#3529=ORIENTED_EDGE('',*,*,#2686,.T.);
#3530=ORIENTED_EDGE('',*,*,#2687,.T.);
#3531=ORIENTED_EDGE('',*,*,#2684,.T.);
#3532=ORIENTED_EDGE('',*,*,#2602,.T.);
#3533=ORIENTED_EDGE('',*,*,#2688,.T.);
#3534=ORIENTED_EDGE('',*,*,#2689,.T.);
#3535=ORIENTED_EDGE('',*,*,#2686,.F.);
#3536=ORIENTED_EDGE('',*,*,#2688,.F.);
#3537=ORIENTED_EDGE('',*,*,#2601,.F.);
#3538=ORIENTED_EDGE('',*,*,#2690,.F.);
#3539=ORIENTED_EDGE('',*,*,#2691,.F.);
#3540=ORIENTED_EDGE('',*,*,#2600,.T.);
#3541=ORIENTED_EDGE('',*,*,#2692,.T.);
#3542=ORIENTED_EDGE('',*,*,#2693,.T.);
#3543=ORIENTED_EDGE('',*,*,#2690,.T.);
#3544=ORIENTED_EDGE('',*,*,#2599,.T.);
#3545=ORIENTED_EDGE('',*,*,#2694,.T.);
#3546=ORIENTED_EDGE('',*,*,#2695,.T.);
#3547=ORIENTED_EDGE('',*,*,#2692,.F.);
#3548=ORIENTED_EDGE('',*,*,#2694,.F.);
#3549=ORIENTED_EDGE('',*,*,#2598,.F.);
#3550=ORIENTED_EDGE('',*,*,#2696,.F.);
#3551=ORIENTED_EDGE('',*,*,#2697,.F.);
#3552=ORIENTED_EDGE('',*,*,#2597,.T.);
#3553=ORIENTED_EDGE('',*,*,#2698,.T.);
#3554=ORIENTED_EDGE('',*,*,#2699,.T.);
#3555=ORIENTED_EDGE('',*,*,#2696,.T.);
#3556=ORIENTED_EDGE('',*,*,#2596,.T.);
#3557=ORIENTED_EDGE('',*,*,#2700,.T.);
#3558=ORIENTED_EDGE('',*,*,#2701,.T.);
#3559=ORIENTED_EDGE('',*,*,#2698,.F.);
#3560=ORIENTED_EDGE('',*,*,#2700,.F.);
#3561=ORIENTED_EDGE('',*,*,#2595,.F.);
#3562=ORIENTED_EDGE('',*,*,#2702,.F.);
#3563=ORIENTED_EDGE('',*,*,#2703,.F.);
#3564=ORIENTED_EDGE('',*,*,#2594,.T.);
#3565=ORIENTED_EDGE('',*,*,#2704,.T.);
#3566=ORIENTED_EDGE('',*,*,#2705,.T.);
#3567=ORIENTED_EDGE('',*,*,#2702,.T.);
#3568=ORIENTED_EDGE('',*,*,#2593,.T.);
#3569=ORIENTED_EDGE('',*,*,#2706,.T.);
#3570=ORIENTED_EDGE('',*,*,#2707,.T.);
#3571=ORIENTED_EDGE('',*,*,#2704,.F.);
#3572=ORIENTED_EDGE('',*,*,#2706,.F.);
#3573=ORIENTED_EDGE('',*,*,#2592,.F.);
#3574=ORIENTED_EDGE('',*,*,#2708,.F.);
#3575=ORIENTED_EDGE('',*,*,#2709,.F.);
#3576=ORIENTED_EDGE('',*,*,#2591,.T.);
#3577=ORIENTED_EDGE('',*,*,#2710,.T.);
#3578=ORIENTED_EDGE('',*,*,#2711,.T.);
#3579=ORIENTED_EDGE('',*,*,#2708,.T.);
#3580=ORIENTED_EDGE('',*,*,#2590,.T.);
#3581=ORIENTED_EDGE('',*,*,#2712,.T.);
#3582=ORIENTED_EDGE('',*,*,#2713,.T.);
#3583=ORIENTED_EDGE('',*,*,#2710,.F.);
#3584=ORIENTED_EDGE('',*,*,#2712,.F.);
#3585=ORIENTED_EDGE('',*,*,#2589,.F.);
#3586=ORIENTED_EDGE('',*,*,#2714,.F.);
#3587=ORIENTED_EDGE('',*,*,#2715,.F.);
#3588=ORIENTED_EDGE('',*,*,#2588,.T.);
#3589=ORIENTED_EDGE('',*,*,#2716,.T.);
#3590=ORIENTED_EDGE('',*,*,#2717,.T.);
#3591=ORIENTED_EDGE('',*,*,#2714,.T.);
#3592=ORIENTED_EDGE('',*,*,#2587,.T.);
#3593=ORIENTED_EDGE('',*,*,#2718,.T.);
#3594=ORIENTED_EDGE('',*,*,#2719,.T.);
#3595=ORIENTED_EDGE('',*,*,#2716,.F.);
#3596=ORIENTED_EDGE('',*,*,#2718,.F.);
#3597=ORIENTED_EDGE('',*,*,#2586,.F.);
#3598=ORIENTED_EDGE('',*,*,#2720,.F.);
#3599=ORIENTED_EDGE('',*,*,#2721,.F.);
#3600=ORIENTED_EDGE('',*,*,#2585,.T.);
#3601=ORIENTED_EDGE('',*,*,#2722,.T.);
#3602=ORIENTED_EDGE('',*,*,#2723,.T.);
#3603=ORIENTED_EDGE('',*,*,#2720,.T.);
#3604=ORIENTED_EDGE('',*,*,#2584,.T.);
#3605=ORIENTED_EDGE('',*,*,#2724,.T.);
#3606=ORIENTED_EDGE('',*,*,#2725,.T.);
#3607=ORIENTED_EDGE('',*,*,#2722,.F.);
#3608=ORIENTED_EDGE('',*,*,#2724,.F.);
#3609=ORIENTED_EDGE('',*,*,#2583,.F.);
#3610=ORIENTED_EDGE('',*,*,#2726,.F.);
#3611=ORIENTED_EDGE('',*,*,#2727,.F.);
#3612=ORIENTED_EDGE('',*,*,#2582,.T.);
#3613=ORIENTED_EDGE('',*,*,#2728,.T.);
#3614=ORIENTED_EDGE('',*,*,#2729,.T.);
#3615=ORIENTED_EDGE('',*,*,#2726,.T.);
#3616=ORIENTED_EDGE('',*,*,#2581,.T.);
#3617=ORIENTED_EDGE('',*,*,#2730,.T.);
#3618=ORIENTED_EDGE('',*,*,#2731,.T.);
#3619=ORIENTED_EDGE('',*,*,#2728,.F.);
#3620=ORIENTED_EDGE('',*,*,#2730,.F.);
#3621=ORIENTED_EDGE('',*,*,#2580,.F.);
#3622=ORIENTED_EDGE('',*,*,#2732,.F.);
#3623=ORIENTED_EDGE('',*,*,#2733,.F.);
#3624=ORIENTED_EDGE('',*,*,#2579,.T.);
#3625=ORIENTED_EDGE('',*,*,#2734,.T.);
#3626=ORIENTED_EDGE('',*,*,#2735,.T.);
#3627=ORIENTED_EDGE('',*,*,#2732,.T.);
#3628=ORIENTED_EDGE('',*,*,#2578,.T.);
#3629=ORIENTED_EDGE('',*,*,#2736,.T.);
#3630=ORIENTED_EDGE('',*,*,#2737,.T.);
#3631=ORIENTED_EDGE('',*,*,#2734,.F.);
#3632=ORIENTED_EDGE('',*,*,#2736,.F.);
#3633=ORIENTED_EDGE('',*,*,#2577,.F.);
#3634=ORIENTED_EDGE('',*,*,#2738,.F.);
#3635=ORIENTED_EDGE('',*,*,#2739,.F.);
#3636=ORIENTED_EDGE('',*,*,#2576,.T.);
#3637=ORIENTED_EDGE('',*,*,#2740,.T.);
#3638=ORIENTED_EDGE('',*,*,#2741,.T.);
#3639=ORIENTED_EDGE('',*,*,#2738,.T.);
#3640=ORIENTED_EDGE('',*,*,#2575,.T.);
#3641=ORIENTED_EDGE('',*,*,#2742,.T.);
#3642=ORIENTED_EDGE('',*,*,#2743,.T.);
#3643=ORIENTED_EDGE('',*,*,#2740,.F.);
#3644=ORIENTED_EDGE('',*,*,#2742,.F.);
#3645=ORIENTED_EDGE('',*,*,#2574,.F.);
#3646=ORIENTED_EDGE('',*,*,#2744,.F.);
#3647=ORIENTED_EDGE('',*,*,#2745,.F.);
#3648=ORIENTED_EDGE('',*,*,#2573,.T.);
#3649=ORIENTED_EDGE('',*,*,#2746,.T.);
#3650=ORIENTED_EDGE('',*,*,#2747,.T.);
#3651=ORIENTED_EDGE('',*,*,#2744,.T.);
#3652=ORIENTED_EDGE('',*,*,#2572,.T.);
#3653=ORIENTED_EDGE('',*,*,#2748,.T.);
#3654=ORIENTED_EDGE('',*,*,#2749,.T.);
#3655=ORIENTED_EDGE('',*,*,#2746,.F.);
#3656=ORIENTED_EDGE('',*,*,#2748,.F.);
#3657=ORIENTED_EDGE('',*,*,#2571,.F.);
#3658=ORIENTED_EDGE('',*,*,#2750,.F.);
#3659=ORIENTED_EDGE('',*,*,#2751,.F.);
#3660=ORIENTED_EDGE('',*,*,#2570,.T.);
#3661=ORIENTED_EDGE('',*,*,#2752,.T.);
#3662=ORIENTED_EDGE('',*,*,#2753,.T.);
#3663=ORIENTED_EDGE('',*,*,#2750,.T.);
#3664=ORIENTED_EDGE('',*,*,#2569,.T.);
#3665=ORIENTED_EDGE('',*,*,#2754,.T.);
#3666=ORIENTED_EDGE('',*,*,#2755,.T.);
#3667=ORIENTED_EDGE('',*,*,#2752,.F.);
#3668=ORIENTED_EDGE('',*,*,#2754,.F.);
#3669=ORIENTED_EDGE('',*,*,#2568,.F.);
#3670=ORIENTED_EDGE('',*,*,#2756,.F.);
#3671=ORIENTED_EDGE('',*,*,#2757,.F.);
#3672=ORIENTED_EDGE('',*,*,#2567,.T.);
#3673=ORIENTED_EDGE('',*,*,#2758,.T.);
#3674=ORIENTED_EDGE('',*,*,#2759,.T.);
#3675=ORIENTED_EDGE('',*,*,#2756,.T.);
#3676=ORIENTED_EDGE('',*,*,#2566,.T.);
#3677=ORIENTED_EDGE('',*,*,#2760,.T.);
#3678=ORIENTED_EDGE('',*,*,#2761,.T.);
#3679=ORIENTED_EDGE('',*,*,#2758,.F.);
#3680=ORIENTED_EDGE('',*,*,#2760,.F.);
#3681=ORIENTED_EDGE('',*,*,#2565,.F.);
#3682=ORIENTED_EDGE('',*,*,#2762,.F.);
#3683=ORIENTED_EDGE('',*,*,#2763,.F.);
#3684=ORIENTED_EDGE('',*,*,#2564,.T.);
#3685=ORIENTED_EDGE('',*,*,#2764,.T.);
#3686=ORIENTED_EDGE('',*,*,#2765,.T.);
#3687=ORIENTED_EDGE('',*,*,#2762,.T.);
#3688=ORIENTED_EDGE('',*,*,#2563,.T.);
#3689=ORIENTED_EDGE('',*,*,#2766,.T.);
#3690=ORIENTED_EDGE('',*,*,#2767,.T.);
#3691=ORIENTED_EDGE('',*,*,#2764,.F.);
#3692=ORIENTED_EDGE('',*,*,#2766,.F.);
#3693=ORIENTED_EDGE('',*,*,#2562,.F.);
#3694=ORIENTED_EDGE('',*,*,#2768,.F.);
#3695=ORIENTED_EDGE('',*,*,#2769,.F.);
#3696=ORIENTED_EDGE('',*,*,#2561,.T.);
#3697=ORIENTED_EDGE('',*,*,#2770,.T.);
#3698=ORIENTED_EDGE('',*,*,#2771,.T.);
#3699=ORIENTED_EDGE('',*,*,#2768,.T.);
#3700=ORIENTED_EDGE('',*,*,#2560,.T.);
#3701=ORIENTED_EDGE('',*,*,#2772,.T.);
#3702=ORIENTED_EDGE('',*,*,#2773,.T.);
#3703=ORIENTED_EDGE('',*,*,#2770,.F.);
#3704=ORIENTED_EDGE('',*,*,#2772,.F.);
#3705=ORIENTED_EDGE('',*,*,#2559,.F.);
#3706=ORIENTED_EDGE('',*,*,#2774,.F.);
#3707=ORIENTED_EDGE('',*,*,#2775,.F.);
#3708=ORIENTED_EDGE('',*,*,#2558,.T.);
#3709=ORIENTED_EDGE('',*,*,#2776,.T.);
#3710=ORIENTED_EDGE('',*,*,#2777,.T.);
#3711=ORIENTED_EDGE('',*,*,#2774,.T.);
#3712=ORIENTED_EDGE('',*,*,#2557,.T.);
#3713=ORIENTED_EDGE('',*,*,#2778,.T.);
#3714=ORIENTED_EDGE('',*,*,#2779,.T.);
#3715=ORIENTED_EDGE('',*,*,#2776,.F.);
#3716=ORIENTED_EDGE('',*,*,#2778,.F.);
#3717=ORIENTED_EDGE('',*,*,#2556,.F.);
#3718=ORIENTED_EDGE('',*,*,#2780,.F.);
#3719=ORIENTED_EDGE('',*,*,#2781,.F.);
#3720=ORIENTED_EDGE('',*,*,#2555,.T.);
#3721=ORIENTED_EDGE('',*,*,#2782,.T.);
#3722=ORIENTED_EDGE('',*,*,#2783,.T.);
#3723=ORIENTED_EDGE('',*,*,#2780,.T.);
#3724=ORIENTED_EDGE('',*,*,#2554,.T.);
#3725=ORIENTED_EDGE('',*,*,#2784,.T.);
#3726=ORIENTED_EDGE('',*,*,#2785,.T.);
#3727=ORIENTED_EDGE('',*,*,#2782,.F.);
#3728=ORIENTED_EDGE('',*,*,#2784,.F.);
#3729=ORIENTED_EDGE('',*,*,#2553,.F.);
#3730=ORIENTED_EDGE('',*,*,#2786,.F.);
#3731=ORIENTED_EDGE('',*,*,#2787,.F.);
#3732=ORIENTED_EDGE('',*,*,#2552,.T.);
#3733=ORIENTED_EDGE('',*,*,#2788,.T.);
#3734=ORIENTED_EDGE('',*,*,#2789,.T.);
#3735=ORIENTED_EDGE('',*,*,#2786,.T.);
#3736=ORIENTED_EDGE('',*,*,#2551,.T.);
#3737=ORIENTED_EDGE('',*,*,#2790,.T.);
#3738=ORIENTED_EDGE('',*,*,#2791,.T.);
#3739=ORIENTED_EDGE('',*,*,#2788,.F.);
#3740=ORIENTED_EDGE('',*,*,#2790,.F.);
#3741=ORIENTED_EDGE('',*,*,#2550,.F.);
#3742=ORIENTED_EDGE('',*,*,#2792,.F.);
#3743=ORIENTED_EDGE('',*,*,#2793,.F.);
#3744=ORIENTED_EDGE('',*,*,#2549,.T.);
#3745=ORIENTED_EDGE('',*,*,#2794,.T.);
#3746=ORIENTED_EDGE('',*,*,#2795,.T.);
#3747=ORIENTED_EDGE('',*,*,#2792,.T.);
#3748=ORIENTED_EDGE('',*,*,#2548,.T.);
#3749=ORIENTED_EDGE('',*,*,#2796,.T.);
#3750=ORIENTED_EDGE('',*,*,#2797,.T.);
#3751=ORIENTED_EDGE('',*,*,#2794,.F.);
#3752=ORIENTED_EDGE('',*,*,#2796,.F.);
#3753=ORIENTED_EDGE('',*,*,#2547,.F.);
#3754=ORIENTED_EDGE('',*,*,#2798,.F.);
#3755=ORIENTED_EDGE('',*,*,#2799,.F.);
#3756=ORIENTED_EDGE('',*,*,#2546,.T.);
#3757=ORIENTED_EDGE('',*,*,#2800,.T.);
#3758=ORIENTED_EDGE('',*,*,#2801,.T.);
#3759=ORIENTED_EDGE('',*,*,#2798,.T.);
#3760=ORIENTED_EDGE('',*,*,#2545,.T.);
#3761=ORIENTED_EDGE('',*,*,#2802,.T.);
#3762=ORIENTED_EDGE('',*,*,#2803,.T.);
#3763=ORIENTED_EDGE('',*,*,#2800,.F.);
#3764=ORIENTED_EDGE('',*,*,#2802,.F.);
#3765=ORIENTED_EDGE('',*,*,#2544,.F.);
#3766=ORIENTED_EDGE('',*,*,#2804,.F.);
#3767=ORIENTED_EDGE('',*,*,#2805,.F.);
#3768=ORIENTED_EDGE('',*,*,#2543,.T.);
#3769=ORIENTED_EDGE('',*,*,#2806,.T.);
#3770=ORIENTED_EDGE('',*,*,#2807,.T.);
#3771=ORIENTED_EDGE('',*,*,#2804,.T.);
#3772=ORIENTED_EDGE('',*,*,#2542,.T.);
#3773=ORIENTED_EDGE('',*,*,#2808,.T.);
#3774=ORIENTED_EDGE('',*,*,#2809,.T.);
#3775=ORIENTED_EDGE('',*,*,#2806,.F.);
#3776=ORIENTED_EDGE('',*,*,#2808,.F.);
#3777=ORIENTED_EDGE('',*,*,#2541,.F.);
#3778=ORIENTED_EDGE('',*,*,#2810,.F.);
#3779=ORIENTED_EDGE('',*,*,#2811,.F.);
#3780=ORIENTED_EDGE('',*,*,#2540,.T.);
#3781=ORIENTED_EDGE('',*,*,#2812,.T.);
#3782=ORIENTED_EDGE('',*,*,#2813,.T.);
#3783=ORIENTED_EDGE('',*,*,#2810,.T.);
#3784=ORIENTED_EDGE('',*,*,#2539,.T.);
#3785=ORIENTED_EDGE('',*,*,#2814,.T.);
#3786=ORIENTED_EDGE('',*,*,#2815,.T.);
#3787=ORIENTED_EDGE('',*,*,#2812,.F.);
#3788=ORIENTED_EDGE('',*,*,#2814,.F.);
#3789=ORIENTED_EDGE('',*,*,#2538,.F.);
#3790=ORIENTED_EDGE('',*,*,#2816,.F.);
#3791=ORIENTED_EDGE('',*,*,#2817,.F.);
#3792=ORIENTED_EDGE('',*,*,#2537,.T.);
#3793=ORIENTED_EDGE('',*,*,#2818,.T.);
#3794=ORIENTED_EDGE('',*,*,#2819,.T.);
#3795=ORIENTED_EDGE('',*,*,#2816,.T.);
#3796=ORIENTED_EDGE('',*,*,#2536,.T.);
#3797=ORIENTED_EDGE('',*,*,#2820,.T.);
#3798=ORIENTED_EDGE('',*,*,#2821,.T.);
#3799=ORIENTED_EDGE('',*,*,#2818,.F.);
#3800=ORIENTED_EDGE('',*,*,#2820,.F.);
#3801=ORIENTED_EDGE('',*,*,#2535,.F.);
#3802=ORIENTED_EDGE('',*,*,#2822,.F.);
#3803=ORIENTED_EDGE('',*,*,#2823,.F.);
#3804=ORIENTED_EDGE('',*,*,#2534,.T.);
#3805=ORIENTED_EDGE('',*,*,#2824,.T.);
#3806=ORIENTED_EDGE('',*,*,#2825,.T.);
#3807=ORIENTED_EDGE('',*,*,#2822,.T.);
#3808=ORIENTED_EDGE('',*,*,#2533,.T.);
#3809=ORIENTED_EDGE('',*,*,#2826,.T.);
#3810=ORIENTED_EDGE('',*,*,#2827,.T.);
#3811=ORIENTED_EDGE('',*,*,#2824,.F.);
#3812=ORIENTED_EDGE('',*,*,#2826,.F.);
#3813=ORIENTED_EDGE('',*,*,#2532,.F.);
#3814=ORIENTED_EDGE('',*,*,#2828,.F.);
#3815=ORIENTED_EDGE('',*,*,#2829,.F.);
#3816=ORIENTED_EDGE('',*,*,#2531,.T.);
#3817=ORIENTED_EDGE('',*,*,#2830,.T.);
#3818=ORIENTED_EDGE('',*,*,#2831,.T.);
#3819=ORIENTED_EDGE('',*,*,#2828,.T.);
#3820=ORIENTED_EDGE('',*,*,#2530,.T.);
#3821=ORIENTED_EDGE('',*,*,#2832,.T.);
#3822=ORIENTED_EDGE('',*,*,#2833,.T.);
#3823=ORIENTED_EDGE('',*,*,#2830,.F.);
#3824=ORIENTED_EDGE('',*,*,#2832,.F.);
#3825=ORIENTED_EDGE('',*,*,#2529,.F.);
#3826=ORIENTED_EDGE('',*,*,#2834,.F.);
#3827=ORIENTED_EDGE('',*,*,#2835,.F.);
#3828=ORIENTED_EDGE('',*,*,#2528,.T.);
#3829=ORIENTED_EDGE('',*,*,#2836,.T.);
#3830=ORIENTED_EDGE('',*,*,#2837,.T.);
#3831=ORIENTED_EDGE('',*,*,#2834,.T.);
#3832=ORIENTED_EDGE('',*,*,#2527,.T.);
#3833=ORIENTED_EDGE('',*,*,#2838,.T.);
#3834=ORIENTED_EDGE('',*,*,#2839,.T.);
#3835=ORIENTED_EDGE('',*,*,#2836,.F.);
#3836=ORIENTED_EDGE('',*,*,#2838,.F.);
#3837=ORIENTED_EDGE('',*,*,#2526,.F.);
#3838=ORIENTED_EDGE('',*,*,#2840,.F.);
#3839=ORIENTED_EDGE('',*,*,#2841,.F.);
#3840=ORIENTED_EDGE('',*,*,#2525,.T.);
#3841=ORIENTED_EDGE('',*,*,#2842,.T.);
#3842=ORIENTED_EDGE('',*,*,#2843,.T.);
#3843=ORIENTED_EDGE('',*,*,#2840,.T.);
#3844=ORIENTED_EDGE('',*,*,#2524,.T.);
#3845=ORIENTED_EDGE('',*,*,#2844,.T.);
#3846=ORIENTED_EDGE('',*,*,#2845,.T.);
#3847=ORIENTED_EDGE('',*,*,#2842,.F.);
#3848=ORIENTED_EDGE('',*,*,#2844,.F.);
#3849=ORIENTED_EDGE('',*,*,#2523,.F.);
#3850=ORIENTED_EDGE('',*,*,#2846,.F.);
#3851=ORIENTED_EDGE('',*,*,#2847,.F.);
#3852=ORIENTED_EDGE('',*,*,#2522,.T.);
#3853=ORIENTED_EDGE('',*,*,#2848,.T.);
#3854=ORIENTED_EDGE('',*,*,#2849,.T.);
#3855=ORIENTED_EDGE('',*,*,#2846,.T.);
#3856=ORIENTED_EDGE('',*,*,#2521,.T.);
#3857=ORIENTED_EDGE('',*,*,#2850,.T.);
#3858=ORIENTED_EDGE('',*,*,#2851,.T.);
#3859=ORIENTED_EDGE('',*,*,#2848,.F.);
#3860=ORIENTED_EDGE('',*,*,#2850,.F.);
#3861=ORIENTED_EDGE('',*,*,#2520,.F.);
#3862=ORIENTED_EDGE('',*,*,#2852,.F.);
#3863=ORIENTED_EDGE('',*,*,#2853,.F.);
#3864=ORIENTED_EDGE('',*,*,#2519,.T.);
#3865=ORIENTED_EDGE('',*,*,#2854,.T.);
#3866=ORIENTED_EDGE('',*,*,#2855,.T.);
#3867=ORIENTED_EDGE('',*,*,#2852,.T.);
#3868=ORIENTED_EDGE('',*,*,#2518,.T.);
#3869=ORIENTED_EDGE('',*,*,#2856,.T.);
#3870=ORIENTED_EDGE('',*,*,#2857,.T.);
#3871=ORIENTED_EDGE('',*,*,#2854,.F.);
#3872=ORIENTED_EDGE('',*,*,#2856,.F.);
#3873=ORIENTED_EDGE('',*,*,#2517,.F.);
#3874=ORIENTED_EDGE('',*,*,#2858,.F.);
#3875=ORIENTED_EDGE('',*,*,#2859,.F.);
#3876=ORIENTED_EDGE('',*,*,#2516,.T.);
#3877=ORIENTED_EDGE('',*,*,#2860,.T.);
#3878=ORIENTED_EDGE('',*,*,#2861,.T.);
#3879=ORIENTED_EDGE('',*,*,#2858,.T.);
#3880=ORIENTED_EDGE('',*,*,#2515,.T.);
#3881=ORIENTED_EDGE('',*,*,#2862,.T.);
#3882=ORIENTED_EDGE('',*,*,#2863,.T.);
#3883=ORIENTED_EDGE('',*,*,#2860,.F.);
#3884=ORIENTED_EDGE('',*,*,#2862,.F.);
#3885=ORIENTED_EDGE('',*,*,#2514,.F.);
#3886=ORIENTED_EDGE('',*,*,#2864,.F.);
#3887=ORIENTED_EDGE('',*,*,#2865,.F.);
#3888=ORIENTED_EDGE('',*,*,#2513,.T.);
#3889=ORIENTED_EDGE('',*,*,#2866,.T.);
#3890=ORIENTED_EDGE('',*,*,#2867,.T.);
#3891=ORIENTED_EDGE('',*,*,#2864,.T.);
#3892=ORIENTED_EDGE('',*,*,#2512,.T.);
#3893=ORIENTED_EDGE('',*,*,#2868,.T.);
#3894=ORIENTED_EDGE('',*,*,#2869,.T.);
#3895=ORIENTED_EDGE('',*,*,#2866,.F.);
#3896=ORIENTED_EDGE('',*,*,#2868,.F.);
#3897=ORIENTED_EDGE('',*,*,#2511,.F.);
#3898=ORIENTED_EDGE('',*,*,#2870,.F.);
#3899=ORIENTED_EDGE('',*,*,#2871,.F.);
#3900=ORIENTED_EDGE('',*,*,#2510,.T.);
#3901=ORIENTED_EDGE('',*,*,#2872,.T.);
#3902=ORIENTED_EDGE('',*,*,#2873,.T.);
#3903=ORIENTED_EDGE('',*,*,#2870,.T.);
#3904=ORIENTED_EDGE('',*,*,#2509,.T.);
#3905=ORIENTED_EDGE('',*,*,#2874,.T.);
#3906=ORIENTED_EDGE('',*,*,#2875,.T.);
#3907=ORIENTED_EDGE('',*,*,#2872,.F.);
#3908=ORIENTED_EDGE('',*,*,#2874,.F.);
#3909=ORIENTED_EDGE('',*,*,#2508,.F.);
#3910=ORIENTED_EDGE('',*,*,#2876,.F.);
#3911=ORIENTED_EDGE('',*,*,#2877,.F.);
#3912=ORIENTED_EDGE('',*,*,#2507,.T.);
#3913=ORIENTED_EDGE('',*,*,#2878,.T.);
#3914=ORIENTED_EDGE('',*,*,#2879,.T.);
#3915=ORIENTED_EDGE('',*,*,#2876,.T.);
#3916=ORIENTED_EDGE('',*,*,#2506,.T.);
#3917=ORIENTED_EDGE('',*,*,#2880,.T.);
#3918=ORIENTED_EDGE('',*,*,#2881,.T.);
#3919=ORIENTED_EDGE('',*,*,#2878,.F.);
#3920=ORIENTED_EDGE('',*,*,#2880,.F.);
#3921=ORIENTED_EDGE('',*,*,#2505,.F.);
#3922=ORIENTED_EDGE('',*,*,#2882,.F.);
#3923=ORIENTED_EDGE('',*,*,#2883,.F.);
#3924=ORIENTED_EDGE('',*,*,#2504,.T.);
#3925=ORIENTED_EDGE('',*,*,#2884,.T.);
#3926=ORIENTED_EDGE('',*,*,#2885,.T.);
#3927=ORIENTED_EDGE('',*,*,#2882,.T.);
#3928=ORIENTED_EDGE('',*,*,#2503,.T.);
#3929=ORIENTED_EDGE('',*,*,#2886,.T.);
#3930=ORIENTED_EDGE('',*,*,#2887,.T.);
#3931=ORIENTED_EDGE('',*,*,#2884,.F.);
#3932=ORIENTED_EDGE('',*,*,#2886,.F.);
#3933=ORIENTED_EDGE('',*,*,#2502,.F.);
#3934=ORIENTED_EDGE('',*,*,#2888,.F.);
#3935=ORIENTED_EDGE('',*,*,#2889,.F.);
#3936=ORIENTED_EDGE('',*,*,#2501,.T.);
#3937=ORIENTED_EDGE('',*,*,#2890,.T.);
#3938=ORIENTED_EDGE('',*,*,#2891,.T.);
#3939=ORIENTED_EDGE('',*,*,#2888,.T.);
#3940=ORIENTED_EDGE('',*,*,#2500,.T.);
#3941=ORIENTED_EDGE('',*,*,#2892,.T.);
#3942=ORIENTED_EDGE('',*,*,#2893,.T.);
#3943=ORIENTED_EDGE('',*,*,#2890,.F.);
#3944=ORIENTED_EDGE('',*,*,#2892,.F.);
#3945=ORIENTED_EDGE('',*,*,#2499,.F.);
#3946=ORIENTED_EDGE('',*,*,#2894,.F.);
#3947=ORIENTED_EDGE('',*,*,#2895,.F.);
#3948=ORIENTED_EDGE('',*,*,#2498,.T.);
#3949=ORIENTED_EDGE('',*,*,#2896,.T.);
#3950=ORIENTED_EDGE('',*,*,#2897,.T.);
#3951=ORIENTED_EDGE('',*,*,#2894,.T.);
#3952=ORIENTED_EDGE('',*,*,#2497,.T.);
#3953=ORIENTED_EDGE('',*,*,#2898,.T.);
#3954=ORIENTED_EDGE('',*,*,#2899,.T.);
#3955=ORIENTED_EDGE('',*,*,#2896,.F.);
#3956=ORIENTED_EDGE('',*,*,#2898,.F.);
#3957=ORIENTED_EDGE('',*,*,#2496,.F.);
#3958=ORIENTED_EDGE('',*,*,#2900,.F.);
#3959=ORIENTED_EDGE('',*,*,#2901,.F.);
#3960=ORIENTED_EDGE('',*,*,#2495,.T.);
#3961=ORIENTED_EDGE('',*,*,#2902,.T.);
#3962=ORIENTED_EDGE('',*,*,#2903,.T.);
#3963=ORIENTED_EDGE('',*,*,#2900,.T.);
#3964=ORIENTED_EDGE('',*,*,#2494,.T.);
#3965=ORIENTED_EDGE('',*,*,#2904,.T.);
#3966=ORIENTED_EDGE('',*,*,#2905,.T.);
#3967=ORIENTED_EDGE('',*,*,#2902,.F.);
#3968=ORIENTED_EDGE('',*,*,#2904,.F.);
#3969=ORIENTED_EDGE('',*,*,#2493,.F.);
#3970=ORIENTED_EDGE('',*,*,#2906,.F.);
#3971=ORIENTED_EDGE('',*,*,#2907,.F.);
#3972=ORIENTED_EDGE('',*,*,#2492,.T.);
#3973=ORIENTED_EDGE('',*,*,#2908,.T.);
#3974=ORIENTED_EDGE('',*,*,#2909,.T.);
#3975=ORIENTED_EDGE('',*,*,#2906,.T.);
#3976=ORIENTED_EDGE('',*,*,#2491,.T.);
#3977=ORIENTED_EDGE('',*,*,#2910,.T.);
#3978=ORIENTED_EDGE('',*,*,#2911,.T.);
#3979=ORIENTED_EDGE('',*,*,#2908,.F.);
#3980=ORIENTED_EDGE('',*,*,#2910,.F.);
#3981=ORIENTED_EDGE('',*,*,#2490,.F.);
#3982=ORIENTED_EDGE('',*,*,#2912,.F.);
#3983=ORIENTED_EDGE('',*,*,#2913,.F.);
#3984=ORIENTED_EDGE('',*,*,#2489,.T.);
#3985=ORIENTED_EDGE('',*,*,#2914,.T.);
#3986=ORIENTED_EDGE('',*,*,#2915,.T.);
#3987=ORIENTED_EDGE('',*,*,#2912,.T.);
#3988=ORIENTED_EDGE('',*,*,#2488,.T.);
#3989=ORIENTED_EDGE('',*,*,#2916,.T.);
#3990=ORIENTED_EDGE('',*,*,#2917,.T.);
#3991=ORIENTED_EDGE('',*,*,#2914,.F.);
#3992=ORIENTED_EDGE('',*,*,#2916,.F.);
#3993=ORIENTED_EDGE('',*,*,#2487,.F.);
#3994=ORIENTED_EDGE('',*,*,#2918,.F.);
#3995=ORIENTED_EDGE('',*,*,#2919,.F.);
#3996=ORIENTED_EDGE('',*,*,#2486,.T.);
#3997=ORIENTED_EDGE('',*,*,#2920,.T.);
#3998=ORIENTED_EDGE('',*,*,#2921,.T.);
#3999=ORIENTED_EDGE('',*,*,#2918,.T.);
#4000=ORIENTED_EDGE('',*,*,#2485,.T.);
#4001=ORIENTED_EDGE('',*,*,#2922,.T.);
#4002=ORIENTED_EDGE('',*,*,#2923,.T.);
#4003=ORIENTED_EDGE('',*,*,#2920,.F.);
#4004=ORIENTED_EDGE('',*,*,#2922,.F.);
#4005=ORIENTED_EDGE('',*,*,#2484,.F.);
#4006=ORIENTED_EDGE('',*,*,#2924,.F.);
#4007=ORIENTED_EDGE('',*,*,#2925,.F.);
#4008=ORIENTED_EDGE('',*,*,#2483,.T.);
#4009=ORIENTED_EDGE('',*,*,#2926,.T.);
#4010=ORIENTED_EDGE('',*,*,#2927,.T.);
#4011=ORIENTED_EDGE('',*,*,#2924,.T.);
#4012=ORIENTED_EDGE('',*,*,#2482,.T.);
#4013=ORIENTED_EDGE('',*,*,#2928,.T.);
#4014=ORIENTED_EDGE('',*,*,#2929,.T.);
#4015=ORIENTED_EDGE('',*,*,#2926,.F.);
#4016=ORIENTED_EDGE('',*,*,#2928,.F.);
#4017=ORIENTED_EDGE('',*,*,#2481,.F.);
#4018=ORIENTED_EDGE('',*,*,#2930,.F.);
#4019=ORIENTED_EDGE('',*,*,#2931,.F.);
#4020=ORIENTED_EDGE('',*,*,#2480,.T.);
#4021=ORIENTED_EDGE('',*,*,#2932,.T.);
#4022=ORIENTED_EDGE('',*,*,#2933,.T.);
#4023=ORIENTED_EDGE('',*,*,#2930,.T.);
#4024=ORIENTED_EDGE('',*,*,#2479,.T.);
#4025=ORIENTED_EDGE('',*,*,#2934,.T.);
#4026=ORIENTED_EDGE('',*,*,#2935,.T.);
#4027=ORIENTED_EDGE('',*,*,#2932,.F.);
#4028=ORIENTED_EDGE('',*,*,#2934,.F.);
#4029=ORIENTED_EDGE('',*,*,#2478,.F.);
#4030=ORIENTED_EDGE('',*,*,#2936,.F.);
#4031=ORIENTED_EDGE('',*,*,#2937,.F.);
#4032=ORIENTED_EDGE('',*,*,#2477,.T.);
#4033=ORIENTED_EDGE('',*,*,#2938,.T.);
#4034=ORIENTED_EDGE('',*,*,#2939,.T.);
#4035=ORIENTED_EDGE('',*,*,#2936,.T.);
#4036=ORIENTED_EDGE('',*,*,#2476,.T.);
#4037=ORIENTED_EDGE('',*,*,#2940,.T.);
#4038=ORIENTED_EDGE('',*,*,#2941,.T.);
#4039=ORIENTED_EDGE('',*,*,#2938,.F.);
#4040=ORIENTED_EDGE('',*,*,#2940,.F.);
#4041=ORIENTED_EDGE('',*,*,#2475,.F.);
#4042=ORIENTED_EDGE('',*,*,#2942,.F.);
#4043=ORIENTED_EDGE('',*,*,#2943,.F.);
#4044=ORIENTED_EDGE('',*,*,#2474,.T.);
#4045=ORIENTED_EDGE('',*,*,#2944,.T.);
#4046=ORIENTED_EDGE('',*,*,#2945,.T.);
#4047=ORIENTED_EDGE('',*,*,#2942,.T.);
#4048=ORIENTED_EDGE('',*,*,#2473,.T.);
#4049=ORIENTED_EDGE('',*,*,#2946,.T.);
#4050=ORIENTED_EDGE('',*,*,#2947,.T.);
#4051=ORIENTED_EDGE('',*,*,#2944,.F.);
#4052=ORIENTED_EDGE('',*,*,#2946,.F.);
#4053=ORIENTED_EDGE('',*,*,#2472,.F.);
#4054=ORIENTED_EDGE('',*,*,#2948,.F.);
#4055=ORIENTED_EDGE('',*,*,#2949,.F.);
#4056=ORIENTED_EDGE('',*,*,#2471,.T.);
#4057=ORIENTED_EDGE('',*,*,#2950,.T.);
#4058=ORIENTED_EDGE('',*,*,#2951,.T.);
#4059=ORIENTED_EDGE('',*,*,#2948,.T.);
#4060=ORIENTED_EDGE('',*,*,#2470,.T.);
#4061=ORIENTED_EDGE('',*,*,#2952,.T.);
#4062=ORIENTED_EDGE('',*,*,#2953,.T.);
#4063=ORIENTED_EDGE('',*,*,#2950,.F.);
#4064=ORIENTED_EDGE('',*,*,#2952,.F.);
#4065=ORIENTED_EDGE('',*,*,#2469,.F.);
#4066=ORIENTED_EDGE('',*,*,#2954,.F.);
#4067=ORIENTED_EDGE('',*,*,#2955,.F.);
#4068=ORIENTED_EDGE('',*,*,#2468,.T.);
#4069=ORIENTED_EDGE('',*,*,#2956,.T.);
#4070=ORIENTED_EDGE('',*,*,#2957,.T.);
#4071=ORIENTED_EDGE('',*,*,#2954,.T.);
#4072=ORIENTED_EDGE('',*,*,#2467,.T.);
#4073=ORIENTED_EDGE('',*,*,#2958,.T.);
#4074=ORIENTED_EDGE('',*,*,#2959,.T.);
#4075=ORIENTED_EDGE('',*,*,#2956,.F.);
#4076=ORIENTED_EDGE('',*,*,#2958,.F.);
#4077=ORIENTED_EDGE('',*,*,#2466,.F.);
#4078=ORIENTED_EDGE('',*,*,#2960,.F.);
#4079=ORIENTED_EDGE('',*,*,#2961,.F.);
#4080=ORIENTED_EDGE('',*,*,#2465,.T.);
#4081=ORIENTED_EDGE('',*,*,#2962,.T.);
#4082=ORIENTED_EDGE('',*,*,#2963,.T.);
#4083=ORIENTED_EDGE('',*,*,#2960,.T.);
#4084=ORIENTED_EDGE('',*,*,#2464,.T.);
#4085=ORIENTED_EDGE('',*,*,#2964,.T.);
#4086=ORIENTED_EDGE('',*,*,#2965,.T.);
#4087=ORIENTED_EDGE('',*,*,#2962,.F.);
#4088=ORIENTED_EDGE('',*,*,#2964,.F.);
#4089=ORIENTED_EDGE('',*,*,#2463,.F.);
#4090=ORIENTED_EDGE('',*,*,#2966,.F.);
#4091=ORIENTED_EDGE('',*,*,#2967,.F.);
#4092=ORIENTED_EDGE('',*,*,#2462,.T.);
#4093=ORIENTED_EDGE('',*,*,#2968,.T.);
#4094=ORIENTED_EDGE('',*,*,#2969,.T.);
#4095=ORIENTED_EDGE('',*,*,#2966,.T.);
#4096=ORIENTED_EDGE('',*,*,#2461,.T.);
#4097=ORIENTED_EDGE('',*,*,#2970,.T.);
#4098=ORIENTED_EDGE('',*,*,#2971,.T.);
#4099=ORIENTED_EDGE('',*,*,#2968,.F.);
#4100=ORIENTED_EDGE('',*,*,#2970,.F.);
#4101=ORIENTED_EDGE('',*,*,#2460,.F.);
#4102=ORIENTED_EDGE('',*,*,#2972,.F.);
#4103=ORIENTED_EDGE('',*,*,#2973,.F.);
#4104=ORIENTED_EDGE('',*,*,#2459,.T.);
#4105=ORIENTED_EDGE('',*,*,#2974,.T.);
#4106=ORIENTED_EDGE('',*,*,#2975,.T.);
#4107=ORIENTED_EDGE('',*,*,#2972,.T.);
#4108=ORIENTED_EDGE('',*,*,#2458,.T.);
#4109=ORIENTED_EDGE('',*,*,#2976,.T.);
#4110=ORIENTED_EDGE('',*,*,#2977,.T.);
#4111=ORIENTED_EDGE('',*,*,#2974,.F.);
#4112=ORIENTED_EDGE('',*,*,#2976,.F.);
#4113=ORIENTED_EDGE('',*,*,#2457,.F.);
#4114=ORIENTED_EDGE('',*,*,#2978,.F.);
#4115=ORIENTED_EDGE('',*,*,#2979,.F.);
#4116=ORIENTED_EDGE('',*,*,#2456,.T.);
#4117=ORIENTED_EDGE('',*,*,#2980,.T.);
#4118=ORIENTED_EDGE('',*,*,#2981,.T.);
#4119=ORIENTED_EDGE('',*,*,#2978,.T.);
#4120=ORIENTED_EDGE('',*,*,#2455,.T.);
#4121=ORIENTED_EDGE('',*,*,#2982,.T.);
#4122=ORIENTED_EDGE('',*,*,#2983,.T.);
#4123=ORIENTED_EDGE('',*,*,#2980,.F.);
#4124=ORIENTED_EDGE('',*,*,#2982,.F.);
#4125=ORIENTED_EDGE('',*,*,#2454,.F.);
#4126=ORIENTED_EDGE('',*,*,#2984,.F.);
#4127=ORIENTED_EDGE('',*,*,#2985,.F.);
#4128=ORIENTED_EDGE('',*,*,#2453,.T.);
#4129=ORIENTED_EDGE('',*,*,#2986,.T.);
#4130=ORIENTED_EDGE('',*,*,#2987,.T.);
#4131=ORIENTED_EDGE('',*,*,#2984,.T.);
#4132=ORIENTED_EDGE('',*,*,#2452,.T.);
#4133=ORIENTED_EDGE('',*,*,#2988,.T.);
#4134=ORIENTED_EDGE('',*,*,#2989,.T.);
#4135=ORIENTED_EDGE('',*,*,#2986,.F.);
#4136=ORIENTED_EDGE('',*,*,#2988,.F.);
#4137=ORIENTED_EDGE('',*,*,#2451,.F.);
#4138=ORIENTED_EDGE('',*,*,#2990,.F.);
#4139=ORIENTED_EDGE('',*,*,#2991,.F.);
#4140=ORIENTED_EDGE('',*,*,#2450,.T.);
#4141=ORIENTED_EDGE('',*,*,#2992,.T.);
#4142=ORIENTED_EDGE('',*,*,#2993,.T.);
#4143=ORIENTED_EDGE('',*,*,#2990,.T.);
#4144=ORIENTED_EDGE('',*,*,#2449,.T.);
#4145=ORIENTED_EDGE('',*,*,#2994,.T.);
#4146=ORIENTED_EDGE('',*,*,#2995,.T.);
#4147=ORIENTED_EDGE('',*,*,#2992,.F.);
#4148=ORIENTED_EDGE('',*,*,#2994,.F.);
#4149=ORIENTED_EDGE('',*,*,#2448,.F.);
#4150=ORIENTED_EDGE('',*,*,#2996,.F.);
#4151=ORIENTED_EDGE('',*,*,#2997,.F.);
#4152=ORIENTED_EDGE('',*,*,#2447,.T.);
#4153=ORIENTED_EDGE('',*,*,#2998,.T.);
#4154=ORIENTED_EDGE('',*,*,#2999,.T.);
#4155=ORIENTED_EDGE('',*,*,#2996,.T.);
#4156=ORIENTED_EDGE('',*,*,#2446,.T.);
#4157=ORIENTED_EDGE('',*,*,#3000,.T.);
#4158=ORIENTED_EDGE('',*,*,#3001,.T.);
#4159=ORIENTED_EDGE('',*,*,#2998,.F.);
#4160=ORIENTED_EDGE('',*,*,#3000,.F.);
#4161=ORIENTED_EDGE('',*,*,#2445,.F.);
#4162=ORIENTED_EDGE('',*,*,#3002,.F.);
#4163=ORIENTED_EDGE('',*,*,#3003,.F.);
#4164=ORIENTED_EDGE('',*,*,#2444,.T.);
#4165=ORIENTED_EDGE('',*,*,#3004,.T.);
#4166=ORIENTED_EDGE('',*,*,#3005,.T.);
#4167=ORIENTED_EDGE('',*,*,#3002,.T.);
#4168=ORIENTED_EDGE('',*,*,#2443,.T.);
#4169=ORIENTED_EDGE('',*,*,#3006,.T.);
#4170=ORIENTED_EDGE('',*,*,#3007,.T.);
#4171=ORIENTED_EDGE('',*,*,#3004,.F.);
#4172=ORIENTED_EDGE('',*,*,#3006,.F.);
#4173=ORIENTED_EDGE('',*,*,#2442,.F.);
#4174=ORIENTED_EDGE('',*,*,#3008,.F.);
#4175=ORIENTED_EDGE('',*,*,#3009,.F.);
#4176=ORIENTED_EDGE('',*,*,#2441,.T.);
#4177=ORIENTED_EDGE('',*,*,#3010,.T.);
#4178=ORIENTED_EDGE('',*,*,#3011,.T.);
#4179=ORIENTED_EDGE('',*,*,#3008,.T.);
#4180=ORIENTED_EDGE('',*,*,#2440,.T.);
#4181=ORIENTED_EDGE('',*,*,#3012,.T.);
#4182=ORIENTED_EDGE('',*,*,#3013,.T.);
#4183=ORIENTED_EDGE('',*,*,#3010,.F.);
#4184=ORIENTED_EDGE('',*,*,#3012,.F.);
#4185=ORIENTED_EDGE('',*,*,#2439,.F.);
#4186=ORIENTED_EDGE('',*,*,#3014,.F.);
#4187=ORIENTED_EDGE('',*,*,#3015,.F.);
#4188=ORIENTED_EDGE('',*,*,#2438,.T.);
#4189=ORIENTED_EDGE('',*,*,#3016,.T.);
#4190=ORIENTED_EDGE('',*,*,#3017,.T.);
#4191=ORIENTED_EDGE('',*,*,#3014,.T.);
#4192=ORIENTED_EDGE('',*,*,#2437,.T.);
#4193=ORIENTED_EDGE('',*,*,#3018,.T.);
#4194=ORIENTED_EDGE('',*,*,#3019,.T.);
#4195=ORIENTED_EDGE('',*,*,#3016,.F.);
#4196=ORIENTED_EDGE('',*,*,#3018,.F.);
#4197=ORIENTED_EDGE('',*,*,#2436,.F.);
#4198=ORIENTED_EDGE('',*,*,#3020,.F.);
#4199=ORIENTED_EDGE('',*,*,#3021,.F.);
#4200=ORIENTED_EDGE('',*,*,#2435,.T.);
#4201=ORIENTED_EDGE('',*,*,#3022,.T.);
#4202=ORIENTED_EDGE('',*,*,#3023,.T.);
#4203=ORIENTED_EDGE('',*,*,#3020,.T.);
#4204=ORIENTED_EDGE('',*,*,#2434,.T.);
#4205=ORIENTED_EDGE('',*,*,#3024,.T.);
#4206=ORIENTED_EDGE('',*,*,#3025,.T.);
#4207=ORIENTED_EDGE('',*,*,#3022,.F.);
#4208=ORIENTED_EDGE('',*,*,#3024,.F.);
#4209=ORIENTED_EDGE('',*,*,#2433,.F.);
#4210=ORIENTED_EDGE('',*,*,#3026,.F.);
#4211=ORIENTED_EDGE('',*,*,#3027,.F.);
#4212=ORIENTED_EDGE('',*,*,#2432,.T.);
#4213=ORIENTED_EDGE('',*,*,#3028,.T.);
#4214=ORIENTED_EDGE('',*,*,#3029,.T.);
#4215=ORIENTED_EDGE('',*,*,#3026,.T.);
#4216=ORIENTED_EDGE('',*,*,#2431,.T.);
#4217=ORIENTED_EDGE('',*,*,#3030,.T.);
#4218=ORIENTED_EDGE('',*,*,#3031,.T.);
#4219=ORIENTED_EDGE('',*,*,#3028,.F.);
#4220=ORIENTED_EDGE('',*,*,#3030,.F.);
#4221=ORIENTED_EDGE('',*,*,#2430,.F.);
#4222=ORIENTED_EDGE('',*,*,#3032,.F.);
#4223=ORIENTED_EDGE('',*,*,#3033,.F.);
#4224=ORIENTED_EDGE('',*,*,#2429,.T.);
#4225=ORIENTED_EDGE('',*,*,#3034,.T.);
#4226=ORIENTED_EDGE('',*,*,#3035,.T.);
#4227=ORIENTED_EDGE('',*,*,#3032,.T.);
#4228=ORIENTED_EDGE('',*,*,#2428,.T.);
#4229=ORIENTED_EDGE('',*,*,#3036,.T.);
#4230=ORIENTED_EDGE('',*,*,#3037,.T.);
#4231=ORIENTED_EDGE('',*,*,#3034,.F.);
#4232=ORIENTED_EDGE('',*,*,#3036,.F.);
#4233=ORIENTED_EDGE('',*,*,#2427,.F.);
#4234=ORIENTED_EDGE('',*,*,#3038,.F.);
#4235=ORIENTED_EDGE('',*,*,#3039,.F.);
#4236=ORIENTED_EDGE('',*,*,#2426,.T.);
#4237=ORIENTED_EDGE('',*,*,#3040,.T.);
#4238=ORIENTED_EDGE('',*,*,#3041,.T.);
#4239=ORIENTED_EDGE('',*,*,#3038,.T.);
#4240=ORIENTED_EDGE('',*,*,#2673,.T.);
#4241=ORIENTED_EDGE('',*,*,#3042,.T.);
#4242=ORIENTED_EDGE('',*,*,#3043,.T.);
#4243=ORIENTED_EDGE('',*,*,#3040,.F.);
#4244=ORIENTED_EDGE('',*,*,#3042,.F.);
#4245=ORIENTED_EDGE('',*,*,#2672,.F.);
#4246=ORIENTED_EDGE('',*,*,#3044,.F.);
#4247=ORIENTED_EDGE('',*,*,#3045,.F.);
#4248=ORIENTED_EDGE('',*,*,#2671,.T.);
#4249=ORIENTED_EDGE('',*,*,#3046,.T.);
#4250=ORIENTED_EDGE('',*,*,#3047,.T.);
#4251=ORIENTED_EDGE('',*,*,#3044,.T.);
#4252=ORIENTED_EDGE('',*,*,#2670,.T.);
#4253=ORIENTED_EDGE('',*,*,#3048,.T.);
#4254=ORIENTED_EDGE('',*,*,#3049,.T.);
#4255=ORIENTED_EDGE('',*,*,#3046,.F.);
#4256=ORIENTED_EDGE('',*,*,#3048,.F.);
#4257=ORIENTED_EDGE('',*,*,#2669,.F.);
#4258=ORIENTED_EDGE('',*,*,#3050,.F.);
#4259=ORIENTED_EDGE('',*,*,#3051,.F.);
#4260=ORIENTED_EDGE('',*,*,#2668,.T.);
#4261=ORIENTED_EDGE('',*,*,#3052,.T.);
#4262=ORIENTED_EDGE('',*,*,#3053,.T.);
#4263=ORIENTED_EDGE('',*,*,#3050,.T.);
#4264=ORIENTED_EDGE('',*,*,#2667,.T.);
#4265=ORIENTED_EDGE('',*,*,#3054,.T.);
#4266=ORIENTED_EDGE('',*,*,#3055,.T.);
#4267=ORIENTED_EDGE('',*,*,#3052,.F.);
#4268=ORIENTED_EDGE('',*,*,#3054,.F.);
#4269=ORIENTED_EDGE('',*,*,#2666,.F.);
#4270=ORIENTED_EDGE('',*,*,#3056,.F.);
#4271=ORIENTED_EDGE('',*,*,#3057,.F.);
#4272=ORIENTED_EDGE('',*,*,#2665,.T.);
#4273=ORIENTED_EDGE('',*,*,#3058,.T.);
#4274=ORIENTED_EDGE('',*,*,#3059,.T.);
#4275=ORIENTED_EDGE('',*,*,#3056,.T.);
#4276=ORIENTED_EDGE('',*,*,#2664,.T.);
#4277=ORIENTED_EDGE('',*,*,#3060,.T.);
#4278=ORIENTED_EDGE('',*,*,#3061,.T.);
#4279=ORIENTED_EDGE('',*,*,#3058,.F.);
#4280=ORIENTED_EDGE('',*,*,#3060,.F.);
#4281=ORIENTED_EDGE('',*,*,#2663,.F.);
#4282=ORIENTED_EDGE('',*,*,#3062,.F.);
#4283=ORIENTED_EDGE('',*,*,#3063,.F.);
#4284=ORIENTED_EDGE('',*,*,#2662,.T.);
#4285=ORIENTED_EDGE('',*,*,#3064,.T.);
#4286=ORIENTED_EDGE('',*,*,#3065,.T.);
#4287=ORIENTED_EDGE('',*,*,#3062,.T.);
#4288=ORIENTED_EDGE('',*,*,#2661,.T.);
#4289=ORIENTED_EDGE('',*,*,#3066,.T.);
#4290=ORIENTED_EDGE('',*,*,#3067,.T.);
#4291=ORIENTED_EDGE('',*,*,#3064,.F.);
#4292=ORIENTED_EDGE('',*,*,#3066,.F.);
#4293=ORIENTED_EDGE('',*,*,#2660,.F.);
#4294=ORIENTED_EDGE('',*,*,#3068,.F.);
#4295=ORIENTED_EDGE('',*,*,#3069,.F.);
#4296=ORIENTED_EDGE('',*,*,#2659,.T.);
#4297=ORIENTED_EDGE('',*,*,#3070,.T.);
#4298=ORIENTED_EDGE('',*,*,#3071,.T.);
#4299=ORIENTED_EDGE('',*,*,#3068,.T.);
#4300=ORIENTED_EDGE('',*,*,#2658,.T.);
#4301=ORIENTED_EDGE('',*,*,#3072,.T.);
#4302=ORIENTED_EDGE('',*,*,#3073,.T.);
#4303=ORIENTED_EDGE('',*,*,#3070,.F.);
#4304=ORIENTED_EDGE('',*,*,#3072,.F.);
#4305=ORIENTED_EDGE('',*,*,#2657,.F.);
#4306=ORIENTED_EDGE('',*,*,#3074,.F.);
#4307=ORIENTED_EDGE('',*,*,#3075,.F.);
#4308=ORIENTED_EDGE('',*,*,#2656,.T.);
#4309=ORIENTED_EDGE('',*,*,#3076,.T.);
#4310=ORIENTED_EDGE('',*,*,#3077,.T.);
#4311=ORIENTED_EDGE('',*,*,#3074,.T.);
#4312=ORIENTED_EDGE('',*,*,#2655,.T.);
#4313=ORIENTED_EDGE('',*,*,#3078,.T.);
#4314=ORIENTED_EDGE('',*,*,#3079,.T.);
#4315=ORIENTED_EDGE('',*,*,#3076,.F.);
#4316=ORIENTED_EDGE('',*,*,#3078,.F.);
#4317=ORIENTED_EDGE('',*,*,#2654,.F.);
#4318=ORIENTED_EDGE('',*,*,#3080,.F.);
#4319=ORIENTED_EDGE('',*,*,#3081,.F.);
#4320=ORIENTED_EDGE('',*,*,#2653,.T.);
#4321=ORIENTED_EDGE('',*,*,#3082,.T.);
#4322=ORIENTED_EDGE('',*,*,#3083,.T.);
#4323=ORIENTED_EDGE('',*,*,#3080,.T.);
#4324=ORIENTED_EDGE('',*,*,#2652,.T.);
#4325=ORIENTED_EDGE('',*,*,#3084,.T.);
#4326=ORIENTED_EDGE('',*,*,#3085,.T.);
#4327=ORIENTED_EDGE('',*,*,#3082,.F.);
#4328=ORIENTED_EDGE('',*,*,#3084,.F.);
#4329=ORIENTED_EDGE('',*,*,#2651,.F.);
#4330=ORIENTED_EDGE('',*,*,#3086,.F.);
#4331=ORIENTED_EDGE('',*,*,#3087,.F.);
#4332=ORIENTED_EDGE('',*,*,#2650,.T.);
#4333=ORIENTED_EDGE('',*,*,#3088,.T.);
#4334=ORIENTED_EDGE('',*,*,#3089,.T.);
#4335=ORIENTED_EDGE('',*,*,#3086,.T.);
#4336=ORIENTED_EDGE('',*,*,#2649,.T.);
#4337=ORIENTED_EDGE('',*,*,#3090,.T.);
#4338=ORIENTED_EDGE('',*,*,#3091,.T.);
#4339=ORIENTED_EDGE('',*,*,#3088,.F.);
#4340=ORIENTED_EDGE('',*,*,#3090,.F.);
#4341=ORIENTED_EDGE('',*,*,#2648,.F.);
#4342=ORIENTED_EDGE('',*,*,#3092,.F.);
#4343=ORIENTED_EDGE('',*,*,#3093,.F.);
#4344=ORIENTED_EDGE('',*,*,#2647,.T.);
#4345=ORIENTED_EDGE('',*,*,#3094,.T.);
#4346=ORIENTED_EDGE('',*,*,#3095,.T.);
#4347=ORIENTED_EDGE('',*,*,#3092,.T.);
#4348=ORIENTED_EDGE('',*,*,#2646,.T.);
#4349=ORIENTED_EDGE('',*,*,#3096,.T.);
#4350=ORIENTED_EDGE('',*,*,#3097,.T.);
#4351=ORIENTED_EDGE('',*,*,#3094,.F.);
#4352=ORIENTED_EDGE('',*,*,#3096,.F.);
#4353=ORIENTED_EDGE('',*,*,#2645,.F.);
#4354=ORIENTED_EDGE('',*,*,#3098,.F.);
#4355=ORIENTED_EDGE('',*,*,#3099,.F.);
#4356=ORIENTED_EDGE('',*,*,#2644,.T.);
#4357=ORIENTED_EDGE('',*,*,#3100,.T.);
#4358=ORIENTED_EDGE('',*,*,#3101,.T.);
#4359=ORIENTED_EDGE('',*,*,#3098,.T.);
#4360=ORIENTED_EDGE('',*,*,#2643,.T.);
#4361=ORIENTED_EDGE('',*,*,#3102,.T.);
#4362=ORIENTED_EDGE('',*,*,#3103,.T.);
#4363=ORIENTED_EDGE('',*,*,#3100,.F.);
#4364=ORIENTED_EDGE('',*,*,#3102,.F.);
#4365=ORIENTED_EDGE('',*,*,#2642,.F.);
#4366=ORIENTED_EDGE('',*,*,#3104,.F.);
#4367=ORIENTED_EDGE('',*,*,#3105,.F.);
#4368=ORIENTED_EDGE('',*,*,#2641,.T.);
#4369=ORIENTED_EDGE('',*,*,#3106,.T.);
#4370=ORIENTED_EDGE('',*,*,#3107,.T.);
#4371=ORIENTED_EDGE('',*,*,#3104,.T.);
#4372=ORIENTED_EDGE('',*,*,#2640,.T.);
#4373=ORIENTED_EDGE('',*,*,#3108,.T.);
#4374=ORIENTED_EDGE('',*,*,#3109,.T.);
#4375=ORIENTED_EDGE('',*,*,#3106,.F.);
#4376=ORIENTED_EDGE('',*,*,#3108,.F.);
#4377=ORIENTED_EDGE('',*,*,#2639,.F.);
#4378=ORIENTED_EDGE('',*,*,#3110,.F.);
#4379=ORIENTED_EDGE('',*,*,#3111,.F.);
#4380=ORIENTED_EDGE('',*,*,#2638,.T.);
#4381=ORIENTED_EDGE('',*,*,#3112,.T.);
#4382=ORIENTED_EDGE('',*,*,#3113,.T.);
#4383=ORIENTED_EDGE('',*,*,#3110,.T.);
#4384=ORIENTED_EDGE('',*,*,#2637,.T.);
#4385=ORIENTED_EDGE('',*,*,#3114,.T.);
#4386=ORIENTED_EDGE('',*,*,#3115,.T.);
#4387=ORIENTED_EDGE('',*,*,#3112,.F.);
#4388=ORIENTED_EDGE('',*,*,#3114,.F.);
#4389=ORIENTED_EDGE('',*,*,#2636,.F.);
#4390=ORIENTED_EDGE('',*,*,#3116,.F.);
#4391=ORIENTED_EDGE('',*,*,#3117,.F.);
#4392=ORIENTED_EDGE('',*,*,#2635,.T.);
#4393=ORIENTED_EDGE('',*,*,#3118,.T.);
#4394=ORIENTED_EDGE('',*,*,#3119,.T.);
#4395=ORIENTED_EDGE('',*,*,#3116,.T.);
#4396=ORIENTED_EDGE('',*,*,#2634,.T.);
#4397=ORIENTED_EDGE('',*,*,#3120,.T.);
#4398=ORIENTED_EDGE('',*,*,#3121,.T.);
#4399=ORIENTED_EDGE('',*,*,#3118,.F.);
#4400=ORIENTED_EDGE('',*,*,#3120,.F.);
#4401=ORIENTED_EDGE('',*,*,#2633,.F.);
#4402=ORIENTED_EDGE('',*,*,#3122,.F.);
#4403=ORIENTED_EDGE('',*,*,#3123,.F.);
#4404=ORIENTED_EDGE('',*,*,#2632,.T.);
#4405=ORIENTED_EDGE('',*,*,#3124,.T.);
#4406=ORIENTED_EDGE('',*,*,#3125,.T.);
#4407=ORIENTED_EDGE('',*,*,#3122,.T.);
#4408=ORIENTED_EDGE('',*,*,#2631,.T.);
#4409=ORIENTED_EDGE('',*,*,#3126,.T.);
#4410=ORIENTED_EDGE('',*,*,#3127,.T.);
#4411=ORIENTED_EDGE('',*,*,#3124,.F.);
#4412=ORIENTED_EDGE('',*,*,#3126,.F.);
#4413=ORIENTED_EDGE('',*,*,#2630,.F.);
#4414=ORIENTED_EDGE('',*,*,#3128,.F.);
#4415=ORIENTED_EDGE('',*,*,#3129,.F.);
#4416=ORIENTED_EDGE('',*,*,#2629,.T.);
#4417=ORIENTED_EDGE('',*,*,#3130,.T.);
#4418=ORIENTED_EDGE('',*,*,#3131,.T.);
#4419=ORIENTED_EDGE('',*,*,#3128,.T.);
#4420=ORIENTED_EDGE('',*,*,#2628,.T.);
#4421=ORIENTED_EDGE('',*,*,#3132,.T.);
#4422=ORIENTED_EDGE('',*,*,#3133,.T.);
#4423=ORIENTED_EDGE('',*,*,#3130,.F.);
#4424=ORIENTED_EDGE('',*,*,#3132,.F.);
#4425=ORIENTED_EDGE('',*,*,#2627,.F.);
#4426=ORIENTED_EDGE('',*,*,#3134,.F.);
#4427=ORIENTED_EDGE('',*,*,#3135,.F.);
#4428=ORIENTED_EDGE('',*,*,#2626,.T.);
#4429=ORIENTED_EDGE('',*,*,#3136,.T.);
#4430=ORIENTED_EDGE('',*,*,#3137,.T.);
#4431=ORIENTED_EDGE('',*,*,#3134,.T.);
#4432=ORIENTED_EDGE('',*,*,#2625,.T.);
#4433=ORIENTED_EDGE('',*,*,#3138,.T.);
#4434=ORIENTED_EDGE('',*,*,#3139,.T.);
#4435=ORIENTED_EDGE('',*,*,#3136,.F.);
#4436=ORIENTED_EDGE('',*,*,#3138,.F.);
#4437=ORIENTED_EDGE('',*,*,#2624,.F.);
#4438=ORIENTED_EDGE('',*,*,#3140,.F.);
#4439=ORIENTED_EDGE('',*,*,#3141,.F.);
#4440=ORIENTED_EDGE('',*,*,#2623,.T.);
#4441=ORIENTED_EDGE('',*,*,#3142,.T.);
#4442=ORIENTED_EDGE('',*,*,#3143,.T.);
#4443=ORIENTED_EDGE('',*,*,#3140,.T.);
#4444=ORIENTED_EDGE('',*,*,#2622,.T.);
#4445=ORIENTED_EDGE('',*,*,#3144,.T.);
#4446=ORIENTED_EDGE('',*,*,#3145,.T.);
#4447=ORIENTED_EDGE('',*,*,#3142,.F.);
#4448=ORIENTED_EDGE('',*,*,#3144,.F.);
#4449=ORIENTED_EDGE('',*,*,#2621,.F.);
#4450=ORIENTED_EDGE('',*,*,#3146,.F.);
#4451=ORIENTED_EDGE('',*,*,#3147,.F.);
#4452=ORIENTED_EDGE('',*,*,#2620,.T.);
#4453=ORIENTED_EDGE('',*,*,#3148,.T.);
#4454=ORIENTED_EDGE('',*,*,#3149,.T.);
#4455=ORIENTED_EDGE('',*,*,#3146,.T.);
#4456=ORIENTED_EDGE('',*,*,#2619,.T.);
#4457=ORIENTED_EDGE('',*,*,#3150,.T.);
#4458=ORIENTED_EDGE('',*,*,#3151,.T.);
#4459=ORIENTED_EDGE('',*,*,#3148,.F.);
#4460=ORIENTED_EDGE('',*,*,#3150,.F.);
#4461=ORIENTED_EDGE('',*,*,#2618,.F.);
#4462=ORIENTED_EDGE('',*,*,#3152,.F.);
#4463=ORIENTED_EDGE('',*,*,#3153,.F.);
#4464=ORIENTED_EDGE('',*,*,#2617,.T.);
#4465=ORIENTED_EDGE('',*,*,#3154,.T.);
#4466=ORIENTED_EDGE('',*,*,#3155,.T.);
#4467=ORIENTED_EDGE('',*,*,#3152,.T.);
#4468=ORIENTED_EDGE('',*,*,#2616,.T.);
#4469=ORIENTED_EDGE('',*,*,#3156,.T.);
#4470=ORIENTED_EDGE('',*,*,#3157,.T.);
#4471=ORIENTED_EDGE('',*,*,#3154,.F.);
#4472=ORIENTED_EDGE('',*,*,#3156,.F.);
#4473=ORIENTED_EDGE('',*,*,#2615,.F.);
#4474=ORIENTED_EDGE('',*,*,#3158,.F.);
#4475=ORIENTED_EDGE('',*,*,#3159,.F.);
#4476=ORIENTED_EDGE('',*,*,#2614,.T.);
#4477=ORIENTED_EDGE('',*,*,#3160,.T.);
#4478=ORIENTED_EDGE('',*,*,#3161,.T.);
#4479=ORIENTED_EDGE('',*,*,#3158,.T.);
#4480=ORIENTED_EDGE('',*,*,#2613,.T.);
#4481=ORIENTED_EDGE('',*,*,#3162,.T.);
#4482=ORIENTED_EDGE('',*,*,#3163,.T.);
#4483=ORIENTED_EDGE('',*,*,#3160,.F.);
#4484=ORIENTED_EDGE('',*,*,#3162,.F.);
#4485=ORIENTED_EDGE('',*,*,#2612,.F.);
#4486=ORIENTED_EDGE('',*,*,#3164,.T.);
#4487=ORIENTED_EDGE('',*,*,#3165,.F.);
#4488=ORIENTED_EDGE('',*,*,#2611,.F.);
#4489=ORIENTED_EDGE('',*,*,#3166,.T.);
#4490=ORIENTED_EDGE('',*,*,#3167,.F.);
#4491=ORIENTED_EDGE('',*,*,#3164,.F.);
#4492=ORIENTED_EDGE('',*,*,#2610,.F.);
#4493=ORIENTED_EDGE('',*,*,#2419,.F.);
#4494=ORIENTED_EDGE('',*,*,#3168,.F.);
#4495=ORIENTED_EDGE('',*,*,#3166,.F.);
#4496=ORIENTED_EDGE('',*,*,#2417,.F.);
#4497=ORIENTED_EDGE('',*,*,#2423,.T.);
#4498=ORIENTED_EDGE('',*,*,#2675,.F.);
#4499=ORIENTED_EDGE('',*,*,#2677,.F.);
#4500=ORIENTED_EDGE('',*,*,#2679,.T.);
#4501=ORIENTED_EDGE('',*,*,#2681,.F.);
#4502=ORIENTED_EDGE('',*,*,#2683,.F.);
#4503=ORIENTED_EDGE('',*,*,#2685,.T.);
#4504=ORIENTED_EDGE('',*,*,#2687,.F.);
#4505=ORIENTED_EDGE('',*,*,#2689,.F.);
#4506=ORIENTED_EDGE('',*,*,#2691,.T.);
#4507=ORIENTED_EDGE('',*,*,#2693,.F.);
#4508=ORIENTED_EDGE('',*,*,#2695,.F.);
#4509=ORIENTED_EDGE('',*,*,#2697,.T.);
#4510=ORIENTED_EDGE('',*,*,#2699,.F.);
#4511=ORIENTED_EDGE('',*,*,#2701,.F.);
#4512=ORIENTED_EDGE('',*,*,#2703,.T.);
#4513=ORIENTED_EDGE('',*,*,#2705,.F.);
#4514=ORIENTED_EDGE('',*,*,#2707,.F.);
#4515=ORIENTED_EDGE('',*,*,#2709,.T.);
#4516=ORIENTED_EDGE('',*,*,#2711,.F.);
#4517=ORIENTED_EDGE('',*,*,#2713,.F.);
#4518=ORIENTED_EDGE('',*,*,#2715,.T.);
#4519=ORIENTED_EDGE('',*,*,#2717,.F.);
#4520=ORIENTED_EDGE('',*,*,#2719,.F.);
#4521=ORIENTED_EDGE('',*,*,#2721,.T.);
#4522=ORIENTED_EDGE('',*,*,#2723,.F.);
#4523=ORIENTED_EDGE('',*,*,#2725,.F.);
#4524=ORIENTED_EDGE('',*,*,#2727,.T.);
#4525=ORIENTED_EDGE('',*,*,#2729,.F.);
#4526=ORIENTED_EDGE('',*,*,#2731,.F.);
#4527=ORIENTED_EDGE('',*,*,#2733,.T.);
#4528=ORIENTED_EDGE('',*,*,#2735,.F.);
#4529=ORIENTED_EDGE('',*,*,#2737,.F.);
#4530=ORIENTED_EDGE('',*,*,#2739,.T.);
#4531=ORIENTED_EDGE('',*,*,#2741,.F.);
#4532=ORIENTED_EDGE('',*,*,#2743,.F.);
#4533=ORIENTED_EDGE('',*,*,#2745,.T.);
#4534=ORIENTED_EDGE('',*,*,#2747,.F.);
#4535=ORIENTED_EDGE('',*,*,#2749,.F.);
#4536=ORIENTED_EDGE('',*,*,#2751,.T.);
#4537=ORIENTED_EDGE('',*,*,#2753,.F.);
#4538=ORIENTED_EDGE('',*,*,#2755,.F.);
#4539=ORIENTED_EDGE('',*,*,#2757,.T.);
#4540=ORIENTED_EDGE('',*,*,#2759,.F.);
#4541=ORIENTED_EDGE('',*,*,#2761,.F.);
#4542=ORIENTED_EDGE('',*,*,#2763,.T.);
#4543=ORIENTED_EDGE('',*,*,#2765,.F.);
#4544=ORIENTED_EDGE('',*,*,#2767,.F.);
#4545=ORIENTED_EDGE('',*,*,#2769,.T.);
#4546=ORIENTED_EDGE('',*,*,#2771,.F.);
#4547=ORIENTED_EDGE('',*,*,#2773,.F.);
#4548=ORIENTED_EDGE('',*,*,#2775,.T.);
#4549=ORIENTED_EDGE('',*,*,#2777,.F.);
#4550=ORIENTED_EDGE('',*,*,#2779,.F.);
#4551=ORIENTED_EDGE('',*,*,#2781,.T.);
#4552=ORIENTED_EDGE('',*,*,#2783,.F.);
#4553=ORIENTED_EDGE('',*,*,#2785,.F.);
#4554=ORIENTED_EDGE('',*,*,#2787,.T.);
#4555=ORIENTED_EDGE('',*,*,#2789,.F.);
#4556=ORIENTED_EDGE('',*,*,#2791,.F.);
#4557=ORIENTED_EDGE('',*,*,#2793,.T.);
#4558=ORIENTED_EDGE('',*,*,#2795,.F.);
#4559=ORIENTED_EDGE('',*,*,#2797,.F.);
#4560=ORIENTED_EDGE('',*,*,#2799,.T.);
#4561=ORIENTED_EDGE('',*,*,#2801,.F.);
#4562=ORIENTED_EDGE('',*,*,#2803,.F.);
#4563=ORIENTED_EDGE('',*,*,#2805,.T.);
#4564=ORIENTED_EDGE('',*,*,#2807,.F.);
#4565=ORIENTED_EDGE('',*,*,#2809,.F.);
#4566=ORIENTED_EDGE('',*,*,#2811,.T.);
#4567=ORIENTED_EDGE('',*,*,#2813,.F.);
#4568=ORIENTED_EDGE('',*,*,#2815,.F.);
#4569=ORIENTED_EDGE('',*,*,#2817,.T.);
#4570=ORIENTED_EDGE('',*,*,#2819,.F.);
#4571=ORIENTED_EDGE('',*,*,#2821,.F.);
#4572=ORIENTED_EDGE('',*,*,#2823,.T.);
#4573=ORIENTED_EDGE('',*,*,#2825,.F.);
#4574=ORIENTED_EDGE('',*,*,#2827,.F.);
#4575=ORIENTED_EDGE('',*,*,#2829,.T.);
#4576=ORIENTED_EDGE('',*,*,#2831,.F.);
#4577=ORIENTED_EDGE('',*,*,#2833,.F.);
#4578=ORIENTED_EDGE('',*,*,#2835,.T.);
#4579=ORIENTED_EDGE('',*,*,#2837,.F.);
#4580=ORIENTED_EDGE('',*,*,#2839,.F.);
#4581=ORIENTED_EDGE('',*,*,#2841,.T.);
#4582=ORIENTED_EDGE('',*,*,#2843,.F.);
#4583=ORIENTED_EDGE('',*,*,#2845,.F.);
#4584=ORIENTED_EDGE('',*,*,#2847,.T.);
#4585=ORIENTED_EDGE('',*,*,#2849,.F.);
#4586=ORIENTED_EDGE('',*,*,#2851,.F.);
#4587=ORIENTED_EDGE('',*,*,#2853,.T.);
#4588=ORIENTED_EDGE('',*,*,#2855,.F.);
#4589=ORIENTED_EDGE('',*,*,#2857,.F.);
#4590=ORIENTED_EDGE('',*,*,#2859,.T.);
#4591=ORIENTED_EDGE('',*,*,#2861,.F.);
#4592=ORIENTED_EDGE('',*,*,#2863,.F.);
#4593=ORIENTED_EDGE('',*,*,#2865,.T.);
#4594=ORIENTED_EDGE('',*,*,#2867,.F.);
#4595=ORIENTED_EDGE('',*,*,#2869,.F.);
#4596=ORIENTED_EDGE('',*,*,#2871,.T.);
#4597=ORIENTED_EDGE('',*,*,#2873,.F.);
#4598=ORIENTED_EDGE('',*,*,#2875,.F.);
#4599=ORIENTED_EDGE('',*,*,#2877,.T.);
#4600=ORIENTED_EDGE('',*,*,#2879,.F.);
#4601=ORIENTED_EDGE('',*,*,#2881,.F.);
#4602=ORIENTED_EDGE('',*,*,#2883,.T.);
#4603=ORIENTED_EDGE('',*,*,#2885,.F.);
#4604=ORIENTED_EDGE('',*,*,#2887,.F.);
#4605=ORIENTED_EDGE('',*,*,#2889,.T.);
#4606=ORIENTED_EDGE('',*,*,#2891,.F.);
#4607=ORIENTED_EDGE('',*,*,#2893,.F.);
#4608=ORIENTED_EDGE('',*,*,#2895,.T.);
#4609=ORIENTED_EDGE('',*,*,#2897,.F.);
#4610=ORIENTED_EDGE('',*,*,#2899,.F.);
#4611=ORIENTED_EDGE('',*,*,#2901,.T.);
#4612=ORIENTED_EDGE('',*,*,#2903,.F.);
#4613=ORIENTED_EDGE('',*,*,#2905,.F.);
#4614=ORIENTED_EDGE('',*,*,#2907,.T.);
#4615=ORIENTED_EDGE('',*,*,#2909,.F.);
#4616=ORIENTED_EDGE('',*,*,#2911,.F.);
#4617=ORIENTED_EDGE('',*,*,#2913,.T.);
#4618=ORIENTED_EDGE('',*,*,#2915,.F.);
#4619=ORIENTED_EDGE('',*,*,#2917,.F.);
#4620=ORIENTED_EDGE('',*,*,#2919,.T.);
#4621=ORIENTED_EDGE('',*,*,#2921,.F.);
#4622=ORIENTED_EDGE('',*,*,#2923,.F.);
#4623=ORIENTED_EDGE('',*,*,#2925,.T.);
#4624=ORIENTED_EDGE('',*,*,#2927,.F.);
#4625=ORIENTED_EDGE('',*,*,#2929,.F.);
#4626=ORIENTED_EDGE('',*,*,#2931,.T.);
#4627=ORIENTED_EDGE('',*,*,#2933,.F.);
#4628=ORIENTED_EDGE('',*,*,#2935,.F.);
#4629=ORIENTED_EDGE('',*,*,#2937,.T.);
#4630=ORIENTED_EDGE('',*,*,#2939,.F.);
#4631=ORIENTED_EDGE('',*,*,#2941,.F.);
#4632=ORIENTED_EDGE('',*,*,#2943,.T.);
#4633=ORIENTED_EDGE('',*,*,#2945,.F.);
#4634=ORIENTED_EDGE('',*,*,#2947,.F.);
#4635=ORIENTED_EDGE('',*,*,#2949,.T.);
#4636=ORIENTED_EDGE('',*,*,#2951,.F.);
#4637=ORIENTED_EDGE('',*,*,#2953,.F.);
#4638=ORIENTED_EDGE('',*,*,#2955,.T.);
#4639=ORIENTED_EDGE('',*,*,#2957,.F.);
#4640=ORIENTED_EDGE('',*,*,#2959,.F.);
#4641=ORIENTED_EDGE('',*,*,#2961,.T.);
#4642=ORIENTED_EDGE('',*,*,#2963,.F.);
#4643=ORIENTED_EDGE('',*,*,#2965,.F.);
#4644=ORIENTED_EDGE('',*,*,#2967,.T.);
#4645=ORIENTED_EDGE('',*,*,#2969,.F.);
#4646=ORIENTED_EDGE('',*,*,#2971,.F.);
#4647=ORIENTED_EDGE('',*,*,#2973,.T.);
#4648=ORIENTED_EDGE('',*,*,#2975,.F.);
#4649=ORIENTED_EDGE('',*,*,#2977,.F.);
#4650=ORIENTED_EDGE('',*,*,#2979,.T.);
#4651=ORIENTED_EDGE('',*,*,#2981,.F.);
#4652=ORIENTED_EDGE('',*,*,#2983,.F.);
#4653=ORIENTED_EDGE('',*,*,#2985,.T.);
#4654=ORIENTED_EDGE('',*,*,#2987,.F.);
#4655=ORIENTED_EDGE('',*,*,#2989,.F.);
#4656=ORIENTED_EDGE('',*,*,#2991,.T.);
#4657=ORIENTED_EDGE('',*,*,#2993,.F.);
#4658=ORIENTED_EDGE('',*,*,#2995,.F.);
#4659=ORIENTED_EDGE('',*,*,#2997,.T.);
#4660=ORIENTED_EDGE('',*,*,#2999,.F.);
#4661=ORIENTED_EDGE('',*,*,#3001,.F.);
#4662=ORIENTED_EDGE('',*,*,#3003,.T.);
#4663=ORIENTED_EDGE('',*,*,#3005,.F.);
#4664=ORIENTED_EDGE('',*,*,#3007,.F.);
#4665=ORIENTED_EDGE('',*,*,#3009,.T.);
#4666=ORIENTED_EDGE('',*,*,#3011,.F.);
#4667=ORIENTED_EDGE('',*,*,#3013,.F.);
#4668=ORIENTED_EDGE('',*,*,#3015,.T.);
#4669=ORIENTED_EDGE('',*,*,#3017,.F.);
#4670=ORIENTED_EDGE('',*,*,#3019,.F.);
#4671=ORIENTED_EDGE('',*,*,#3021,.T.);
#4672=ORIENTED_EDGE('',*,*,#3023,.F.);
#4673=ORIENTED_EDGE('',*,*,#3025,.F.);
#4674=ORIENTED_EDGE('',*,*,#3027,.T.);
#4675=ORIENTED_EDGE('',*,*,#3029,.F.);
#4676=ORIENTED_EDGE('',*,*,#3031,.F.);
#4677=ORIENTED_EDGE('',*,*,#3033,.T.);
#4678=ORIENTED_EDGE('',*,*,#3035,.F.);
#4679=ORIENTED_EDGE('',*,*,#3037,.F.);
#4680=ORIENTED_EDGE('',*,*,#3039,.T.);
#4681=ORIENTED_EDGE('',*,*,#3041,.F.);
#4682=ORIENTED_EDGE('',*,*,#3169,.T.);
#4683=ORIENTED_EDGE('',*,*,#3170,.T.);
#4684=ORIENTED_EDGE('',*,*,#3169,.F.);
#4685=ORIENTED_EDGE('',*,*,#3043,.F.);
#4686=ORIENTED_EDGE('',*,*,#3045,.T.);
#4687=ORIENTED_EDGE('',*,*,#3047,.F.);
#4688=ORIENTED_EDGE('',*,*,#3049,.F.);
#4689=ORIENTED_EDGE('',*,*,#3051,.T.);
#4690=ORIENTED_EDGE('',*,*,#3053,.F.);
#4691=ORIENTED_EDGE('',*,*,#3055,.F.);
#4692=ORIENTED_EDGE('',*,*,#3057,.T.);
#4693=ORIENTED_EDGE('',*,*,#3059,.F.);
#4694=ORIENTED_EDGE('',*,*,#3061,.F.);
#4695=ORIENTED_EDGE('',*,*,#3063,.T.);
#4696=ORIENTED_EDGE('',*,*,#3065,.F.);
#4697=ORIENTED_EDGE('',*,*,#3067,.F.);
#4698=ORIENTED_EDGE('',*,*,#3069,.T.);
#4699=ORIENTED_EDGE('',*,*,#3071,.F.);
#4700=ORIENTED_EDGE('',*,*,#3073,.F.);
#4701=ORIENTED_EDGE('',*,*,#3075,.T.);
#4702=ORIENTED_EDGE('',*,*,#3077,.F.);
#4703=ORIENTED_EDGE('',*,*,#3079,.F.);
#4704=ORIENTED_EDGE('',*,*,#3081,.T.);
#4705=ORIENTED_EDGE('',*,*,#3083,.F.);
#4706=ORIENTED_EDGE('',*,*,#3085,.F.);
#4707=ORIENTED_EDGE('',*,*,#3087,.T.);
#4708=ORIENTED_EDGE('',*,*,#3089,.F.);
#4709=ORIENTED_EDGE('',*,*,#3091,.F.);
#4710=ORIENTED_EDGE('',*,*,#3093,.T.);
#4711=ORIENTED_EDGE('',*,*,#3095,.F.);
#4712=ORIENTED_EDGE('',*,*,#3097,.F.);
#4713=ORIENTED_EDGE('',*,*,#3099,.T.);
#4714=ORIENTED_EDGE('',*,*,#3101,.F.);
#4715=ORIENTED_EDGE('',*,*,#3103,.F.);
#4716=ORIENTED_EDGE('',*,*,#3105,.T.);
#4717=ORIENTED_EDGE('',*,*,#3107,.F.);
#4718=ORIENTED_EDGE('',*,*,#3109,.F.);
#4719=ORIENTED_EDGE('',*,*,#3111,.T.);
#4720=ORIENTED_EDGE('',*,*,#3113,.F.);
#4721=ORIENTED_EDGE('',*,*,#3115,.F.);
#4722=ORIENTED_EDGE('',*,*,#3117,.T.);
#4723=ORIENTED_EDGE('',*,*,#3119,.F.);
#4724=ORIENTED_EDGE('',*,*,#3121,.F.);
#4725=ORIENTED_EDGE('',*,*,#3123,.T.);
#4726=ORIENTED_EDGE('',*,*,#3125,.F.);
#4727=ORIENTED_EDGE('',*,*,#3127,.F.);
#4728=ORIENTED_EDGE('',*,*,#3129,.T.);
#4729=ORIENTED_EDGE('',*,*,#3131,.F.);
#4730=ORIENTED_EDGE('',*,*,#3133,.F.);
#4731=ORIENTED_EDGE('',*,*,#3135,.T.);
#4732=ORIENTED_EDGE('',*,*,#3137,.F.);
#4733=ORIENTED_EDGE('',*,*,#3139,.F.);
#4734=ORIENTED_EDGE('',*,*,#3141,.T.);
#4735=ORIENTED_EDGE('',*,*,#3143,.F.);
#4736=ORIENTED_EDGE('',*,*,#3145,.F.);
#4737=ORIENTED_EDGE('',*,*,#3147,.T.);
#4738=ORIENTED_EDGE('',*,*,#3149,.F.);
#4739=ORIENTED_EDGE('',*,*,#3151,.F.);
#4740=ORIENTED_EDGE('',*,*,#3153,.T.);
#4741=ORIENTED_EDGE('',*,*,#3155,.F.);
#4742=ORIENTED_EDGE('',*,*,#3157,.F.);
#4743=ORIENTED_EDGE('',*,*,#3159,.T.);
#4744=ORIENTED_EDGE('',*,*,#3161,.F.);
#4745=ORIENTED_EDGE('',*,*,#3163,.F.);
#4746=ORIENTED_EDGE('',*,*,#3165,.T.);
#4747=ORIENTED_EDGE('',*,*,#3167,.T.);
#4748=ORIENTED_EDGE('',*,*,#3168,.T.);
#4749=ORIENTED_EDGE('',*,*,#2418,.T.);
#4750=ORIENTED_EDGE('',*,*,#2413,.F.);
#4751=ORIENTED_EDGE('',*,*,#3170,.F.);
#4752=ORIENTED_EDGE('',*,*,#3171,.T.);
#4753=ORIENTED_EDGE('',*,*,#2376,.T.);
#4754=ORIENTED_EDGE('',*,*,#3172,.T.);
#4755=ORIENTED_EDGE('',*,*,#2393,.T.);
#4756=ORIENTED_EDGE('',*,*,#2424,.F.);
#4757=ORIENTED_EDGE('',*,*,#3173,.T.);
#4758=ORIENTED_EDGE('',*,*,#3174,.F.);
#4759=ORIENTED_EDGE('',*,*,#3175,.T.);
#4760=ORIENTED_EDGE('',*,*,#3176,.T.);
#4761=ORIENTED_EDGE('',*,*,#3177,.F.);
#4762=ORIENTED_EDGE('',*,*,#3178,.T.);
#4763=ORIENTED_EDGE('',*,*,#3175,.F.);
#4764=ORIENTED_EDGE('',*,*,#3179,.F.);
#4765=ORIENTED_EDGE('',*,*,#3180,.T.);
#4766=ORIENTED_EDGE('',*,*,#3173,.F.);
#4767=ORIENTED_EDGE('',*,*,#3180,.F.);
#4768=ORIENTED_EDGE('',*,*,#3179,.T.);
#4769=ORIENTED_EDGE('',*,*,#3174,.T.);
#4770=ORIENTED_EDGE('',*,*,#3181,.T.);
#4771=ORIENTED_EDGE('',*,*,#3176,.F.);
#4772=ORIENTED_EDGE('',*,*,#3178,.F.);
#4773=ORIENTED_EDGE('',*,*,#3182,.T.);
#4774=ORIENTED_EDGE('',*,*,#2409,.T.);
#4775=ORIENTED_EDGE('',*,*,#2407,.T.);
#4776=ORIENTED_EDGE('',*,*,#3183,.T.);
#4777=ORIENTED_EDGE('',*,*,#2404,.F.);
#4778=ORIENTED_EDGE('',*,*,#3184,.F.);
#4779=ORIENTED_EDGE('',*,*,#3171,.F.);
#4780=ORIENTED_EDGE('',*,*,#2392,.F.);
#4781=ORIENTED_EDGE('',*,*,#2396,.F.);
#4782=ORIENTED_EDGE('',*,*,#2399,.F.);
#4783=ORIENTED_EDGE('',*,*,#2402,.F.);
#4784=ORIENTED_EDGE('',*,*,#2405,.F.);
#4785=ORIENTED_EDGE('',*,*,#3183,.F.);
#4786=ORIENTED_EDGE('',*,*,#2410,.F.);
#4787=ORIENTED_EDGE('',*,*,#3182,.F.);
#4788=ORIENTED_EDGE('',*,*,#3185,.F.);
#4789=ORIENTED_EDGE('',*,*,#2388,.F.);
#4790=ORIENTED_EDGE('',*,*,#3186,.F.);
#4791=ORIENTED_EDGE('',*,*,#2386,.F.);
#4792=ORIENTED_EDGE('',*,*,#2383,.F.);
#4793=ORIENTED_EDGE('',*,*,#2380,.F.);
#4794=ORIENTED_EDGE('',*,*,#2377,.F.);
#4795=ORIENTED_EDGE('',*,*,#3172,.F.);
#4796=ORIENTED_EDGE('',*,*,#2375,.F.);
#4797=ORIENTED_EDGE('',*,*,#2379,.F.);
#4798=ORIENTED_EDGE('',*,*,#2382,.F.);
#4799=ORIENTED_EDGE('',*,*,#2385,.F.);
#4800=ORIENTED_EDGE('',*,*,#3187,.F.);
#4801=ORIENTED_EDGE('',*,*,#2390,.F.);
#4802=ORIENTED_EDGE('',*,*,#3188,.F.);
#4803=ORIENTED_EDGE('',*,*,#3181,.F.);
#4804=ORIENTED_EDGE('',*,*,#2408,.T.);
#4805=ORIENTED_EDGE('',*,*,#3184,.T.);
#4806=ORIENTED_EDGE('',*,*,#2406,.T.);
#4807=ORIENTED_EDGE('',*,*,#2403,.T.);
#4808=ORIENTED_EDGE('',*,*,#2400,.T.);
#4809=ORIENTED_EDGE('',*,*,#2397,.T.);
#4810=ORIENTED_EDGE('',*,*,#2394,.T.);
#4811=ORIENTED_EDGE('',*,*,#3177,.T.);
#4812=ORIENTED_EDGE('',*,*,#3188,.T.);
#4813=ORIENTED_EDGE('',*,*,#2389,.T.);
#4814=ORIENTED_EDGE('',*,*,#3185,.T.);
#4815=ORIENTED_EDGE('',*,*,#2387,.T.);
#4816=ORIENTED_EDGE('',*,*,#3187,.T.);
#4817=ORIENTED_EDGE('',*,*,#2384,.F.);
#4818=ORIENTED_EDGE('',*,*,#3186,.T.);
#4819=CYLINDRICAL_SURFACE('',#5208,0.10075);
#4820=CYLINDRICAL_SURFACE('',#5210,0.10075);
#4821=CYLINDRICAL_SURFACE('',#5211,0.10075);
#4822=CYLINDRICAL_SURFACE('',#5212,0.10075);
#4823=CYLINDRICAL_SURFACE('',#5213,0.10075);
#4824=CYLINDRICAL_SURFACE('',#5215,0.125);
#4825=CYLINDRICAL_SURFACE('',#5217,0.125);
#4826=CYLINDRICAL_SURFACE('',#5218,0.125);
#4827=CYLINDRICAL_SURFACE('',#5219,0.125);
#4828=CYLINDRICAL_SURFACE('',#5220,0.125);
#4829=CYLINDRICAL_SURFACE('',#5221,0.125);
#4830=CYLINDRICAL_SURFACE('',#5225,0.593);
#4831=CYLINDRICAL_SURFACE('',#5228,0.593);
#4832=CYLINDRICAL_SURFACE('',#5317,0.593);
#4833=CYLINDRICAL_SURFACE('',#5321,0.593);
#4834=CYLINDRICAL_SURFACE('',#5325,0.593);
#4835=CYLINDRICAL_SURFACE('',#5329,0.593);
#4836=CYLINDRICAL_SURFACE('',#5333,0.593);
#4837=CYLINDRICAL_SURFACE('',#5337,0.593);
#4838=CYLINDRICAL_SURFACE('',#5341,0.593);
#4839=CYLINDRICAL_SURFACE('',#5345,0.593);
#4840=CYLINDRICAL_SURFACE('',#5349,0.593);
#4841=CYLINDRICAL_SURFACE('',#5353,0.593);
#4842=CYLINDRICAL_SURFACE('',#5357,0.593);
#4843=CYLINDRICAL_SURFACE('',#5361,0.593);
#4844=CYLINDRICAL_SURFACE('',#5365,0.593);
#4845=CYLINDRICAL_SURFACE('',#5369,0.593);
#4846=CYLINDRICAL_SURFACE('',#5373,0.593);
#4847=CYLINDRICAL_SURFACE('',#5377,0.593);
#4848=CYLINDRICAL_SURFACE('',#5381,0.593);
#4849=CYLINDRICAL_SURFACE('',#5385,0.593);
#4850=CYLINDRICAL_SURFACE('',#5389,0.593);
#4851=CYLINDRICAL_SURFACE('',#5393,0.593);
#4852=CYLINDRICAL_SURFACE('',#5397,0.593);
#4853=CYLINDRICAL_SURFACE('',#5401,0.593);
#4854=CYLINDRICAL_SURFACE('',#5405,0.593);
#4855=CYLINDRICAL_SURFACE('',#5409,0.593);
#4856=CYLINDRICAL_SURFACE('',#5413,0.593);
#4857=CYLINDRICAL_SURFACE('',#5417,0.593);
#4858=CYLINDRICAL_SURFACE('',#5421,0.593);
#4859=CYLINDRICAL_SURFACE('',#5425,0.593);
#4860=CYLINDRICAL_SURFACE('',#5429,0.593);
#4861=CYLINDRICAL_SURFACE('',#5433,0.593);
#4862=CYLINDRICAL_SURFACE('',#5437,0.593);
#4863=CYLINDRICAL_SURFACE('',#5441,0.593);
#4864=CYLINDRICAL_SURFACE('',#5445,0.593);
#4865=CYLINDRICAL_SURFACE('',#5449,0.593);
#4866=CYLINDRICAL_SURFACE('',#5453,0.593);
#4867=CYLINDRICAL_SURFACE('',#5457,0.593);
#4868=CYLINDRICAL_SURFACE('',#5461,0.593);
#4869=CYLINDRICAL_SURFACE('',#5465,0.593);
#4870=CYLINDRICAL_SURFACE('',#5469,0.593);
#4871=CYLINDRICAL_SURFACE('',#5473,0.593);
#4872=CYLINDRICAL_SURFACE('',#5477,0.593);
#4873=CYLINDRICAL_SURFACE('',#5481,0.593);
#4874=CYLINDRICAL_SURFACE('',#5485,0.593);
#4875=CYLINDRICAL_SURFACE('',#5489,0.593);
#4876=CYLINDRICAL_SURFACE('',#5493,0.593);
#4877=CYLINDRICAL_SURFACE('',#5497,0.593);
#4878=CYLINDRICAL_SURFACE('',#5501,0.593);
#4879=CYLINDRICAL_SURFACE('',#5505,0.593);
#4880=CYLINDRICAL_SURFACE('',#5509,0.593);
#4881=CYLINDRICAL_SURFACE('',#5513,0.593);
#4882=CYLINDRICAL_SURFACE('',#5517,0.593);
#4883=CYLINDRICAL_SURFACE('',#5521,0.593);
#4884=CYLINDRICAL_SURFACE('',#5525,0.593);
#4885=CYLINDRICAL_SURFACE('',#5529,0.593);
#4886=CYLINDRICAL_SURFACE('',#5533,0.593);
#4887=CYLINDRICAL_SURFACE('',#5537,0.593);
#4888=CYLINDRICAL_SURFACE('',#5541,0.593);
#4889=CYLINDRICAL_SURFACE('',#5545,0.593);
#4890=CYLINDRICAL_SURFACE('',#5549,0.593);
#4891=CYLINDRICAL_SURFACE('',#5553,0.593);
#4892=CYLINDRICAL_SURFACE('',#5557,0.593);
#4893=CYLINDRICAL_SURFACE('',#5561,0.593);
#4894=CYLINDRICAL_SURFACE('',#5565,0.593);
#4895=CYLINDRICAL_SURFACE('',#5569,0.593);
#4896=CYLINDRICAL_SURFACE('',#5573,0.593);
#4897=CYLINDRICAL_SURFACE('',#5577,0.593);
#4898=CYLINDRICAL_SURFACE('',#5581,0.593);
#4899=CYLINDRICAL_SURFACE('',#5585,0.593);
#4900=CYLINDRICAL_SURFACE('',#5589,0.593);
#4901=CYLINDRICAL_SURFACE('',#5593,0.593);
#4902=CYLINDRICAL_SURFACE('',#5597,0.593);
#4903=CYLINDRICAL_SURFACE('',#5601,0.593);
#4904=CYLINDRICAL_SURFACE('',#5605,0.593);
#4905=CYLINDRICAL_SURFACE('',#5609,0.593);
#4906=CYLINDRICAL_SURFACE('',#5613,0.593);
#4907=CYLINDRICAL_SURFACE('',#5617,0.593);
#4908=CYLINDRICAL_SURFACE('',#5621,0.593);
#4909=CYLINDRICAL_SURFACE('',#5625,0.593);
#4910=CYLINDRICAL_SURFACE('',#5629,0.593);
#4911=CYLINDRICAL_SURFACE('',#5633,0.593);
#4912=CYLINDRICAL_SURFACE('',#5637,0.593);
#4913=CYLINDRICAL_SURFACE('',#5641,0.593);
#4914=CYLINDRICAL_SURFACE('',#5650,0.107816105482423);
#4915=CYLINDRICAL_SURFACE('',#5655,0.4835);
#4916=CYLINDRICAL_SURFACE('',#5659,0.125);
#4917=CYLINDRICAL_SURFACE('',#5661,0.10075);
#4918=ADVANCED_FACE('',(#531),#4819,.F.);
#4919=ADVANCED_FACE('',(#532),#4820,.F.);
#4920=ADVANCED_FACE('',(#533),#4821,.F.);
#4921=ADVANCED_FACE('',(#534),#4822,.F.);
#4922=ADVANCED_FACE('',(#535),#4823,.F.);
#4923=ADVANCED_FACE('',(#536),#4824,.F.);
#4924=ADVANCED_FACE('',(#537),#4825,.F.);
#4925=ADVANCED_FACE('',(#538),#4826,.F.);
#4926=ADVANCED_FACE('',(#539),#4827,.F.);
#4927=ADVANCED_FACE('',(#540),#4828,.F.);
#4928=ADVANCED_FACE('',(#541),#4829,.F.);
#4929=ADVANCED_FACE('',(#542),#358,.F.);
#4930=ADVANCED_FACE('',(#543),#359,.F.);
#4931=ADVANCED_FACE('',(#544),#4830,.T.);
#4932=ADVANCED_FACE('',(#545),#4831,.T.);
#4933=ADVANCED_FACE('',(#546),#20,.T.);
#4934=ADVANCED_FACE('',(#547),#360,.F.);
#4935=ADVANCED_FACE('',(#548),#361,.F.);
#4936=ADVANCED_FACE('',(#549),#4832,.T.);
#4937=ADVANCED_FACE('',(#550),#362,.F.);
#4938=ADVANCED_FACE('',(#551),#363,.F.);
#4939=ADVANCED_FACE('',(#552),#4833,.T.);
#4940=ADVANCED_FACE('',(#553),#364,.F.);
#4941=ADVANCED_FACE('',(#554),#365,.F.);
#4942=ADVANCED_FACE('',(#555),#4834,.T.);
#4943=ADVANCED_FACE('',(#556),#366,.F.);
#4944=ADVANCED_FACE('',(#557),#367,.F.);
#4945=ADVANCED_FACE('',(#558),#4835,.T.);
#4946=ADVANCED_FACE('',(#559),#368,.F.);
#4947=ADVANCED_FACE('',(#560),#369,.F.);
#4948=ADVANCED_FACE('',(#561),#4836,.T.);
#4949=ADVANCED_FACE('',(#562),#370,.F.);
#4950=ADVANCED_FACE('',(#563),#371,.F.);
#4951=ADVANCED_FACE('',(#564),#4837,.T.);
#4952=ADVANCED_FACE('',(#565),#372,.F.);
#4953=ADVANCED_FACE('',(#566),#373,.F.);
#4954=ADVANCED_FACE('',(#567),#4838,.T.);
#4955=ADVANCED_FACE('',(#568),#374,.F.);
#4956=ADVANCED_FACE('',(#569),#375,.F.);
#4957=ADVANCED_FACE('',(#570),#4839,.T.);
#4958=ADVANCED_FACE('',(#571),#376,.F.);
#4959=ADVANCED_FACE('',(#572),#377,.F.);
#4960=ADVANCED_FACE('',(#573),#4840,.T.);
#4961=ADVANCED_FACE('',(#574),#378,.F.);
#4962=ADVANCED_FACE('',(#575),#379,.F.);
#4963=ADVANCED_FACE('',(#576),#4841,.T.);
#4964=ADVANCED_FACE('',(#577),#380,.F.);
#4965=ADVANCED_FACE('',(#578),#381,.F.);
#4966=ADVANCED_FACE('',(#579),#4842,.T.);
#4967=ADVANCED_FACE('',(#580),#382,.F.);
#4968=ADVANCED_FACE('',(#581),#383,.F.);
#4969=ADVANCED_FACE('',(#582),#4843,.T.);
#4970=ADVANCED_FACE('',(#583),#384,.F.);
#4971=ADVANCED_FACE('',(#584),#385,.F.);
#4972=ADVANCED_FACE('',(#585),#4844,.T.);
#4973=ADVANCED_FACE('',(#586),#386,.F.);
#4974=ADVANCED_FACE('',(#587),#387,.F.);
#4975=ADVANCED_FACE('',(#588),#4845,.T.);
#4976=ADVANCED_FACE('',(#589),#388,.F.);
#4977=ADVANCED_FACE('',(#590),#389,.F.);
#4978=ADVANCED_FACE('',(#591),#4846,.T.);
#4979=ADVANCED_FACE('',(#592),#390,.F.);
#4980=ADVANCED_FACE('',(#593),#391,.F.);
#4981=ADVANCED_FACE('',(#594),#4847,.T.);
#4982=ADVANCED_FACE('',(#595),#392,.F.);
#4983=ADVANCED_FACE('',(#596),#393,.F.);
#4984=ADVANCED_FACE('',(#597),#4848,.T.);
#4985=ADVANCED_FACE('',(#598),#394,.F.);
#4986=ADVANCED_FACE('',(#599),#395,.F.);
#4987=ADVANCED_FACE('',(#600),#4849,.T.);
#4988=ADVANCED_FACE('',(#601),#396,.F.);
#4989=ADVANCED_FACE('',(#602),#397,.F.);
#4990=ADVANCED_FACE('',(#603),#4850,.T.);
#4991=ADVANCED_FACE('',(#604),#398,.F.);
#4992=ADVANCED_FACE('',(#605),#399,.F.);
#4993=ADVANCED_FACE('',(#606),#4851,.T.);
#4994=ADVANCED_FACE('',(#607),#400,.F.);
#4995=ADVANCED_FACE('',(#608),#401,.F.);
#4996=ADVANCED_FACE('',(#609),#4852,.T.);
#4997=ADVANCED_FACE('',(#610),#402,.F.);
#4998=ADVANCED_FACE('',(#611),#403,.F.);
#4999=ADVANCED_FACE('',(#612),#4853,.T.);
#5000=ADVANCED_FACE('',(#613),#404,.F.);
#5001=ADVANCED_FACE('',(#614),#405,.F.);
#5002=ADVANCED_FACE('',(#615),#4854,.T.);
#5003=ADVANCED_FACE('',(#616),#406,.F.);
#5004=ADVANCED_FACE('',(#617),#407,.F.);
#5005=ADVANCED_FACE('',(#618),#4855,.T.);
#5006=ADVANCED_FACE('',(#619),#408,.F.);
#5007=ADVANCED_FACE('',(#620),#409,.F.);
#5008=ADVANCED_FACE('',(#621),#4856,.T.);
#5009=ADVANCED_FACE('',(#622),#410,.F.);
#5010=ADVANCED_FACE('',(#623),#411,.F.);
#5011=ADVANCED_FACE('',(#624),#4857,.T.);
#5012=ADVANCED_FACE('',(#625),#412,.F.);
#5013=ADVANCED_FACE('',(#626),#413,.F.);
#5014=ADVANCED_FACE('',(#627),#4858,.T.);
#5015=ADVANCED_FACE('',(#628),#414,.F.);
#5016=ADVANCED_FACE('',(#629),#415,.F.);
#5017=ADVANCED_FACE('',(#630),#4859,.T.);
#5018=ADVANCED_FACE('',(#631),#416,.F.);
#5019=ADVANCED_FACE('',(#632),#417,.F.);
#5020=ADVANCED_FACE('',(#633),#4860,.T.);
#5021=ADVANCED_FACE('',(#634),#418,.F.);
#5022=ADVANCED_FACE('',(#635),#419,.F.);
#5023=ADVANCED_FACE('',(#636),#4861,.T.);
#5024=ADVANCED_FACE('',(#637),#420,.F.);
#5025=ADVANCED_FACE('',(#638),#421,.F.);
#5026=ADVANCED_FACE('',(#639),#4862,.T.);
#5027=ADVANCED_FACE('',(#640),#422,.F.);
#5028=ADVANCED_FACE('',(#641),#423,.F.);
#5029=ADVANCED_FACE('',(#642),#4863,.T.);
#5030=ADVANCED_FACE('',(#643),#424,.F.);
#5031=ADVANCED_FACE('',(#644),#425,.F.);
#5032=ADVANCED_FACE('',(#645),#4864,.T.);
#5033=ADVANCED_FACE('',(#646),#426,.F.);
#5034=ADVANCED_FACE('',(#647),#427,.F.);
#5035=ADVANCED_FACE('',(#648),#4865,.T.);
#5036=ADVANCED_FACE('',(#649),#428,.F.);
#5037=ADVANCED_FACE('',(#650),#429,.F.);
#5038=ADVANCED_FACE('',(#651),#4866,.T.);
#5039=ADVANCED_FACE('',(#652),#430,.F.);
#5040=ADVANCED_FACE('',(#653),#431,.F.);
#5041=ADVANCED_FACE('',(#654),#4867,.T.);
#5042=ADVANCED_FACE('',(#655),#432,.F.);
#5043=ADVANCED_FACE('',(#656),#433,.F.);
#5044=ADVANCED_FACE('',(#657),#4868,.T.);
#5045=ADVANCED_FACE('',(#658),#434,.F.);
#5046=ADVANCED_FACE('',(#659),#435,.F.);
#5047=ADVANCED_FACE('',(#660),#4869,.T.);
#5048=ADVANCED_FACE('',(#661),#436,.F.);
#5049=ADVANCED_FACE('',(#662),#437,.F.);
#5050=ADVANCED_FACE('',(#663),#4870,.T.);
#5051=ADVANCED_FACE('',(#664),#438,.F.);
#5052=ADVANCED_FACE('',(#665),#439,.F.);
#5053=ADVANCED_FACE('',(#666),#4871,.T.);
#5054=ADVANCED_FACE('',(#667),#440,.F.);
#5055=ADVANCED_FACE('',(#668),#441,.F.);
#5056=ADVANCED_FACE('',(#669),#4872,.T.);
#5057=ADVANCED_FACE('',(#670),#442,.F.);
#5058=ADVANCED_FACE('',(#671),#443,.F.);
#5059=ADVANCED_FACE('',(#672),#4873,.T.);
#5060=ADVANCED_FACE('',(#673),#444,.F.);
#5061=ADVANCED_FACE('',(#674),#445,.F.);
#5062=ADVANCED_FACE('',(#675),#4874,.T.);
#5063=ADVANCED_FACE('',(#676),#446,.F.);
#5064=ADVANCED_FACE('',(#677),#447,.F.);
#5065=ADVANCED_FACE('',(#678),#4875,.T.);
#5066=ADVANCED_FACE('',(#679),#448,.F.);
#5067=ADVANCED_FACE('',(#680),#449,.F.);
#5068=ADVANCED_FACE('',(#681),#4876,.T.);
#5069=ADVANCED_FACE('',(#682),#450,.F.);
#5070=ADVANCED_FACE('',(#683),#451,.F.);
#5071=ADVANCED_FACE('',(#684),#4877,.T.);
#5072=ADVANCED_FACE('',(#685),#452,.F.);
#5073=ADVANCED_FACE('',(#686),#453,.F.);
#5074=ADVANCED_FACE('',(#687),#4878,.T.);
#5075=ADVANCED_FACE('',(#688),#454,.F.);
#5076=ADVANCED_FACE('',(#689),#455,.F.);
#5077=ADVANCED_FACE('',(#690),#4879,.T.);
#5078=ADVANCED_FACE('',(#691),#456,.F.);
#5079=ADVANCED_FACE('',(#692),#457,.F.);
#5080=ADVANCED_FACE('',(#693),#4880,.T.);
#5081=ADVANCED_FACE('',(#694),#458,.F.);
#5082=ADVANCED_FACE('',(#695),#459,.F.);
#5083=ADVANCED_FACE('',(#696),#4881,.T.);
#5084=ADVANCED_FACE('',(#697),#460,.F.);
#5085=ADVANCED_FACE('',(#698),#461,.F.);
#5086=ADVANCED_FACE('',(#699),#4882,.T.);
#5087=ADVANCED_FACE('',(#700),#462,.F.);
#5088=ADVANCED_FACE('',(#701),#463,.F.);
#5089=ADVANCED_FACE('',(#702),#4883,.T.);
#5090=ADVANCED_FACE('',(#703),#464,.F.);
#5091=ADVANCED_FACE('',(#704),#465,.F.);
#5092=ADVANCED_FACE('',(#705),#4884,.T.);
#5093=ADVANCED_FACE('',(#706),#466,.F.);
#5094=ADVANCED_FACE('',(#707),#467,.F.);
#5095=ADVANCED_FACE('',(#708),#4885,.T.);
#5096=ADVANCED_FACE('',(#709),#468,.F.);
#5097=ADVANCED_FACE('',(#710),#469,.F.);
#5098=ADVANCED_FACE('',(#711),#4886,.T.);
#5099=ADVANCED_FACE('',(#712),#470,.F.);
#5100=ADVANCED_FACE('',(#713),#471,.F.);
#5101=ADVANCED_FACE('',(#714),#4887,.T.);
#5102=ADVANCED_FACE('',(#715),#472,.F.);
#5103=ADVANCED_FACE('',(#716),#473,.F.);
#5104=ADVANCED_FACE('',(#717),#4888,.T.);
#5105=ADVANCED_FACE('',(#718),#474,.F.);
#5106=ADVANCED_FACE('',(#719),#475,.F.);
#5107=ADVANCED_FACE('',(#720),#4889,.T.);
#5108=ADVANCED_FACE('',(#721),#476,.F.);
#5109=ADVANCED_FACE('',(#722),#477,.F.);
#5110=ADVANCED_FACE('',(#723),#4890,.T.);
#5111=ADVANCED_FACE('',(#724),#478,.F.);
#5112=ADVANCED_FACE('',(#725),#479,.F.);
#5113=ADVANCED_FACE('',(#726),#4891,.T.);
#5114=ADVANCED_FACE('',(#727),#480,.F.);
#5115=ADVANCED_FACE('',(#728),#481,.F.);
#5116=ADVANCED_FACE('',(#729),#4892,.T.);
#5117=ADVANCED_FACE('',(#730),#482,.F.);
#5118=ADVANCED_FACE('',(#731),#483,.F.);
#5119=ADVANCED_FACE('',(#732),#4893,.T.);
#5120=ADVANCED_FACE('',(#733),#484,.F.);
#5121=ADVANCED_FACE('',(#734),#485,.F.);
#5122=ADVANCED_FACE('',(#735),#4894,.T.);
#5123=ADVANCED_FACE('',(#736),#486,.F.);
#5124=ADVANCED_FACE('',(#737),#487,.F.);
#5125=ADVANCED_FACE('',(#738),#4895,.T.);
#5126=ADVANCED_FACE('',(#739),#488,.F.);
#5127=ADVANCED_FACE('',(#740),#489,.F.);
#5128=ADVANCED_FACE('',(#741),#4896,.T.);
#5129=ADVANCED_FACE('',(#742),#490,.F.);
#5130=ADVANCED_FACE('',(#743),#491,.F.);
#5131=ADVANCED_FACE('',(#744),#4897,.T.);
#5132=ADVANCED_FACE('',(#745),#492,.F.);
#5133=ADVANCED_FACE('',(#746),#493,.F.);
#5134=ADVANCED_FACE('',(#747),#4898,.T.);
#5135=ADVANCED_FACE('',(#748),#494,.F.);
#5136=ADVANCED_FACE('',(#749),#495,.F.);
#5137=ADVANCED_FACE('',(#750),#4899,.T.);
#5138=ADVANCED_FACE('',(#751),#496,.F.);
#5139=ADVANCED_FACE('',(#752),#497,.F.);
#5140=ADVANCED_FACE('',(#753),#4900,.T.);
#5141=ADVANCED_FACE('',(#754),#498,.F.);
#5142=ADVANCED_FACE('',(#755),#499,.F.);
#5143=ADVANCED_FACE('',(#756),#4901,.T.);
#5144=ADVANCED_FACE('',(#757),#500,.F.);
#5145=ADVANCED_FACE('',(#758),#501,.F.);
#5146=ADVANCED_FACE('',(#759),#4902,.T.);
#5147=ADVANCED_FACE('',(#760),#502,.F.);
#5148=ADVANCED_FACE('',(#761),#503,.F.);
#5149=ADVANCED_FACE('',(#762),#4903,.T.);
#5150=ADVANCED_FACE('',(#763),#504,.F.);
#5151=ADVANCED_FACE('',(#764),#505,.F.);
#5152=ADVANCED_FACE('',(#765),#4904,.T.);
#5153=ADVANCED_FACE('',(#766),#506,.F.);
#5154=ADVANCED_FACE('',(#767),#507,.F.);
#5155=ADVANCED_FACE('',(#768),#4905,.T.);
#5156=ADVANCED_FACE('',(#769),#508,.F.);
#5157=ADVANCED_FACE('',(#770),#509,.F.);
#5158=ADVANCED_FACE('',(#771),#4906,.T.);
#5159=ADVANCED_FACE('',(#772),#510,.F.);
#5160=ADVANCED_FACE('',(#773),#511,.F.);
#5161=ADVANCED_FACE('',(#774),#4907,.T.);
#5162=ADVANCED_FACE('',(#775),#512,.F.);
#5163=ADVANCED_FACE('',(#776),#513,.F.);
#5164=ADVANCED_FACE('',(#777),#4908,.T.);
#5165=ADVANCED_FACE('',(#778),#514,.F.);
#5166=ADVANCED_FACE('',(#779),#515,.F.);
#5167=ADVANCED_FACE('',(#780),#4909,.T.);
#5168=ADVANCED_FACE('',(#781),#516,.F.);
#5169=ADVANCED_FACE('',(#782),#517,.F.);
#5170=ADVANCED_FACE('',(#783),#4910,.T.);
#5171=ADVANCED_FACE('',(#784),#518,.F.);
#5172=ADVANCED_FACE('',(#785),#519,.F.);
#5173=ADVANCED_FACE('',(#786),#4911,.T.);
#5174=ADVANCED_FACE('',(#787),#520,.F.);
#5175=ADVANCED_FACE('',(#788),#521,.F.);
#5176=ADVANCED_FACE('',(#789),#4912,.T.);
#5177=ADVANCED_FACE('',(#790),#522,.F.);
#5178=ADVANCED_FACE('',(#791),#523,.F.);
#5179=ADVANCED_FACE('',(#792),#4913,.T.);
#5180=ADVANCED_FACE('',(#793),#524,.F.);
#5181=ADVANCED_FACE('',(#794),#525,.F.);
#5182=ADVANCED_FACE('',(#795),#21,.T.);
#5183=ADVANCED_FACE('',(#796,#17),#526,.F.);
#5184=ADVANCED_FACE('',(#797,#18),#527,.T.);
#5185=ADVANCED_FACE('',(#798),#4914,.F.);
#5186=ADVANCED_FACE('',(#799),#4915,.T.);
#5187=ADVANCED_FACE('',(#800,#19),#528,.T.);
#5188=ADVANCED_FACE('',(#801),#529,.F.);
#5189=ADVANCED_FACE('',(#802),#4916,.F.);
#5190=ADVANCED_FACE('',(#803),#15,.F.);
#5191=ADVANCED_FACE('',(#804),#16,.F.);
#5192=ADVANCED_FACE('',(#805),#530,.T.);
#5193=ADVANCED_FACE('',(#806),#4917,.F.);
#5194=CLOSED_SHELL('',(#4918,#4919,#4920,#4921,#4922,#4923,#4924,#4925,
#4926,#4927,#4928,#4929,#4930,#4931,#4932,#4933,#4934,#4935,#4936,#4937,
#4938,#4939,#4940,#4941,#4942,#4943,#4944,#4945,#4946,#4947,#4948,#4949,
#4950,#4951,#4952,#4953,#4954,#4955,#4956,#4957,#4958,#4959,#4960,#4961,
#4962,#4963,#4964,#4965,#4966,#4967,#4968,#4969,#4970,#4971,#4972,#4973,
#4974,#4975,#4976,#4977,#4978,#4979,#4980,#4981,#4982,#4983,#4984,#4985,
#4986,#4987,#4988,#4989,#4990,#4991,#4992,#4993,#4994,#4995,#4996,#4997,
#4998,#4999,#5000,#5001,#5002,#5003,#5004,#5005,#5006,#5007,#5008,#5009,
#5010,#5011,#5012,#5013,#5014,#5015,#5016,#5017,#5018,#5019,#5020,#5021,
#5022,#5023,#5024,#5025,#5026,#5027,#5028,#5029,#5030,#5031,#5032,#5033,
#5034,#5035,#5036,#5037,#5038,#5039,#5040,#5041,#5042,#5043,#5044,#5045,
#5046,#5047,#5048,#5049,#5050,#5051,#5052,#5053,#5054,#5055,#5056,#5057,
#5058,#5059,#5060,#5061,#5062,#5063,#5064,#5065,#5066,#5067,#5068,#5069,
#5070,#5071,#5072,#5073,#5074,#5075,#5076,#5077,#5078,#5079,#5080,#5081,
#5082,#5083,#5084,#5085,#5086,#5087,#5088,#5089,#5090,#5091,#5092,#5093,
#5094,#5095,#5096,#5097,#5098,#5099,#5100,#5101,#5102,#5103,#5104,#5105,
#5106,#5107,#5108,#5109,#5110,#5111,#5112,#5113,#5114,#5115,#5116,#5117,
#5118,#5119,#5120,#5121,#5122,#5123,#5124,#5125,#5126,#5127,#5128,#5129,
#5130,#5131,#5132,#5133,#5134,#5135,#5136,#5137,#5138,#5139,#5140,#5141,
#5142,#5143,#5144,#5145,#5146,#5147,#5148,#5149,#5150,#5151,#5152,#5153,
#5154,#5155,#5156,#5157,#5158,#5159,#5160,#5161,#5162,#5163,#5164,#5165,
#5166,#5167,#5168,#5169,#5170,#5171,#5172,#5173,#5174,#5175,#5176,#5177,
#5178,#5179,#5180,#5181,#5182,#5183,#5184,#5185,#5186,#5187,#5188,#5189,
#5190,#5191,#5192,#5193));
#5195=DERIVED_UNIT_ELEMENT(#5197,1.);
#5196=DERIVED_UNIT_ELEMENT(#9990,-3.);
#5197=(
MASS_UNIT()
NAMED_UNIT(*)
SI_UNIT(.KILO.,.GRAM.)
);
#5198=DERIVED_UNIT((#5195,#5196));
#5199=MEASURE_REPRESENTATION_ITEM('density measure',
POSITIVE_RATIO_MEASURE(7850.),#5198);
#5200=PROPERTY_DEFINITION_REPRESENTATION(#5205,#5202);
#5201=PROPERTY_DEFINITION_REPRESENTATION(#5206,#5203);
#5202=REPRESENTATION('material name',(#5204),#9985);
#5203=REPRESENTATION('density',(#5199),#9985);
#5204=DESCRIPTIVE_REPRESENTATION_ITEM('Steel','Steel');
#5205=PROPERTY_DEFINITION('material property','material name',#9998);
#5206=PROPERTY_DEFINITION('material property','density of part',#9998);
#5207=AXIS2_PLACEMENT_3D('',#6839,#5662,#5663);
#5208=AXIS2_PLACEMENT_3D('',#6840,#5664,#5665);
#5209=AXIS2_PLACEMENT_3D('',#6859,#5667,#5668);
#5210=AXIS2_PLACEMENT_3D('',#6882,#5669,#5670);
#5211=AXIS2_PLACEMENT_3D('',#6933,#5672,#5673);
#5212=AXIS2_PLACEMENT_3D('',#6984,#5675,#5676);
#5213=AXIS2_PLACEMENT_3D('',#7035,#5678,#5679);
#5214=AXIS2_PLACEMENT_3D('',#7054,#5681,#5682);
#5215=AXIS2_PLACEMENT_3D('',#7077,#5683,#5684);
#5216=AXIS2_PLACEMENT_3D('',#7088,#5686,#5687);
#5217=AXIS2_PLACEMENT_3D('',#7095,#5688,#5689);
#5218=AXIS2_PLACEMENT_3D('',#7120,#5691,#5692);
#5219=AXIS2_PLACEMENT_3D('',#7144,#5694,#5695);
#5220=AXIS2_PLACEMENT_3D('',#7170,#5697,#5698);
#5221=AXIS2_PLACEMENT_3D('',#7194,#5700,#5701);
#5222=AXIS2_PLACEMENT_3D('',#7205,#5703,#5704);
#5223=AXIS2_PLACEMENT_3D('',#7212,#5705,#5706);
#5224=AXIS2_PLACEMENT_3D('',#7225,#5709,#5710);
#5225=AXIS2_PLACEMENT_3D('',#7235,#5712,#5713);
#5226=AXIS2_PLACEMENT_3D('',#7237,#5714,#5715);
#5227=AXIS2_PLACEMENT_3D('',#7240,#5717,#5718);
#5228=AXIS2_PLACEMENT_3D('',#7241,#5719,#5720);
#5229=AXIS2_PLACEMENT_3D('',#7243,#5721,#5722);
#5230=AXIS2_PLACEMENT_3D('',#7246,#5724,#5725);
#5231=AXIS2_PLACEMENT_3D('',#7247,#5726,#5727);
#5232=AXIS2_PLACEMENT_3D('',#7249,#5728,#5729);
#5233=AXIS2_PLACEMENT_3D('',#7257,#5731,#5732);
#5234=AXIS2_PLACEMENT_3D('',#7267,#5733,#5734);
#5235=AXIS2_PLACEMENT_3D('',#7277,#5735,#5736);
#5236=AXIS2_PLACEMENT_3D('',#7287,#5737,#5738);
#5237=AXIS2_PLACEMENT_3D('',#7297,#5739,#5740);
#5238=AXIS2_PLACEMENT_3D('',#7307,#5741,#5742);
#5239=AXIS2_PLACEMENT_3D('',#7317,#5743,#5744);
#5240=AXIS2_PLACEMENT_3D('',#7327,#5745,#5746);
#5241=AXIS2_PLACEMENT_3D('',#7337,#5747,#5748);
#5242=AXIS2_PLACEMENT_3D('',#7347,#5749,#5750);
#5243=AXIS2_PLACEMENT_3D('',#7357,#5751,#5752);
#5244=AXIS2_PLACEMENT_3D('',#7367,#5753,#5754);
#5245=AXIS2_PLACEMENT_3D('',#7377,#5755,#5756);
#5246=AXIS2_PLACEMENT_3D('',#7387,#5757,#5758);
#5247=AXIS2_PLACEMENT_3D('',#7397,#5759,#5760);
#5248=AXIS2_PLACEMENT_3D('',#7407,#5761,#5762);
#5249=AXIS2_PLACEMENT_3D('',#7417,#5763,#5764);
#5250=AXIS2_PLACEMENT_3D('',#7427,#5765,#5766);
#5251=AXIS2_PLACEMENT_3D('',#7437,#5767,#5768);
#5252=AXIS2_PLACEMENT_3D('',#7447,#5769,#5770);
#5253=AXIS2_PLACEMENT_3D('',#7457,#5771,#5772);
#5254=AXIS2_PLACEMENT_3D('',#7467,#5773,#5774);
#5255=AXIS2_PLACEMENT_3D('',#7477,#5775,#5776);
#5256=AXIS2_PLACEMENT_3D('',#7487,#5777,#5778);
#5257=AXIS2_PLACEMENT_3D('',#7497,#5779,#5780);
#5258=AXIS2_PLACEMENT_3D('',#7507,#5781,#5782);
#5259=AXIS2_PLACEMENT_3D('',#7517,#5783,#5784);
#5260=AXIS2_PLACEMENT_3D('',#7527,#5785,#5786);
#5261=AXIS2_PLACEMENT_3D('',#7537,#5787,#5788);
#5262=AXIS2_PLACEMENT_3D('',#7547,#5789,#5790);
#5263=AXIS2_PLACEMENT_3D('',#7557,#5791,#5792);
#5264=AXIS2_PLACEMENT_3D('',#7567,#5793,#5794);
#5265=AXIS2_PLACEMENT_3D('',#7577,#5795,#5796);
#5266=AXIS2_PLACEMENT_3D('',#7587,#5797,#5798);
#5267=AXIS2_PLACEMENT_3D('',#7597,#5799,#5800);
#5268=AXIS2_PLACEMENT_3D('',#7607,#5801,#5802);
#5269=AXIS2_PLACEMENT_3D('',#7617,#5803,#5804);
#5270=AXIS2_PLACEMENT_3D('',#7627,#5805,#5806);
#5271=AXIS2_PLACEMENT_3D('',#7637,#5807,#5808);
#5272=AXIS2_PLACEMENT_3D('',#7647,#5809,#5810);
#5273=AXIS2_PLACEMENT_3D('',#7657,#5811,#5812);
#5274=AXIS2_PLACEMENT_3D('',#7667,#5813,#5814);
#5275=AXIS2_PLACEMENT_3D('',#7677,#5815,#5816);
#5276=AXIS2_PLACEMENT_3D('',#7687,#5817,#5818);
#5277=AXIS2_PLACEMENT_3D('',#7697,#5819,#5820);
#5278=AXIS2_PLACEMENT_3D('',#7707,#5821,#5822);
#5279=AXIS2_PLACEMENT_3D('',#7717,#5823,#5824);
#5280=AXIS2_PLACEMENT_3D('',#7727,#5825,#5826);
#5281=AXIS2_PLACEMENT_3D('',#7737,#5827,#5828);
#5282=AXIS2_PLACEMENT_3D('',#7747,#5829,#5830);
#5283=AXIS2_PLACEMENT_3D('',#7757,#5831,#5832);
#5284=AXIS2_PLACEMENT_3D('',#7767,#5833,#5834);
#5285=AXIS2_PLACEMENT_3D('',#7777,#5835,#5836);
#5286=AXIS2_PLACEMENT_3D('',#7787,#5837,#5838);
#5287=AXIS2_PLACEMENT_3D('',#7797,#5839,#5840);
#5288=AXIS2_PLACEMENT_3D('',#7807,#5841,#5842);
#5289=AXIS2_PLACEMENT_3D('',#7817,#5843,#5844);
#5290=AXIS2_PLACEMENT_3D('',#7827,#5845,#5846);
#5291=AXIS2_PLACEMENT_3D('',#7837,#5847,#5848);
#5292=AXIS2_PLACEMENT_3D('',#7847,#5849,#5850);
#5293=AXIS2_PLACEMENT_3D('',#7857,#5851,#5852);
#5294=AXIS2_PLACEMENT_3D('',#7874,#5853,#5854);
#5295=AXIS2_PLACEMENT_3D('',#7884,#5855,#5856);
#5296=AXIS2_PLACEMENT_3D('',#7894,#5857,#5858);
#5297=AXIS2_PLACEMENT_3D('',#7904,#5859,#5860);
#5298=AXIS2_PLACEMENT_3D('',#7914,#5861,#5862);
#5299=AXIS2_PLACEMENT_3D('',#7924,#5863,#5864);
#5300=AXIS2_PLACEMENT_3D('',#7934,#5865,#5866);
#5301=AXIS2_PLACEMENT_3D('',#7944,#5867,#5868);
#5302=AXIS2_PLACEMENT_3D('',#7954,#5869,#5870);
#5303=AXIS2_PLACEMENT_3D('',#7964,#5871,#5872);
#5304=AXIS2_PLACEMENT_3D('',#7974,#5873,#5874);
#5305=AXIS2_PLACEMENT_3D('',#7984,#5875,#5876);
#5306=AXIS2_PLACEMENT_3D('',#7994,#5877,#5878);
#5307=AXIS2_PLACEMENT_3D('',#8004,#5879,#5880);
#5308=AXIS2_PLACEMENT_3D('',#8014,#5881,#5882);
#5309=AXIS2_PLACEMENT_3D('',#8024,#5883,#5884);
#5310=AXIS2_PLACEMENT_3D('',#8034,#5885,#5886);
#5311=AXIS2_PLACEMENT_3D('',#8044,#5887,#5888);
#5312=AXIS2_PLACEMENT_3D('',#8054,#5889,#5890);
#5313=AXIS2_PLACEMENT_3D('',#8064,#5891,#5892);
#5314=AXIS2_PLACEMENT_3D('',#8074,#5893,#5894);
#5315=AXIS2_PLACEMENT_3D('',#8078,#5895,#5896);
#5316=AXIS2_PLACEMENT_3D('',#8084,#5898,#5899);
#5317=AXIS2_PLACEMENT_3D('',#8090,#5901,#5902);
#5318=AXIS2_PLACEMENT_3D('',#8093,#5904,#5905);
#5319=AXIS2_PLACEMENT_3D('',#8094,#5906,#5907);
#5320=AXIS2_PLACEMENT_3D('',#8100,#5909,#5910);
#5321=AXIS2_PLACEMENT_3D('',#8106,#5912,#5913);
#5322=AXIS2_PLACEMENT_3D('',#8109,#5915,#5916);
#5323=AXIS2_PLACEMENT_3D('',#8110,#5917,#5918);
#5324=AXIS2_PLACEMENT_3D('',#8116,#5920,#5921);
#5325=AXIS2_PLACEMENT_3D('',#8122,#5923,#5924);
#5326=AXIS2_PLACEMENT_3D('',#8125,#5926,#5927);
#5327=AXIS2_PLACEMENT_3D('',#8126,#5928,#5929);
#5328=AXIS2_PLACEMENT_3D('',#8132,#5931,#5932);
#5329=AXIS2_PLACEMENT_3D('',#8138,#5934,#5935);
#5330=AXIS2_PLACEMENT_3D('',#8141,#5937,#5938);
#5331=AXIS2_PLACEMENT_3D('',#8142,#5939,#5940);
#5332=AXIS2_PLACEMENT_3D('',#8148,#5942,#5943);
#5333=AXIS2_PLACEMENT_3D('',#8154,#5945,#5946);
#5334=AXIS2_PLACEMENT_3D('',#8157,#5948,#5949);
#5335=AXIS2_PLACEMENT_3D('',#8158,#5950,#5951);
#5336=AXIS2_PLACEMENT_3D('',#8164,#5953,#5954);
#5337=AXIS2_PLACEMENT_3D('',#8170,#5956,#5957);
#5338=AXIS2_PLACEMENT_3D('',#8173,#5959,#5960);
#5339=AXIS2_PLACEMENT_3D('',#8174,#5961,#5962);
#5340=AXIS2_PLACEMENT_3D('',#8180,#5964,#5965);
#5341=AXIS2_PLACEMENT_3D('',#8186,#5967,#5968);
#5342=AXIS2_PLACEMENT_3D('',#8189,#5970,#5971);
#5343=AXIS2_PLACEMENT_3D('',#8190,#5972,#5973);
#5344=AXIS2_PLACEMENT_3D('',#8196,#5975,#5976);
#5345=AXIS2_PLACEMENT_3D('',#8202,#5978,#5979);
#5346=AXIS2_PLACEMENT_3D('',#8205,#5981,#5982);
#5347=AXIS2_PLACEMENT_3D('',#8206,#5983,#5984);
#5348=AXIS2_PLACEMENT_3D('',#8212,#5986,#5987);
#5349=AXIS2_PLACEMENT_3D('',#8218,#5989,#5990);
#5350=AXIS2_PLACEMENT_3D('',#8221,#5992,#5993);
#5351=AXIS2_PLACEMENT_3D('',#8222,#5994,#5995);
#5352=AXIS2_PLACEMENT_3D('',#8228,#5997,#5998);
#5353=AXIS2_PLACEMENT_3D('',#8234,#6000,#6001);
#5354=AXIS2_PLACEMENT_3D('',#8237,#6003,#6004);
#5355=AXIS2_PLACEMENT_3D('',#8238,#6005,#6006);
#5356=AXIS2_PLACEMENT_3D('',#8244,#6008,#6009);
#5357=AXIS2_PLACEMENT_3D('',#8250,#6011,#6012);
#5358=AXIS2_PLACEMENT_3D('',#8253,#6014,#6015);
#5359=AXIS2_PLACEMENT_3D('',#8254,#6016,#6017);
#5360=AXIS2_PLACEMENT_3D('',#8260,#6019,#6020);
#5361=AXIS2_PLACEMENT_3D('',#8266,#6022,#6023);
#5362=AXIS2_PLACEMENT_3D('',#8269,#6025,#6026);
#5363=AXIS2_PLACEMENT_3D('',#8270,#6027,#6028);
#5364=AXIS2_PLACEMENT_3D('',#8276,#6030,#6031);
#5365=AXIS2_PLACEMENT_3D('',#8282,#6033,#6034);
#5366=AXIS2_PLACEMENT_3D('',#8285,#6036,#6037);
#5367=AXIS2_PLACEMENT_3D('',#8286,#6038,#6039);
#5368=AXIS2_PLACEMENT_3D('',#8292,#6041,#6042);
#5369=AXIS2_PLACEMENT_3D('',#8298,#6044,#6045);
#5370=AXIS2_PLACEMENT_3D('',#8301,#6047,#6048);
#5371=AXIS2_PLACEMENT_3D('',#8302,#6049,#6050);
#5372=AXIS2_PLACEMENT_3D('',#8308,#6052,#6053);
#5373=AXIS2_PLACEMENT_3D('',#8314,#6055,#6056);
#5374=AXIS2_PLACEMENT_3D('',#8317,#6058,#6059);
#5375=AXIS2_PLACEMENT_3D('',#8318,#6060,#6061);
#5376=AXIS2_PLACEMENT_3D('',#8324,#6063,#6064);
#5377=AXIS2_PLACEMENT_3D('',#8330,#6066,#6067);
#5378=AXIS2_PLACEMENT_3D('',#8333,#6069,#6070);
#5379=AXIS2_PLACEMENT_3D('',#8334,#6071,#6072);
#5380=AXIS2_PLACEMENT_3D('',#8340,#6074,#6075);
#5381=AXIS2_PLACEMENT_3D('',#8346,#6077,#6078);
#5382=AXIS2_PLACEMENT_3D('',#8349,#6080,#6081);
#5383=AXIS2_PLACEMENT_3D('',#8350,#6082,#6083);
#5384=AXIS2_PLACEMENT_3D('',#8356,#6085,#6086);
#5385=AXIS2_PLACEMENT_3D('',#8362,#6088,#6089);
#5386=AXIS2_PLACEMENT_3D('',#8365,#6091,#6092);
#5387=AXIS2_PLACEMENT_3D('',#8366,#6093,#6094);
#5388=AXIS2_PLACEMENT_3D('',#8372,#6096,#6097);
#5389=AXIS2_PLACEMENT_3D('',#8378,#6099,#6100);
#5390=AXIS2_PLACEMENT_3D('',#8381,#6102,#6103);
#5391=AXIS2_PLACEMENT_3D('',#8382,#6104,#6105);
#5392=AXIS2_PLACEMENT_3D('',#8388,#6107,#6108);
#5393=AXIS2_PLACEMENT_3D('',#8394,#6110,#6111);
#5394=AXIS2_PLACEMENT_3D('',#8397,#6113,#6114);
#5395=AXIS2_PLACEMENT_3D('',#8398,#6115,#6116);
#5396=AXIS2_PLACEMENT_3D('',#8404,#6118,#6119);
#5397=AXIS2_PLACEMENT_3D('',#8410,#6121,#6122);
#5398=AXIS2_PLACEMENT_3D('',#8413,#6124,#6125);
#5399=AXIS2_PLACEMENT_3D('',#8414,#6126,#6127);
#5400=AXIS2_PLACEMENT_3D('',#8420,#6129,#6130);
#5401=AXIS2_PLACEMENT_3D('',#8426,#6132,#6133);
#5402=AXIS2_PLACEMENT_3D('',#8429,#6135,#6136);
#5403=AXIS2_PLACEMENT_3D('',#8430,#6137,#6138);
#5404=AXIS2_PLACEMENT_3D('',#8436,#6140,#6141);
#5405=AXIS2_PLACEMENT_3D('',#8442,#6143,#6144);
#5406=AXIS2_PLACEMENT_3D('',#8445,#6146,#6147);
#5407=AXIS2_PLACEMENT_3D('',#8446,#6148,#6149);
#5408=AXIS2_PLACEMENT_3D('',#8452,#6151,#6152);
#5409=AXIS2_PLACEMENT_3D('',#8458,#6154,#6155);
#5410=AXIS2_PLACEMENT_3D('',#8461,#6157,#6158);
#5411=AXIS2_PLACEMENT_3D('',#8462,#6159,#6160);
#5412=AXIS2_PLACEMENT_3D('',#8468,#6162,#6163);
#5413=AXIS2_PLACEMENT_3D('',#8474,#6165,#6166);
#5414=AXIS2_PLACEMENT_3D('',#8477,#6168,#6169);
#5415=AXIS2_PLACEMENT_3D('',#8478,#6170,#6171);
#5416=AXIS2_PLACEMENT_3D('',#8484,#6173,#6174);
#5417=AXIS2_PLACEMENT_3D('',#8490,#6176,#6177);
#5418=AXIS2_PLACEMENT_3D('',#8493,#6179,#6180);
#5419=AXIS2_PLACEMENT_3D('',#8494,#6181,#6182);
#5420=AXIS2_PLACEMENT_3D('',#8500,#6184,#6185);
#5421=AXIS2_PLACEMENT_3D('',#8506,#6187,#6188);
#5422=AXIS2_PLACEMENT_3D('',#8509,#6190,#6191);
#5423=AXIS2_PLACEMENT_3D('',#8510,#6192,#6193);
#5424=AXIS2_PLACEMENT_3D('',#8516,#6195,#6196);
#5425=AXIS2_PLACEMENT_3D('',#8522,#6198,#6199);
#5426=AXIS2_PLACEMENT_3D('',#8525,#6201,#6202);
#5427=AXIS2_PLACEMENT_3D('',#8526,#6203,#6204);
#5428=AXIS2_PLACEMENT_3D('',#8532,#6206,#6207);
#5429=AXIS2_PLACEMENT_3D('',#8538,#6209,#6210);
#5430=AXIS2_PLACEMENT_3D('',#8541,#6212,#6213);
#5431=AXIS2_PLACEMENT_3D('',#8542,#6214,#6215);
#5432=AXIS2_PLACEMENT_3D('',#8548,#6217,#6218);
#5433=AXIS2_PLACEMENT_3D('',#8554,#6220,#6221);
#5434=AXIS2_PLACEMENT_3D('',#8557,#6223,#6224);
#5435=AXIS2_PLACEMENT_3D('',#8558,#6225,#6226);
#5436=AXIS2_PLACEMENT_3D('',#8564,#6228,#6229);
#5437=AXIS2_PLACEMENT_3D('',#8570,#6231,#6232);
#5438=AXIS2_PLACEMENT_3D('',#8573,#6234,#6235);
#5439=AXIS2_PLACEMENT_3D('',#8574,#6236,#6237);
#5440=AXIS2_PLACEMENT_3D('',#8580,#6239,#6240);
#5441=AXIS2_PLACEMENT_3D('',#8586,#6242,#6243);
#5442=AXIS2_PLACEMENT_3D('',#8589,#6245,#6246);
#5443=AXIS2_PLACEMENT_3D('',#8590,#6247,#6248);
#5444=AXIS2_PLACEMENT_3D('',#8596,#6250,#6251);
#5445=AXIS2_PLACEMENT_3D('',#8602,#6253,#6254);
#5446=AXIS2_PLACEMENT_3D('',#8605,#6256,#6257);
#5447=AXIS2_PLACEMENT_3D('',#8606,#6258,#6259);
#5448=AXIS2_PLACEMENT_3D('',#8612,#6261,#6262);
#5449=AXIS2_PLACEMENT_3D('',#8618,#6264,#6265);
#5450=AXIS2_PLACEMENT_3D('',#8621,#6267,#6268);
#5451=AXIS2_PLACEMENT_3D('',#8622,#6269,#6270);
#5452=AXIS2_PLACEMENT_3D('',#8628,#6272,#6273);
#5453=AXIS2_PLACEMENT_3D('',#8634,#6275,#6276);
#5454=AXIS2_PLACEMENT_3D('',#8637,#6278,#6279);
#5455=AXIS2_PLACEMENT_3D('',#8638,#6280,#6281);
#5456=AXIS2_PLACEMENT_3D('',#8644,#6283,#6284);
#5457=AXIS2_PLACEMENT_3D('',#8650,#6286,#6287);
#5458=AXIS2_PLACEMENT_3D('',#8653,#6289,#6290);
#5459=AXIS2_PLACEMENT_3D('',#8654,#6291,#6292);
#5460=AXIS2_PLACEMENT_3D('',#8660,#6294,#6295);
#5461=AXIS2_PLACEMENT_3D('',#8666,#6297,#6298);
#5462=AXIS2_PLACEMENT_3D('',#8669,#6300,#6301);
#5463=AXIS2_PLACEMENT_3D('',#8670,#6302,#6303);
#5464=AXIS2_PLACEMENT_3D('',#8676,#6305,#6306);
#5465=AXIS2_PLACEMENT_3D('',#8682,#6308,#6309);
#5466=AXIS2_PLACEMENT_3D('',#8685,#6311,#6312);
#5467=AXIS2_PLACEMENT_3D('',#8686,#6313,#6314);
#5468=AXIS2_PLACEMENT_3D('',#8692,#6316,#6317);
#5469=AXIS2_PLACEMENT_3D('',#8698,#6319,#6320);
#5470=AXIS2_PLACEMENT_3D('',#8701,#6322,#6323);
#5471=AXIS2_PLACEMENT_3D('',#8702,#6324,#6325);
#5472=AXIS2_PLACEMENT_3D('',#8708,#6327,#6328);
#5473=AXIS2_PLACEMENT_3D('',#8714,#6330,#6331);
#5474=AXIS2_PLACEMENT_3D('',#8717,#6333,#6334);
#5475=AXIS2_PLACEMENT_3D('',#8718,#6335,#6336);
#5476=AXIS2_PLACEMENT_3D('',#8724,#6338,#6339);
#5477=AXIS2_PLACEMENT_3D('',#8730,#6341,#6342);
#5478=AXIS2_PLACEMENT_3D('',#8733,#6344,#6345);
#5479=AXIS2_PLACEMENT_3D('',#8734,#6346,#6347);
#5480=AXIS2_PLACEMENT_3D('',#8740,#6349,#6350);
#5481=AXIS2_PLACEMENT_3D('',#8746,#6352,#6353);
#5482=AXIS2_PLACEMENT_3D('',#8749,#6355,#6356);
#5483=AXIS2_PLACEMENT_3D('',#8750,#6357,#6358);
#5484=AXIS2_PLACEMENT_3D('',#8756,#6360,#6361);
#5485=AXIS2_PLACEMENT_3D('',#8762,#6363,#6364);
#5486=AXIS2_PLACEMENT_3D('',#8765,#6366,#6367);
#5487=AXIS2_PLACEMENT_3D('',#8766,#6368,#6369);
#5488=AXIS2_PLACEMENT_3D('',#8772,#6371,#6372);
#5489=AXIS2_PLACEMENT_3D('',#8778,#6374,#6375);
#5490=AXIS2_PLACEMENT_3D('',#8781,#6377,#6378);
#5491=AXIS2_PLACEMENT_3D('',#8782,#6379,#6380);
#5492=AXIS2_PLACEMENT_3D('',#8788,#6382,#6383);
#5493=AXIS2_PLACEMENT_3D('',#8794,#6385,#6386);
#5494=AXIS2_PLACEMENT_3D('',#8797,#6388,#6389);
#5495=AXIS2_PLACEMENT_3D('',#8798,#6390,#6391);
#5496=AXIS2_PLACEMENT_3D('',#8804,#6393,#6394);
#5497=AXIS2_PLACEMENT_3D('',#8810,#6396,#6397);
#5498=AXIS2_PLACEMENT_3D('',#8813,#6399,#6400);
#5499=AXIS2_PLACEMENT_3D('',#8814,#6401,#6402);
#5500=AXIS2_PLACEMENT_3D('',#8820,#6404,#6405);
#5501=AXIS2_PLACEMENT_3D('',#8826,#6407,#6408);
#5502=AXIS2_PLACEMENT_3D('',#8829,#6410,#6411);
#5503=AXIS2_PLACEMENT_3D('',#8830,#6412,#6413);
#5504=AXIS2_PLACEMENT_3D('',#8836,#6415,#6416);
#5505=AXIS2_PLACEMENT_3D('',#8842,#6418,#6419);
#5506=AXIS2_PLACEMENT_3D('',#8845,#6421,#6422);
#5507=AXIS2_PLACEMENT_3D('',#8846,#6423,#6424);
#5508=AXIS2_PLACEMENT_3D('',#8852,#6426,#6427);
#5509=AXIS2_PLACEMENT_3D('',#8858,#6429,#6430);
#5510=AXIS2_PLACEMENT_3D('',#8861,#6432,#6433);
#5511=AXIS2_PLACEMENT_3D('',#8862,#6434,#6435);
#5512=AXIS2_PLACEMENT_3D('',#8868,#6437,#6438);
#5513=AXIS2_PLACEMENT_3D('',#8874,#6440,#6441);
#5514=AXIS2_PLACEMENT_3D('',#8877,#6443,#6444);
#5515=AXIS2_PLACEMENT_3D('',#8878,#6445,#6446);
#5516=AXIS2_PLACEMENT_3D('',#8884,#6448,#6449);
#5517=AXIS2_PLACEMENT_3D('',#8890,#6451,#6452);
#5518=AXIS2_PLACEMENT_3D('',#8893,#6454,#6455);
#5519=AXIS2_PLACEMENT_3D('',#8894,#6456,#6457);
#5520=AXIS2_PLACEMENT_3D('',#8900,#6459,#6460);
#5521=AXIS2_PLACEMENT_3D('',#8906,#6462,#6463);
#5522=AXIS2_PLACEMENT_3D('',#8909,#6465,#6466);
#5523=AXIS2_PLACEMENT_3D('',#8910,#6467,#6468);
#5524=AXIS2_PLACEMENT_3D('',#8916,#6470,#6471);
#5525=AXIS2_PLACEMENT_3D('',#8922,#6473,#6474);
#5526=AXIS2_PLACEMENT_3D('',#8925,#6476,#6477);
#5527=AXIS2_PLACEMENT_3D('',#8926,#6478,#6479);
#5528=AXIS2_PLACEMENT_3D('',#8932,#6481,#6482);
#5529=AXIS2_PLACEMENT_3D('',#8938,#6484,#6485);
#5530=AXIS2_PLACEMENT_3D('',#8941,#6487,#6488);
#5531=AXIS2_PLACEMENT_3D('',#8942,#6489,#6490);
#5532=AXIS2_PLACEMENT_3D('',#8948,#6492,#6493);
#5533=AXIS2_PLACEMENT_3D('',#8954,#6495,#6496);
#5534=AXIS2_PLACEMENT_3D('',#8957,#6498,#6499);
#5535=AXIS2_PLACEMENT_3D('',#8958,#6500,#6501);
#5536=AXIS2_PLACEMENT_3D('',#8964,#6503,#6504);
#5537=AXIS2_PLACEMENT_3D('',#8970,#6506,#6507);
#5538=AXIS2_PLACEMENT_3D('',#8973,#6509,#6510);
#5539=AXIS2_PLACEMENT_3D('',#8974,#6511,#6512);
#5540=AXIS2_PLACEMENT_3D('',#8980,#6514,#6515);
#5541=AXIS2_PLACEMENT_3D('',#8986,#6517,#6518);
#5542=AXIS2_PLACEMENT_3D('',#8989,#6520,#6521);
#5543=AXIS2_PLACEMENT_3D('',#8990,#6522,#6523);
#5544=AXIS2_PLACEMENT_3D('',#8996,#6525,#6526);
#5545=AXIS2_PLACEMENT_3D('',#9002,#6528,#6529);
#5546=AXIS2_PLACEMENT_3D('',#9005,#6531,#6532);
#5547=AXIS2_PLACEMENT_3D('',#9006,#6533,#6534);
#5548=AXIS2_PLACEMENT_3D('',#9012,#6536,#6537);
#5549=AXIS2_PLACEMENT_3D('',#9018,#6539,#6540);
#5550=AXIS2_PLACEMENT_3D('',#9021,#6542,#6543);
#5551=AXIS2_PLACEMENT_3D('',#9022,#6544,#6545);
#5552=AXIS2_PLACEMENT_3D('',#9028,#6547,#6548);
#5553=AXIS2_PLACEMENT_3D('',#9034,#6550,#6551);
#5554=AXIS2_PLACEMENT_3D('',#9037,#6553,#6554);
#5555=AXIS2_PLACEMENT_3D('',#9038,#6555,#6556);
#5556=AXIS2_PLACEMENT_3D('',#9044,#6558,#6559);
#5557=AXIS2_PLACEMENT_3D('',#9050,#6561,#6562);
#5558=AXIS2_PLACEMENT_3D('',#9053,#6564,#6565);
#5559=AXIS2_PLACEMENT_3D('',#9054,#6566,#6567);
#5560=AXIS2_PLACEMENT_3D('',#9060,#6569,#6570);
#5561=AXIS2_PLACEMENT_3D('',#9066,#6572,#6573);
#5562=AXIS2_PLACEMENT_3D('',#9069,#6575,#6576);
#5563=AXIS2_PLACEMENT_3D('',#9070,#6577,#6578);
#5564=AXIS2_PLACEMENT_3D('',#9076,#6580,#6581);
#5565=AXIS2_PLACEMENT_3D('',#9082,#6583,#6584);
#5566=AXIS2_PLACEMENT_3D('',#9085,#6586,#6587);
#5567=AXIS2_PLACEMENT_3D('',#9086,#6588,#6589);
#5568=AXIS2_PLACEMENT_3D('',#9092,#6591,#6592);
#5569=AXIS2_PLACEMENT_3D('',#9098,#6594,#6595);
#5570=AXIS2_PLACEMENT_3D('',#9101,#6597,#6598);
#5571=AXIS2_PLACEMENT_3D('',#9102,#6599,#6600);
#5572=AXIS2_PLACEMENT_3D('',#9108,#6602,#6603);
#5573=AXIS2_PLACEMENT_3D('',#9114,#6605,#6606);
#5574=AXIS2_PLACEMENT_3D('',#9117,#6608,#6609);
#5575=AXIS2_PLACEMENT_3D('',#9118,#6610,#6611);
#5576=AXIS2_PLACEMENT_3D('',#9124,#6613,#6614);
#5577=AXIS2_PLACEMENT_3D('',#9130,#6616,#6617);
#5578=AXIS2_PLACEMENT_3D('',#9133,#6619,#6620);
#5579=AXIS2_PLACEMENT_3D('',#9134,#6621,#6622);
#5580=AXIS2_PLACEMENT_3D('',#9140,#6624,#6625);
#5581=AXIS2_PLACEMENT_3D('',#9146,#6627,#6628);
#5582=AXIS2_PLACEMENT_3D('',#9149,#6630,#6631);
#5583=AXIS2_PLACEMENT_3D('',#9150,#6632,#6633);
#5584=AXIS2_PLACEMENT_3D('',#9156,#6635,#6636);
#5585=AXIS2_PLACEMENT_3D('',#9162,#6638,#6639);
#5586=AXIS2_PLACEMENT_3D('',#9165,#6641,#6642);
#5587=AXIS2_PLACEMENT_3D('',#9166,#6643,#6644);
#5588=AXIS2_PLACEMENT_3D('',#9172,#6646,#6647);
#5589=AXIS2_PLACEMENT_3D('',#9178,#6649,#6650);
#5590=AXIS2_PLACEMENT_3D('',#9181,#6652,#6653);
#5591=AXIS2_PLACEMENT_3D('',#9182,#6654,#6655);
#5592=AXIS2_PLACEMENT_3D('',#9188,#6657,#6658);
#5593=AXIS2_PLACEMENT_3D('',#9194,#6660,#6661);
#5594=AXIS2_PLACEMENT_3D('',#9197,#6663,#6664);
#5595=AXIS2_PLACEMENT_3D('',#9198,#6665,#6666);
#5596=AXIS2_PLACEMENT_3D('',#9204,#6668,#6669);
#5597=AXIS2_PLACEMENT_3D('',#9210,#6671,#6672);
#5598=AXIS2_PLACEMENT_3D('',#9213,#6674,#6675);
#5599=AXIS2_PLACEMENT_3D('',#9214,#6676,#6677);
#5600=AXIS2_PLACEMENT_3D('',#9220,#6679,#6680);
#5601=AXIS2_PLACEMENT_3D('',#9226,#6682,#6683);
#5602=AXIS2_PLACEMENT_3D('',#9229,#6685,#6686);
#5603=AXIS2_PLACEMENT_3D('',#9230,#6687,#6688);
#5604=AXIS2_PLACEMENT_3D('',#9236,#6690,#6691);
#5605=AXIS2_PLACEMENT_3D('',#9242,#6693,#6694);
#5606=AXIS2_PLACEMENT_3D('',#9245,#6696,#6697);
#5607=AXIS2_PLACEMENT_3D('',#9246,#6698,#6699);
#5608=AXIS2_PLACEMENT_3D('',#9252,#6701,#6702);
#5609=AXIS2_PLACEMENT_3D('',#9258,#6704,#6705);
#5610=AXIS2_PLACEMENT_3D('',#9261,#6707,#6708);
#5611=AXIS2_PLACEMENT_3D('',#9262,#6709,#6710);
#5612=AXIS2_PLACEMENT_3D('',#9268,#6712,#6713);
#5613=AXIS2_PLACEMENT_3D('',#9274,#6715,#6716);
#5614=AXIS2_PLACEMENT_3D('',#9277,#6718,#6719);
#5615=AXIS2_PLACEMENT_3D('',#9278,#6720,#6721);
#5616=AXIS2_PLACEMENT_3D('',#9284,#6723,#6724);
#5617=AXIS2_PLACEMENT_3D('',#9290,#6726,#6727);
#5618=AXIS2_PLACEMENT_3D('',#9293,#6729,#6730);
#5619=AXIS2_PLACEMENT_3D('',#9294,#6731,#6732);
#5620=AXIS2_PLACEMENT_3D('',#9300,#6734,#6735);
#5621=AXIS2_PLACEMENT_3D('',#9306,#6737,#6738);
#5622=AXIS2_PLACEMENT_3D('',#9309,#6740,#6741);
#5623=AXIS2_PLACEMENT_3D('',#9310,#6742,#6743);
#5624=AXIS2_PLACEMENT_3D('',#9316,#6745,#6746);
#5625=AXIS2_PLACEMENT_3D('',#9322,#6748,#6749);
#5626=AXIS2_PLACEMENT_3D('',#9325,#6751,#6752);
#5627=AXIS2_PLACEMENT_3D('',#9326,#6753,#6754);
#5628=AXIS2_PLACEMENT_3D('',#9332,#6756,#6757);
#5629=AXIS2_PLACEMENT_3D('',#9338,#6759,#6760);
#5630=AXIS2_PLACEMENT_3D('',#9341,#6762,#6763);
#5631=AXIS2_PLACEMENT_3D('',#9342,#6764,#6765);
#5632=AXIS2_PLACEMENT_3D('',#9348,#6767,#6768);
#5633=AXIS2_PLACEMENT_3D('',#9354,#6770,#6771);
#5634=AXIS2_PLACEMENT_3D('',#9357,#6773,#6774);
#5635=AXIS2_PLACEMENT_3D('',#9358,#6775,#6776);
#5636=AXIS2_PLACEMENT_3D('',#9364,#6778,#6779);
#5637=AXIS2_PLACEMENT_3D('',#9370,#6781,#6782);
#5638=AXIS2_PLACEMENT_3D('',#9373,#6784,#6785);
#5639=AXIS2_PLACEMENT_3D('',#9374,#6786,#6787);
#5640=AXIS2_PLACEMENT_3D('',#9380,#6789,#6790);
#5641=AXIS2_PLACEMENT_3D('',#9386,#6792,#6793);
#5642=AXIS2_PLACEMENT_3D('',#9389,#6795,#6796);
#5643=AXIS2_PLACEMENT_3D('',#9390,#6797,#6798);
#5644=AXIS2_PLACEMENT_3D('',#9396,#6800,#6801);
#5645=AXIS2_PLACEMENT_3D('',#9400,#6802,#6803);
#5646=AXIS2_PLACEMENT_3D('',#9403,#6805,#6806);
#5647=AXIS2_PLACEMENT_3D('',#9404,#6807,#6808);
#5648=AXIS2_PLACEMENT_3D('',#9485,#6809,#6810);
#5649=AXIS2_PLACEMENT_3D('',#9487,#6811,#6812);
#5650=AXIS2_PLACEMENT_3D('',#9488,#6813,#6814);
#5651=AXIS2_PLACEMENT_3D('',#9490,#6815,#6816);
#5652=AXIS2_PLACEMENT_3D('',#9494,#6818,#6819);
#5653=AXIS2_PLACEMENT_3D('',#9496,#6820,#6821);
#5654=AXIS2_PLACEMENT_3D('',#9497,#6822,#6823);
#5655=AXIS2_PLACEMENT_3D('',#9498,#6824,#6825);
#5656=AXIS2_PLACEMENT_3D('',#9500,#6826,#6827);
#5657=AXIS2_PLACEMENT_3D('',#9502,#6829,#6830);
#5658=AXIS2_PLACEMENT_3D('',#9503,#6831,#6832);
#5659=AXIS2_PLACEMENT_3D('',#9566,#6833,#6834);
#5660=AXIS2_PLACEMENT_3D('',#9981,#6835,#6836);
#5661=AXIS2_PLACEMENT_3D('',#9982,#6837,#6838);
#5662=DIRECTION('axis',(0.,0.,1.));
#5663=DIRECTION('refdir',(1.,0.,0.));
#5664=DIRECTION('center_axis',(0.,0.,-1.));
#5665=DIRECTION('ref_axis',(0.944137054121538,0.329553065582319,0.));
#5666=DIRECTION('',(0.,0.,-1.));
#5667=DIRECTION('center_axis',(0.,0.,-1.));
#5668=DIRECTION('ref_axis',(1.,0.,0.));
#5669=DIRECTION('center_axis',(0.,0.,-1.));
#5670=DIRECTION('ref_axis',(1.,0.,0.));
#5671=DIRECTION('',(0.,0.,-1.));
#5672=DIRECTION('center_axis',(0.,0.,-1.));
#5673=DIRECTION('ref_axis',(1.,0.,0.));
#5674=DIRECTION('',(0.,0.,-1.));
#5675=DIRECTION('center_axis',(0.,0.,-1.));
#5676=DIRECTION('ref_axis',(1.,0.,0.));
#5677=DIRECTION('',(0.,0.,-1.));
#5678=DIRECTION('center_axis',(0.,0.,-1.));
#5679=DIRECTION('ref_axis',(0.944137028670628,-0.329553138496658,0.));
#5680=DIRECTION('',(0.,0.,-1.));
#5681=DIRECTION('center_axis',(0.,0.,-1.));
#5682=DIRECTION('ref_axis',(1.,0.,0.));
#5683=DIRECTION('center_axis',(0.,0.,-1.));
#5684=DIRECTION('ref_axis',(-0.51791953521162,0.855429339598648,0.));
#5685=DIRECTION('',(1.22464679914735E-16,-4.92395895688521E-31,-1.));
#5686=DIRECTION('center_axis',(0.,0.,1.));
#5687=DIRECTION('ref_axis',(1.,-3.89825293459539E-15,0.));
#5688=DIRECTION('center_axis',(0.,0.,-1.));
#5689=DIRECTION('ref_axis',(1.,-3.89825293459539E-15,0.));
#5690=DIRECTION('',(1.22464679914735E-16,-4.92395895688521E-31,-1.));
#5691=DIRECTION('center_axis',(0.,0.,-1.));
#5692=DIRECTION('ref_axis',(1.,-3.89825293459539E-15,0.));
#5693=DIRECTION('',(1.22464679914735E-16,-4.92395895688521E-31,-1.));
#5694=DIRECTION('center_axis',(0.,0.,-1.));
#5695=DIRECTION('ref_axis',(1.,-3.89825293459539E-15,0.));
#5696=DIRECTION('',(1.22464679914735E-16,-4.92395895688521E-31,-1.));
#5697=DIRECTION('center_axis',(0.,0.,-1.));
#5698=DIRECTION('ref_axis',(1.,-3.89825293459539E-15,0.));
#5699=DIRECTION('',(1.22464679914735E-16,-4.92395895688521E-31,-1.));
#5700=DIRECTION('center_axis',(0.,0.,-1.));
#5701=DIRECTION('ref_axis',(-0.517919601275188,-0.85542929960047,0.));
#5702=DIRECTION('',(1.22464679914735E-16,-4.92395895688521E-31,-1.));
#5703=DIRECTION('center_axis',(0.,0.,-1.));
#5704=DIRECTION('ref_axis',(1.,-3.89825293459539E-15,0.));
#5705=DIRECTION('center_axis',(-0.900968867902418,-0.433883739117561,0.));
#5706=DIRECTION('ref_axis',(-0.433883739117561,0.900968867902418,0.));
#5707=DIRECTION('',(0.,0.,-1.));
#5708=DIRECTION('',(0.,0.,1.));
#5709=DIRECTION('center_axis',(0.826238774315999,-0.563320058063616,0.));
#5710=DIRECTION('ref_axis',(-0.563320058063616,-0.826238774315999,0.));
#5711=DIRECTION('',(0.,0.,-1.));
#5712=DIRECTION('center_axis',(0.,0.,1.));
#5713=DIRECTION('ref_axis',(1.,0.,0.));
#5714=DIRECTION('center_axis',(0.,0.,-1.));
#5715=DIRECTION('ref_axis',(1.,0.,0.));
#5716=DIRECTION('',(0.,0.,1.));
#5717=DIRECTION('center_axis',(0.,0.,1.));
#5718=DIRECTION('ref_axis',(1.,0.,0.));
#5719=DIRECTION('center_axis',(0.,0.,1.));
#5720=DIRECTION('ref_axis',(1.,0.,0.));
#5721=DIRECTION('center_axis',(0.,0.,1.));
#5722=DIRECTION('ref_axis',(1.,0.,0.));
#5723=DIRECTION('',(0.,0.,1.));
#5724=DIRECTION('center_axis',(0.,0.,-1.));
#5725=DIRECTION('ref_axis',(1.,0.,0.));
#5726=DIRECTION('center_axis',(0.,0.,-1.));
#5727=DIRECTION('ref_axis',(1.,0.,0.));
#5728=DIRECTION('center_axis',(0.,0.,-1.));
#5729=DIRECTION('ref_axis',(1.,0.,0.));
#5730=DIRECTION('',(-0.707106781186548,-8.65956056235493E-17,-0.707106781186548));
#5731=DIRECTION('center_axis',(0.,0.,1.));
#5732=DIRECTION('ref_axis',(1.,0.,0.));
#5733=DIRECTION('center_axis',(0.,0.,1.));
#5734=DIRECTION('ref_axis',(1.,0.,0.));
#5735=DIRECTION('center_axis',(0.,0.,1.));
#5736=DIRECTION('ref_axis',(1.,0.,0.));
#5737=DIRECTION('center_axis',(0.,0.,1.));
#5738=DIRECTION('ref_axis',(1.,0.,0.));
#5739=DIRECTION('center_axis',(0.,0.,1.));
#5740=DIRECTION('ref_axis',(1.,0.,0.));
#5741=DIRECTION('center_axis',(0.,0.,1.));
#5742=DIRECTION('ref_axis',(1.,0.,0.));
#5743=DIRECTION('center_axis',(0.,0.,1.));
#5744=DIRECTION('ref_axis',(1.,0.,0.));
#5745=DIRECTION('center_axis',(0.,0.,1.));
#5746=DIRECTION('ref_axis',(1.,0.,0.));
#5747=DIRECTION('center_axis',(0.,0.,1.));
#5748=DIRECTION('ref_axis',(1.,0.,0.));
#5749=DIRECTION('center_axis',(0.,0.,1.));
#5750=DIRECTION('ref_axis',(1.,0.,0.));
#5751=DIRECTION('center_axis',(0.,0.,1.));
#5752=DIRECTION('ref_axis',(1.,0.,0.));
#5753=DIRECTION('center_axis',(0.,0.,1.));
#5754=DIRECTION('ref_axis',(1.,0.,0.));
#5755=DIRECTION('center_axis',(0.,0.,1.));
#5756=DIRECTION('ref_axis',(1.,0.,0.));
#5757=DIRECTION('center_axis',(0.,0.,1.));
#5758=DIRECTION('ref_axis',(1.,0.,0.));
#5759=DIRECTION('center_axis',(0.,0.,1.));
#5760=DIRECTION('ref_axis',(1.,0.,0.));
#5761=DIRECTION('center_axis',(0.,0.,1.));
#5762=DIRECTION('ref_axis',(1.,0.,0.));
#5763=DIRECTION('center_axis',(0.,0.,1.));
#5764=DIRECTION('ref_axis',(1.,0.,0.));
#5765=DIRECTION('center_axis',(0.,0.,1.));
#5766=DIRECTION('ref_axis',(1.,0.,0.));
#5767=DIRECTION('center_axis',(0.,0.,1.));
#5768=DIRECTION('ref_axis',(1.,0.,0.));
#5769=DIRECTION('center_axis',(0.,0.,1.));
#5770=DIRECTION('ref_axis',(1.,0.,0.));
#5771=DIRECTION('center_axis',(0.,0.,1.));
#5772=DIRECTION('ref_axis',(1.,0.,0.));
#5773=DIRECTION('center_axis',(0.,0.,1.));
#5774=DIRECTION('ref_axis',(1.,0.,0.));
#5775=DIRECTION('center_axis',(0.,0.,1.));
#5776=DIRECTION('ref_axis',(1.,0.,0.));
#5777=DIRECTION('center_axis',(0.,0.,1.));
#5778=DIRECTION('ref_axis',(1.,0.,0.));
#5779=DIRECTION('center_axis',(0.,0.,1.));
#5780=DIRECTION('ref_axis',(1.,0.,0.));
#5781=DIRECTION('center_axis',(0.,0.,1.));
#5782=DIRECTION('ref_axis',(1.,0.,0.));
#5783=DIRECTION('center_axis',(0.,0.,1.));
#5784=DIRECTION('ref_axis',(1.,0.,0.));
#5785=DIRECTION('center_axis',(0.,0.,1.));
#5786=DIRECTION('ref_axis',(1.,0.,0.));
#5787=DIRECTION('center_axis',(0.,0.,1.));
#5788=DIRECTION('ref_axis',(1.,0.,0.));
#5789=DIRECTION('center_axis',(0.,0.,1.));
#5790=DIRECTION('ref_axis',(1.,0.,0.));
#5791=DIRECTION('center_axis',(0.,0.,1.));
#5792=DIRECTION('ref_axis',(1.,0.,0.));
#5793=DIRECTION('center_axis',(0.,0.,1.));
#5794=DIRECTION('ref_axis',(1.,0.,0.));
#5795=DIRECTION('center_axis',(0.,0.,1.));
#5796=DIRECTION('ref_axis',(1.,0.,0.));
#5797=DIRECTION('center_axis',(0.,0.,1.));
#5798=DIRECTION('ref_axis',(1.,0.,0.));
#5799=DIRECTION('center_axis',(0.,0.,1.));
#5800=DIRECTION('ref_axis',(1.,0.,0.));
#5801=DIRECTION('center_axis',(0.,0.,1.));
#5802=DIRECTION('ref_axis',(1.,0.,0.));
#5803=DIRECTION('center_axis',(0.,0.,1.));
#5804=DIRECTION('ref_axis',(1.,0.,0.));
#5805=DIRECTION('center_axis',(0.,0.,1.));
#5806=DIRECTION('ref_axis',(1.,0.,0.));
#5807=DIRECTION('center_axis',(0.,0.,1.));
#5808=DIRECTION('ref_axis',(1.,0.,0.));
#5809=DIRECTION('center_axis',(0.,0.,1.));
#5810=DIRECTION('ref_axis',(1.,0.,0.));
#5811=DIRECTION('center_axis',(0.,0.,1.));
#5812=DIRECTION('ref_axis',(1.,0.,0.));
#5813=DIRECTION('center_axis',(0.,0.,1.));
#5814=DIRECTION('ref_axis',(1.,0.,0.));
#5815=DIRECTION('center_axis',(0.,0.,1.));
#5816=DIRECTION('ref_axis',(1.,0.,0.));
#5817=DIRECTION('center_axis',(0.,0.,1.));
#5818=DIRECTION('ref_axis',(1.,0.,0.));
#5819=DIRECTION('center_axis',(0.,0.,1.));
#5820=DIRECTION('ref_axis',(1.,0.,0.));
#5821=DIRECTION('center_axis',(0.,0.,1.));
#5822=DIRECTION('ref_axis',(1.,0.,0.));
#5823=DIRECTION('center_axis',(0.,0.,1.));
#5824=DIRECTION('ref_axis',(1.,0.,0.));
#5825=DIRECTION('center_axis',(0.,0.,1.));
#5826=DIRECTION('ref_axis',(1.,0.,0.));
#5827=DIRECTION('center_axis',(0.,0.,1.));
#5828=DIRECTION('ref_axis',(1.,0.,0.));
#5829=DIRECTION('center_axis',(0.,0.,1.));
#5830=DIRECTION('ref_axis',(1.,0.,0.));
#5831=DIRECTION('center_axis',(0.,0.,1.));
#5832=DIRECTION('ref_axis',(1.,0.,0.));
#5833=DIRECTION('center_axis',(0.,0.,1.));
#5834=DIRECTION('ref_axis',(1.,0.,0.));
#5835=DIRECTION('center_axis',(0.,0.,1.));
#5836=DIRECTION('ref_axis',(1.,0.,0.));
#5837=DIRECTION('center_axis',(0.,0.,1.));
#5838=DIRECTION('ref_axis',(1.,0.,0.));
#5839=DIRECTION('center_axis',(0.,0.,1.));
#5840=DIRECTION('ref_axis',(1.,0.,0.));
#5841=DIRECTION('center_axis',(0.,0.,1.));
#5842=DIRECTION('ref_axis',(1.,0.,0.));
#5843=DIRECTION('center_axis',(0.,0.,1.));
#5844=DIRECTION('ref_axis',(1.,0.,0.));
#5845=DIRECTION('center_axis',(0.,0.,1.));
#5846=DIRECTION('ref_axis',(1.,0.,0.));
#5847=DIRECTION('center_axis',(0.,0.,1.));
#5848=DIRECTION('ref_axis',(1.,0.,0.));
#5849=DIRECTION('center_axis',(0.,0.,1.));
#5850=DIRECTION('ref_axis',(1.,0.,0.));
#5851=DIRECTION('center_axis',(0.,0.,1.));
#5852=DIRECTION('ref_axis',(1.,0.,0.));
#5853=DIRECTION('center_axis',(0.,0.,1.));
#5854=DIRECTION('ref_axis',(1.,0.,0.));
#5855=DIRECTION('center_axis',(0.,0.,1.));
#5856=DIRECTION('ref_axis',(1.,0.,0.));
#5857=DIRECTION('center_axis',(0.,0.,1.));
#5858=DIRECTION('ref_axis',(1.,0.,0.));
#5859=DIRECTION('center_axis',(0.,0.,1.));
#5860=DIRECTION('ref_axis',(1.,0.,0.));
#5861=DIRECTION('center_axis',(0.,0.,1.));
#5862=DIRECTION('ref_axis',(1.,0.,0.));
#5863=DIRECTION('center_axis',(0.,0.,1.));
#5864=DIRECTION('ref_axis',(1.,0.,0.));
#5865=DIRECTION('center_axis',(0.,0.,1.));
#5866=DIRECTION('ref_axis',(1.,0.,0.));
#5867=DIRECTION('center_axis',(0.,0.,1.));
#5868=DIRECTION('ref_axis',(1.,0.,0.));
#5869=DIRECTION('center_axis',(0.,0.,1.));
#5870=DIRECTION('ref_axis',(1.,0.,0.));
#5871=DIRECTION('center_axis',(0.,0.,1.));
#5872=DIRECTION('ref_axis',(1.,0.,0.));
#5873=DIRECTION('center_axis',(0.,0.,1.));
#5874=DIRECTION('ref_axis',(1.,0.,0.));
#5875=DIRECTION('center_axis',(0.,0.,1.));
#5876=DIRECTION('ref_axis',(1.,0.,0.));
#5877=DIRECTION('center_axis',(0.,0.,1.));
#5878=DIRECTION('ref_axis',(1.,0.,0.));
#5879=DIRECTION('center_axis',(0.,0.,1.));
#5880=DIRECTION('ref_axis',(1.,0.,0.));
#5881=DIRECTION('center_axis',(0.,0.,1.));
#5882=DIRECTION('ref_axis',(1.,0.,0.));
#5883=DIRECTION('center_axis',(0.,0.,1.));
#5884=DIRECTION('ref_axis',(1.,0.,0.));
#5885=DIRECTION('center_axis',(0.,0.,1.));
#5886=DIRECTION('ref_axis',(1.,0.,0.));
#5887=DIRECTION('center_axis',(0.,0.,1.));
#5888=DIRECTION('ref_axis',(1.,0.,0.));
#5889=DIRECTION('center_axis',(0.,0.,1.));
#5890=DIRECTION('ref_axis',(1.,0.,0.));
#5891=DIRECTION('center_axis',(0.,0.,1.));
#5892=DIRECTION('ref_axis',(1.,0.,0.));
#5893=DIRECTION('center_axis',(0.,0.,1.));
#5894=DIRECTION('ref_axis',(1.,0.,0.));
#5895=DIRECTION('center_axis',(-0.930873748644203,-0.365341024366398,0.));
#5896=DIRECTION('ref_axis',(-0.365341024366398,0.930873748644203,0.));
#5897=DIRECTION('',(0.,0.,-1.));
#5898=DIRECTION('center_axis',(0.781831482468034,-0.623489801858728,0.));
#5899=DIRECTION('ref_axis',(-0.623489801858728,-0.781831482468034,0.));
#5900=DIRECTION('',(0.,0.,-1.));
#5901=DIRECTION('center_axis',(0.,0.,1.));
#5902=DIRECTION('ref_axis',(1.,0.,0.));
#5903=DIRECTION('',(0.,0.,1.));
#5904=DIRECTION('center_axis',(0.,0.,-1.));
#5905=DIRECTION('ref_axis',(1.,0.,0.));
#5906=DIRECTION('center_axis',(-0.95557280578614,-0.294755174410907,0.));
#5907=DIRECTION('ref_axis',(-0.294755174410907,0.95557280578614,0.));
#5908=DIRECTION('',(0.,0.,-1.));
#5909=DIRECTION('center_axis',(0.733051871829831,-0.680172737770914,0.));
#5910=DIRECTION('ref_axis',(-0.680172737770914,-0.733051871829831,0.));
#5911=DIRECTION('',(0.,0.,-1.));
#5912=DIRECTION('center_axis',(0.,0.,1.));
#5913=DIRECTION('ref_axis',(1.,0.,0.));
#5914=DIRECTION('',(0.,0.,1.));
#5915=DIRECTION('center_axis',(0.,0.,-1.));
#5916=DIRECTION('ref_axis',(1.,0.,0.));
#5917=DIRECTION('center_axis',(-0.974927912181823,-0.222520933956318,0.));
#5918=DIRECTION('ref_axis',(-0.222520933956318,0.974927912181823,0.));
#5919=DIRECTION('',(0.,0.,-1.));
#5920=DIRECTION('center_axis',(0.680172737770925,-0.733051871829821,0.));
#5921=DIRECTION('ref_axis',(-0.733051871829821,-0.680172737770925,0.));
#5922=DIRECTION('',(0.,0.,-1.));
#5923=DIRECTION('center_axis',(0.,0.,1.));
#5924=DIRECTION('ref_axis',(1.,0.,0.));
#5925=DIRECTION('',(0.,0.,1.));
#5926=DIRECTION('center_axis',(0.,0.,-1.));
#5927=DIRECTION('ref_axis',(1.,0.,0.));
#5928=DIRECTION('center_axis',(-0.988830826225128,-0.149042266176178,0.));
#5929=DIRECTION('ref_axis',(-0.149042266176178,0.988830826225128,0.));
#5930=DIRECTION('',(0.,0.,-1.));
#5931=DIRECTION('center_axis',(0.623489801858739,-0.781831482468025,0.));
#5932=DIRECTION('ref_axis',(-0.781831482468025,-0.623489801858739,0.));
#5933=DIRECTION('',(0.,0.,-1.));
#5934=DIRECTION('center_axis',(0.,0.,1.));
#5935=DIRECTION('ref_axis',(1.,0.,0.));
#5936=DIRECTION('',(0.,0.,1.));
#5937=DIRECTION('center_axis',(0.,0.,-1.));
#5938=DIRECTION('ref_axis',(1.,0.,0.));
#5939=DIRECTION('center_axis',(-0.99720379718118,-0.0747300935864272,0.));
#5940=DIRECTION('ref_axis',(-0.0747300935864272,0.99720379718118,0.));
#5941=DIRECTION('',(0.,0.,-1.));
#5942=DIRECTION('center_axis',(0.563320058063628,-0.826238774315991,0.));
#5943=DIRECTION('ref_axis',(-0.826238774315991,-0.563320058063628,0.));
#5944=DIRECTION('',(0.,0.,-1.));
#5945=DIRECTION('center_axis',(0.,0.,1.));
#5946=DIRECTION('ref_axis',(1.,0.,0.));
#5947=DIRECTION('',(0.,0.,1.));
#5948=DIRECTION('center_axis',(0.,0.,-1.));
#5949=DIRECTION('ref_axis',(1.,0.,0.));
#5950=DIRECTION('center_axis',(-1.,-3.49720252756924E-15,0.));
#5951=DIRECTION('ref_axis',(-3.49720252756924E-15,1.,0.));
#5952=DIRECTION('',(0.,0.,-1.));
#5953=DIRECTION('center_axis',(0.500000000000007,-0.866025403784435,0.));
#5954=DIRECTION('ref_axis',(-0.866025403784435,-0.500000000000007,0.));
#5955=DIRECTION('',(0.,0.,-1.));
#5956=DIRECTION('center_axis',(0.,0.,1.));
#5957=DIRECTION('ref_axis',(1.,0.,0.));
#5958=DIRECTION('',(0.,0.,1.));
#5959=DIRECTION('center_axis',(0.,0.,-1.));
#5960=DIRECTION('ref_axis',(1.,0.,0.));
#5961=DIRECTION('center_axis',(-0.99720379718118,0.0747300935864211,0.));
#5962=DIRECTION('ref_axis',(0.0747300935864211,0.99720379718118,0.));
#5963=DIRECTION('',(0.,0.,-1.));
#5964=DIRECTION('center_axis',(0.433883739117565,-0.900968867902416,0.));
#5965=DIRECTION('ref_axis',(-0.900968867902416,-0.433883739117565,0.));
#5966=DIRECTION('',(0.,0.,-1.));
#5967=DIRECTION('center_axis',(0.,0.,1.));
#5968=DIRECTION('ref_axis',(1.,0.,0.));
#5969=DIRECTION('',(0.,0.,1.));
#5970=DIRECTION('center_axis',(0.,0.,-1.));
#5971=DIRECTION('ref_axis',(1.,0.,0.));
#5972=DIRECTION('center_axis',(-0.988830826225129,0.149042266176172,0.));
#5973=DIRECTION('ref_axis',(0.149042266176172,0.988830826225129,0.));
#5974=DIRECTION('',(0.,0.,-1.));
#5975=DIRECTION('center_axis',(0.365341024366402,-0.930873748644202,0.));
#5976=DIRECTION('ref_axis',(-0.930873748644202,-0.365341024366402,0.));
#5977=DIRECTION('',(0.,0.,-1.));
#5978=DIRECTION('center_axis',(0.,0.,1.));
#5979=DIRECTION('ref_axis',(1.,0.,0.));
#5980=DIRECTION('',(0.,0.,1.));
#5981=DIRECTION('center_axis',(0.,0.,-1.));
#5982=DIRECTION('ref_axis',(1.,0.,0.));
#5983=DIRECTION('center_axis',(-0.974927912181824,0.222520933956311,0.));
#5984=DIRECTION('ref_axis',(0.222520933956311,0.974927912181824,0.));
#5985=DIRECTION('',(0.,0.,-1.));
#5986=DIRECTION('center_axis',(0.294755174410911,-0.955572805786139,0.));
#5987=DIRECTION('ref_axis',(-0.955572805786138,-0.294755174410911,0.));
#5988=DIRECTION('',(0.,0.,-1.));
#5989=DIRECTION('center_axis',(0.,0.,1.));
#5990=DIRECTION('ref_axis',(1.,0.,0.));
#5991=DIRECTION('',(0.,0.,1.));
#5992=DIRECTION('center_axis',(0.,0.,-1.));
#5993=DIRECTION('ref_axis',(1.,0.,0.));
#5994=DIRECTION('center_axis',(-0.955572805786142,0.294755174410901,0.));
#5995=DIRECTION('ref_axis',(0.294755174410901,0.955572805786142,0.));
#5996=DIRECTION('',(0.,0.,-1.));
#5997=DIRECTION('center_axis',(0.222520933956322,-0.974927912181822,0.));
#5998=DIRECTION('ref_axis',(-0.974927912181822,-0.222520933956322,0.));
#5999=DIRECTION('',(0.,0.,-1.));
#6000=DIRECTION('center_axis',(0.,0.,1.));
#6001=DIRECTION('ref_axis',(1.,0.,0.));
#6002=DIRECTION('',(0.,0.,1.));
#6003=DIRECTION('center_axis',(0.,0.,-1.));
#6004=DIRECTION('ref_axis',(1.,0.,0.));
#6005=DIRECTION('center_axis',(-0.930873748644205,0.365341024366392,0.));
#6006=DIRECTION('ref_axis',(0.365341024366392,0.930873748644205,0.));
#6007=DIRECTION('',(0.,0.,-1.));
#6008=DIRECTION('center_axis',(0.149042266176181,-0.988830826225128,0.));
#6009=DIRECTION('ref_axis',(-0.988830826225128,-0.149042266176181,0.));
#6010=DIRECTION('',(0.,0.,-1.));
#6011=DIRECTION('center_axis',(0.,0.,1.));
#6012=DIRECTION('ref_axis',(1.,0.,0.));
#6013=DIRECTION('',(0.,0.,1.));
#6014=DIRECTION('center_axis',(0.,0.,-1.));
#6015=DIRECTION('ref_axis',(1.,0.,0.));
#6016=DIRECTION('center_axis',(-0.900968867902421,0.433883739117555,0.));
#6017=DIRECTION('ref_axis',(0.433883739117555,0.900968867902421,0.));
#6018=DIRECTION('',(0.,0.,-1.));
#6019=DIRECTION('center_axis',(0.0747300935864318,-0.99720379718118,0.));
#6020=DIRECTION('ref_axis',(-0.99720379718118,-0.0747300935864318,0.));
#6021=DIRECTION('',(0.,0.,-1.));
#6022=DIRECTION('center_axis',(0.,0.,1.));
#6023=DIRECTION('ref_axis',(1.,0.,0.));
#6024=DIRECTION('',(0.,0.,1.));
#6025=DIRECTION('center_axis',(0.,0.,-1.));
#6026=DIRECTION('ref_axis',(1.,0.,0.));
#6027=DIRECTION('center_axis',(-0.86602540378444,0.499999999999997,0.));
#6028=DIRECTION('ref_axis',(0.499999999999997,0.86602540378444,0.));
#6029=DIRECTION('',(0.,0.,-1.));
#6030=DIRECTION('center_axis',(7.32747196252603E-15,-1.,0.));
#6031=DIRECTION('ref_axis',(-1.,-7.32747196252603E-15,0.));
#6032=DIRECTION('',(0.,0.,-1.));
#6033=DIRECTION('center_axis',(0.,0.,1.));
#6034=DIRECTION('ref_axis',(1.,0.,0.));
#6035=DIRECTION('',(0.,0.,1.));
#6036=DIRECTION('center_axis',(0.,0.,-1.));
#6037=DIRECTION('ref_axis',(1.,0.,0.));
#6038=DIRECTION('center_axis',(-0.826238774315996,0.56332005806362,0.));
#6039=DIRECTION('ref_axis',(0.56332005806362,0.826238774315997,0.));
#6040=DIRECTION('',(0.,0.,-1.));
#6041=DIRECTION('center_axis',(-0.0747300935864173,-0.997203797181181,0.));
#6042=DIRECTION('ref_axis',(-0.997203797181181,0.0747300935864173,0.));
#6043=DIRECTION('',(0.,0.,-1.));
#6044=DIRECTION('center_axis',(0.,0.,1.));
#6045=DIRECTION('ref_axis',(1.,0.,0.));
#6046=DIRECTION('',(0.,0.,1.));
#6047=DIRECTION('center_axis',(0.,0.,-1.));
#6048=DIRECTION('ref_axis',(1.,0.,0.));
#6049=DIRECTION('center_axis',(-0.781831482468032,0.623489801858731,0.));
#6050=DIRECTION('ref_axis',(0.623489801858731,0.781831482468032,0.));
#6051=DIRECTION('',(0.,0.,-1.));
#6052=DIRECTION('center_axis',(-0.149042266176167,-0.98883082622513,0.));
#6053=DIRECTION('ref_axis',(-0.98883082622513,0.149042266176167,0.));
#6054=DIRECTION('',(0.,0.,-1.));
#6055=DIRECTION('center_axis',(0.,0.,1.));
#6056=DIRECTION('ref_axis',(1.,0.,0.));
#6057=DIRECTION('',(0.,0.,1.));
#6058=DIRECTION('center_axis',(0.,0.,-1.));
#6059=DIRECTION('ref_axis',(1.,0.,0.));
#6060=DIRECTION('center_axis',(-0.733051871829829,0.680172737770917,0.));
#6061=DIRECTION('ref_axis',(0.680172737770917,0.733051871829829,0.));
#6062=DIRECTION('',(0.,0.,-1.));
#6063=DIRECTION('center_axis',(-0.222520933956307,-0.974927912181825,0.));
#6064=DIRECTION('ref_axis',(-0.974927912181825,0.222520933956307,0.));
#6065=DIRECTION('',(0.,0.,-1.));
#6066=DIRECTION('center_axis',(0.,0.,1.));
#6067=DIRECTION('ref_axis',(1.,0.,0.));
#6068=DIRECTION('',(0.,0.,1.));
#6069=DIRECTION('center_axis',(0.,0.,-1.));
#6070=DIRECTION('ref_axis',(1.,0.,0.));
#6071=DIRECTION('center_axis',(-0.680172737770922,0.733051871829824,0.));
#6072=DIRECTION('ref_axis',(0.733051871829824,0.680172737770922,0.));
#6073=DIRECTION('',(0.,0.,-1.));
#6074=DIRECTION('center_axis',(-0.294755174410897,-0.955572805786143,0.));
#6075=DIRECTION('ref_axis',(-0.955572805786143,0.294755174410898,0.));
#6076=DIRECTION('',(0.,0.,-1.));
#6077=DIRECTION('center_axis',(0.,0.,1.));
#6078=DIRECTION('ref_axis',(1.,0.,0.));
#6079=DIRECTION('',(0.,0.,1.));
#6080=DIRECTION('center_axis',(0.,0.,-1.));
#6081=DIRECTION('ref_axis',(1.,0.,0.));
#6082=DIRECTION('center_axis',(-0.623489801858736,0.781831482468028,0.));
#6083=DIRECTION('ref_axis',(0.781831482468028,0.623489801858736,0.));
#6084=DIRECTION('',(0.,0.,-1.));
#6085=DIRECTION('center_axis',(-0.365341024366388,-0.930873748644207,0.));
#6086=DIRECTION('ref_axis',(-0.930873748644207,0.365341024366388,0.));
#6087=DIRECTION('',(0.,0.,-1.));
#6088=DIRECTION('center_axis',(0.,0.,1.));
#6089=DIRECTION('ref_axis',(1.,0.,0.));
#6090=DIRECTION('',(0.,0.,1.));
#6091=DIRECTION('center_axis',(0.,0.,-1.));
#6092=DIRECTION('ref_axis',(1.,0.,0.));
#6093=DIRECTION('center_axis',(-0.563320058063625,0.826238774315993,0.));
#6094=DIRECTION('ref_axis',(0.826238774315993,0.563320058063625,0.));
#6095=DIRECTION('',(0.,0.,-1.));
#6096=DIRECTION('center_axis',(-0.433883739117552,-0.900968867902422,0.));
#6097=DIRECTION('ref_axis',(-0.900968867902422,0.433883739117552,0.));
#6098=DIRECTION('',(0.,0.,-1.));
#6099=DIRECTION('center_axis',(0.,0.,1.));
#6100=DIRECTION('ref_axis',(1.,0.,0.));
#6101=DIRECTION('',(0.,0.,1.));
#6102=DIRECTION('center_axis',(0.,0.,-1.));
#6103=DIRECTION('ref_axis',(1.,0.,0.));
#6104=DIRECTION('center_axis',(-0.500000000000003,0.866025403784437,0.));
#6105=DIRECTION('ref_axis',(0.866025403784437,0.500000000000003,0.));
#6106=DIRECTION('',(0.,0.,-1.));
#6107=DIRECTION('center_axis',(-0.499999999999994,-0.866025403784442,0.));
#6108=DIRECTION('ref_axis',(-0.866025403784442,0.499999999999994,0.));
#6109=DIRECTION('',(0.,0.,-1.));
#6110=DIRECTION('center_axis',(0.,0.,1.));
#6111=DIRECTION('ref_axis',(1.,0.,0.));
#6112=DIRECTION('',(0.,0.,1.));
#6113=DIRECTION('center_axis',(0.,0.,-1.));
#6114=DIRECTION('ref_axis',(1.,0.,0.));
#6115=DIRECTION('center_axis',(-0.433883739117561,0.900968867902418,0.));
#6116=DIRECTION('ref_axis',(0.900968867902418,0.433883739117561,0.));
#6117=DIRECTION('',(0.,0.,-1.));
#6118=DIRECTION('center_axis',(-0.563320058063616,-0.826238774315999,0.));
#6119=DIRECTION('ref_axis',(-0.826238774315999,0.563320058063616,0.));
#6120=DIRECTION('',(0.,0.,-1.));
#6121=DIRECTION('center_axis',(0.,0.,1.));
#6122=DIRECTION('ref_axis',(1.,0.,0.));
#6123=DIRECTION('',(0.,0.,1.));
#6124=DIRECTION('center_axis',(0.,0.,-1.));
#6125=DIRECTION('ref_axis',(1.,0.,0.));
#6126=DIRECTION('center_axis',(-0.365341024366398,0.930873748644203,0.));
#6127=DIRECTION('ref_axis',(0.930873748644203,0.365341024366398,0.));
#6128=DIRECTION('',(0.,0.,-1.));
#6129=DIRECTION('center_axis',(-0.623489801858728,-0.781831482468034,0.));
#6130=DIRECTION('ref_axis',(-0.781831482468034,0.623489801858728,0.));
#6131=DIRECTION('',(0.,0.,-1.));
#6132=DIRECTION('center_axis',(0.,0.,1.));
#6133=DIRECTION('ref_axis',(1.,0.,0.));
#6134=DIRECTION('',(0.,0.,1.));
#6135=DIRECTION('center_axis',(0.,0.,-1.));
#6136=DIRECTION('ref_axis',(1.,0.,0.));
#6137=DIRECTION('center_axis',(-0.294755174410907,0.95557280578614,0.));
#6138=DIRECTION('ref_axis',(0.95557280578614,0.294755174410907,0.));
#6139=DIRECTION('',(0.,0.,-1.));
#6140=DIRECTION('center_axis',(-0.680172737770914,-0.733051871829831,0.));
#6141=DIRECTION('ref_axis',(-0.733051871829831,0.680172737770914,0.));
#6142=DIRECTION('',(0.,0.,-1.));
#6143=DIRECTION('center_axis',(0.,0.,1.));
#6144=DIRECTION('ref_axis',(1.,0.,0.));
#6145=DIRECTION('',(0.,0.,1.));
#6146=DIRECTION('center_axis',(0.,0.,-1.));
#6147=DIRECTION('ref_axis',(1.,0.,0.));
#6148=DIRECTION('center_axis',(-0.222520933956318,0.974927912181823,0.));
#6149=DIRECTION('ref_axis',(0.974927912181823,0.222520933956318,0.));
#6150=DIRECTION('',(0.,0.,-1.));
#6151=DIRECTION('center_axis',(-0.733051871829821,-0.680172737770925,0.));
#6152=DIRECTION('ref_axis',(-0.680172737770925,0.733051871829821,0.));
#6153=DIRECTION('',(0.,0.,-1.));
#6154=DIRECTION('center_axis',(0.,0.,1.));
#6155=DIRECTION('ref_axis',(1.,0.,0.));
#6156=DIRECTION('',(0.,0.,1.));
#6157=DIRECTION('center_axis',(0.,0.,-1.));
#6158=DIRECTION('ref_axis',(1.,0.,0.));
#6159=DIRECTION('center_axis',(-0.149042266176178,0.988830826225128,0.));
#6160=DIRECTION('ref_axis',(0.988830826225128,0.149042266176178,0.));
#6161=DIRECTION('',(0.,0.,-1.));
#6162=DIRECTION('center_axis',(-0.781831482468025,-0.623489801858739,0.));
#6163=DIRECTION('ref_axis',(-0.623489801858739,0.781831482468025,0.));
#6164=DIRECTION('',(0.,0.,-1.));
#6165=DIRECTION('center_axis',(0.,0.,1.));
#6166=DIRECTION('ref_axis',(1.,0.,0.));
#6167=DIRECTION('',(0.,0.,1.));
#6168=DIRECTION('center_axis',(0.,0.,-1.));
#6169=DIRECTION('ref_axis',(1.,0.,0.));
#6170=DIRECTION('center_axis',(-0.0747300935864272,0.99720379718118,0.));
#6171=DIRECTION('ref_axis',(0.99720379718118,0.0747300935864272,0.));
#6172=DIRECTION('',(0.,0.,-1.));
#6173=DIRECTION('center_axis',(-0.826238774315991,-0.563320058063628,0.));
#6174=DIRECTION('ref_axis',(-0.563320058063628,0.826238774315991,0.));
#6175=DIRECTION('',(0.,0.,-1.));
#6176=DIRECTION('center_axis',(0.,0.,1.));
#6177=DIRECTION('ref_axis',(1.,0.,0.));
#6178=DIRECTION('',(0.,0.,1.));
#6179=DIRECTION('center_axis',(0.,0.,-1.));
#6180=DIRECTION('ref_axis',(1.,0.,0.));
#6181=DIRECTION('center_axis',(-3.5527136788005E-15,1.,0.));
#6182=DIRECTION('ref_axis',(1.,3.5527136788005E-15,0.));
#6183=DIRECTION('',(0.,0.,-1.));
#6184=DIRECTION('center_axis',(-0.866025403784435,-0.500000000000007,0.));
#6185=DIRECTION('ref_axis',(-0.500000000000007,0.866025403784435,0.));
#6186=DIRECTION('',(0.,0.,-1.));
#6187=DIRECTION('center_axis',(0.,0.,1.));
#6188=DIRECTION('ref_axis',(1.,0.,0.));
#6189=DIRECTION('',(0.,0.,1.));
#6190=DIRECTION('center_axis',(0.,0.,-1.));
#6191=DIRECTION('ref_axis',(1.,0.,0.));
#6192=DIRECTION('center_axis',(0.0747300935864211,0.99720379718118,0.));
#6193=DIRECTION('ref_axis',(0.99720379718118,-0.0747300935864211,0.));
#6194=DIRECTION('',(0.,0.,-1.));
#6195=DIRECTION('center_axis',(-0.900968867902416,-0.433883739117565,0.));
#6196=DIRECTION('ref_axis',(-0.433883739117565,0.900968867902416,0.));
#6197=DIRECTION('',(0.,0.,-1.));
#6198=DIRECTION('center_axis',(0.,0.,1.));
#6199=DIRECTION('ref_axis',(1.,0.,0.));
#6200=DIRECTION('',(0.,0.,1.));
#6201=DIRECTION('center_axis',(0.,0.,-1.));
#6202=DIRECTION('ref_axis',(1.,0.,0.));
#6203=DIRECTION('center_axis',(0.149042266176172,0.988830826225129,0.));
#6204=DIRECTION('ref_axis',(0.988830826225129,-0.149042266176172,0.));
#6205=DIRECTION('',(0.,0.,-1.));
#6206=DIRECTION('center_axis',(-0.930873748644202,-0.365341024366402,0.));
#6207=DIRECTION('ref_axis',(-0.365341024366402,0.930873748644202,0.));
#6208=DIRECTION('',(0.,0.,-1.));
#6209=DIRECTION('center_axis',(0.,0.,1.));
#6210=DIRECTION('ref_axis',(1.,0.,0.));
#6211=DIRECTION('',(0.,0.,1.));
#6212=DIRECTION('center_axis',(0.,0.,-1.));
#6213=DIRECTION('ref_axis',(1.,0.,0.));
#6214=DIRECTION('center_axis',(0.222520933956311,0.974927912181824,0.));
#6215=DIRECTION('ref_axis',(0.974927912181824,-0.222520933956311,0.));
#6216=DIRECTION('',(0.,0.,-1.));
#6217=DIRECTION('center_axis',(-0.955572805786139,-0.294755174410911,0.));
#6218=DIRECTION('ref_axis',(-0.294755174410911,0.955572805786139,0.));
#6219=DIRECTION('',(0.,0.,-1.));
#6220=DIRECTION('center_axis',(0.,0.,1.));
#6221=DIRECTION('ref_axis',(1.,0.,0.));
#6222=DIRECTION('',(0.,0.,1.));
#6223=DIRECTION('center_axis',(0.,0.,-1.));
#6224=DIRECTION('ref_axis',(1.,0.,0.));
#6225=DIRECTION('center_axis',(0.294755174410901,0.955572805786142,0.));
#6226=DIRECTION('ref_axis',(0.955572805786142,-0.294755174410901,0.));
#6227=DIRECTION('',(0.,0.,-1.));
#6228=DIRECTION('center_axis',(-0.974927912181822,-0.222520933956322,0.));
#6229=DIRECTION('ref_axis',(-0.222520933956322,0.974927912181822,0.));
#6230=DIRECTION('',(0.,0.,-1.));
#6231=DIRECTION('center_axis',(0.,0.,1.));
#6232=DIRECTION('ref_axis',(1.,0.,0.));
#6233=DIRECTION('',(0.,0.,1.));
#6234=DIRECTION('center_axis',(0.,0.,-1.));
#6235=DIRECTION('ref_axis',(1.,0.,0.));
#6236=DIRECTION('center_axis',(0.365341024366392,0.930873748644206,0.));
#6237=DIRECTION('ref_axis',(0.930873748644205,-0.365341024366392,0.));
#6238=DIRECTION('',(0.,0.,-1.));
#6239=DIRECTION('center_axis',(-0.988830826225127,-0.149042266176182,0.));
#6240=DIRECTION('ref_axis',(-0.149042266176182,0.988830826225127,0.));
#6241=DIRECTION('',(0.,0.,-1.));
#6242=DIRECTION('center_axis',(0.,0.,1.));
#6243=DIRECTION('ref_axis',(1.,0.,0.));
#6244=DIRECTION('',(0.,0.,1.));
#6245=DIRECTION('center_axis',(0.,0.,-1.));
#6246=DIRECTION('ref_axis',(1.,0.,0.));
#6247=DIRECTION('center_axis',(0.433883739117555,0.900968867902421,0.));
#6248=DIRECTION('ref_axis',(0.90096886790242,-0.433883739117555,0.));
#6249=DIRECTION('',(0.,0.,-1.));
#6250=DIRECTION('center_axis',(-0.99720379718118,-0.0747300935864315,0.));
#6251=DIRECTION('ref_axis',(-0.0747300935864314,0.99720379718118,0.));
#6252=DIRECTION('',(0.,0.,-1.));
#6253=DIRECTION('center_axis',(0.,0.,1.));
#6254=DIRECTION('ref_axis',(1.,0.,0.));
#6255=DIRECTION('',(0.,0.,1.));
#6256=DIRECTION('center_axis',(0.,0.,-1.));
#6257=DIRECTION('ref_axis',(1.,0.,0.));
#6258=DIRECTION('center_axis',(0.499999999999997,0.86602540378444,0.));
#6259=DIRECTION('ref_axis',(0.86602540378444,-0.499999999999997,0.));
#6260=DIRECTION('',(0.,0.,-1.));
#6261=DIRECTION('center_axis',(-1.,-7.32747196252603E-15,0.));
#6262=DIRECTION('ref_axis',(-7.32747196252603E-15,1.,0.));
#6263=DIRECTION('',(0.,0.,-1.));
#6264=DIRECTION('center_axis',(0.,0.,1.));
#6265=DIRECTION('ref_axis',(1.,0.,0.));
#6266=DIRECTION('',(0.,0.,1.));
#6267=DIRECTION('center_axis',(0.,0.,-1.));
#6268=DIRECTION('ref_axis',(1.,0.,0.));
#6269=DIRECTION('center_axis',(0.56332005806362,0.826238774315997,0.));
#6270=DIRECTION('ref_axis',(0.826238774315997,-0.56332005806362,0.));
#6271=DIRECTION('',(0.,0.,-1.));
#6272=DIRECTION('center_axis',(-0.997203797181181,0.0747300935864172,0.));
#6273=DIRECTION('ref_axis',(0.0747300935864172,0.997203797181181,0.));
#6274=DIRECTION('',(0.,0.,-1.));
#6275=DIRECTION('center_axis',(0.,0.,1.));
#6276=DIRECTION('ref_axis',(1.,0.,0.));
#6277=DIRECTION('',(0.,0.,1.));
#6278=DIRECTION('center_axis',(0.,0.,-1.));
#6279=DIRECTION('ref_axis',(1.,0.,0.));
#6280=DIRECTION('center_axis',(0.623489801858731,0.781831482468032,0.));
#6281=DIRECTION('ref_axis',(0.781831482468032,-0.623489801858731,0.));
#6282=DIRECTION('',(0.,0.,-1.));
#6283=DIRECTION('center_axis',(-0.98883082622513,0.149042266176167,0.));
#6284=DIRECTION('ref_axis',(0.149042266176167,0.98883082622513,0.));
#6285=DIRECTION('',(0.,0.,-1.));
#6286=DIRECTION('center_axis',(0.,0.,1.));
#6287=DIRECTION('ref_axis',(1.,0.,0.));
#6288=DIRECTION('',(0.,0.,1.));
#6289=DIRECTION('center_axis',(0.,0.,-1.));
#6290=DIRECTION('ref_axis',(1.,0.,0.));
#6291=DIRECTION('center_axis',(0.680172737770917,0.733051871829829,0.));
#6292=DIRECTION('ref_axis',(0.733051871829829,-0.680172737770917,0.));
#6293=DIRECTION('',(0.,0.,-1.));
#6294=DIRECTION('center_axis',(-0.974927912181825,0.222520933956307,0.));
#6295=DIRECTION('ref_axis',(0.222520933956307,0.974927912181825,0.));
#6296=DIRECTION('',(0.,0.,-1.));
#6297=DIRECTION('center_axis',(0.,0.,1.));
#6298=DIRECTION('ref_axis',(1.,0.,0.));
#6299=DIRECTION('',(0.,0.,1.));
#6300=DIRECTION('center_axis',(0.,0.,-1.));
#6301=DIRECTION('ref_axis',(1.,0.,0.));
#6302=DIRECTION('center_axis',(0.733051871829824,0.680172737770922,0.));
#6303=DIRECTION('ref_axis',(0.680172737770922,-0.733051871829824,0.));
#6304=DIRECTION('',(0.,0.,-1.));
#6305=DIRECTION('center_axis',(-0.955572805786143,0.294755174410897,0.));
#6306=DIRECTION('ref_axis',(0.294755174410898,0.955572805786143,0.));
#6307=DIRECTION('',(0.,0.,-1.));
#6308=DIRECTION('center_axis',(0.,0.,1.));
#6309=DIRECTION('ref_axis',(1.,0.,0.));
#6310=DIRECTION('',(0.,0.,1.));
#6311=DIRECTION('center_axis',(0.,0.,-1.));
#6312=DIRECTION('ref_axis',(1.,0.,0.));
#6313=DIRECTION('center_axis',(0.781831482468028,0.623489801858736,0.));
#6314=DIRECTION('ref_axis',(0.623489801858736,-0.781831482468028,0.));
#6315=DIRECTION('',(0.,0.,-1.));
#6316=DIRECTION('center_axis',(-0.930873748644207,0.365341024366388,0.));
#6317=DIRECTION('ref_axis',(0.365341024366388,0.930873748644207,0.));
#6318=DIRECTION('',(0.,0.,-1.));
#6319=DIRECTION('center_axis',(0.,0.,1.));
#6320=DIRECTION('ref_axis',(1.,0.,0.));
#6321=DIRECTION('',(0.,0.,1.));
#6322=DIRECTION('center_axis',(0.,0.,-1.));
#6323=DIRECTION('ref_axis',(1.,0.,0.));
#6324=DIRECTION('center_axis',(0.826238774315993,0.563320058063625,0.));
#6325=DIRECTION('ref_axis',(0.563320058063625,-0.826238774315993,0.));
#6326=DIRECTION('',(0.,0.,-1.));
#6327=DIRECTION('center_axis',(-0.900968867902422,0.433883739117552,0.));
#6328=DIRECTION('ref_axis',(0.433883739117552,0.900968867902422,0.));
#6329=DIRECTION('',(0.,0.,-1.));
#6330=DIRECTION('center_axis',(0.,0.,1.));
#6331=DIRECTION('ref_axis',(1.,0.,0.));
#6332=DIRECTION('',(0.,0.,1.));
#6333=DIRECTION('center_axis',(0.,0.,-1.));
#6334=DIRECTION('ref_axis',(1.,0.,0.));
#6335=DIRECTION('center_axis',(0.866025403784437,0.500000000000003,0.));
#6336=DIRECTION('ref_axis',(0.500000000000003,-0.866025403784437,0.));
#6337=DIRECTION('',(0.,0.,-1.));
#6338=DIRECTION('center_axis',(-0.866025403784442,0.499999999999994,0.));
#6339=DIRECTION('ref_axis',(0.499999999999994,0.866025403784442,0.));
#6340=DIRECTION('',(0.,0.,-1.));
#6341=DIRECTION('center_axis',(0.,0.,1.));
#6342=DIRECTION('ref_axis',(1.,0.,0.));
#6343=DIRECTION('',(0.,0.,1.));
#6344=DIRECTION('center_axis',(0.,0.,-1.));
#6345=DIRECTION('ref_axis',(1.,0.,0.));
#6346=DIRECTION('center_axis',(0.900968867902418,0.433883739117561,0.));
#6347=DIRECTION('ref_axis',(0.433883739117561,-0.900968867902418,0.));
#6348=DIRECTION('',(0.,0.,-1.));
#6349=DIRECTION('center_axis',(-0.826238774315999,0.563320058063616,0.));
#6350=DIRECTION('ref_axis',(0.563320058063616,0.826238774315999,0.));
#6351=DIRECTION('',(0.,0.,-1.));
#6352=DIRECTION('center_axis',(0.,0.,1.));
#6353=DIRECTION('ref_axis',(1.,0.,0.));
#6354=DIRECTION('',(0.,0.,1.));
#6355=DIRECTION('center_axis',(0.,0.,-1.));
#6356=DIRECTION('ref_axis',(1.,0.,0.));
#6357=DIRECTION('center_axis',(0.930873748644203,0.365341024366398,0.));
#6358=DIRECTION('ref_axis',(0.365341024366398,-0.930873748644203,0.));
#6359=DIRECTION('',(0.,0.,-1.));
#6360=DIRECTION('center_axis',(-0.781831482468034,0.623489801858728,0.));
#6361=DIRECTION('ref_axis',(0.623489801858728,0.781831482468034,0.));
#6362=DIRECTION('',(0.,0.,-1.));
#6363=DIRECTION('center_axis',(0.,0.,1.));
#6364=DIRECTION('ref_axis',(1.,0.,0.));
#6365=DIRECTION('',(0.,0.,1.));
#6366=DIRECTION('center_axis',(0.,0.,-1.));
#6367=DIRECTION('ref_axis',(1.,0.,0.));
#6368=DIRECTION('center_axis',(0.95557280578614,0.294755174410907,0.));
#6369=DIRECTION('ref_axis',(0.294755174410907,-0.95557280578614,0.));
#6370=DIRECTION('',(0.,0.,-1.));
#6371=DIRECTION('center_axis',(-0.733051871829831,0.680172737770914,0.));
#6372=DIRECTION('ref_axis',(0.680172737770914,0.733051871829831,0.));
#6373=DIRECTION('',(0.,0.,-1.));
#6374=DIRECTION('center_axis',(0.,0.,1.));
#6375=DIRECTION('ref_axis',(1.,0.,0.));
#6376=DIRECTION('',(0.,0.,1.));
#6377=DIRECTION('center_axis',(0.,0.,-1.));
#6378=DIRECTION('ref_axis',(1.,0.,0.));
#6379=DIRECTION('center_axis',(0.974927912181823,0.222520933956318,0.));
#6380=DIRECTION('ref_axis',(0.222520933956318,-0.974927912181823,0.));
#6381=DIRECTION('',(0.,0.,-1.));
#6382=DIRECTION('center_axis',(-0.680172737770925,0.733051871829821,0.));
#6383=DIRECTION('ref_axis',(0.733051871829821,0.680172737770925,0.));
#6384=DIRECTION('',(0.,0.,-1.));
#6385=DIRECTION('center_axis',(0.,0.,1.));
#6386=DIRECTION('ref_axis',(1.,0.,0.));
#6387=DIRECTION('',(0.,0.,1.));
#6388=DIRECTION('center_axis',(0.,0.,-1.));
#6389=DIRECTION('ref_axis',(1.,0.,0.));
#6390=DIRECTION('center_axis',(0.988830826225128,0.149042266176178,0.));
#6391=DIRECTION('ref_axis',(0.149042266176178,-0.988830826225128,0.));
#6392=DIRECTION('',(0.,0.,-1.));
#6393=DIRECTION('center_axis',(-0.623489801858739,0.781831482468025,0.));
#6394=DIRECTION('ref_axis',(0.781831482468025,0.623489801858739,0.));
#6395=DIRECTION('',(0.,0.,-1.));
#6396=DIRECTION('center_axis',(0.,0.,1.));
#6397=DIRECTION('ref_axis',(1.,0.,0.));
#6398=DIRECTION('',(0.,0.,1.));
#6399=DIRECTION('center_axis',(0.,0.,-1.));
#6400=DIRECTION('ref_axis',(1.,0.,0.));
#6401=DIRECTION('center_axis',(0.99720379718118,0.0747300935864273,0.));
#6402=DIRECTION('ref_axis',(0.0747300935864273,-0.99720379718118,0.));
#6403=DIRECTION('',(0.,0.,-1.));
#6404=DIRECTION('center_axis',(-0.563320058063628,0.826238774315991,0.));
#6405=DIRECTION('ref_axis',(0.826238774315991,0.563320058063628,0.));
#6406=DIRECTION('',(0.,0.,-1.));
#6407=DIRECTION('center_axis',(0.,0.,1.));
#6408=DIRECTION('ref_axis',(1.,0.,0.));
#6409=DIRECTION('',(0.,0.,1.));
#6410=DIRECTION('center_axis',(0.,0.,-1.));
#6411=DIRECTION('ref_axis',(1.,0.,0.));
#6412=DIRECTION('center_axis',(1.,3.21964677141295E-15,0.));
#6413=DIRECTION('ref_axis',(3.21964677141295E-15,-1.,0.));
#6414=DIRECTION('',(0.,0.,-1.));
#6415=DIRECTION('center_axis',(-0.500000000000006,0.866025403784435,0.));
#6416=DIRECTION('ref_axis',(0.866025403784435,0.500000000000006,0.));
#6417=DIRECTION('',(0.,0.,-1.));
#6418=DIRECTION('center_axis',(0.,0.,1.));
#6419=DIRECTION('ref_axis',(1.,0.,0.));
#6420=DIRECTION('',(0.,0.,1.));
#6421=DIRECTION('center_axis',(0.,0.,-1.));
#6422=DIRECTION('ref_axis',(1.,0.,0.));
#6423=DIRECTION('center_axis',(0.99720379718118,-0.0747300935864209,0.));
#6424=DIRECTION('ref_axis',(-0.0747300935864209,-0.99720379718118,0.));
#6425=DIRECTION('',(0.,0.,-1.));
#6426=DIRECTION('center_axis',(-0.433883739117565,0.900968867902416,0.));
#6427=DIRECTION('ref_axis',(0.900968867902416,0.433883739117565,0.));
#6428=DIRECTION('',(0.,0.,-1.));
#6429=DIRECTION('center_axis',(0.,0.,1.));
#6430=DIRECTION('ref_axis',(1.,0.,0.));
#6431=DIRECTION('',(0.,0.,1.));
#6432=DIRECTION('center_axis',(0.,0.,-1.));
#6433=DIRECTION('ref_axis',(1.,0.,0.));
#6434=DIRECTION('center_axis',(0.988830826225129,-0.149042266176172,0.));
#6435=DIRECTION('ref_axis',(-0.149042266176171,-0.988830826225129,0.));
#6436=DIRECTION('',(0.,0.,-1.));
#6437=DIRECTION('center_axis',(-0.365341024366402,0.930873748644202,0.));
#6438=DIRECTION('ref_axis',(0.930873748644202,0.365341024366402,0.));
#6439=DIRECTION('',(0.,0.,-1.));
#6440=DIRECTION('center_axis',(0.,0.,1.));
#6441=DIRECTION('ref_axis',(1.,0.,0.));
#6442=DIRECTION('',(0.,0.,1.));
#6443=DIRECTION('center_axis',(0.,0.,-1.));
#6444=DIRECTION('ref_axis',(1.,0.,0.));
#6445=DIRECTION('center_axis',(0.974927912181824,-0.222520933956311,0.));
#6446=DIRECTION('ref_axis',(-0.222520933956311,-0.974927912181824,0.));
#6447=DIRECTION('',(0.,0.,-1.));
#6448=DIRECTION('center_axis',(-0.294755174410911,0.955572805786139,0.));
#6449=DIRECTION('ref_axis',(0.955572805786139,0.294755174410911,0.));
#6450=DIRECTION('',(0.,0.,-1.));
#6451=DIRECTION('center_axis',(0.,0.,1.));
#6452=DIRECTION('ref_axis',(1.,0.,0.));
#6453=DIRECTION('',(0.,0.,1.));
#6454=DIRECTION('center_axis',(0.,0.,-1.));
#6455=DIRECTION('ref_axis',(1.,0.,0.));
#6456=DIRECTION('center_axis',(0.955572805786142,-0.294755174410901,0.));
#6457=DIRECTION('ref_axis',(-0.294755174410901,-0.955572805786142,0.));
#6458=DIRECTION('',(0.,0.,-1.));
#6459=DIRECTION('center_axis',(-0.222520933956322,0.974927912181822,0.));
#6460=DIRECTION('ref_axis',(0.974927912181822,0.222520933956322,0.));
#6461=DIRECTION('',(0.,0.,-1.));
#6462=DIRECTION('center_axis',(0.,0.,1.));
#6463=DIRECTION('ref_axis',(1.,0.,0.));
#6464=DIRECTION('',(0.,0.,1.));
#6465=DIRECTION('center_axis',(0.,0.,-1.));
#6466=DIRECTION('ref_axis',(1.,0.,0.));
#6467=DIRECTION('center_axis',(0.930873748644205,-0.365341024366392,0.));
#6468=DIRECTION('ref_axis',(-0.365341024366392,-0.930873748644205,0.));
#6469=DIRECTION('',(0.,0.,-1.));
#6470=DIRECTION('center_axis',(-0.149042266176181,0.988830826225128,0.));
#6471=DIRECTION('ref_axis',(0.988830826225128,0.149042266176181,0.));
#6472=DIRECTION('',(0.,0.,-1.));
#6473=DIRECTION('center_axis',(0.,0.,1.));
#6474=DIRECTION('ref_axis',(1.,0.,0.));
#6475=DIRECTION('',(0.,0.,1.));
#6476=DIRECTION('center_axis',(0.,0.,-1.));
#6477=DIRECTION('ref_axis',(1.,0.,0.));
#6478=DIRECTION('center_axis',(0.900968867902421,-0.433883739117555,0.));
#6479=DIRECTION('ref_axis',(-0.433883739117555,-0.90096886790242,0.));
#6480=DIRECTION('',(0.,0.,-1.));
#6481=DIRECTION('center_axis',(-0.0747300935864315,0.99720379718118,0.));
#6482=DIRECTION('ref_axis',(0.99720379718118,0.0747300935864315,0.));
#6483=DIRECTION('',(0.,0.,-1.));
#6484=DIRECTION('center_axis',(0.,0.,1.));
#6485=DIRECTION('ref_axis',(1.,0.,0.));
#6486=DIRECTION('',(0.,0.,1.));
#6487=DIRECTION('center_axis',(0.,0.,-1.));
#6488=DIRECTION('ref_axis',(1.,0.,0.));
#6489=DIRECTION('center_axis',(0.86602540378444,-0.499999999999997,0.));
#6490=DIRECTION('ref_axis',(-0.499999999999997,-0.86602540378444,0.));
#6491=DIRECTION('',(0.,0.,-1.));
#6492=DIRECTION('center_axis',(-7.38298311375729E-15,1.,0.));
#6493=DIRECTION('ref_axis',(1.,7.38298311375729E-15,0.));
#6494=DIRECTION('',(0.,0.,-1.));
#6495=DIRECTION('center_axis',(0.,0.,1.));
#6496=DIRECTION('ref_axis',(1.,0.,0.));
#6497=DIRECTION('',(0.,0.,1.));
#6498=DIRECTION('center_axis',(0.,0.,-1.));
#6499=DIRECTION('ref_axis',(1.,0.,0.));
#6500=DIRECTION('center_axis',(0.826238774315997,-0.56332005806362,0.));
#6501=DIRECTION('ref_axis',(-0.56332005806362,-0.826238774315997,0.));
#6502=DIRECTION('',(0.,0.,-1.));
#6503=DIRECTION('center_axis',(0.0747300935864171,0.997203797181181,0.));
#6504=DIRECTION('ref_axis',(0.997203797181181,-0.0747300935864171,0.));
#6505=DIRECTION('',(0.,0.,-1.));
#6506=DIRECTION('center_axis',(0.,0.,1.));
#6507=DIRECTION('ref_axis',(1.,0.,0.));
#6508=DIRECTION('',(0.,0.,1.));
#6509=DIRECTION('center_axis',(0.,0.,-1.));
#6510=DIRECTION('ref_axis',(1.,0.,0.));
#6511=DIRECTION('center_axis',(0.781831482468032,-0.623489801858731,0.));
#6512=DIRECTION('ref_axis',(-0.623489801858731,-0.781831482468032,0.));
#6513=DIRECTION('',(0.,0.,-1.));
#6514=DIRECTION('center_axis',(0.149042266176167,0.98883082622513,0.));
#6515=DIRECTION('ref_axis',(0.98883082622513,-0.149042266176167,0.));
#6516=DIRECTION('',(0.,0.,-1.));
#6517=DIRECTION('center_axis',(0.,0.,1.));
#6518=DIRECTION('ref_axis',(1.,0.,0.));
#6519=DIRECTION('',(0.,0.,1.));
#6520=DIRECTION('center_axis',(0.,0.,-1.));
#6521=DIRECTION('ref_axis',(1.,0.,0.));
#6522=DIRECTION('center_axis',(0.733051871829828,-0.680172737770917,0.));
#6523=DIRECTION('ref_axis',(-0.680172737770917,-0.733051871829828,0.));
#6524=DIRECTION('',(0.,0.,-1.));
#6525=DIRECTION('center_axis',(0.222520933956307,0.974927912181825,0.));
#6526=DIRECTION('ref_axis',(0.974927912181825,-0.222520933956307,0.));
#6527=DIRECTION('',(0.,0.,-1.));
#6528=DIRECTION('center_axis',(0.,0.,1.));
#6529=DIRECTION('ref_axis',(1.,0.,0.));
#6530=DIRECTION('',(0.,0.,1.));
#6531=DIRECTION('center_axis',(0.,0.,-1.));
#6532=DIRECTION('ref_axis',(1.,0.,0.));
#6533=DIRECTION('center_axis',(0.680172737770922,-0.733051871829824,0.));
#6534=DIRECTION('ref_axis',(-0.733051871829824,-0.680172737770922,0.));
#6535=DIRECTION('',(0.,0.,-1.));
#6536=DIRECTION('center_axis',(0.294755174410897,0.955572805786143,0.));
#6537=DIRECTION('ref_axis',(0.955572805786143,-0.294755174410897,0.));
#6538=DIRECTION('',(0.,0.,-1.));
#6539=DIRECTION('center_axis',(0.,0.,1.));
#6540=DIRECTION('ref_axis',(1.,0.,0.));
#6541=DIRECTION('',(0.,0.,1.));
#6542=DIRECTION('center_axis',(0.,0.,-1.));
#6543=DIRECTION('ref_axis',(1.,0.,0.));
#6544=DIRECTION('center_axis',(0.623489801858736,-0.781831482468028,0.));
#6545=DIRECTION('ref_axis',(-0.781831482468028,-0.623489801858736,0.));
#6546=DIRECTION('',(0.,0.,-1.));
#6547=DIRECTION('center_axis',(0.365341024366388,0.930873748644207,0.));
#6548=DIRECTION('ref_axis',(0.930873748644207,-0.365341024366388,0.));
#6549=DIRECTION('',(0.,0.,-1.));
#6550=DIRECTION('center_axis',(0.,0.,1.));
#6551=DIRECTION('ref_axis',(1.,0.,0.));
#6552=DIRECTION('',(0.,0.,1.));
#6553=DIRECTION('center_axis',(0.,0.,-1.));
#6554=DIRECTION('ref_axis',(1.,0.,0.));
#6555=DIRECTION('center_axis',(0.563320058063625,-0.826238774315993,0.));
#6556=DIRECTION('ref_axis',(-0.826238774315993,-0.563320058063625,0.));
#6557=DIRECTION('',(0.,0.,-1.));
#6558=DIRECTION('center_axis',(0.433883739117552,0.900968867902422,0.));
#6559=DIRECTION('ref_axis',(0.900968867902422,-0.433883739117552,0.));
#6560=DIRECTION('',(0.,0.,-1.));
#6561=DIRECTION('center_axis',(0.,0.,1.));
#6562=DIRECTION('ref_axis',(1.,0.,0.));
#6563=DIRECTION('',(0.,0.,1.));
#6564=DIRECTION('center_axis',(0.,0.,-1.));
#6565=DIRECTION('ref_axis',(1.,0.,0.));
#6566=DIRECTION('center_axis',(0.500000000000003,-0.866025403784437,0.));
#6567=DIRECTION('ref_axis',(-0.866025403784437,-0.500000000000003,0.));
#6568=DIRECTION('',(0.,0.,-1.));
#6569=DIRECTION('center_axis',(0.499999999999994,0.866025403784442,0.));
#6570=DIRECTION('ref_axis',(0.866025403784442,-0.499999999999994,0.));
#6571=DIRECTION('',(0.,0.,-1.));
#6572=DIRECTION('center_axis',(0.,0.,1.));
#6573=DIRECTION('ref_axis',(1.,0.,0.));
#6574=DIRECTION('',(0.,0.,1.));
#6575=DIRECTION('center_axis',(0.,0.,-1.));
#6576=DIRECTION('ref_axis',(1.,0.,0.));
#6577=DIRECTION('center_axis',(0.433883739117561,-0.900968867902418,0.));
#6578=DIRECTION('ref_axis',(-0.900968867902418,-0.433883739117561,0.));
#6579=DIRECTION('',(0.,0.,-1.));
#6580=DIRECTION('center_axis',(0.563320058063616,0.826238774315999,0.));
#6581=DIRECTION('ref_axis',(0.826238774315999,-0.563320058063616,0.));
#6582=DIRECTION('',(0.,0.,-1.));
#6583=DIRECTION('center_axis',(0.,0.,1.));
#6584=DIRECTION('ref_axis',(1.,0.,0.));
#6585=DIRECTION('',(0.,0.,1.));
#6586=DIRECTION('center_axis',(0.,0.,-1.));
#6587=DIRECTION('ref_axis',(1.,0.,0.));
#6588=DIRECTION('center_axis',(0.365341024366398,-0.930873748644203,0.));
#6589=DIRECTION('ref_axis',(-0.930873748644203,-0.365341024366398,0.));
#6590=DIRECTION('',(0.,0.,-1.));
#6591=DIRECTION('center_axis',(0.623489801858728,0.781831482468034,0.));
#6592=DIRECTION('ref_axis',(0.781831482468034,-0.623489801858728,0.));
#6593=DIRECTION('',(0.,0.,-1.));
#6594=DIRECTION('center_axis',(0.,0.,1.));
#6595=DIRECTION('ref_axis',(1.,0.,0.));
#6596=DIRECTION('',(0.,0.,1.));
#6597=DIRECTION('center_axis',(0.,0.,-1.));
#6598=DIRECTION('ref_axis',(1.,0.,0.));
#6599=DIRECTION('center_axis',(0.294755174410907,-0.95557280578614,0.));
#6600=DIRECTION('ref_axis',(-0.95557280578614,-0.294755174410907,0.));
#6601=DIRECTION('',(0.,0.,-1.));
#6602=DIRECTION('center_axis',(0.680172737770914,0.733051871829831,0.));
#6603=DIRECTION('ref_axis',(0.733051871829831,-0.680172737770914,0.));
#6604=DIRECTION('',(0.,0.,-1.));
#6605=DIRECTION('center_axis',(0.,0.,1.));
#6606=DIRECTION('ref_axis',(1.,0.,0.));
#6607=DIRECTION('',(0.,0.,1.));
#6608=DIRECTION('center_axis',(0.,0.,-1.));
#6609=DIRECTION('ref_axis',(1.,0.,0.));
#6610=DIRECTION('center_axis',(0.222520933956318,-0.974927912181823,0.));
#6611=DIRECTION('ref_axis',(-0.974927912181823,-0.222520933956318,0.));
#6612=DIRECTION('',(0.,0.,-1.));
#6613=DIRECTION('center_axis',(0.733051871829821,0.680172737770925,0.));
#6614=DIRECTION('ref_axis',(0.680172737770925,-0.733051871829821,0.));
#6615=DIRECTION('',(0.,0.,-1.));
#6616=DIRECTION('center_axis',(0.,0.,1.));
#6617=DIRECTION('ref_axis',(1.,0.,0.));
#6618=DIRECTION('',(0.,0.,1.));
#6619=DIRECTION('center_axis',(0.,0.,-1.));
#6620=DIRECTION('ref_axis',(1.,0.,0.));
#6621=DIRECTION('center_axis',(0.149042266176178,-0.988830826225128,0.));
#6622=DIRECTION('ref_axis',(-0.988830826225128,-0.149042266176178,0.));
#6623=DIRECTION('',(0.,0.,-1.));
#6624=DIRECTION('center_axis',(0.781831482468025,0.623489801858739,0.));
#6625=DIRECTION('ref_axis',(0.623489801858739,-0.781831482468025,0.));
#6626=DIRECTION('',(0.,0.,-1.));
#6627=DIRECTION('center_axis',(0.,0.,1.));
#6628=DIRECTION('ref_axis',(1.,0.,0.));
#6629=DIRECTION('',(0.,0.,1.));
#6630=DIRECTION('center_axis',(0.,0.,-1.));
#6631=DIRECTION('ref_axis',(1.,0.,0.));
#6632=DIRECTION('center_axis',(0.0747300935864273,-0.99720379718118,0.));
#6633=DIRECTION('ref_axis',(-0.99720379718118,-0.0747300935864273,0.));
#6634=DIRECTION('',(0.,0.,-1.));
#6635=DIRECTION('center_axis',(0.826238774315991,0.563320058063628,0.));
#6636=DIRECTION('ref_axis',(0.563320058063628,-0.826238774315991,0.));
#6637=DIRECTION('',(0.,0.,-1.));
#6638=DIRECTION('center_axis',(0.,0.,1.));
#6639=DIRECTION('ref_axis',(1.,0.,0.));
#6640=DIRECTION('',(0.,0.,1.));
#6641=DIRECTION('center_axis',(0.,0.,-1.));
#6642=DIRECTION('ref_axis',(1.,0.,0.));
#6643=DIRECTION('center_axis',(3.27515792264421E-15,-1.,0.));
#6644=DIRECTION('ref_axis',(-1.,-3.27515792264421E-15,0.));
#6645=DIRECTION('',(0.,0.,-1.));
#6646=DIRECTION('center_axis',(0.866025403784435,0.500000000000006,0.));
#6647=DIRECTION('ref_axis',(0.500000000000006,-0.866025403784435,0.));
#6648=DIRECTION('',(0.,0.,-1.));
#6649=DIRECTION('center_axis',(0.,0.,1.));
#6650=DIRECTION('ref_axis',(1.,0.,0.));
#6651=DIRECTION('',(0.,0.,1.));
#6652=DIRECTION('center_axis',(0.,0.,-1.));
#6653=DIRECTION('ref_axis',(1.,0.,0.));
#6654=DIRECTION('center_axis',(-0.0747300935864211,-0.99720379718118,0.));
#6655=DIRECTION('ref_axis',(-0.99720379718118,0.0747300935864211,0.));
#6656=DIRECTION('',(0.,0.,-1.));
#6657=DIRECTION('center_axis',(0.900968867902416,0.433883739117565,0.));
#6658=DIRECTION('ref_axis',(0.433883739117565,-0.900968867902416,0.));
#6659=DIRECTION('',(0.,0.,-1.));
#6660=DIRECTION('center_axis',(0.,0.,1.));
#6661=DIRECTION('ref_axis',(1.,0.,0.));
#6662=DIRECTION('',(0.,0.,1.));
#6663=DIRECTION('center_axis',(0.,0.,-1.));
#6664=DIRECTION('ref_axis',(1.,0.,0.));
#6665=DIRECTION('center_axis',(-0.149042266176171,-0.988830826225129,0.));
#6666=DIRECTION('ref_axis',(-0.988830826225129,0.149042266176171,0.));
#6667=DIRECTION('',(0.,0.,-1.));
#6668=DIRECTION('center_axis',(0.930873748644202,0.365341024366402,0.));
#6669=DIRECTION('ref_axis',(0.365341024366402,-0.930873748644202,0.));
#6670=DIRECTION('',(0.,0.,-1.));
#6671=DIRECTION('center_axis',(0.,0.,1.));
#6672=DIRECTION('ref_axis',(1.,0.,0.));
#6673=DIRECTION('',(0.,0.,1.));
#6674=DIRECTION('center_axis',(0.,0.,-1.));
#6675=DIRECTION('ref_axis',(1.,0.,0.));
#6676=DIRECTION('center_axis',(-0.222520933956311,-0.974927912181824,0.));
#6677=DIRECTION('ref_axis',(-0.974927912181824,0.222520933956311,0.));
#6678=DIRECTION('',(0.,0.,-1.));
#6679=DIRECTION('center_axis',(0.955572805786139,0.294755174410911,0.));
#6680=DIRECTION('ref_axis',(0.294755174410911,-0.955572805786139,0.));
#6681=DIRECTION('',(0.,0.,-1.));
#6682=DIRECTION('center_axis',(0.,0.,1.));
#6683=DIRECTION('ref_axis',(1.,0.,0.));
#6684=DIRECTION('',(0.,0.,1.));
#6685=DIRECTION('center_axis',(0.,0.,-1.));
#6686=DIRECTION('ref_axis',(1.,0.,0.));
#6687=DIRECTION('center_axis',(-0.294755174410901,-0.955572805786142,0.));
#6688=DIRECTION('ref_axis',(-0.955572805786142,0.294755174410901,0.));
#6689=DIRECTION('',(0.,0.,-1.));
#6690=DIRECTION('center_axis',(0.974927912181822,0.222520933956321,0.));
#6691=DIRECTION('ref_axis',(0.222520933956321,-0.974927912181822,0.));
#6692=DIRECTION('',(0.,0.,-1.));
#6693=DIRECTION('center_axis',(0.,0.,1.));
#6694=DIRECTION('ref_axis',(1.,0.,0.));
#6695=DIRECTION('',(0.,0.,1.));
#6696=DIRECTION('center_axis',(0.,0.,-1.));
#6697=DIRECTION('ref_axis',(1.,0.,0.));
#6698=DIRECTION('center_axis',(-0.365341024366392,-0.930873748644205,0.));
#6699=DIRECTION('ref_axis',(-0.930873748644205,0.365341024366392,0.));
#6700=DIRECTION('',(0.,0.,-1.));
#6701=DIRECTION('center_axis',(0.988830826225128,0.149042266176182,0.));
#6702=DIRECTION('ref_axis',(0.149042266176182,-0.988830826225128,0.));
#6703=DIRECTION('',(0.,0.,-1.));
#6704=DIRECTION('center_axis',(0.,0.,1.));
#6705=DIRECTION('ref_axis',(1.,0.,0.));
#6706=DIRECTION('',(0.,0.,1.));
#6707=DIRECTION('center_axis',(0.,0.,-1.));
#6708=DIRECTION('ref_axis',(1.,0.,0.));
#6709=DIRECTION('center_axis',(-0.433883739117555,-0.900968867902421,0.));
#6710=DIRECTION('ref_axis',(-0.90096886790242,0.433883739117555,0.));
#6711=DIRECTION('',(0.,0.,-1.));
#6712=DIRECTION('center_axis',(0.99720379718118,0.0747300935864315,0.));
#6713=DIRECTION('ref_axis',(0.0747300935864314,-0.99720379718118,0.));
#6714=DIRECTION('',(0.,0.,-1.));
#6715=DIRECTION('center_axis',(0.,0.,1.));
#6716=DIRECTION('ref_axis',(1.,0.,0.));
#6717=DIRECTION('',(0.,0.,1.));
#6718=DIRECTION('center_axis',(0.,0.,-1.));
#6719=DIRECTION('ref_axis',(1.,0.,0.));
#6720=DIRECTION('center_axis',(-0.499999999999997,-0.86602540378444,0.));
#6721=DIRECTION('ref_axis',(-0.86602540378444,0.499999999999997,0.));
#6722=DIRECTION('',(0.,0.,-1.));
#6723=DIRECTION('center_axis',(1.,7.27196081129477E-15,0.));
#6724=DIRECTION('ref_axis',(7.27196081129477E-15,-1.,0.));
#6725=DIRECTION('',(0.,0.,-1.));
#6726=DIRECTION('center_axis',(0.,0.,1.));
#6727=DIRECTION('ref_axis',(1.,0.,0.));
#6728=DIRECTION('',(0.,0.,1.));
#6729=DIRECTION('center_axis',(0.,0.,-1.));
#6730=DIRECTION('ref_axis',(1.,0.,0.));
#6731=DIRECTION('center_axis',(-0.56332005806362,-0.826238774315997,0.));
#6732=DIRECTION('ref_axis',(-0.826238774315997,0.56332005806362,0.));
#6733=DIRECTION('',(0.,0.,-1.));
#6734=DIRECTION('center_axis',(0.997203797181181,-0.0747300935864171,0.));
#6735=DIRECTION('ref_axis',(-0.0747300935864171,-0.997203797181181,0.));
#6736=DIRECTION('',(0.,0.,-1.));
#6737=DIRECTION('center_axis',(0.,0.,1.));
#6738=DIRECTION('ref_axis',(1.,0.,0.));
#6739=DIRECTION('',(0.,0.,1.));
#6740=DIRECTION('center_axis',(0.,0.,-1.));
#6741=DIRECTION('ref_axis',(1.,0.,0.));
#6742=DIRECTION('center_axis',(-0.623489801858731,-0.781831482468032,0.));
#6743=DIRECTION('ref_axis',(-0.781831482468032,0.623489801858731,0.));
#6744=DIRECTION('',(0.,0.,-1.));
#6745=DIRECTION('center_axis',(0.98883082622513,-0.149042266176167,0.));
#6746=DIRECTION('ref_axis',(-0.149042266176167,-0.98883082622513,0.));
#6747=DIRECTION('',(0.,0.,-1.));
#6748=DIRECTION('center_axis',(0.,0.,1.));
#6749=DIRECTION('ref_axis',(1.,0.,0.));
#6750=DIRECTION('',(0.,0.,1.));
#6751=DIRECTION('center_axis',(0.,0.,-1.));
#6752=DIRECTION('ref_axis',(1.,0.,0.));
#6753=DIRECTION('center_axis',(-0.680172737770917,-0.733051871829829,0.));
#6754=DIRECTION('ref_axis',(-0.733051871829829,0.680172737770917,0.));
#6755=DIRECTION('',(0.,0.,-1.));
#6756=DIRECTION('center_axis',(0.974927912181825,-0.222520933956307,0.));
#6757=DIRECTION('ref_axis',(-0.222520933956307,-0.974927912181825,0.));
#6758=DIRECTION('',(0.,0.,-1.));
#6759=DIRECTION('center_axis',(0.,0.,1.));
#6760=DIRECTION('ref_axis',(1.,0.,0.));
#6761=DIRECTION('',(0.,0.,1.));
#6762=DIRECTION('center_axis',(0.,0.,-1.));
#6763=DIRECTION('ref_axis',(1.,0.,0.));
#6764=DIRECTION('center_axis',(-0.733051871829824,-0.680172737770922,0.));
#6765=DIRECTION('ref_axis',(-0.680172737770922,0.733051871829824,0.));
#6766=DIRECTION('',(0.,0.,-1.));
#6767=DIRECTION('center_axis',(0.955572805786143,-0.294755174410897,0.));
#6768=DIRECTION('ref_axis',(-0.294755174410897,-0.955572805786143,0.));
#6769=DIRECTION('',(0.,0.,-1.));
#6770=DIRECTION('center_axis',(0.,0.,1.));
#6771=DIRECTION('ref_axis',(1.,0.,0.));
#6772=DIRECTION('',(0.,0.,1.));
#6773=DIRECTION('center_axis',(0.,0.,-1.));
#6774=DIRECTION('ref_axis',(1.,0.,0.));
#6775=DIRECTION('center_axis',(-0.781831482468028,-0.623489801858736,0.));
#6776=DIRECTION('ref_axis',(-0.623489801858736,0.781831482468028,0.));
#6777=DIRECTION('',(0.,0.,-1.));
#6778=DIRECTION('center_axis',(0.930873748644207,-0.365341024366388,0.));
#6779=DIRECTION('ref_axis',(-0.365341024366388,-0.930873748644207,0.));
#6780=DIRECTION('',(0.,0.,-1.));
#6781=DIRECTION('center_axis',(0.,0.,1.));
#6782=DIRECTION('ref_axis',(1.,0.,0.));
#6783=DIRECTION('',(0.,0.,1.));
#6784=DIRECTION('center_axis',(0.,0.,-1.));
#6785=DIRECTION('ref_axis',(1.,0.,0.));
#6786=DIRECTION('center_axis',(-0.826238774315993,-0.563320058063625,0.));
#6787=DIRECTION('ref_axis',(-0.563320058063625,0.826238774315993,0.));
#6788=DIRECTION('',(0.,0.,-1.));
#6789=DIRECTION('center_axis',(0.900968867902422,-0.433883739117552,0.));
#6790=DIRECTION('ref_axis',(-0.433883739117552,-0.900968867902422,0.));
#6791=DIRECTION('',(0.,0.,-1.));
#6792=DIRECTION('center_axis',(0.,0.,1.));
#6793=DIRECTION('ref_axis',(1.,0.,0.));
#6794=DIRECTION('',(0.,0.,-1.));
#6795=DIRECTION('center_axis',(0.,0.,-1.));
#6796=DIRECTION('ref_axis',(1.,0.,0.));
#6797=DIRECTION('center_axis',(-0.866025403784437,-0.500000000000003,0.));
#6798=DIRECTION('ref_axis',(-0.500000000000003,0.866025403784437,0.));
#6799=DIRECTION('',(0.,0.,-1.));
#6800=DIRECTION('center_axis',(0.866025403784442,-0.499999999999994,0.));
#6801=DIRECTION('ref_axis',(-0.499999999999994,-0.866025403784442,0.));
#6802=DIRECTION('center_axis',(0.,0.,1.));
#6803=DIRECTION('ref_axis',(1.,0.,0.));
#6804=DIRECTION('',(0.707106781186548,8.65956056235494E-17,-0.707106781186547));
#6805=DIRECTION('center_axis',(0.,0.,1.));
#6806=DIRECTION('ref_axis',(1.,0.,0.));
#6807=DIRECTION('center_axis',(0.,0.,1.));
#6808=DIRECTION('ref_axis',(1.,0.,0.));
#6809=DIRECTION('center_axis',(0.,0.,1.));
#6810=DIRECTION('ref_axis',(1.,0.,0.));
#6811=DIRECTION('center_axis',(0.,0.,-1.));
#6812=DIRECTION('ref_axis',(-1.,0.,0.));
#6813=DIRECTION('center_axis',(0.,0.,1.));
#6814=DIRECTION('ref_axis',(-1.,0.,0.));
#6815=DIRECTION('center_axis',(0.,0.,-1.));
#6816=DIRECTION('ref_axis',(-1.,0.,0.));
#6817=DIRECTION('',(0.,0.,-1.));
#6818=DIRECTION('center_axis',(0.,0.,-1.));
#6819=DIRECTION('ref_axis',(-1.,0.,0.));
#6820=DIRECTION('center_axis',(0.,0.,1.));
#6821=DIRECTION('ref_axis',(-1.,0.,0.));
#6822=DIRECTION('center_axis',(0.,0.,-1.));
#6823=DIRECTION('ref_axis',(-1.,0.,0.));
#6824=DIRECTION('center_axis',(0.,0.,1.));
#6825=DIRECTION('ref_axis',(-1.,0.,0.));
#6826=DIRECTION('center_axis',(0.,0.,1.));
#6827=DIRECTION('ref_axis',(-1.,0.,0.));
#6828=DIRECTION('',(0.,0.,-1.));
#6829=DIRECTION('center_axis',(0.,0.,1.));
#6830=DIRECTION('ref_axis',(-1.,0.,0.));
#6831=DIRECTION('center_axis',(0.,0.,1.));
#6832=DIRECTION('ref_axis',(-1.,0.,0.));
#6833=DIRECTION('center_axis',(0.,0.,-1.));
#6834=DIRECTION('ref_axis',(1.,-3.89825293459539E-15,0.));
#6835=DIRECTION('center_axis',(0.,0.,1.));
#6836=DIRECTION('ref_axis',(1.,0.,0.));
#6837=DIRECTION('center_axis',(0.,0.,-1.));
#6838=DIRECTION('ref_axis',(1.,0.,0.));
#6839=CARTESIAN_POINT('',(0.,0.,0.));
#6840=CARTESIAN_POINT('Origin',(0.,0.,0.125));
#6841=CARTESIAN_POINT('',(-0.100596617375141,-4.62403896790643E-6,0.0446595100099961));
#6842=CARTESIAN_POINT('',(-0.1008549581503,-5.59291002412594E-5,0.0303404899900041));
#6843=CARTESIAN_POINT('',(-0.10075,1.23383165014096E-17,0.125));
#6844=CARTESIAN_POINT('',(0.0789008031318233,-0.0626516222068771,0.));
#6845=CARTESIAN_POINT('Ctrl Pts',(-0.1008549581503,-5.59291002412594E-5,
0.0303404899900041));
#6846=CARTESIAN_POINT('Ctrl Pts',(-0.100649709571816,0.0290040753997318,
0.028037824246341));
#6847=CARTESIAN_POINT('Ctrl Pts',(-0.087363373869287,0.0582199513655602,
0.0257351585026779));
#6848=CARTESIAN_POINT('Ctrl Pts',(-0.0652123559667053,0.0769891976532667,
0.0234324927590148));
#6849=CARTESIAN_POINT('Ctrl Pts',(-0.0401663332555894,0.0982114715397246,
0.0208288824524576));
#6850=CARTESIAN_POINT('Ctrl Pts',(-0.00378709014585307,0.106078054393714,
0.0182252721459004));
#6851=CARTESIAN_POINT('Ctrl Pts',(0.0277702881563265,0.097024963392217,
0.0156216618393432));
#6852=CARTESIAN_POINT('Ctrl Pts',(0.0593276664585061,0.0879718723907199,
0.013018051532786));
#6853=CARTESIAN_POINT('Ctrl Pts',(0.086063179953129,0.0619991075337364,
0.0104144412262287));
#6854=CARTESIAN_POINT('Ctrl Pts',(0.0960810429165437,0.0307969116727498,
0.00781083091967153));
#6855=CARTESIAN_POINT('Ctrl Pts',(0.106098905879958,-0.000405284188236075,
0.00520722061311438));
#6856=CARTESIAN_POINT('Ctrl Pts',(0.0993991183121654,-0.0368369110532247,
0.00260361030655727));
#6857=CARTESIAN_POINT('Ctrl Pts',(0.0789008031318242,-0.062651622206876,
1.14737615733899E-16));
#6858=CARTESIAN_POINT('',(-0.078868929078105,-0.0627313521139817,2.39731755856932E-17));
#6859=CARTESIAN_POINT('Origin',(0.,0.,0.));
#6860=CARTESIAN_POINT('Ctrl Pts',(-0.078868929078105,-0.0627313521139817,
2.39731755856932E-17));
#6861=CARTESIAN_POINT('Ctrl Pts',(-0.0746679738416641,-0.0681278297473494,
0.000540305937164911));
#6862=CARTESIAN_POINT('Ctrl Pts',(-0.0699270737197578,-0.0730808792721335,
0.00108061187432985));
#6863=CARTESIAN_POINT('Ctrl Pts',(-0.0647010910663334,-0.077451912709916,
0.00162091781149474));
#6864=CARTESIAN_POINT('Ctrl Pts',(-0.0395182800653271,-0.0985149196585954,
0.00422452811805195));
#6865=CARTESIAN_POINT('Ctrl Pts',(-0.00307158634659233,-0.106063193509611,
0.0068281384246091));
#6866=CARTESIAN_POINT('Ctrl Pts',(0.0284252550639022,-0.0968091171290121,
0.0094317487311663));
#6867=CARTESIAN_POINT('Ctrl Pts',(0.0599220964743965,-0.0875550407484132,
0.0120353590377235));
#6868=CARTESIAN_POINT('Ctrl Pts',(0.08646908557665,-0.0614986141361995,
0.0146389693442807));
#6869=CARTESIAN_POINT('Ctrl Pts',(0.0962839613338479,-0.0301824929008924,
0.0172425796508379));
#6870=CARTESIAN_POINT('Ctrl Pts',(0.106098837091046,0.00113362833441473,
0.019846189957395));
#6871=CARTESIAN_POINT('Ctrl Pts',(0.0991815995031882,0.0377094441928152,
0.0224498002639522));
#6872=CARTESIAN_POINT('Ctrl Pts',(0.0785993625984353,0.0632788893143261,
0.0250534105705094));
#6873=CARTESIAN_POINT('Ctrl Pts',(0.0580171256936822,0.0888483344358371,
0.0276570208770666));
#6874=CARTESIAN_POINT('Ctrl Pts',(0.0237698894720337,0.103411408820458,
0.0302606311836238));
#6875=CARTESIAN_POINT('Ctrl Pts',(-0.00892475775460466,0.100507245593942,
0.032864241490181));
#6876=CARTESIAN_POINT('Ctrl Pts',(-0.0416194049812428,0.0976030823674253,
0.0354678517967382));
#6877=CARTESIAN_POINT('Ctrl Pts',(-0.0727614632128707,0.0772316815297712,
0.0380714621032954));
#6878=CARTESIAN_POINT('Ctrl Pts',(-0.0885175008923147,0.0484385442383981,
0.0406750724098526));
#6879=CARTESIAN_POINT('Ctrl Pts',(-0.0965549234924053,0.0337506755558348,
0.0420032182765671));
#6880=CARTESIAN_POINT('Ctrl Pts',(-0.100588605841124,0.0168713080960639,
0.0433313641432816));
#6881=CARTESIAN_POINT('Ctrl Pts',(-0.100596617375141,-4.62403896790643E-6,
0.0446595100099961));
#6882=CARTESIAN_POINT('Origin',(0.,0.,0.125));
#6883=CARTESIAN_POINT('',(-0.100873499751062,-4.7302143772949E-5,0.0946595100099961));
#6884=CARTESIAN_POINT('',(-0.100701702726629,8.15395917087223E-5,0.0803404899900041));
#6885=CARTESIAN_POINT('',(-0.10075,1.23383165014096E-17,0.125));
#6886=CARTESIAN_POINT('Ctrl Pts',(-0.100701702726629,8.15395917087223E-5,
0.0803404899900041));
#6887=CARTESIAN_POINT('Ctrl Pts',(-0.100777350679758,0.00951081313430155,
0.0795964297255746));
#6888=CARTESIAN_POINT('Ctrl Pts',(-0.0995570473051828,0.0189208862993844,
0.0788523694611452));
#6889=CARTESIAN_POINT('Ctrl Pts',(-0.096960251431292,0.0279343682958579,
0.0781083091967158));
#6890=CARTESIAN_POINT('Ctrl Pts',(-0.0878735620534203,0.0594742794373054,
0.0755046988901586));
#6891=CARTESIAN_POINT('Ctrl Pts',(-0.061932616570054,0.0861581894539791,
0.0729010885836014));
#6892=CARTESIAN_POINT('Ctrl Pts',(-0.0306618786385054,0.0961323145509222,
0.0702974782770442));
#6893=CARTESIAN_POINT('Ctrl Pts',(0.000608859293043245,0.106106439647865,
0.067693867970487));
#6894=CARTESIAN_POINT('Ctrl Pts',(0.0372093896727743,0.099370779825078,
0.0650902576639298));
#6895=CARTESIAN_POINT('Ctrl Pts',(0.0628798431199567,0.078916367876282,
0.0624866473573726));
#6896=CARTESIAN_POINT('Ctrl Pts',(0.0885502965671393,0.0584619559274858,
0.0598830370508154));
#6897=CARTESIAN_POINT('Ctrl Pts',(0.103290673081773,0.0242887918526811,
0.0572794267442583));
#6898=CARTESIAN_POINT('Ctrl Pts',(0.100552263212503,-0.00841897425860905,
0.054675816437701));
#6899=CARTESIAN_POINT('Ctrl Pts',(0.0978138533432322,-0.0411267403698986,
0.0520722061311439));
#6900=CARTESIAN_POINT('Ctrl Pts',(0.0775966570900578,-0.0723691085176733,
0.0494685958245867));
#6901=CARTESIAN_POINT('Ctrl Pts',(0.0488826915167457,-0.0882713670294792,
0.0468649855180295));
#6902=CARTESIAN_POINT('Ctrl Pts',(0.0201687259434333,-0.104173625541285,
0.0442613752114723));
#6903=CARTESIAN_POINT('Ctrl Pts',(-0.0170420089500172,-0.104735774417122,
0.0416577649049151));
#6904=CARTESIAN_POINT('Ctrl Pts',(-0.0462192496399664,-0.0896986959847212,
0.0390541545983579));
#6905=CARTESIAN_POINT('Ctrl Pts',(-0.0753964903299157,-0.0746616175523203,
0.0364505442918007));
#6906=CARTESIAN_POINT('Ctrl Pts',(-0.0965402368163637,-0.0440253118116814,
0.0338469339852435));
#6907=CARTESIAN_POINT('Ctrl Pts',(-0.10025570890334,-0.0114181764818989,
0.0312433236786863));
#6908=CARTESIAN_POINT('Ctrl Pts',(-0.100685170685829,-0.00764920227545383,
0.0309423791157922));
#6909=CARTESIAN_POINT('Ctrl Pts',(-0.100881782905003,-0.00385389690169522,
0.0306414345528982));
#6910=CARTESIAN_POINT('Ctrl Pts',(-0.1008549581503,-5.59291002412594E-5,
0.0303404899900041));
#6911=CARTESIAN_POINT('Ctrl Pts',(-0.100596617375141,-4.62403896790643E-6,
0.0446595100099961));
#6912=CARTESIAN_POINT('Ctrl Pts',(-0.100604311128517,-0.0162111657049659,
0.0459349744498388));
#6913=CARTESIAN_POINT('Ctrl Pts',(-0.0968993599292881,-0.0324145391682865,
0.0472104388896815));
#6914=CARTESIAN_POINT('Ctrl Pts',(-0.0894623407230275,-0.0466707759188061,
0.0484859033295242));
#6915=CARTESIAN_POINT('Ctrl Pts',(-0.0742811257470365,-0.075772085039545,
0.0510895136360814));
#6916=CARTESIAN_POINT('Ctrl Pts',(-0.0435486786677945,-0.0967598295359307,
0.0536931239426386));
#6917=CARTESIAN_POINT('Ctrl Pts',(-0.0109184857885715,-0.100311334979718,
0.0562967342491957));
#6918=CARTESIAN_POINT('Ctrl Pts',(0.0217117070906517,-0.103862840423506,
0.0589003445557529));
#6919=CARTESIAN_POINT('Ctrl Pts',(0.0562396457698559,-0.0899781068146948,
0.0615039548623101));
#6920=CARTESIAN_POINT('Ctrl Pts',(0.077326331755332,-0.0648248550594694,
0.0641075651688673));
#6921=CARTESIAN_POINT('Ctrl Pts',(0.0984130177408079,-0.0396716033042442,
0.0667111754754245));
#6922=CARTESIAN_POINT('Ctrl Pts',(0.106058451032556,-0.00324983340260464,
0.0693147857819817));
#6923=CARTESIAN_POINT('Ctrl Pts',(0.09686599017998,0.0282595510267825,0.0719183960885389));
#6924=CARTESIAN_POINT('Ctrl Pts',(0.0876735293274042,0.05976893545617,0.0745220063950961));
#6925=CARTESIAN_POINT('Ctrl Pts',(0.0616431743305043,0.086365934413305,
0.0771256167016533));
#6926=CARTESIAN_POINT('Ctrl Pts',(0.03033911114288,0.0962348626865891,0.0797292270082105));
#6927=CARTESIAN_POINT('Ctrl Pts',(-0.000964952044744118,0.106103790959873,
0.0823328373147677));
#6928=CARTESIAN_POINT('Ctrl Pts',(-0.0375427234230926,0.0992446485493068,
0.0849364476213249));
#6929=CARTESIAN_POINT('Ctrl Pts',(-0.0631443626032762,0.0787045555637622,
0.0875400579278821));
#6930=CARTESIAN_POINT('Ctrl Pts',(-0.086479862403668,0.0599825771626602,
0.0899132086219201));
#6931=CARTESIAN_POINT('Ctrl Pts',(-0.100696345773902,0.0298944079375933,
0.0922863593159581));
#6932=CARTESIAN_POINT('Ctrl Pts',(-0.100873499751062,-4.7302143772949E-5,
0.0946595100099961));
#6933=CARTESIAN_POINT('Origin',(0.,0.,0.125));
#6934=CARTESIAN_POINT('',(-0.100678904318424,7.64872268189429E-5,0.144659510009996));
#6935=CARTESIAN_POINT('',(-0.100678883403472,-7.64872044694101E-5,0.130340489990004));
#6936=CARTESIAN_POINT('',(-0.10075,1.23383165014096E-17,0.125));
#6937=CARTESIAN_POINT('Ctrl Pts',(-0.100678883403472,-7.64872044694101E-5,
0.130340489990004));
#6938=CARTESIAN_POINT('Ctrl Pts',(-0.100511030630947,0.0226088890942416,
0.128551424898251));
#6939=CARTESIAN_POINT('Ctrl Pts',(-0.0928949144312596,0.0453964398453769,
0.126762359806498));
#6940=CARTESIAN_POINT('Ctrl Pts',(-0.0788103675154615,0.0630122056681033,
0.124973294714745));
#6941=CARTESIAN_POINT('Ctrl Pts',(-0.0583132533063693,0.0886482709322292,
0.122369684408188));
#6942=CARTESIAN_POINT('Ctrl Pts',(-0.0241168316901909,0.103331158418453,
0.119766074101631));
#6943=CARTESIAN_POINT('Ctrl Pts',(0.0085869518215247,0.100537929665849,
0.117162463795074));
#6944=CARTESIAN_POINT('Ctrl Pts',(0.0412907353332407,0.0977447009132443,
0.114558853488517));
#6945=CARTESIAN_POINT('Ctrl Pts',(0.0725018807404937,0.0774753559218118,
0.111955243181959));
#6946=CARTESIAN_POINT('Ctrl Pts',(0.0883546708430085,0.0487346342963903,
0.109351632875402));
#6947=CARTESIAN_POINT('Ctrl Pts',(0.104207460945523,0.0199939126709688,
0.106748022568845));
#6948=CARTESIAN_POINT('Ctrl Pts',(0.1047018957433,-0.0172181855884416,0.104144412262288));
#6949=CARTESIAN_POINT('Ctrl Pts',(0.0896183156204843,-0.0463699352126769,
0.10154080195573));
#6950=CARTESIAN_POINT('Ctrl Pts',(0.0745347354976691,-0.0755216848369119,
0.0989371916491733));
#6951=CARTESIAN_POINT('Ctrl Pts',(0.0438731404542621,-0.096613085825972,
0.0963335813426162));
#6952=CARTESIAN_POINT('Ctrl Pts',(0.0112551174717633,-0.100274266414335,
0.093729971036059));
#6953=CARTESIAN_POINT('Ctrl Pts',(-0.0213629055107357,-0.103935447002699,
0.0911263607295018));
#6954=CARTESIAN_POINT('Ctrl Pts',(-0.0559373564323272,-0.0901664071903654,
0.0885227504229446));
#6955=CARTESIAN_POINT('Ctrl Pts',(-0.077108365256934,-0.0650839311510881,
0.0859191401163874));
#6956=CARTESIAN_POINT('Ctrl Pts',(-0.0922291190243222,-0.047169530037358,
0.0840595900742596));
#6957=CARTESIAN_POINT('Ctrl Pts',(-0.100512643908208,-0.0234840327840835,
0.0822000400321318));
#6958=CARTESIAN_POINT('Ctrl Pts',(-0.100701702726629,8.15395917087223E-5,
0.0803404899900041));
#6959=CARTESIAN_POINT('Ctrl Pts',(-0.100873499751062,-4.7302143772949E-5,
0.0946595100099961));
#6960=CARTESIAN_POINT('Ctrl Pts',(-0.100890703393897,-0.00295497881211475,
0.0948899696225153));
#6961=CARTESIAN_POINT('Ctrl Pts',(-0.100775507829358,-0.0058612742838199,
0.0951204292350345));
#6962=CARTESIAN_POINT('Ctrl Pts',(-0.100523406952941,-0.00875564508242805,
0.0953508888475536));
#6963=CARTESIAN_POINT('Ctrl Pts',(-0.097675305140403,-0.0414547091825513,
0.0979544991541109));
#6964=CARTESIAN_POINT('Ctrl Pts',(-0.0773535945333082,-0.0726317938222749,
0.100558109460668));
#6965=CARTESIAN_POINT('Ctrl Pts',(-0.0485863129913417,-0.0884363357032953,
0.103161719767225));
#6966=CARTESIAN_POINT('Ctrl Pts',(-0.0198190314493754,-0.104240877584316,
0.105765330073782));
#6967=CARTESIAN_POINT('Ctrl Pts',(0.0173938210274624,-0.104672876706633,
0.10836894038034));
#6968=CARTESIAN_POINT('Ctrl Pts',(0.0465202387603632,-0.0895404026308854,
0.110972550686897));
#6969=CARTESIAN_POINT('Ctrl Pts',(0.0756466564932641,-0.074407928555138,
0.113576160993454));
#6970=CARTESIAN_POINT('Ctrl Pts',(0.0966866394822279,-0.0437109812813257,
0.116179771300011));
#6971=CARTESIAN_POINT('Ctrl Pts',(0.100293059738144,-0.0110868510480685,
0.118783381606568));
#6972=CARTESIAN_POINT('Ctrl Pts',(0.10389947999406,0.0215372791851887,0.121386991913126));
#6973=CARTESIAN_POINT('Ctrl Pts',(0.090072337516928,0.0560885923778909,
0.123990602219683));
#6974=CARTESIAN_POINT('Ctrl Pts',(0.0649544159172322,0.0772174840727644,
0.12659421252624));
#6975=CARTESIAN_POINT('Ctrl Pts',(0.0398364943175364,0.098346375767638,
0.129197822832797));
#6976=CARTESIAN_POINT('Ctrl Pts',(0.0034277935952765,0.106052845964683,
0.131801433139354));
#6977=CARTESIAN_POINT('Ctrl Pts',(-0.0280969253773946,0.0969132538820854,
0.134405043445911));
#6978=CARTESIAN_POINT('Ctrl Pts',(-0.0596216443500657,0.087773661799488,
0.137008653752469));
#6979=CARTESIAN_POINT('Ctrl Pts',(-0.0862623815731479,0.0617880074372481,
0.139612264059026));
#6980=CARTESIAN_POINT('Ctrl Pts',(-0.0961838460717449,0.030500554956391,
0.142215874365583));
#6981=CARTESIAN_POINT('Ctrl Pts',(-0.0992877980767089,0.0207122065858551,
0.143030419580387));
#6982=CARTESIAN_POINT('Ctrl Pts',(-0.100755326190959,0.0104049367736981,
0.143844964795192));
#6983=CARTESIAN_POINT('Ctrl Pts',(-0.100678904318424,7.64872268189429E-5,
0.144659510009996));
#6984=CARTESIAN_POINT('Origin',(0.,0.,0.125));
#6985=CARTESIAN_POINT('',(-0.10070172331657,-8.15386923001378E-5,0.194659510009996));
#6986=CARTESIAN_POINT('',(-0.100873478804277,4.73021975504043E-5,0.180340489990004));
#6987=CARTESIAN_POINT('',(-0.10075,1.23383165014096E-17,0.125));
#6988=CARTESIAN_POINT('Ctrl Pts',(-0.100873478804277,4.73021975504043E-5,
0.180340489990004));
#6989=CARTESIAN_POINT('Ctrl Pts',(-0.100890682444659,0.00295497827077823,
0.180110030377485));
#6990=CARTESIAN_POINT('Ctrl Pts',(-0.100775486904986,0.00586127314631404,
0.179879570764966));
#6991=CARTESIAN_POINT('Ctrl Pts',(-0.100523386081631,0.00875564334944432,
0.179649111152446));
#6992=CARTESIAN_POINT('Ctrl Pts',(-0.0976752848685679,0.0414547007221652,
0.177045500845889));
#6993=CARTESIAN_POINT('Ctrl Pts',(-0.0773535784598896,0.0726317787227395,
0.174441890539332));
#6994=CARTESIAN_POINT('Ctrl Pts',(-0.0485863028895724,0.0884363172831333,
0.171838280232775));
#6995=CARTESIAN_POINT('Ctrl Pts',(-0.0198190273192551,0.104240855843527,
0.169234669926218));
#6996=CARTESIAN_POINT('Ctrl Pts',(0.0173938174127009,0.104672854963741,
0.16663105961966));
#6997=CARTESIAN_POINT('Ctrl Pts',(0.0465202290912203,0.0895403840531289,
0.164027449313103));
#6998=CARTESIAN_POINT('Ctrl Pts',(0.0756466407697397,0.074407913142517,
0.161423839006546));
#6999=CARTESIAN_POINT('Ctrl Pts',(0.0966866193948219,0.0437109722010791,
0.158820228699989));
#7000=CARTESIAN_POINT('Ctrl Pts',(0.100293038903666,0.0110868487326998,
0.156216618393432));
#7001=CARTESIAN_POINT('Ctrl Pts',(0.10389945841251,-0.0215372747356795,
0.153613008086875));
#7002=CARTESIAN_POINT('Ctrl Pts',(0.0900723188051163,-0.0560885807310002,
0.151009397780317));
#7003=CARTESIAN_POINT('Ctrl Pts',(0.0649544024219891,-0.0772174680267266,
0.14840578747376));
#7004=CARTESIAN_POINT('Ctrl Pts',(0.0398364860388621,-0.098346355322453,
0.145802177167203));
#7005=CARTESIAN_POINT('Ctrl Pts',(0.00342779288000187,-0.106052823918585,
0.143198566860646));
#7006=CARTESIAN_POINT('Ctrl Pts',(-0.028096919541046,-0.0969132337442119,
0.140594956554089));
#7007=CARTESIAN_POINT('Ctrl Pts',(-0.0596216319620938,-0.0877736435698385,
0.137991346247531));
#7008=CARTESIAN_POINT('Ctrl Pts',(-0.0862623636453293,-0.0617879946249596,
0.135387735940974));
#7009=CARTESIAN_POINT('Ctrl Pts',(-0.0961838260859443,-0.0305005486315059,
0.132784125634417));
#7010=CARTESIAN_POINT('Ctrl Pts',(-0.0992877774470639,-0.0207122022905691,
0.131969580419613));
#7011=CARTESIAN_POINT('Ctrl Pts',(-0.100755305258263,-0.0104049346127433,
0.131155035204808));
#7012=CARTESIAN_POINT('Ctrl Pts',(-0.100678883403472,-7.64872044694101E-5,
0.130340489990004));
#7013=CARTESIAN_POINT('Ctrl Pts',(-0.100678904318424,7.64872268189429E-5,
0.144659510009996));
#7014=CARTESIAN_POINT('Ctrl Pts',(-0.100511051506924,-0.0226088937691169,
0.146448575101749));
#7015=CARTESIAN_POINT('Ctrl Pts',(-0.0928949337206929,-0.0453964492380963,
0.148237640193502));
#7016=CARTESIAN_POINT('Ctrl Pts',(-0.0788103838826631,-0.0630122187348577,
0.150026705285255));
#7017=CARTESIAN_POINT('Ctrl Pts',(-0.0583132654208725,-0.0886482893457749,
0.152630315591812));
#7018=CARTESIAN_POINT('Ctrl Pts',(-0.02411683672318,-0.103331179968135,
0.155233925898369));
#7019=CARTESIAN_POINT('Ctrl Pts',(0.00858695359348828,-0.100537950599273,
0.157837536204926));
#7020=CARTESIAN_POINT('Ctrl Pts',(0.0412907439101567,-0.0977447212304111,
0.160441146511484));
#7021=CARTESIAN_POINT('Ctrl Pts',(0.0725018958458007,-0.0774753718703267,
0.163044756818041));
#7022=CARTESIAN_POINT('Ctrl Pts',(0.0883546892221768,-0.0487346443373558,
0.165648367124598));
#7023=CARTESIAN_POINT('Ctrl Pts',(0.104207482598553,-0.0199939168043849,
0.168251977431155));
#7024=CARTESIAN_POINT('Ctrl Pts',(0.104701917415661,0.0172181889014728,
0.170855587737712));
#7025=CARTESIAN_POINT('Ctrl Pts',(0.0896183341960716,0.0463699446946467,
0.173459198044269));
#7026=CARTESIAN_POINT('Ctrl Pts',(0.0745347509764819,0.0755217004878206,
0.176062808350827));
#7027=CARTESIAN_POINT('Ctrl Pts',(0.0438731497201944,0.0966131063683108,
0.178666418657384));
#7028=CARTESIAN_POINT('Ctrl Pts',(0.0112551198916048,0.100274287519146,
0.181270028963941));
#7029=CARTESIAN_POINT('Ctrl Pts',(-0.0213629099369849,0.10393546866998,
0.183873639270498));
#7030=CARTESIAN_POINT('Ctrl Pts',(-0.0559373683378766,0.0901664250911597,
0.186477249577055));
#7031=CARTESIAN_POINT('Ctrl Pts',(-0.0771083814302582,0.0650839441874041,
0.189080859883613));
#7032=CARTESIAN_POINT('Ctrl Pts',(-0.0922291382457758,0.047169539599367,
0.19094040992574));
#7033=CARTESIAN_POINT('Ctrl Pts',(-0.10051266453956,0.0234840383116883,
0.192799959967868));
#7034=CARTESIAN_POINT('Ctrl Pts',(-0.10070172331657,-8.15386923001378E-5,
0.194659510009996));
#7035=CARTESIAN_POINT('Origin',(0.,0.,0.125));
#7036=CARTESIAN_POINT('',(-0.100854971413502,5.59446853657028E-5,0.244659510009996));
#7037=CARTESIAN_POINT('',(-0.100596596657925,4.62115717457426E-6,0.230340489990004));
#7038=CARTESIAN_POINT('',(-0.10075,1.23383165014096E-17,0.125));
#7039=CARTESIAN_POINT('',(0.0789008031318251,0.0626516222068749,0.275));
#7040=CARTESIAN_POINT('Ctrl Pts',(-0.100854971413502,5.59446853657028E-5,
0.244659510009996));
#7041=CARTESIAN_POINT('Ctrl Pts',(-0.100649738362369,-0.0290040837668408,
0.246962175753659));
#7042=CARTESIAN_POINT('Ctrl Pts',(-0.0873634338944376,-0.0582200103367414,
0.249264841497322));
#7043=CARTESIAN_POINT('Ctrl Pts',(-0.0652123933359564,-0.0769892462629892,
0.251567507240985));
#7044=CARTESIAN_POINT('Ctrl Pts',(-0.0401663450079506,-0.0982115084338086,
0.254171117547542));
#7045=CARTESIAN_POINT('Ctrl Pts',(-0.00378700738399995,-0.106078001629625,
0.2567747278541));
#7046=CARTESIAN_POINT('Ctrl Pts',(0.027770340854772,-0.0970249356423812,
0.259378338160657));
#7047=CARTESIAN_POINT('Ctrl Pts',(0.059327689093544,-0.0879718696551376,
0.261981948467214));
#7048=CARTESIAN_POINT('Ctrl Pts',(0.0860630479471372,-0.0619992444848345,
0.264585558773771));
#7049=CARTESIAN_POINT('Ctrl Pts',(0.0960809052517928,-0.0307970493077444,
0.267189169080328));
#7050=CARTESIAN_POINT('Ctrl Pts',(0.106098762556448,0.000405145869345772,
0.269792779386886));
#7051=CARTESIAN_POINT('Ctrl Pts',(0.0993991183121663,0.0368369110532229,
0.272396389693443));
#7052=CARTESIAN_POINT('Ctrl Pts',(0.0789008031318251,0.0626516222068749,
0.275));
#7053=CARTESIAN_POINT('',(-0.078868910339484,0.0627313600125788,0.275));
#7054=CARTESIAN_POINT('Origin',(0.,0.,0.275));
#7055=CARTESIAN_POINT('Ctrl Pts',(-0.078868910339484,0.0627313600125788,
0.275));
#7056=CARTESIAN_POINT('Ctrl Pts',(-0.0746679470112663,0.0681278552336359,
0.274459694062835));
#7057=CARTESIAN_POINT('Ctrl Pts',(-0.0699270403849573,0.0730809187207066,
0.27391938812567));
#7058=CARTESIAN_POINT('Ctrl Pts',(-0.0647010541310567,0.0774519594321314,
0.273379082188505));
#7059=CARTESIAN_POINT('Ctrl Pts',(-0.0395182257801824,0.0985150014308232,
0.270775471881948));
#7060=CARTESIAN_POINT('Ctrl Pts',(-0.00307158214235659,0.106063155017848,
0.268171861575391));
#7061=CARTESIAN_POINT('Ctrl Pts',(0.0284252405951338,0.096809057546961,
0.265568251268834));
#7062=CARTESIAN_POINT('Ctrl Pts',(0.059922063332624,0.0875549600760745,
0.262964640962277));
#7063=CARTESIAN_POINT('Ctrl Pts',(0.0864690651697788,0.0614986115472772,
0.260361030655719));
#7064=CARTESIAN_POINT('Ctrl Pts',(0.0962839444088338,0.0301825110115048,
0.257757420349162));
#7065=CARTESIAN_POINT('Ctrl Pts',(0.106098823647889,-0.00113358952426777,
0.255153810042605));
#7066=CARTESIAN_POINT('Ctrl Pts',(0.099181580288844,-0.0377094420670155,
0.252550199736048));
#7067=CARTESIAN_POINT('Ctrl Pts',(0.0785993453194617,-0.0632788907455955,
0.249946589429491));
#7068=CARTESIAN_POINT('Ctrl Pts',(0.0580171103500795,-0.0888483394241754,
0.247342979122933));
#7069=CARTESIAN_POINT('Ctrl Pts',(0.0237698837703599,-0.103411384238588,
0.244739368816376));
#7070=CARTESIAN_POINT('Ctrl Pts',(-0.00892475573751387,-0.100507216169786,
0.242135758509819));
#7071=CARTESIAN_POINT('Ctrl Pts',(-0.0416193952453878,-0.097603048100984,
0.239532148203262));
#7072=CARTESIAN_POINT('Ctrl Pts',(-0.072761447681416,-0.077231667148968,
0.236928537896705));
#7073=CARTESIAN_POINT('Ctrl Pts',(-0.0885174824158729,-0.0484385391138005,
0.234324927590147));
#7074=CARTESIAN_POINT('Ctrl Pts',(-0.0965549035136751,-0.0337506751529856,
0.232996781723433));
#7075=CARTESIAN_POINT('Ctrl Pts',(-0.10058858510189,-0.0168713096489795,
0.231668635856718));
#7076=CARTESIAN_POINT('Ctrl Pts',(-0.100596596657925,4.62115717457426E-6,
0.230340489990004));
#7077=CARTESIAN_POINT('Origin',(0.,0.,0.383660254037844));
#7078=CARTESIAN_POINT('',(-0.125130221030149,-6.93909432264914E-5,0.0163397459621557));
#7079=CARTESIAN_POINT('',(-0.125119240724007,0.000114704090243663,0.00866025403784448));
#7080=CARTESIAN_POINT('',(-0.125,5.02589701813766E-16,0.383660254037844));
#7081=CARTESIAN_POINT('',(-0.058001252277035,0.110728743938942,0.));
#7082=CARTESIAN_POINT('Ctrl Pts',(-0.125119240724007,0.000114704090243657,
0.00866025403784448));
#7083=CARTESIAN_POINT('Ctrl Pts',(-0.125150099567468,0.00454498865337166,
0.0083771129984535));
#7084=CARTESIAN_POINT('Ctrl Pts',(-0.122961187220351,0.0496679581881218,
0.00549036165250533));
#7085=CARTESIAN_POINT('Ctrl Pts',(-0.0942294074760979,0.0917519336322059,
0.00260361030655719));
#7086=CARTESIAN_POINT('Ctrl Pts',(-0.058001252277035,0.110728743938942,
0.));
#7087=CARTESIAN_POINT('',(0.057924992200675,0.110803157138918,1.98058979540659E-17));
#7088=CARTESIAN_POINT('Origin',(0.,0.,0.));
#7089=CARTESIAN_POINT('Ctrl Pts',(-0.125130221030149,-6.93909432264948E-5,
0.0163397459621557));
#7090=CARTESIAN_POINT('Ctrl Pts',(-0.124875570188357,0.0359852052105859,
0.0140370802184925));
#7091=CARTESIAN_POINT('Ctrl Pts',(-0.0897525980192607,0.11321856897756,
0.00913080416827221));
#7092=CARTESIAN_POINT('Ctrl Pts',(0.00466798563736991,0.133635908123853,
0.00368422218088705));
#7093=CARTESIAN_POINT('Ctrl Pts',(0.050447049561384,0.114812512083687,0.000540305937164926));
#7094=CARTESIAN_POINT('Ctrl Pts',(0.0579249922006749,0.110803157138918,
1.96351574544619E-17));
#7095=CARTESIAN_POINT('Origin',(0.,0.,0.383660254037844));
#7096=CARTESIAN_POINT('',(-0.124940077824602,0.00010116574653511,0.0663397459621557));
#7097=CARTESIAN_POINT('',(-0.124809698976601,-5.73702105287586E-6,0.0586602540378446));
#7098=CARTESIAN_POINT('',(-0.125,5.02589701813766E-16,0.383660254037844));
#7099=CARTESIAN_POINT('Ctrl Pts',(-0.124809698976601,-5.73702105286743E-6,
0.0586602540378446));
#7100=CARTESIAN_POINT('Ctrl Pts',(-0.124799759108094,0.020932144039781,
0.0573321081711301));
#7101=CARTESIAN_POINT('Ctrl Pts',(-0.109984561275256,0.0829278954625794,
0.0534003519978584));
#7102=CARTESIAN_POINT('Ctrl Pts',(-0.0129991895156509,0.146370326557171,
0.0468649855180295));
#7103=CARTESIAN_POINT('Ctrl Pts',(0.114471913046316,0.0921653350511364,
0.0390541545983579));
#7104=CARTESIAN_POINT('Ctrl Pts',(0.140218454936605,-0.0439729373746721,
0.0312433236786863));
#7105=CARTESIAN_POINT('Ctrl Pts',(0.0414083218016663,-0.140957155534277,
0.0234324927590148));
#7106=CARTESIAN_POINT('Ctrl Pts',(-0.0893317840943807,-0.113880292808951,
0.0159048028787341));
#7107=CARTESIAN_POINT('Ctrl Pts',(-0.124866338502471,-0.0361934877411198,
0.0109807233050107));
#7108=CARTESIAN_POINT('Ctrl Pts',(-0.125119240724007,0.000114704090243657,
0.00866025403784448));
#7109=CARTESIAN_POINT('Ctrl Pts',(-0.124940077824602,0.000101165746535118,
0.0663397459621557));
#7110=CARTESIAN_POINT('Ctrl Pts',(-0.125033933845854,0.0118000162956583,
0.0655956856977263));
#7111=CARTESIAN_POINT('Ctrl Pts',(-0.118222047822823,0.0643282213342146,
0.0622480151267396));
#7112=CARTESIAN_POINT('Ctrl Pts',(-0.0446546787676025,0.140002604802299,
0.0562967342491958));
#7113=CARTESIAN_POINT('Ctrl Pts',(0.0915755831916941,0.114931910672817,
0.0484859033295242));
#7114=CARTESIAN_POINT('Ctrl Pts',(0.146440508184128,-0.0122634891093342,
0.0406750724098526));
#7115=CARTESIAN_POINT('Ctrl Pts',(0.071190398060649,-0.128550219187901,
0.032864241490181));
#7116=CARTESIAN_POINT('Ctrl Pts',(-0.0673110965799845,-0.130642584730718,
0.0250534105705094));
#7117=CARTESIAN_POINT('Ctrl Pts',(-0.122809165802243,-0.0502284623897218,
0.019545245394501));
#7118=CARTESIAN_POINT('Ctrl Pts',(-0.125163502363528,-0.00478150980359151,
0.0166406905250497));
#7119=CARTESIAN_POINT('Ctrl Pts',(-0.125130221030149,-6.93909432264948E-5,
0.0163397459621557));
#7120=CARTESIAN_POINT('Origin',(0.,0.,0.383660254037844));
#7121=CARTESIAN_POINT('',(-0.124911766009271,-9.4897276018366E-5,0.116339745962156));
#7122=CARTESIAN_POINT('',(-0.125153225497596,-5.86875232932715E-5,0.108660254037845));
#7123=CARTESIAN_POINT('',(-0.125,5.02589701813766E-16,0.383660254037844));
#7124=CARTESIAN_POINT('Ctrl Pts',(-0.125153225497596,-5.86875232932739E-5,
0.108660254037845));
#7125=CARTESIAN_POINT('Ctrl Pts',(-0.124933431481268,0.037089836150859,
0.106287103343807));
#7126=CARTESIAN_POINT('Ctrl Pts',(-0.0879439189447669,0.115375491173062,
0.101310342343211));
#7127=CARTESIAN_POINT('Ctrl Pts',(0.0441846393717183,0.140152522792109,
0.093729971036059));
#7128=CARTESIAN_POINT('Ctrl Pts',(0.141071816779533,0.0411562487581079,
0.0859191401163872));
#7129=CARTESIAN_POINT('Ctrl Pts',(0.112614869043499,-0.0944086516202036,
0.0781083091967159));
#7130=CARTESIAN_POINT('Ctrl Pts',(-0.0159010317475834,-0.146088801528929,
0.0702974782770441));
#7131=CARTESIAN_POINT('Ctrl Pts',(-0.110839242260076,-0.0812537787908234,
0.0638147932240872));
#7132=CARTESIAN_POINT('Ctrl Pts',(-0.124819244576324,-0.0201131088150947,
0.0599357184776873));
#7133=CARTESIAN_POINT('Ctrl Pts',(-0.124809698976601,-5.73702105286743E-6,
0.0586602540378446));
#7134=CARTESIAN_POINT('Ctrl Pts',(-0.124911766009271,-9.4897276018377E-5,
0.116339745962156));
#7135=CARTESIAN_POINT('Ctrl Pts',(-0.124703511949066,0.0280507308861546,
0.114550680870403));
#7136=CARTESIAN_POINT('Ctrl Pts',(-0.101502790515574,0.0974676887248992,
0.110158005472093));
#7137=CARTESIAN_POINT('Ctrl Pts',(0.0125056946972562,0.146419411792403,
0.103161719767225));
#7138=CARTESIAN_POINT('Ctrl Pts',(0.128676211101423,0.0709751996654826,
0.0953508888475539));
#7139=CARTESIAN_POINT('Ctrl Pts',(0.130516539132849,-0.0675313695382775,
0.0875400579278819));
#7140=CARTESIAN_POINT('Ctrl Pts',(0.0163914955469668,-0.146035343442968,
0.0797292270082107));
#7141=CARTESIAN_POINT('Ctrl Pts',(-0.100038602957162,-0.0996678489802834,
0.0726624563529684));
#7142=CARTESIAN_POINT('Ctrl Pts',(-0.124705513533756,-0.0291365171018418,
0.0681992960042835));
#7143=CARTESIAN_POINT('Ctrl Pts',(-0.124940077824602,0.000101165746535118,
0.0663397459621557));
#7144=CARTESIAN_POINT('Origin',(0.,0.,0.383660254037844));
#7145=CARTESIAN_POINT('',(-0.125153199509029,5.86875900106964E-5,0.166339745962156));
#7146=CARTESIAN_POINT('',(-0.124911791958343,9.48973037438246E-5,0.158660254037845));
#7147=CARTESIAN_POINT('',(-0.125,5.02589701813766E-16,0.383660254037844));
#7148=CARTESIAN_POINT('Ctrl Pts',(-0.124911791958343,9.48973037438339E-5,
0.158660254037845));
#7149=CARTESIAN_POINT('Ctrl Pts',(-0.125006608177369,0.0129093508358526,
0.15784570882304));
#7150=CARTESIAN_POINT('Ctrl Pts',(-0.117365998570886,0.0665736206911624,
0.154427553301679));
#7151=CARTESIAN_POINT('Ctrl Pts',(-0.0409192396116418,0.141140590771374,
0.14840578747376));
#7152=CARTESIAN_POINT('Ctrl Pts',(0.0945970161784073,0.112456458524309,
0.140594956554088));
#7153=CARTESIAN_POINT('Ctrl Pts',(0.146062807036218,-0.0161464441780565,
0.132784125634417));
#7154=CARTESIAN_POINT('Ctrl Pts',(0.0677502152658811,-0.130403071748077,
0.124973294714745));
#7155=CARTESIAN_POINT('Ctrl Pts',(-0.0707591611987766,-0.128795134568236,
0.117162463795074));
#7156=CARTESIAN_POINT('Ctrl Pts',(-0.123416984517199,-0.0480087555923978,
0.11172478356944));
#7157=CARTESIAN_POINT('Ctrl Pts',(-0.125174569967614,-0.00366622681403933,
0.108890713650364));
#7158=CARTESIAN_POINT('Ctrl Pts',(-0.125153225497596,-5.86875232932739E-5,
0.108660254037845));
#7159=CARTESIAN_POINT('Ctrl Pts',(-0.125153199509029,5.8687590010708E-5,
0.166339745962156));
#7160=CARTESIAN_POINT('Ctrl Pts',(-0.125174543976003,0.00366622614240329,
0.166109286349637));
#7161=CARTESIAN_POINT('Ctrl Pts',(-0.123416958904967,0.0480087458247543,
0.16327521643056));
#7162=CARTESIAN_POINT('Ctrl Pts',(-0.0707591464655235,0.128795107597163,
0.157837536204926));
#7163=CARTESIAN_POINT('Ctrl Pts',(0.0677502011720317,0.130403044769175,
0.150026705285255));
#7164=CARTESIAN_POINT('Ctrl Pts',(0.146062776699633,0.0161464407687855,
0.142215874365583));
#7165=CARTESIAN_POINT('Ctrl Pts',(0.0945969965232288,-0.112456435144318,
0.134405043445911));
#7166=CARTESIAN_POINT('Ctrl Pts',(-0.0409192311152089,-0.141140561432652,
0.12659421252624));
#7167=CARTESIAN_POINT('Ctrl Pts',(-0.117365974177619,-0.0665736068977951,
0.120572446698321));
#7168=CARTESIAN_POINT('Ctrl Pts',(-0.125006582206281,-0.0129093481547695,
0.11715429117696));
#7169=CARTESIAN_POINT('Ctrl Pts',(-0.124911766009271,-9.4897276018377E-5,
0.116339745962156));
#7170=CARTESIAN_POINT('Origin',(0.,0.,0.383660254037844));
#7171=CARTESIAN_POINT('',(-0.12480967327286,5.73344562427141E-6,0.216339745962156));
#7172=CARTESIAN_POINT('',(-0.124940103370435,-0.000101164630646696,0.208660254037845));
#7173=CARTESIAN_POINT('',(-0.125,5.02589701813766E-16,0.383660254037844));
#7174=CARTESIAN_POINT('Ctrl Pts',(-0.124940103370435,-0.000101164630646696,
0.208660254037844));
#7175=CARTESIAN_POINT('Ctrl Pts',(-0.124705539130967,0.0291365239599101,
0.206800703995717));
#7176=CARTESIAN_POINT('Ctrl Pts',(-0.100038624355941,0.0996678678521114,
0.202337543647032));
#7177=CARTESIAN_POINT('Ctrl Pts',(0.0163914993348718,0.146035374998513,
0.195270772991789));
#7178=CARTESIAN_POINT('Ctrl Pts',(0.13051656604562,0.0675313828875063,0.187459942072118));
#7179=CARTESIAN_POINT('Ctrl Pts',(0.128676237942239,-0.0709752140325588,
0.179649111152446));
#7180=CARTESIAN_POINT('Ctrl Pts',(0.0125056972388503,-0.146419442419969,
0.171838280232775));
#7181=CARTESIAN_POINT('Ctrl Pts',(-0.101502811583252,-0.0974677088968062,
0.164841994527908));
#7182=CARTESIAN_POINT('Ctrl Pts',(-0.124703537849781,-0.0280507366862504,
0.160449319129597));
#7183=CARTESIAN_POINT('Ctrl Pts',(-0.124911791958343,9.48973037438339E-5,
0.158660254037845));
#7184=CARTESIAN_POINT('Ctrl Pts',(-0.12480967327286,5.73344562424546E-6,
0.216339745962156));
#7185=CARTESIAN_POINT('Ctrl Pts',(-0.124819218898818,0.0201131036563347,
0.215064281522313));
#7186=CARTESIAN_POINT('Ctrl Pts',(-0.110839219385472,0.0812537709981878,
0.211185206775913));
#7187=CARTESIAN_POINT('Ctrl Pts',(-0.015901028089629,0.146088764088684,
0.204702521722956));
#7188=CARTESIAN_POINT('Ctrl Pts',(0.112614845347881,0.094408636025342,0.196891690803284));
#7189=CARTESIAN_POINT('Ctrl Pts',(0.141071787686138,-0.0411562424705286,
0.189080859883613));
#7190=CARTESIAN_POINT('Ctrl Pts',(0.0441846300491347,-0.140152492408066,
0.181270028963941));
#7191=CARTESIAN_POINT('Ctrl Pts',(-0.0879439005903585,-0.115375467849564,
0.173689657656789));
#7192=CARTESIAN_POINT('Ctrl Pts',(-0.124933405524043,-0.0370898284809432,
0.168712896656194));
#7193=CARTESIAN_POINT('Ctrl Pts',(-0.125153199509029,5.8687590010708E-5,
0.166339745962156));
#7194=CARTESIAN_POINT('Origin',(0.,0.,0.383660254037844));
#7195=CARTESIAN_POINT('',(-0.125119322423002,-0.000114920527262667,0.266339745962156));
#7196=CARTESIAN_POINT('',(-0.125130237485735,6.94102796086935E-5,0.258660254037845));
#7197=CARTESIAN_POINT('',(-0.125,5.02589701813766E-16,0.383660254037844));
#7198=CARTESIAN_POINT('',(-0.0580012522770384,-0.11072874393894,0.275));
#7199=CARTESIAN_POINT('Ctrl Pts',(-0.0580012522770376,-0.11072874393894,
0.275));
#7200=CARTESIAN_POINT('Ctrl Pts',(-0.0942294074761001,-0.0917519336322037,
0.272396389693443));
#7201=CARTESIAN_POINT('Ctrl Pts',(-0.122961290375232,-0.0496682120283372,
0.269509638347495));
#7202=CARTESIAN_POINT('Ctrl Pts',(-0.125150184036317,-0.00454521043795774,
0.266622887001547));
#7203=CARTESIAN_POINT('Ctrl Pts',(-0.125119322423002,-0.000114920527262667,
0.266339745962156));
#7204=CARTESIAN_POINT('',(0.0579250174263442,-0.110803157599575,0.275));
#7205=CARTESIAN_POINT('Origin',(0.,0.,0.275));
#7206=CARTESIAN_POINT('Ctrl Pts',(0.0579250174263442,-0.110803157599575,
0.275));
#7207=CARTESIAN_POINT('Ctrl Pts',(0.0504470928068512,-0.114812496662562,
0.274459694062835));
#7208=CARTESIAN_POINT('Ctrl Pts',(0.00466811265426133,-0.133635819575321,
0.271315777819113));
#7209=CARTESIAN_POINT('Ctrl Pts',(-0.0897527163094863,-0.113218713132525,
0.265869195831728));
#7210=CARTESIAN_POINT('Ctrl Pts',(-0.124875605908646,-0.0359852155916148,
0.260962919781508));
#7211=CARTESIAN_POINT('Ctrl Pts',(-0.125130237485735,6.94102796086813E-5,
0.258660254037845));
#7212=CARTESIAN_POINT('Origin',(0.0429558641478158,0.573206171485146,0.275));
#7213=CARTESIAN_POINT('',(0.0338904123140741,0.592030776187507,0.245));
#7214=CARTESIAN_POINT('',(0.0429558641478158,0.573206171485146,0.263186533479473));
#7215=CARTESIAN_POINT('Ctrl Pts',(0.0338904123140741,0.592030776187507,
0.245));
#7216=CARTESIAN_POINT('Ctrl Pts',(0.0384937270484139,0.582471894646494,
0.254280175082382));
#7217=CARTESIAN_POINT('Ctrl Pts',(0.0429558641478158,0.573206171485146,
0.263186533479473));
#7218=CARTESIAN_POINT('',(0.0429558641478158,0.573206171485146,0.0118134665205267));
#7219=CARTESIAN_POINT('',(0.0429558641478158,0.573206171485146,0.275));
#7220=CARTESIAN_POINT('',(0.0338904123140741,0.592030776187507,0.03));
#7221=CARTESIAN_POINT('Ctrl Pts',(0.0429558641478158,0.573206171485146,
0.0118134665205267));
#7222=CARTESIAN_POINT('Ctrl Pts',(0.0384937270484227,0.582471894646475,
0.0207198249176005));
#7223=CARTESIAN_POINT('Ctrl Pts',(0.0338904123140741,0.592030776187507,
0.03));
#7224=CARTESIAN_POINT('',(0.033890412314074,0.592030776187507,0.));
#7225=CARTESIAN_POINT('Origin',(0.0547257241193891,0.590469385421131,0.275));
#7226=CARTESIAN_POINT('',(0.054725724119389,0.590469385421131,0.245));
#7227=CARTESIAN_POINT('Ctrl Pts',(0.0429558641478158,0.573206171485146,
0.263186533479473));
#7228=CARTESIAN_POINT('Ctrl Pts',(0.0487491472402802,0.581703357149078,
0.254280175082375));
#7229=CARTESIAN_POINT('Ctrl Pts',(0.054725724119389,0.590469385421131,0.245));
#7230=CARTESIAN_POINT('',(0.0547257241193891,0.590469385421131,0.03));
#7231=CARTESIAN_POINT('',(0.054725724119389,0.590469385421131,0.));
#7232=CARTESIAN_POINT('Ctrl Pts',(0.054725724119389,0.590469385421131,0.03));
#7233=CARTESIAN_POINT('Ctrl Pts',(0.0487491472402699,0.581703357149063,
0.0207198249176095));
#7234=CARTESIAN_POINT('Ctrl Pts',(0.0429558641478158,0.573206171485146,
0.0118134665205267));
#7235=CARTESIAN_POINT('Origin',(0.,0.,0.));
#7236=CARTESIAN_POINT('',(0.0104468674629052,0.592907971746217,0.03));
#7237=CARTESIAN_POINT('Origin',(0.,0.,0.03));
#7238=CARTESIAN_POINT('',(0.0104468674629051,0.592907971746217,0.245));
#7239=CARTESIAN_POINT('',(0.0104468674629051,0.592907971746217,0.));
#7240=CARTESIAN_POINT('Origin',(0.,0.,0.245));
#7241=CARTESIAN_POINT('Origin',(0.,0.,0.));
#7242=CARTESIAN_POINT('',(0.0780381631581664,0.58784270437839,0.245));
#7243=CARTESIAN_POINT('Origin',(0.,0.,0.245));
#7244=CARTESIAN_POINT('',(0.0780381631581664,0.58784270437839,0.03));
#7245=CARTESIAN_POINT('',(0.0780381631581664,0.58784270437839,0.));
#7246=CARTESIAN_POINT('Origin',(0.,0.,0.03));
#7247=CARTESIAN_POINT('Origin',(0.,0.,0.26));
#7248=CARTESIAN_POINT('',(-0.563,6.8947614791996E-17,0.275));
#7249=CARTESIAN_POINT('Origin',(0.,0.,0.275));
#7250=CARTESIAN_POINT('',(-0.574813466520527,1.63935510295486E-16,0.263186533479473));
#7251=CARTESIAN_POINT('',(-0.578,-7.0784584990717E-17,0.26));
#7252=CARTESIAN_POINT('',(-0.592907971746217,-0.0104468674629051,0.245));
#7253=CARTESIAN_POINT('Ctrl Pts',(-0.592907971746217,-0.0104468674629051,
0.245));
#7254=CARTESIAN_POINT('Ctrl Pts',(-0.583719824917643,-0.00514208841807419,
0.254280175082357));
#7255=CARTESIAN_POINT('Ctrl Pts',(-0.574813466520527,1.63935510295486E-16,
0.263186533479473));
#7256=CARTESIAN_POINT('',(-0.592030776187507,-0.0338904123140743,0.245));
#7257=CARTESIAN_POINT('Origin',(0.,0.,0.245));
#7258=CARTESIAN_POINT('',(-0.573206171485146,-0.0429558641478158,0.263186533479473));
#7259=CARTESIAN_POINT('Ctrl Pts',(-0.573206171485146,-0.0429558641478158,
0.263186533479473));
#7260=CARTESIAN_POINT('Ctrl Pts',(-0.582471894646481,-0.0384937270484199,
0.254280175082394));
#7261=CARTESIAN_POINT('Ctrl Pts',(-0.592030776187507,-0.0338904123140743,
0.245));
#7262=CARTESIAN_POINT('',(-0.590469385421131,-0.0547257241193893,0.245));
#7263=CARTESIAN_POINT('Ctrl Pts',(-0.590469385421131,-0.0547257241193892,
0.245));
#7264=CARTESIAN_POINT('Ctrl Pts',(-0.58170335714907,-0.048749147240275,
0.254280175082383));
#7265=CARTESIAN_POINT('Ctrl Pts',(-0.573206171485146,-0.0429558641478158,
0.263186533479473));
#7266=CARTESIAN_POINT('',(-0.58784270437839,-0.0780381631581665,0.245));
#7267=CARTESIAN_POINT('Origin',(0.,0.,0.245));
#7268=CARTESIAN_POINT('',(-0.568393275024823,-0.0856715016788018,0.263186533479473));
#7269=CARTESIAN_POINT('Ctrl Pts',(-0.568393275024823,-0.0856715016788018,
0.263186533479473));
#7270=CARTESIAN_POINT('Ctrl Pts',(-0.577966545268005,-0.0819142699787195,
0.254280175082361));
#7271=CARTESIAN_POINT('Ctrl Pts',(-0.58784270437839,-0.0780381631581665,
0.245));
#7272=CARTESIAN_POINT('',(-0.584728654776163,-0.0986985323277842,0.245));
#7273=CARTESIAN_POINT('Ctrl Pts',(-0.584728654776163,-0.0986985323277842,
0.245));
#7274=CARTESIAN_POINT('Ctrl Pts',(-0.576433768246559,-0.0920835810566263,
0.254280175082393));
#7275=CARTESIAN_POINT('Ctrl Pts',(-0.568393275024823,-0.0856715016788018,
0.263186533479473));
#7276=CARTESIAN_POINT('',(-0.580367177715262,-0.121749492938662,0.245));
#7277=CARTESIAN_POINT('Origin',(0.,0.,0.245));
#7278=CARTESIAN_POINT('',(-0.560401692808854,-0.127908029420814,0.263186533479473));
#7279=CARTESIAN_POINT('Ctrl Pts',(-0.560401692808854,-0.127908029420814,
0.263186533479473));
#7280=CARTESIAN_POINT('Ctrl Pts',(-0.570228972523329,-0.124876715083816,
0.254280175082397));
#7281=CARTESIAN_POINT('Ctrl Pts',(-0.580367177715262,-0.121749492938662,
0.245));
#7282=CARTESIAN_POINT('',(-0.575717884305735,-0.142119378307562,0.245));
#7283=CARTESIAN_POINT('Ctrl Pts',(-0.575717884305735,-0.142119378307562,
0.245));
#7284=CARTESIAN_POINT('Ctrl Pts',(-0.567940527888808,-0.134903046135165,
0.254280175082373));
#7285=CARTESIAN_POINT('Ctrl Pts',(-0.560401692808854,-0.127908029420814,
0.263186533479473));
#7286=CARTESIAN_POINT('',(-0.569646002375578,-0.164779950168467,0.245));
#7287=CARTESIAN_POINT('Origin',(0.,0.,0.245));
#7288=CARTESIAN_POINT('',(-0.549276117006677,-0.169429243577994,0.263186533479473));
#7289=CARTESIAN_POINT('Ctrl Pts',(-0.549276117006677,-0.169429243577994,
0.263186533479473));
#7290=CARTESIAN_POINT('Ctrl Pts',(-0.559302448058005,-0.167140798943453,
0.2542801750824));
#7291=CARTESIAN_POINT('Ctrl Pts',(-0.569646002375578,-0.164779950168467,
0.245));
#7292=CARTESIAN_POINT('',(-0.563487465893426,-0.184745435074876,0.245));
#7293=CARTESIAN_POINT('Ctrl Pts',(-0.563487465893426,-0.184745435074876,
0.245));
#7294=CARTESIAN_POINT('Ctrl Pts',(-0.55627113372103,-0.17696807865795,0.254280175082371));
#7295=CARTESIAN_POINT('Ctrl Pts',(-0.549276117006677,-0.169429243577994,
0.263186533479473));
#7296=CARTESIAN_POINT('',(-0.55573913552075,-0.206888891075981,0.245));
#7297=CARTESIAN_POINT('Origin',(0.,0.,0.245));
#7298=CARTESIAN_POINT('',(-0.535078766351132,-0.210002940678208,0.263186533479473));
#7299=CARTESIAN_POINT('Ctrl Pts',(-0.535078766351132,-0.210002940678208,
0.263186533479473));
#7300=CARTESIAN_POINT('Ctrl Pts',(-0.545248077429069,-0.208470163656791,
0.254280175082355));
#7301=CARTESIAN_POINT('Ctrl Pts',(-0.55573913552075,-0.206888891075981,
0.245));
#7302=CARTESIAN_POINT('',(-0.548105797000115,-0.226338320429548,0.245));
#7303=CARTESIAN_POINT('Ctrl Pts',(-0.548105797000115,-0.226338320429548,
0.245));
#7304=CARTESIAN_POINT('Ctrl Pts',(-0.541490845728954,-0.21804343389994,
0.254280175082398));
#7305=CARTESIAN_POINT('Ctrl Pts',(-0.535078766351132,-0.210002940678208,
0.263186533479473));
#7306=CARTESIAN_POINT('',(-0.538724349991379,-0.247840825382676,0.245));
#7307=CARTESIAN_POINT('Origin',(0.,0.,0.245));
#7308=CARTESIAN_POINT('',(-0.517889038186064,-0.249402216149051,0.263186533479473));
#7309=CARTESIAN_POINT('Ctrl Pts',(-0.517889038186064,-0.249402216149051,
0.263186533479473));
#7310=CARTESIAN_POINT('Ctrl Pts',(-0.528144458377893,-0.248633678651631,
0.25428017508241));
#7311=CARTESIAN_POINT('Ctrl Pts',(-0.538724349991379,-0.247840825382676,
0.245));
#7312=CARTESIAN_POINT('',(-0.529658898157637,-0.266665430085036,0.245));
#7313=CARTESIAN_POINT('Ctrl Pts',(-0.529658898157637,-0.266665430085036,
0.245));
#7314=CARTESIAN_POINT('Ctrl Pts',(-0.523682321278496,-0.257899401812935,
0.254280175082425));
#7315=CARTESIAN_POINT('Ctrl Pts',(-0.517889038186064,-0.249402216149051,
0.263186533479473));
#7316=CARTESIAN_POINT('',(-0.518696799369982,-0.287406733260264,0.245));
#7317=CARTESIAN_POINT('Origin',(0.,0.,0.245));
#7318=CARTESIAN_POINT('',(-0.497803064444172,-0.287406733260263,0.263186533479473));
#7319=CARTESIAN_POINT('Ctrl Pts',(-0.497803064444172,-0.287406733260263,
0.263186533479473));
#7320=CARTESIAN_POINT('Ctrl Pts',(-0.508087241280273,-0.287406733260263,
0.254280175082398));
#7321=CARTESIAN_POINT('Ctrl Pts',(-0.518696799369982,-0.287406733260263,
0.245));
#7322=CARTESIAN_POINT('',(-0.508249931907077,-0.305501238485953,0.245));
#7323=CARTESIAN_POINT('Ctrl Pts',(-0.508249931907077,-0.305501238485953,
0.245));
#7324=CARTESIAN_POINT('Ctrl Pts',(-0.502945152862221,-0.296313091657336,
0.254280175082401));
#7325=CARTESIAN_POINT('Ctrl Pts',(-0.497803064444172,-0.287406733260263,
0.263186533479473));
#7326=CARTESIAN_POINT('',(-0.495768485843563,-0.325365346102471,0.245));
#7327=CARTESIAN_POINT('Origin',(0.,0.,0.245));
#7328=CARTESIAN_POINT('',(-0.474933174038248,-0.323803955336095,0.263186533479473));
#7329=CARTESIAN_POINT('Ctrl Pts',(-0.474933174038248,-0.323803955336095,
0.263186533479473));
#7330=CARTESIAN_POINT('Ctrl Pts',(-0.485188594230113,-0.324572492833518,
0.254280175082379));
#7331=CARTESIAN_POINT('Ctrl Pts',(-0.495768485843563,-0.325365346102471,
0.245));
#7332=CARTESIAN_POINT('',(-0.48399862587199,-0.342628560038455,0.245));
#7333=CARTESIAN_POINT('Ctrl Pts',(-0.48399862587199,-0.342628560038455,
0.245));
#7334=CARTESIAN_POINT('Ctrl Pts',(-0.479395311137644,-0.33306967849743,
0.254280175082394));
#7335=CARTESIAN_POINT('Ctrl Pts',(-0.474933174038248,-0.323803955336095,
0.263186533479473));
#7336=CARTESIAN_POINT('',(-0.470067633841948,-0.361504383948842,0.245));
#7337=CARTESIAN_POINT('Origin',(0.,0.,0.245));
#7338=CARTESIAN_POINT('',(-0.449407264672331,-0.358390334346615,0.263186533479473));
#7339=CARTESIAN_POINT('Ctrl Pts',(-0.449407264672331,-0.358390334346615,
0.263186533479473));
#7340=CARTESIAN_POINT('Ctrl Pts',(-0.459576575750245,-0.359923111368028,
0.254280175082374));
#7341=CARTESIAN_POINT('Ctrl Pts',(-0.470067633841948,-0.361504383948842,
0.245));
#7342=CARTESIAN_POINT('',(-0.457040603192966,-0.377839763700182,0.245));
#7343=CARTESIAN_POINT('Ctrl Pts',(-0.457040603192966,-0.377839763700182,
0.245));
#7344=CARTESIAN_POINT('Ctrl Pts',(-0.453164496372396,-0.367963604589755,
0.254280175082399));
#7345=CARTESIAN_POINT('Ctrl Pts',(-0.449407264672331,-0.358390334346615,
0.263186533479473));
#7346=CARTESIAN_POINT('',(-0.441737972954764,-0.395621742640386,0.245));
#7347=CARTESIAN_POINT('Origin',(0.,0.,0.245));
#7348=CARTESIAN_POINT('',(-0.421368087585863,-0.390972449230859,0.263186533479473));
#7349=CARTESIAN_POINT('Ctrl Pts',(-0.421368087585863,-0.390972449230859,
0.263186533479473));
#7350=CARTESIAN_POINT('Ctrl Pts',(-0.431394418637193,-0.393260893865401,
0.254280175082398));
#7351=CARTESIAN_POINT('Ctrl Pts',(-0.441737972954764,-0.395621742640386,
0.245));
#7352=CARTESIAN_POINT('',(-0.427526624068016,-0.410937934137268,0.245));
#7353=CARTESIAN_POINT('Ctrl Pts',(-0.427526624068016,-0.410937934137268,
0.245));
#7354=CARTESIAN_POINT('Ctrl Pts',(-0.424399401922857,-0.400799728945321,
0.254280175082409));
#7355=CARTESIAN_POINT('Ctrl Pts',(-0.421368087585863,-0.390972449230859,
0.263186533479473));
#7356=CARTESIAN_POINT('',(-0.410937934137268,-0.427526624068016,0.245));
#7357=CARTESIAN_POINT('Origin',(0.,0.,0.245));
#7358=CARTESIAN_POINT('',(-0.390972449230859,-0.421368087585863,0.263186533479473));
#7359=CARTESIAN_POINT('Ctrl Pts',(-0.390972449230859,-0.421368087585863,
0.263186533479473));
#7360=CARTESIAN_POINT('Ctrl Pts',(-0.400799728945368,-0.424399401922872,
0.254280175082366));
#7361=CARTESIAN_POINT('Ctrl Pts',(-0.410937934137268,-0.427526624068016,
0.245));
#7362=CARTESIAN_POINT('',(-0.395621742640386,-0.441737972954764,0.245));
#7363=CARTESIAN_POINT('Ctrl Pts',(-0.395621742640386,-0.441737972954764,
0.245));
#7364=CARTESIAN_POINT('Ctrl Pts',(-0.393260893865402,-0.431394418637201,
0.254280175082391));
#7365=CARTESIAN_POINT('Ctrl Pts',(-0.390972449230859,-0.421368087585863,
0.263186533479473));
#7366=CARTESIAN_POINT('',(-0.377839763700182,-0.457040603192966,0.245));
#7367=CARTESIAN_POINT('Origin',(0.,0.,0.245));
#7368=CARTESIAN_POINT('',(-0.358390334346615,-0.44940726467233,0.263186533479473));
#7369=CARTESIAN_POINT('Ctrl Pts',(-0.358390334346615,-0.44940726467233,
0.263186533479473));
#7370=CARTESIAN_POINT('Ctrl Pts',(-0.367963604589751,-0.453164496372395,
0.254280175082403));
#7371=CARTESIAN_POINT('Ctrl Pts',(-0.377839763700182,-0.457040603192966,
0.245));
#7372=CARTESIAN_POINT('',(-0.361504383948842,-0.470067633841948,0.245));
#7373=CARTESIAN_POINT('Ctrl Pts',(-0.361504383948842,-0.470067633841948,
0.245));
#7374=CARTESIAN_POINT('Ctrl Pts',(-0.359923111368022,-0.459576575750205,
0.254280175082409));
#7375=CARTESIAN_POINT('Ctrl Pts',(-0.358390334346615,-0.44940726467233,
0.263186533479473));
#7376=CARTESIAN_POINT('',(-0.342628560038455,-0.48399862587199,0.245));
#7377=CARTESIAN_POINT('Origin',(0.,0.,0.245));
#7378=CARTESIAN_POINT('',(-0.323803955336095,-0.474933174038248,0.263186533479473));
#7379=CARTESIAN_POINT('Ctrl Pts',(-0.323803955336095,-0.474933174038248,
0.263186533479473));
#7380=CARTESIAN_POINT('Ctrl Pts',(-0.33306967849744,-0.479395311137649,
0.254280175082384));
#7381=CARTESIAN_POINT('Ctrl Pts',(-0.342628560038455,-0.48399862587199,
0.245));
#7382=CARTESIAN_POINT('',(-0.325365346102471,-0.495768485843563,0.245));
#7383=CARTESIAN_POINT('Ctrl Pts',(-0.32536534610247,-0.495768485843563,
0.245));
#7384=CARTESIAN_POINT('Ctrl Pts',(-0.324572492833517,-0.485188594230106,
0.254280175082385));
#7385=CARTESIAN_POINT('Ctrl Pts',(-0.323803955336095,-0.474933174038248,
0.263186533479473));
#7386=CARTESIAN_POINT('',(-0.305501238485953,-0.508249931907077,0.245));
#7387=CARTESIAN_POINT('Origin',(0.,0.,0.245));
#7388=CARTESIAN_POINT('',(-0.287406733260263,-0.497803064444172,0.263186533479473));
#7389=CARTESIAN_POINT('Ctrl Pts',(-0.287406733260263,-0.497803064444172,
0.263186533479473));
#7390=CARTESIAN_POINT('Ctrl Pts',(-0.296313091657322,-0.502945152862213,
0.254280175082415));
#7391=CARTESIAN_POINT('Ctrl Pts',(-0.305501238485953,-0.508249931907077,
0.245));
#7392=CARTESIAN_POINT('',(-0.287406733260263,-0.518696799369982,0.245));
#7393=CARTESIAN_POINT('Ctrl Pts',(-0.287406733260263,-0.518696799369982,
0.245));
#7394=CARTESIAN_POINT('Ctrl Pts',(-0.287406733260263,-0.508087241280294,
0.25428017508238));
#7395=CARTESIAN_POINT('Ctrl Pts',(-0.287406733260263,-0.497803064444172,
0.263186533479473));
#7396=CARTESIAN_POINT('',(-0.266665430085036,-0.529658898157637,0.245));
#7397=CARTESIAN_POINT('Origin',(0.,0.,0.245));
#7398=CARTESIAN_POINT('',(-0.249402216149052,-0.517889038186064,0.263186533479473));
#7399=CARTESIAN_POINT('Ctrl Pts',(-0.249402216149052,-0.517889038186064,
0.263186533479473));
#7400=CARTESIAN_POINT('Ctrl Pts',(-0.257899401812963,-0.523682321278514,
0.254280175082396));
#7401=CARTESIAN_POINT('Ctrl Pts',(-0.266665430085036,-0.529658898157637,
0.245));
#7402=CARTESIAN_POINT('',(-0.247840825382676,-0.538724349991379,0.245));
#7403=CARTESIAN_POINT('Ctrl Pts',(-0.247840825382676,-0.538724349991379,
0.245));
#7404=CARTESIAN_POINT('Ctrl Pts',(-0.248633678651631,-0.528144458377904,
0.254280175082401));
#7405=CARTESIAN_POINT('Ctrl Pts',(-0.249402216149052,-0.517889038186064,
0.263186533479473));
#7406=CARTESIAN_POINT('',(-0.226338320429548,-0.548105797000115,0.245));
#7407=CARTESIAN_POINT('Origin',(0.,0.,0.245));
#7408=CARTESIAN_POINT('',(-0.210002940678208,-0.535078766351132,0.263186533479473));
#7409=CARTESIAN_POINT('Ctrl Pts',(-0.210002940678208,-0.535078766351132,
0.263186533479473));
#7410=CARTESIAN_POINT('Ctrl Pts',(-0.218043433899958,-0.541490845728968,
0.254280175082378));
#7411=CARTESIAN_POINT('Ctrl Pts',(-0.226338320429548,-0.548105797000115,
0.245));
#7412=CARTESIAN_POINT('',(-0.206888891075981,-0.55573913552075,0.245));
#7413=CARTESIAN_POINT('Ctrl Pts',(-0.206888891075981,-0.55573913552075,
0.245));
#7414=CARTESIAN_POINT('Ctrl Pts',(-0.208470163656796,-0.545248077429039,
0.254280175082382));
#7415=CARTESIAN_POINT('Ctrl Pts',(-0.210002940678208,-0.535078766351132,
0.263186533479473));
#7416=CARTESIAN_POINT('',(-0.184745435074876,-0.563487465893426,0.245));
#7417=CARTESIAN_POINT('Origin',(0.,0.,0.245));
#7418=CARTESIAN_POINT('',(-0.169429243577994,-0.549276117006677,0.263186533479473));
#7419=CARTESIAN_POINT('Ctrl Pts',(-0.169429243577994,-0.549276117006677,
0.263186533479473));
#7420=CARTESIAN_POINT('Ctrl Pts',(-0.176968078657936,-0.556271133721017,
0.254280175082388));
#7421=CARTESIAN_POINT('Ctrl Pts',(-0.184745435074876,-0.563487465893426,
0.245));
#7422=CARTESIAN_POINT('',(-0.164779950168467,-0.569646002375578,0.245));
#7423=CARTESIAN_POINT('Ctrl Pts',(-0.164779950168467,-0.569646002375578,
0.245));
#7424=CARTESIAN_POINT('Ctrl Pts',(-0.167140798943461,-0.559302448057974,
0.254280175082427));
#7425=CARTESIAN_POINT('Ctrl Pts',(-0.169429243577994,-0.549276117006677,
0.263186533479473));
#7426=CARTESIAN_POINT('',(-0.142119378307563,-0.575717884305735,0.245));
#7427=CARTESIAN_POINT('Origin',(0.,0.,0.245));
#7428=CARTESIAN_POINT('',(-0.127908029420814,-0.560401692808854,0.263186533479473));
#7429=CARTESIAN_POINT('Ctrl Pts',(-0.127908029420814,-0.560401692808854,
0.263186533479473));
#7430=CARTESIAN_POINT('Ctrl Pts',(-0.134903046135156,-0.567940527888798,
0.254280175082385));
#7431=CARTESIAN_POINT('Ctrl Pts',(-0.142119378307563,-0.575717884305735,
0.245));
#7432=CARTESIAN_POINT('',(-0.121749492938662,-0.580367177715262,0.245));
#7433=CARTESIAN_POINT('Ctrl Pts',(-0.121749492938662,-0.580367177715262,
0.245));
#7434=CARTESIAN_POINT('Ctrl Pts',(-0.124876715083819,-0.570228972523322,
0.254280175082404));
#7435=CARTESIAN_POINT('Ctrl Pts',(-0.127908029420814,-0.560401692808854,
0.263186533479473));
#7436=CARTESIAN_POINT('',(-0.0986985323277841,-0.584728654776163,0.245));
#7437=CARTESIAN_POINT('Origin',(0.,0.,0.245));
#7438=CARTESIAN_POINT('',(-0.0856715016788019,-0.568393275024823,0.263186533479473));
#7439=CARTESIAN_POINT('Ctrl Pts',(-0.0856715016788019,-0.568393275024823,
0.263186533479473));
#7440=CARTESIAN_POINT('Ctrl Pts',(-0.0920835810566083,-0.576433768246537,
0.254280175082418));
#7441=CARTESIAN_POINT('Ctrl Pts',(-0.0986985323277841,-0.584728654776163,
0.245));
#7442=CARTESIAN_POINT('',(-0.0780381631581664,-0.58784270437839,0.245));
#7443=CARTESIAN_POINT('Ctrl Pts',(-0.0780381631581664,-0.58784270437839,
0.245));
#7444=CARTESIAN_POINT('Ctrl Pts',(-0.0819142699787421,-0.577966545267947,
0.254280175082414));
#7445=CARTESIAN_POINT('Ctrl Pts',(-0.0856715016788019,-0.568393275024823,
0.263186533479473));
#7446=CARTESIAN_POINT('',(-0.0547257241193892,-0.590469385421131,0.245));
#7447=CARTESIAN_POINT('Origin',(0.,0.,0.245));
#7448=CARTESIAN_POINT('',(-0.042955864147816,-0.573206171485146,0.263186533479473));
#7449=CARTESIAN_POINT('Ctrl Pts',(-0.042955864147816,-0.573206171485146,
0.263186533479473));
#7450=CARTESIAN_POINT('Ctrl Pts',(-0.0487491472402585,-0.581703357149046,
0.254280175082408));
#7451=CARTESIAN_POINT('Ctrl Pts',(-0.0547257241193892,-0.590469385421131,
0.245));
#7452=CARTESIAN_POINT('',(-0.0338904123140743,-0.592030776187507,0.245));
#7453=CARTESIAN_POINT('Ctrl Pts',(-0.0338904123140744,-0.592030776187507,
0.245));
#7454=CARTESIAN_POINT('Ctrl Pts',(-0.0384937270484186,-0.582471894646484,
0.254280175082391));
#7455=CARTESIAN_POINT('Ctrl Pts',(-0.042955864147816,-0.573206171485146,
0.263186533479473));
#7456=CARTESIAN_POINT('',(-0.0104468674629052,-0.592907971746217,0.245));
#7457=CARTESIAN_POINT('Origin',(0.,0.,0.245));
#7458=CARTESIAN_POINT('',(-1.99132683889544E-16,-0.574813466520527,0.263186533479473));
#7459=CARTESIAN_POINT('Ctrl Pts',(-1.99132683889544E-16,-0.574813466520527,
0.263186533479473));
#7460=CARTESIAN_POINT('Ctrl Pts',(-0.00514208841806194,-0.583719824917621,
0.254280175082379));
#7461=CARTESIAN_POINT('Ctrl Pts',(-0.0104468674629052,-0.592907971746217,
0.245));
#7462=CARTESIAN_POINT('',(0.010446867462905,-0.592907971746217,0.245));
#7463=CARTESIAN_POINT('Ctrl Pts',(0.0104468674629051,-0.592907971746217,
0.245));
#7464=CARTESIAN_POINT('Ctrl Pts',(0.00514208841807147,-0.583719824917638,
0.254280175082362));
#7465=CARTESIAN_POINT('Ctrl Pts',(-1.99132683889544E-16,-0.574813466520527,
0.263186533479473));
#7466=CARTESIAN_POINT('',(0.0338904123140744,-0.592030776187507,0.245));
#7467=CARTESIAN_POINT('Origin',(0.,0.,0.245));
#7468=CARTESIAN_POINT('',(0.0429558641478159,-0.573206171485146,0.263186533479473));
#7469=CARTESIAN_POINT('Ctrl Pts',(0.0429558641478159,-0.573206171485146,
0.263186533479473));
#7470=CARTESIAN_POINT('Ctrl Pts',(0.0384937270484165,-0.582471894646488,
0.254280175082387));
#7471=CARTESIAN_POINT('Ctrl Pts',(0.0338904123140743,-0.592030776187507,
0.245));
#7472=CARTESIAN_POINT('',(0.0547257241193893,-0.590469385421131,0.245));
#7473=CARTESIAN_POINT('Ctrl Pts',(0.0547257241193893,-0.590469385421131,
0.245));
#7474=CARTESIAN_POINT('Ctrl Pts',(0.0487491472402573,-0.581703357149044,
0.25428017508241));
#7475=CARTESIAN_POINT('Ctrl Pts',(0.0429558641478159,-0.573206171485146,
0.263186533479473));
#7476=CARTESIAN_POINT('',(0.0780381631581665,-0.58784270437839,0.245));
#7477=CARTESIAN_POINT('Origin',(0.,0.,0.245));
#7478=CARTESIAN_POINT('',(0.0856715016788018,-0.568393275024823,0.263186533479473));
#7479=CARTESIAN_POINT('Ctrl Pts',(0.0856715016788018,-0.568393275024823,
0.263186533479473));
#7480=CARTESIAN_POINT('Ctrl Pts',(0.0819142699787511,-0.577966545267924,
0.254280175082435));
#7481=CARTESIAN_POINT('Ctrl Pts',(0.0780381631581665,-0.58784270437839,
0.245));
#7482=CARTESIAN_POINT('',(0.0986985323277842,-0.584728654776163,0.245));
#7483=CARTESIAN_POINT('Ctrl Pts',(0.0986985323277842,-0.584728654776163,
0.245));
#7484=CARTESIAN_POINT('Ctrl Pts',(0.0920835810566262,-0.576433768246559,
0.254280175082393));
#7485=CARTESIAN_POINT('Ctrl Pts',(0.0856715016788018,-0.568393275024823,
0.263186533479473));
#7486=CARTESIAN_POINT('',(0.121749492938662,-0.580367177715262,0.245));
#7487=CARTESIAN_POINT('Origin',(0.,0.,0.245));
#7488=CARTESIAN_POINT('',(0.127908029420814,-0.560401692808854,0.263186533479473));
#7489=CARTESIAN_POINT('Ctrl Pts',(0.127908029420814,-0.560401692808854,
0.263186533479473));
#7490=CARTESIAN_POINT('Ctrl Pts',(0.12487671508381,-0.570228972523348,0.25428017508238));
#7491=CARTESIAN_POINT('Ctrl Pts',(0.121749492938662,-0.580367177715262,
0.245));
#7492=CARTESIAN_POINT('',(0.142119378307562,-0.575717884305735,0.245));
#7493=CARTESIAN_POINT('Ctrl Pts',(0.142119378307562,-0.575717884305735,
0.245));
#7494=CARTESIAN_POINT('Ctrl Pts',(0.134903046135133,-0.567940527888774,
0.254280175082414));
#7495=CARTESIAN_POINT('Ctrl Pts',(0.127908029420814,-0.560401692808854,
0.263186533479473));
#7496=CARTESIAN_POINT('',(0.164779950168467,-0.569646002375578,0.245));
#7497=CARTESIAN_POINT('Origin',(0.,0.,0.245));
#7498=CARTESIAN_POINT('',(0.169429243577994,-0.549276117006677,0.263186533479473));
#7499=CARTESIAN_POINT('Ctrl Pts',(0.169429243577994,-0.549276117006677,
0.263186533479473));
#7500=CARTESIAN_POINT('Ctrl Pts',(0.167140798943452,-0.559302448058013,
0.254280175082393));
#7501=CARTESIAN_POINT('Ctrl Pts',(0.164779950168467,-0.569646002375578,
0.245));
#7502=CARTESIAN_POINT('',(0.184745435074876,-0.563487465893426,0.245));
#7503=CARTESIAN_POINT('Ctrl Pts',(0.184745435074876,-0.563487465893426,
0.245));
#7504=CARTESIAN_POINT('Ctrl Pts',(0.176968078657932,-0.556271133721013,
0.254280175082393));
#7505=CARTESIAN_POINT('Ctrl Pts',(0.169429243577994,-0.549276117006677,
0.263186533479473));
#7506=CARTESIAN_POINT('',(0.206888891075981,-0.55573913552075,0.245));
#7507=CARTESIAN_POINT('Origin',(0.,0.,0.245));
#7508=CARTESIAN_POINT('',(0.210002940678208,-0.535078766351132,0.263186533479473));
#7509=CARTESIAN_POINT('Ctrl Pts',(0.210002940678208,-0.535078766351132,
0.263186533479473));
#7510=CARTESIAN_POINT('Ctrl Pts',(0.208470163656791,-0.545248077429069,
0.254280175082355));
#7511=CARTESIAN_POINT('Ctrl Pts',(0.206888891075981,-0.55573913552075,0.245));
#7512=CARTESIAN_POINT('',(0.226338320429548,-0.548105797000115,0.245));
#7513=CARTESIAN_POINT('Ctrl Pts',(0.226338320429548,-0.548105797000115,
0.245));
#7514=CARTESIAN_POINT('Ctrl Pts',(0.21804343389994,-0.541490845728954,0.254280175082398));
#7515=CARTESIAN_POINT('Ctrl Pts',(0.210002940678208,-0.535078766351132,
0.263186533479473));
#7516=CARTESIAN_POINT('',(0.247840825382676,-0.538724349991379,0.245));
#7517=CARTESIAN_POINT('Origin',(0.,0.,0.245));
#7518=CARTESIAN_POINT('',(0.249402216149051,-0.517889038186064,0.263186533479473));
#7519=CARTESIAN_POINT('Ctrl Pts',(0.249402216149051,-0.517889038186064,
0.263186533479473));
#7520=CARTESIAN_POINT('Ctrl Pts',(0.24863367865163,-0.528144458377904,0.2542801750824));
#7521=CARTESIAN_POINT('Ctrl Pts',(0.247840825382676,-0.538724349991379,
0.245));
#7522=CARTESIAN_POINT('',(0.266665430085036,-0.529658898157637,0.245));
#7523=CARTESIAN_POINT('Ctrl Pts',(0.266665430085036,-0.529658898157637,
0.245));
#7524=CARTESIAN_POINT('Ctrl Pts',(0.257899401812935,-0.523682321278496,
0.254280175082425));
#7525=CARTESIAN_POINT('Ctrl Pts',(0.249402216149051,-0.517889038186064,
0.263186533479473));
#7526=CARTESIAN_POINT('',(0.287406733260263,-0.518696799369982,0.245));
#7527=CARTESIAN_POINT('Origin',(0.,0.,0.245));
#7528=CARTESIAN_POINT('',(0.287406733260263,-0.497803064444172,0.263186533479473));
#7529=CARTESIAN_POINT('Ctrl Pts',(0.287406733260263,-0.497803064444172,
0.263186533479473));
#7530=CARTESIAN_POINT('Ctrl Pts',(0.287406733260263,-0.50808724128029,0.254280175082384));
#7531=CARTESIAN_POINT('Ctrl Pts',(0.287406733260263,-0.518696799369982,
0.245));
#7532=CARTESIAN_POINT('',(0.305501238485953,-0.508249931907077,0.245));
#7533=CARTESIAN_POINT('Ctrl Pts',(0.305501238485953,-0.508249931907077,
0.245));
#7534=CARTESIAN_POINT('Ctrl Pts',(0.296313091657331,-0.502945152862218,
0.254280175082406));
#7535=CARTESIAN_POINT('Ctrl Pts',(0.287406733260263,-0.497803064444172,
0.263186533479473));
#7536=CARTESIAN_POINT('',(0.325365346102471,-0.495768485843563,0.245));
#7537=CARTESIAN_POINT('Origin',(0.,0.,0.245));
#7538=CARTESIAN_POINT('',(0.323803955336095,-0.474933174038248,0.263186533479473));
#7539=CARTESIAN_POINT('Ctrl Pts',(0.323803955336095,-0.474933174038248,
0.263186533479473));
#7540=CARTESIAN_POINT('Ctrl Pts',(0.324572492833516,-0.485188594230091,
0.254280175082398));
#7541=CARTESIAN_POINT('Ctrl Pts',(0.325365346102471,-0.495768485843563,
0.245));
#7542=CARTESIAN_POINT('',(0.342628560038455,-0.48399862587199,0.245));
#7543=CARTESIAN_POINT('Ctrl Pts',(0.342628560038455,-0.48399862587199,0.245));
#7544=CARTESIAN_POINT('Ctrl Pts',(0.333069678497436,-0.479395311137647,
0.254280175082388));
#7545=CARTESIAN_POINT('Ctrl Pts',(0.323803955336095,-0.474933174038248,
0.263186533479473));
#7546=CARTESIAN_POINT('',(0.361504383948842,-0.470067633841948,0.245));
#7547=CARTESIAN_POINT('Origin',(0.,0.,0.245));
#7548=CARTESIAN_POINT('',(0.358390334346615,-0.44940726467233,0.263186533479473));
#7549=CARTESIAN_POINT('Ctrl Pts',(0.358390334346615,-0.44940726467233,0.263186533479473));
#7550=CARTESIAN_POINT('Ctrl Pts',(0.359923111368027,-0.459576575750236,
0.254280175082383));
#7551=CARTESIAN_POINT('Ctrl Pts',(0.361504383948842,-0.470067633841948,
0.245));
#7552=CARTESIAN_POINT('',(0.377839763700182,-0.457040603192966,0.245));
#7553=CARTESIAN_POINT('Ctrl Pts',(0.377839763700182,-0.457040603192966,
0.245));
#7554=CARTESIAN_POINT('Ctrl Pts',(0.367963604589765,-0.4531644963724,0.25428017508239));
#7555=CARTESIAN_POINT('Ctrl Pts',(0.358390334346615,-0.44940726467233,0.263186533479473));
#7556=CARTESIAN_POINT('',(0.395621742640386,-0.441737972954764,0.245));
#7557=CARTESIAN_POINT('Origin',(0.,0.,0.245));
#7558=CARTESIAN_POINT('',(0.390972449230859,-0.421368087585863,0.263186533479473));
#7559=CARTESIAN_POINT('Ctrl Pts',(0.390972449230859,-0.421368087585863,
0.263186533479473));
#7560=CARTESIAN_POINT('Ctrl Pts',(0.3932608938654,-0.43139441863719,0.2542801750824));
#7561=CARTESIAN_POINT('Ctrl Pts',(0.395621742640386,-0.441737972954764,
0.245));
#7562=CARTESIAN_POINT('',(0.410937934137268,-0.427526624068016,0.245));
#7563=CARTESIAN_POINT('Ctrl Pts',(0.410937934137268,-0.427526624068016,
0.245));
#7564=CARTESIAN_POINT('Ctrl Pts',(0.400799728945364,-0.42439940192287,0.254280175082371));
#7565=CARTESIAN_POINT('Ctrl Pts',(0.390972449230859,-0.421368087585863,
0.263186533479473));
#7566=CARTESIAN_POINT('',(0.427526624068016,-0.410937934137268,0.245));
#7567=CARTESIAN_POINT('Origin',(0.,0.,0.245));
#7568=CARTESIAN_POINT('',(0.421368087585863,-0.390972449230859,0.263186533479473));
#7569=CARTESIAN_POINT('Ctrl Pts',(0.421368087585863,-0.390972449230859,
0.263186533479473));
#7570=CARTESIAN_POINT('Ctrl Pts',(0.424399401922872,-0.400799728945368,
0.254280175082366));
#7571=CARTESIAN_POINT('Ctrl Pts',(0.427526624068016,-0.410937934137268,
0.245));
#7572=CARTESIAN_POINT('',(0.441737972954764,-0.395621742640386,0.245));
#7573=CARTESIAN_POINT('Ctrl Pts',(0.441737972954764,-0.395621742640386,
0.245));
#7574=CARTESIAN_POINT('Ctrl Pts',(0.431394418637201,-0.393260893865402,
0.254280175082391));
#7575=CARTESIAN_POINT('Ctrl Pts',(0.421368087585863,-0.390972449230859,
0.263186533479473));
#7576=CARTESIAN_POINT('',(0.457040603192966,-0.377839763700182,0.245));
#7577=CARTESIAN_POINT('Origin',(0.,0.,0.245));
#7578=CARTESIAN_POINT('',(0.44940726467233,-0.358390334346615,0.263186533479473));
#7579=CARTESIAN_POINT('Ctrl Pts',(0.44940726467233,-0.358390334346615,0.263186533479473));
#7580=CARTESIAN_POINT('Ctrl Pts',(0.4531644963724,-0.367963604589765,0.254280175082391));
#7581=CARTESIAN_POINT('Ctrl Pts',(0.457040603192966,-0.377839763700182,
0.245));
#7582=CARTESIAN_POINT('',(0.470067633841948,-0.361504383948842,0.245));
#7583=CARTESIAN_POINT('Ctrl Pts',(0.470067633841948,-0.361504383948842,
0.245));
#7584=CARTESIAN_POINT('Ctrl Pts',(0.459576575750221,-0.359923111368025,
0.254280175082395));
#7585=CARTESIAN_POINT('Ctrl Pts',(0.44940726467233,-0.358390334346615,0.263186533479473));
#7586=CARTESIAN_POINT('',(0.48399862587199,-0.342628560038455,0.245));
#7587=CARTESIAN_POINT('Origin',(0.,0.,0.245));
#7588=CARTESIAN_POINT('',(0.474933174038248,-0.323803955336095,0.263186533479473));
#7589=CARTESIAN_POINT('Ctrl Pts',(0.474933174038248,-0.323803955336095,
0.263186533479473));
#7590=CARTESIAN_POINT('Ctrl Pts',(0.479395311137651,-0.333069678497444,
0.254280175082381));
#7591=CARTESIAN_POINT('Ctrl Pts',(0.48399862587199,-0.342628560038455,0.245));
#7592=CARTESIAN_POINT('',(0.495768485843563,-0.325365346102471,0.245));
#7593=CARTESIAN_POINT('Ctrl Pts',(0.495768485843563,-0.325365346102471,
0.245));
#7594=CARTESIAN_POINT('Ctrl Pts',(0.485188594230075,-0.324572492833515,
0.254280175082412));
#7595=CARTESIAN_POINT('Ctrl Pts',(0.474933174038248,-0.323803955336095,
0.263186533479473));
#7596=CARTESIAN_POINT('',(0.508249931907077,-0.305501238485953,0.245));
#7597=CARTESIAN_POINT('Origin',(0.,0.,0.245));
#7598=CARTESIAN_POINT('',(0.497803064444172,-0.287406733260263,0.263186533479473));
#7599=CARTESIAN_POINT('Ctrl Pts',(0.497803064444172,-0.287406733260263,
0.263186533479473));
#7600=CARTESIAN_POINT('Ctrl Pts',(0.502945152862229,-0.296313091657349,
0.254280175082388));
#7601=CARTESIAN_POINT('Ctrl Pts',(0.508249931907077,-0.305501238485953,
0.245));
#7602=CARTESIAN_POINT('',(0.518696799369982,-0.287406733260263,0.245));
#7603=CARTESIAN_POINT('Ctrl Pts',(0.518696799369982,-0.287406733260263,
0.245));
#7604=CARTESIAN_POINT('Ctrl Pts',(0.508087241280268,-0.287406733260263,
0.254280175082403));
#7605=CARTESIAN_POINT('Ctrl Pts',(0.497803064444172,-0.287406733260263,
0.263186533479473));
#7606=CARTESIAN_POINT('',(0.529658898157637,-0.266665430085036,0.245));
#7607=CARTESIAN_POINT('Origin',(0.,0.,0.245));
#7608=CARTESIAN_POINT('',(0.517889038186064,-0.249402216149052,0.263186533479473));
#7609=CARTESIAN_POINT('Ctrl Pts',(0.517889038186064,-0.249402216149052,
0.263186533479473));
#7610=CARTESIAN_POINT('Ctrl Pts',(0.523682321278514,-0.257899401812963,
0.254280175082396));
#7611=CARTESIAN_POINT('Ctrl Pts',(0.529658898157637,-0.266665430085036,
0.245));
#7612=CARTESIAN_POINT('',(0.538724349991379,-0.247840825382676,0.245));
#7613=CARTESIAN_POINT('Ctrl Pts',(0.538724349991379,-0.247840825382676,
0.245));
#7614=CARTESIAN_POINT('Ctrl Pts',(0.528144458377915,-0.24863367865163,0.254280175082391));
#7615=CARTESIAN_POINT('Ctrl Pts',(0.517889038186064,-0.249402216149052,
0.263186533479473));
#7616=CARTESIAN_POINT('',(0.548105797000115,-0.226338320429548,0.245));
#7617=CARTESIAN_POINT('Origin',(0.,0.,0.245));
#7618=CARTESIAN_POINT('',(0.535078766351132,-0.210002940678208,0.263186533479473));
#7619=CARTESIAN_POINT('Ctrl Pts',(0.535078766351132,-0.210002940678208,
0.263186533479473));
#7620=CARTESIAN_POINT('Ctrl Pts',(0.541490845728949,-0.218043433899935,
0.254280175082403));
#7621=CARTESIAN_POINT('Ctrl Pts',(0.548105797000115,-0.226338320429548,
0.245));
#7622=CARTESIAN_POINT('',(0.55573913552075,-0.206888891075981,0.245));
#7623=CARTESIAN_POINT('Ctrl Pts',(0.55573913552075,-0.206888891075981,0.245));
#7624=CARTESIAN_POINT('Ctrl Pts',(0.545248077429056,-0.208470163656793,
0.254280175082366));
#7625=CARTESIAN_POINT('Ctrl Pts',(0.535078766351132,-0.210002940678208,
0.263186533479473));
#7626=CARTESIAN_POINT('',(0.563487465893426,-0.184745435074875,0.245));
#7627=CARTESIAN_POINT('Origin',(0.,0.,0.245));
#7628=CARTESIAN_POINT('',(0.549276117006677,-0.169429243577994,0.263186533479473));
#7629=CARTESIAN_POINT('Ctrl Pts',(0.549276117006677,-0.169429243577994,
0.263186533479473));
#7630=CARTESIAN_POINT('Ctrl Pts',(0.556271133721002,-0.17696807865792,0.254280175082406));
#7631=CARTESIAN_POINT('Ctrl Pts',(0.563487465893426,-0.184745435074875,
0.245));
#7632=CARTESIAN_POINT('',(0.569646002375578,-0.164779950168467,0.245));
#7633=CARTESIAN_POINT('Ctrl Pts',(0.569646002375578,-0.164779950168467,
0.245));
#7634=CARTESIAN_POINT('Ctrl Pts',(0.559302448058008,-0.167140798943453,
0.254280175082397));
#7635=CARTESIAN_POINT('Ctrl Pts',(0.549276117006677,-0.169429243577994,
0.263186533479473));
#7636=CARTESIAN_POINT('',(0.575717884305735,-0.142119378307563,0.245));
#7637=CARTESIAN_POINT('Origin',(0.,0.,0.245));
#7638=CARTESIAN_POINT('',(0.560401692808854,-0.127908029420814,0.263186533479473));
#7639=CARTESIAN_POINT('Ctrl Pts',(0.560401692808854,-0.127908029420814,
0.263186533479473));
#7640=CARTESIAN_POINT('Ctrl Pts',(0.567940527888796,-0.134903046135154,
0.254280175082387));
#7641=CARTESIAN_POINT('Ctrl Pts',(0.575717884305735,-0.142119378307563,
0.245));
#7642=CARTESIAN_POINT('',(0.580367177715262,-0.121749492938662,0.245));
#7643=CARTESIAN_POINT('Ctrl Pts',(0.580367177715262,-0.121749492938662,
0.245));
#7644=CARTESIAN_POINT('Ctrl Pts',(0.570228972523317,-0.12487671508382,0.254280175082408));
#7645=CARTESIAN_POINT('Ctrl Pts',(0.560401692808854,-0.127908029420814,
0.263186533479473));
#7646=CARTESIAN_POINT('',(0.584728654776163,-0.0986985323277841,0.245));
#7647=CARTESIAN_POINT('Origin',(0.,0.,0.245));
#7648=CARTESIAN_POINT('',(0.568393275024823,-0.0856715016788019,0.263186533479473));
#7649=CARTESIAN_POINT('Ctrl Pts',(0.568393275024823,-0.0856715016788019,
0.263186533479473));
#7650=CARTESIAN_POINT('Ctrl Pts',(0.576433768246537,-0.0920835810566083,
0.254280175082418));
#7651=CARTESIAN_POINT('Ctrl Pts',(0.584728654776163,-0.0986985323277841,
0.245));
#7652=CARTESIAN_POINT('',(0.58784270437839,-0.0780381631581664,0.245));
#7653=CARTESIAN_POINT('Ctrl Pts',(0.58784270437839,-0.0780381631581664,
0.245));
#7654=CARTESIAN_POINT('Ctrl Pts',(0.577966545267956,-0.0819142699787386,
0.254280175082406));
#7655=CARTESIAN_POINT('Ctrl Pts',(0.568393275024823,-0.0856715016788019,
0.263186533479473));
#7656=CARTESIAN_POINT('',(0.590469385421131,-0.054725724119389,0.245));
#7657=CARTESIAN_POINT('Origin',(0.,0.,0.245));
#7658=CARTESIAN_POINT('',(0.573206171485146,-0.0429558641478158,0.263186533479473));
#7659=CARTESIAN_POINT('Ctrl Pts',(0.573206171485146,-0.0429558641478158,
0.263186533479473));
#7660=CARTESIAN_POINT('Ctrl Pts',(0.581703357149063,-0.0487491472402702,
0.25428017508239));
#7661=CARTESIAN_POINT('Ctrl Pts',(0.590469385421131,-0.054725724119389,
0.245));
#7662=CARTESIAN_POINT('',(0.592030776187507,-0.033890412314074,0.245));
#7663=CARTESIAN_POINT('Ctrl Pts',(0.592030776187507,-0.0338904123140741,
0.245));
#7664=CARTESIAN_POINT('Ctrl Pts',(0.582471894646471,-0.0384937270484246,
0.254280175082404));
#7665=CARTESIAN_POINT('Ctrl Pts',(0.573206171485146,-0.0429558641478158,
0.263186533479473));
#7666=CARTESIAN_POINT('',(0.592907971746217,-0.0104468674629052,0.245));
#7667=CARTESIAN_POINT('Origin',(0.,0.,0.245));
#7668=CARTESIAN_POINT('',(0.574813466520527,-2.34329857483602E-16,0.263186533479473));
#7669=CARTESIAN_POINT('Ctrl Pts',(0.574813466520527,-2.34329857483602E-16,
0.263186533479473));
#7670=CARTESIAN_POINT('Ctrl Pts',(0.583719824917617,-0.00514208841805977,
0.254280175082383));
#7671=CARTESIAN_POINT('Ctrl Pts',(0.592907971746216,-0.0104468674629053,
0.245));
#7672=CARTESIAN_POINT('',(0.592907971746217,0.010446867462905,0.245));
#7673=CARTESIAN_POINT('Ctrl Pts',(0.592907971746217,0.0104468674629051,
0.245));
#7674=CARTESIAN_POINT('Ctrl Pts',(0.583719824917621,0.00514208841806135,
0.254280175082379));
#7675=CARTESIAN_POINT('Ctrl Pts',(0.574813466520527,-2.34329857483602E-16,
0.263186533479473));
#7676=CARTESIAN_POINT('',(0.592030776187507,0.0338904123140743,0.245));
#7677=CARTESIAN_POINT('Origin',(0.,0.,0.245));
#7678=CARTESIAN_POINT('',(0.573206171485146,0.0429558641478158,0.263186533479473));
#7679=CARTESIAN_POINT('Ctrl Pts',(0.573206171485146,0.0429558641478158,
0.263186533479473));
#7680=CARTESIAN_POINT('Ctrl Pts',(0.582471894646489,0.0384937270484163,
0.254280175082387));
#7681=CARTESIAN_POINT('Ctrl Pts',(0.592030776187507,0.0338904123140743,
0.245));
#7682=CARTESIAN_POINT('',(0.590469385421131,0.0547257241193893,0.245));
#7683=CARTESIAN_POINT('Ctrl Pts',(0.590469385421131,0.0547257241193893,
0.245));
#7684=CARTESIAN_POINT('Ctrl Pts',(0.581703357149044,0.0487491472402573,
0.25428017508241));
#7685=CARTESIAN_POINT('Ctrl Pts',(0.573206171485146,0.0429558641478158,
0.263186533479473));
#7686=CARTESIAN_POINT('',(0.58784270437839,0.0780381631581667,0.245));
#7687=CARTESIAN_POINT('Origin',(0.,0.,0.245));
#7688=CARTESIAN_POINT('',(0.568393275024823,0.0856715016788019,0.263186533479473));
#7689=CARTESIAN_POINT('Ctrl Pts',(0.568393275024823,0.0856715016788019,
0.263186533479473));
#7690=CARTESIAN_POINT('Ctrl Pts',(0.577966545267968,0.081914269978734,0.254280175082395));
#7691=CARTESIAN_POINT('Ctrl Pts',(0.58784270437839,0.0780381631581667,0.245));
#7692=CARTESIAN_POINT('',(0.584728654776163,0.0986985323277844,0.245));
#7693=CARTESIAN_POINT('Ctrl Pts',(0.584728654776163,0.0986985323277844,
0.245));
#7694=CARTESIAN_POINT('Ctrl Pts',(0.576433768246562,0.0920835810566287,
0.25428017508239));
#7695=CARTESIAN_POINT('Ctrl Pts',(0.568393275024823,0.0856715016788019,
0.263186533479473));
#7696=CARTESIAN_POINT('',(0.580367177715262,0.121749492938662,0.245));
#7697=CARTESIAN_POINT('Origin',(0.,0.,0.245));
#7698=CARTESIAN_POINT('',(0.560401692808854,0.127908029420814,0.263186533479473));
#7699=CARTESIAN_POINT('Ctrl Pts',(0.560401692808854,0.127908029420814,0.263186533479473));
#7700=CARTESIAN_POINT('Ctrl Pts',(0.570228972523348,0.12487671508381,0.25428017508238));
#7701=CARTESIAN_POINT('Ctrl Pts',(0.580367177715262,0.121749492938662,0.245));
#7702=CARTESIAN_POINT('',(0.575717884305735,0.142119378307562,0.245));
#7703=CARTESIAN_POINT('Ctrl Pts',(0.575717884305735,0.142119378307562,0.245));
#7704=CARTESIAN_POINT('Ctrl Pts',(0.567940527888803,0.134903046135161,0.254280175082378));
#7705=CARTESIAN_POINT('Ctrl Pts',(0.560401692808854,0.127908029420814,0.263186533479473));
#7706=CARTESIAN_POINT('',(0.569646002375578,0.164779950168467,0.245));
#7707=CARTESIAN_POINT('Origin',(0.,0.,0.245));
#7708=CARTESIAN_POINT('',(0.549276117006677,0.169429243577994,0.263186533479473));
#7709=CARTESIAN_POINT('Ctrl Pts',(0.549276117006677,0.169429243577994,0.263186533479473));
#7710=CARTESIAN_POINT('Ctrl Pts',(0.559302448058013,0.167140798943452,0.254280175082393));
#7711=CARTESIAN_POINT('Ctrl Pts',(0.569646002375578,0.164779950168467,0.245));
#7712=CARTESIAN_POINT('',(0.563487465893426,0.184745435074876,0.245));
#7713=CARTESIAN_POINT('Ctrl Pts',(0.563487465893426,0.184745435074876,0.245));
#7714=CARTESIAN_POINT('Ctrl Pts',(0.556271133721013,0.176968078657932,0.254280175082393));
#7715=CARTESIAN_POINT('Ctrl Pts',(0.549276117006677,0.169429243577994,0.263186533479473));
#7716=CARTESIAN_POINT('',(0.55573913552075,0.206888891075981,0.245));
#7717=CARTESIAN_POINT('Origin',(0.,0.,0.245));
#7718=CARTESIAN_POINT('',(0.535078766351132,0.210002940678208,0.263186533479473));
#7719=CARTESIAN_POINT('Ctrl Pts',(0.535078766351132,0.210002940678208,0.263186533479473));
#7720=CARTESIAN_POINT('Ctrl Pts',(0.545248077429064,0.208470163656792,0.254280175082359));
#7721=CARTESIAN_POINT('Ctrl Pts',(0.55573913552075,0.206888891075981,0.245));
#7722=CARTESIAN_POINT('',(0.548105797000115,0.226338320429548,0.245));
#7723=CARTESIAN_POINT('Ctrl Pts',(0.548105797000115,0.226338320429548,0.245));
#7724=CARTESIAN_POINT('Ctrl Pts',(0.541490845728949,0.218043433899935,0.254280175082404));
#7725=CARTESIAN_POINT('Ctrl Pts',(0.535078766351132,0.210002940678208,0.263186533479473));
#7726=CARTESIAN_POINT('',(0.538724349991379,0.247840825382676,0.245));
#7727=CARTESIAN_POINT('Origin',(0.,0.,0.245));
#7728=CARTESIAN_POINT('',(0.517889038186064,0.249402216149051,0.263186533479473));
#7729=CARTESIAN_POINT('Ctrl Pts',(0.517889038186064,0.249402216149051,0.263186533479473));
#7730=CARTESIAN_POINT('Ctrl Pts',(0.52814445837792,0.248633678651629,0.254280175082387));
#7731=CARTESIAN_POINT('Ctrl Pts',(0.538724349991379,0.247840825382675,0.245));
#7732=CARTESIAN_POINT('',(0.529658898157637,0.266665430085036,0.245));
#7733=CARTESIAN_POINT('Ctrl Pts',(0.529658898157637,0.266665430085036,0.245));
#7734=CARTESIAN_POINT('Ctrl Pts',(0.523682321278518,0.257899401812967,0.254280175082392));
#7735=CARTESIAN_POINT('Ctrl Pts',(0.517889038186064,0.249402216149051,0.263186533479473));
#7736=CARTESIAN_POINT('',(0.518696799369982,0.287406733260263,0.245));
#7737=CARTESIAN_POINT('Origin',(0.,0.,0.245));
#7738=CARTESIAN_POINT('',(0.497803064444172,0.287406733260263,0.263186533479473));
#7739=CARTESIAN_POINT('Ctrl Pts',(0.497803064444172,0.287406733260263,0.263186533479473));
#7740=CARTESIAN_POINT('Ctrl Pts',(0.50808724128029,0.287406733260263,0.254280175082384));
#7741=CARTESIAN_POINT('Ctrl Pts',(0.518696799369982,0.287406733260263,0.245));
#7742=CARTESIAN_POINT('',(0.508249931907077,0.305501238485953,0.245));
#7743=CARTESIAN_POINT('Ctrl Pts',(0.508249931907077,0.305501238485953,0.245));
#7744=CARTESIAN_POINT('Ctrl Pts',(0.502945152862218,0.296313091657331,0.254280175082406));
#7745=CARTESIAN_POINT('Ctrl Pts',(0.497803064444172,0.287406733260263,0.263186533479473));
#7746=CARTESIAN_POINT('',(0.495768485843563,0.325365346102471,0.245));
#7747=CARTESIAN_POINT('Origin',(0.,0.,0.245));
#7748=CARTESIAN_POINT('',(0.474933174038248,0.323803955336095,0.263186533479473));
#7749=CARTESIAN_POINT('Ctrl Pts',(0.474933174038248,0.323803955336095,0.263186533479473));
#7750=CARTESIAN_POINT('Ctrl Pts',(0.485188594230112,0.324572492833518,0.25428017508238));
#7751=CARTESIAN_POINT('Ctrl Pts',(0.495768485843563,0.325365346102471,0.245));
#7752=CARTESIAN_POINT('',(0.48399862587199,0.342628560038456,0.245));
#7753=CARTESIAN_POINT('Ctrl Pts',(0.48399862587199,0.342628560038456,0.245));
#7754=CARTESIAN_POINT('Ctrl Pts',(0.479395311137636,0.333069678497414,0.254280175082409));
#7755=CARTESIAN_POINT('Ctrl Pts',(0.474933174038248,0.323803955336095,0.263186533479473));
#7756=CARTESIAN_POINT('',(0.470067633841948,0.361504383948842,0.245));
#7757=CARTESIAN_POINT('Origin',(0.,0.,0.245));
#7758=CARTESIAN_POINT('',(0.449407264672331,0.358390334346615,0.263186533479473));
#7759=CARTESIAN_POINT('Ctrl Pts',(0.449407264672331,0.358390334346615,0.263186533479473));
#7760=CARTESIAN_POINT('Ctrl Pts',(0.459576575750235,0.359923111368026,0.254280175082383));
#7761=CARTESIAN_POINT('Ctrl Pts',(0.470067633841948,0.361504383948842,0.245));
#7762=CARTESIAN_POINT('',(0.457040603192966,0.377839763700182,0.245));
#7763=CARTESIAN_POINT('Ctrl Pts',(0.457040603192966,0.377839763700182,0.245));
#7764=CARTESIAN_POINT('Ctrl Pts',(0.453164496372406,0.36796360458978,0.254280175082376));
#7765=CARTESIAN_POINT('Ctrl Pts',(0.449407264672331,0.358390334346615,0.263186533479473));
#7766=CARTESIAN_POINT('',(0.441737972954764,0.395621742640386,0.245));
#7767=CARTESIAN_POINT('Origin',(0.,0.,0.245));
#7768=CARTESIAN_POINT('',(0.421368087585863,0.390972449230859,0.263186533479473));
#7769=CARTESIAN_POINT('Ctrl Pts',(0.421368087585863,0.390972449230859,0.263186533479473));
#7770=CARTESIAN_POINT('Ctrl Pts',(0.43139441863719,0.3932608938654,0.2542801750824));
#7771=CARTESIAN_POINT('Ctrl Pts',(0.441737972954764,0.395621742640386,0.245));
#7772=CARTESIAN_POINT('',(0.427526624068016,0.410937934137268,0.245));
#7773=CARTESIAN_POINT('Ctrl Pts',(0.427526624068016,0.410937934137268,0.245));
#7774=CARTESIAN_POINT('Ctrl Pts',(0.42439940192287,0.400799728945364,0.254280175082371));
#7775=CARTESIAN_POINT('Ctrl Pts',(0.421368087585863,0.390972449230859,0.263186533479473));
#7776=CARTESIAN_POINT('',(0.410937934137268,0.427526624068016,0.245));
#7777=CARTESIAN_POINT('Origin',(0.,0.,0.245));
#7778=CARTESIAN_POINT('',(0.390972449230859,0.421368087585863,0.263186533479473));
#7779=CARTESIAN_POINT('Ctrl Pts',(0.390972449230859,0.421368087585863,0.263186533479473));
#7780=CARTESIAN_POINT('Ctrl Pts',(0.40079972894534,0.424399401922863,0.254280175082392));
#7781=CARTESIAN_POINT('Ctrl Pts',(0.410937934137268,0.427526624068016,0.245));
#7782=CARTESIAN_POINT('',(0.395621742640386,0.441737972954764,0.245));
#7783=CARTESIAN_POINT('Ctrl Pts',(0.395621742640386,0.441737972954764,0.245));
#7784=CARTESIAN_POINT('Ctrl Pts',(0.393260893865404,0.431394418637207,0.254280175082385));
#7785=CARTESIAN_POINT('Ctrl Pts',(0.390972449230859,0.421368087585863,0.263186533479473));
#7786=CARTESIAN_POINT('',(0.377839763700182,0.457040603192966,0.245));
#7787=CARTESIAN_POINT('Origin',(0.,0.,0.245));
#7788=CARTESIAN_POINT('',(0.358390334346615,0.44940726467233,0.263186533479473));
#7789=CARTESIAN_POINT('Ctrl Pts',(0.358390334346615,0.44940726467233,0.263186533479473));
#7790=CARTESIAN_POINT('Ctrl Pts',(0.367963604589765,0.4531644963724,0.254280175082391));
#7791=CARTESIAN_POINT('Ctrl Pts',(0.377839763700182,0.457040603192966,0.245));
#7792=CARTESIAN_POINT('',(0.361504383948842,0.470067633841948,0.245));
#7793=CARTESIAN_POINT('Ctrl Pts',(0.361504383948842,0.470067633841948,0.245));
#7794=CARTESIAN_POINT('Ctrl Pts',(0.359923111368025,0.459576575750221,0.254280175082395));
#7795=CARTESIAN_POINT('Ctrl Pts',(0.358390334346615,0.44940726467233,0.263186533479473));
#7796=CARTESIAN_POINT('',(0.342628560038455,0.48399862587199,0.245));
#7797=CARTESIAN_POINT('Origin',(0.,0.,0.245));
#7798=CARTESIAN_POINT('',(0.323803955336095,0.474933174038248,0.263186533479473));
#7799=CARTESIAN_POINT('Ctrl Pts',(0.323803955336095,0.474933174038248,0.263186533479473));
#7800=CARTESIAN_POINT('Ctrl Pts',(0.333069678497444,0.479395311137651,0.254280175082381));
#7801=CARTESIAN_POINT('Ctrl Pts',(0.342628560038455,0.48399862587199,0.245));
#7802=CARTESIAN_POINT('',(0.325365346102471,0.495768485843563,0.245));
#7803=CARTESIAN_POINT('Ctrl Pts',(0.325365346102471,0.495768485843563,0.245));
#7804=CARTESIAN_POINT('Ctrl Pts',(0.324572492833515,0.485188594230075,0.254280175082412));
#7805=CARTESIAN_POINT('Ctrl Pts',(0.323803955336095,0.474933174038248,0.263186533479473));
#7806=CARTESIAN_POINT('',(0.305501238485953,0.508249931907077,0.245));
#7807=CARTESIAN_POINT('Origin',(0.,0.,0.245));
#7808=CARTESIAN_POINT('',(0.287406733260263,0.497803064444172,0.263186533479473));
#7809=CARTESIAN_POINT('Ctrl Pts',(0.287406733260263,0.497803064444172,0.263186533479473));
#7810=CARTESIAN_POINT('Ctrl Pts',(0.296313091657349,0.502945152862229,0.254280175082388));
#7811=CARTESIAN_POINT('Ctrl Pts',(0.305501238485953,0.508249931907077,0.245));
#7812=CARTESIAN_POINT('',(0.287406733260263,0.518696799369982,0.245));
#7813=CARTESIAN_POINT('Ctrl Pts',(0.287406733260263,0.518696799369982,0.245));
#7814=CARTESIAN_POINT('Ctrl Pts',(0.287406733260263,0.508087241280278,0.254280175082394));
#7815=CARTESIAN_POINT('Ctrl Pts',(0.287406733260263,0.497803064444172,0.263186533479473));
#7816=CARTESIAN_POINT('',(0.266665430085036,0.529658898157637,0.245));
#7817=CARTESIAN_POINT('Origin',(0.,0.,0.245));
#7818=CARTESIAN_POINT('',(0.249402216149052,0.517889038186064,0.263186533479473));
#7819=CARTESIAN_POINT('Ctrl Pts',(0.249402216149052,0.517889038186064,0.263186533479473));
#7820=CARTESIAN_POINT('Ctrl Pts',(0.257899401812963,0.523682321278514,0.254280175082396));
#7821=CARTESIAN_POINT('Ctrl Pts',(0.266665430085036,0.529658898157637,0.245));
#7822=CARTESIAN_POINT('',(0.247840825382676,0.538724349991379,0.245));
#7823=CARTESIAN_POINT('Ctrl Pts',(0.247840825382676,0.538724349991379,0.245));
#7824=CARTESIAN_POINT('Ctrl Pts',(0.248633678651631,0.528144458377902,0.254280175082402));
#7825=CARTESIAN_POINT('Ctrl Pts',(0.249402216149052,0.517889038186064,0.263186533479473));
#7826=CARTESIAN_POINT('',(0.226338320429548,0.548105797000115,0.245));
#7827=CARTESIAN_POINT('Origin',(0.,0.,0.245));
#7828=CARTESIAN_POINT('',(0.210002940678208,0.535078766351132,0.263186533479473));
#7829=CARTESIAN_POINT('Ctrl Pts',(0.210002940678208,0.535078766351132,0.263186533479473));
#7830=CARTESIAN_POINT('Ctrl Pts',(0.218043433899961,0.54149084572897,0.254280175082375));
#7831=CARTESIAN_POINT('Ctrl Pts',(0.226338320429548,0.548105797000115,0.245));
#7832=CARTESIAN_POINT('',(0.206888891075981,0.55573913552075,0.245));
#7833=CARTESIAN_POINT('Ctrl Pts',(0.206888891075981,0.55573913552075,0.245));
#7834=CARTESIAN_POINT('Ctrl Pts',(0.2084701636568,0.54524807742901,0.254280175082407));
#7835=CARTESIAN_POINT('Ctrl Pts',(0.210002940678208,0.535078766351132,0.263186533479473));
#7836=CARTESIAN_POINT('',(0.184745435074876,0.563487465893426,0.245));
#7837=CARTESIAN_POINT('Origin',(0.,0.,0.245));
#7838=CARTESIAN_POINT('',(0.169429243577994,0.549276117006677,0.263186533479473));
#7839=CARTESIAN_POINT('Ctrl Pts',(0.169429243577994,0.549276117006677,0.263186533479473));
#7840=CARTESIAN_POINT('Ctrl Pts',(0.176968078657955,0.556271133721035,0.254280175082366));
#7841=CARTESIAN_POINT('Ctrl Pts',(0.184745435074875,0.563487465893426,0.245));
#7842=CARTESIAN_POINT('',(0.164779950168467,0.569646002375578,0.245));
#7843=CARTESIAN_POINT('Ctrl Pts',(0.164779950168467,0.569646002375578,0.245));
#7844=CARTESIAN_POINT('Ctrl Pts',(0.167140798943456,0.559302448057994,0.254280175082409));
#7845=CARTESIAN_POINT('Ctrl Pts',(0.169429243577994,0.549276117006678,0.263186533479473));
#7846=CARTESIAN_POINT('',(0.142119378307563,0.575717884305735,0.245));
#7847=CARTESIAN_POINT('Origin',(0.,0.,0.245));
#7848=CARTESIAN_POINT('',(0.127908029420814,0.560401692808853,0.263186533479473));
#7849=CARTESIAN_POINT('Ctrl Pts',(0.127908029420814,0.560401692808853,0.263186533479473));
#7850=CARTESIAN_POINT('Ctrl Pts',(0.134903046135141,0.567940527888781,0.254280175082404));
#7851=CARTESIAN_POINT('Ctrl Pts',(0.142119378307563,0.575717884305735,0.245));
#7852=CARTESIAN_POINT('',(0.121749492938662,0.580367177715262,0.245));
#7853=CARTESIAN_POINT('Ctrl Pts',(0.121749492938662,0.580367177715262,0.245));
#7854=CARTESIAN_POINT('Ctrl Pts',(0.124876715083816,0.570228972523331,0.254280175082395));
#7855=CARTESIAN_POINT('Ctrl Pts',(0.127908029420814,0.560401692808853,0.263186533479473));
#7856=CARTESIAN_POINT('',(0.0986985323277842,0.584728654776163,0.245));
#7857=CARTESIAN_POINT('Origin',(0.,0.,0.245));
#7858=CARTESIAN_POINT('',(0.085671501678802,0.568393275024823,0.263186533479473));
#7859=CARTESIAN_POINT('Ctrl Pts',(0.085671501678802,0.568393275024823,0.263186533479473));
#7860=CARTESIAN_POINT('Ctrl Pts',(0.0920835810566342,0.576433768246569,
0.254280175082383));
#7861=CARTESIAN_POINT('Ctrl Pts',(0.0986985323277842,0.584728654776163,
0.245));
#7862=CARTESIAN_POINT('Ctrl Pts',(0.0780381631581664,0.58784270437839,0.245));
#7863=CARTESIAN_POINT('Ctrl Pts',(0.0819142699787398,0.577966545267953,
0.254280175082408));
#7864=CARTESIAN_POINT('Ctrl Pts',(0.085671501678802,0.568393275024823,0.263186533479473));
#7865=CARTESIAN_POINT('',(1.28738336701428E-16,0.574813466520527,0.263186533479473));
#7866=CARTESIAN_POINT('Ctrl Pts',(0.0104468674629051,0.592907971746217,
0.245));
#7867=CARTESIAN_POINT('Ctrl Pts',(0.00514208841806469,0.583719824917626,
0.254280175082374));
#7868=CARTESIAN_POINT('Ctrl Pts',(1.28738336701428E-16,0.574813466520527,
0.263186533479473));
#7869=CARTESIAN_POINT('',(-0.0104468674629051,0.592907971746217,0.245));
#7870=CARTESIAN_POINT('Ctrl Pts',(1.28738336701428E-16,0.574813466520527,
0.263186533479473));
#7871=CARTESIAN_POINT('Ctrl Pts',(-0.0051420884180426,0.583719824917588,
0.254280175082412));
#7872=CARTESIAN_POINT('Ctrl Pts',(-0.0104468674629051,0.592907971746217,
0.245));
#7873=CARTESIAN_POINT('',(-0.0338904123140743,0.592030776187507,0.245));
#7874=CARTESIAN_POINT('Origin',(0.,0.,0.245));
#7875=CARTESIAN_POINT('',(-0.0429558641478158,0.573206171485146,0.263186533479473));
#7876=CARTESIAN_POINT('Ctrl Pts',(-0.0429558641478158,0.573206171485146,
0.263186533479473));
#7877=CARTESIAN_POINT('Ctrl Pts',(-0.0384937270484229,0.582471894646475,
0.2542801750824));
#7878=CARTESIAN_POINT('Ctrl Pts',(-0.0338904123140743,0.592030776187507,
0.245));
#7879=CARTESIAN_POINT('',(-0.0547257241193892,0.590469385421131,0.245));
#7880=CARTESIAN_POINT('Ctrl Pts',(-0.0547257241193892,0.590469385421131,
0.245));
#7881=CARTESIAN_POINT('Ctrl Pts',(-0.0487491472402542,0.58170335714904,
0.254280175082415));
#7882=CARTESIAN_POINT('Ctrl Pts',(-0.0429558641478158,0.573206171485146,
0.263186533479473));
#7883=CARTESIAN_POINT('',(-0.0780381631581665,0.58784270437839,0.245));
#7884=CARTESIAN_POINT('Origin',(0.,0.,0.245));
#7885=CARTESIAN_POINT('',(-0.0856715016788017,0.568393275024823,0.263186533479473));
#7886=CARTESIAN_POINT('Ctrl Pts',(-0.0856715016788017,0.568393275024823,
0.263186533479473));
#7887=CARTESIAN_POINT('Ctrl Pts',(-0.0819142699787444,0.577966545267941,
0.25428017508242));
#7888=CARTESIAN_POINT('Ctrl Pts',(-0.0780381631581664,0.58784270437839,
0.245));
#7889=CARTESIAN_POINT('',(-0.0986985323277842,0.584728654776163,0.245));
#7890=CARTESIAN_POINT('Ctrl Pts',(-0.0986985323277842,0.584728654776163,
0.245));
#7891=CARTESIAN_POINT('Ctrl Pts',(-0.0920835810566183,0.576433768246549,
0.254280175082404));
#7892=CARTESIAN_POINT('Ctrl Pts',(-0.0856715016788017,0.568393275024823,
0.263186533479473));
#7893=CARTESIAN_POINT('',(-0.121749492938662,0.580367177715262,0.245));
#7894=CARTESIAN_POINT('Origin',(0.,0.,0.245));
#7895=CARTESIAN_POINT('',(-0.127908029420814,0.560401692808854,0.263186533479473));
#7896=CARTESIAN_POINT('Ctrl Pts',(-0.127908029420814,0.560401692808854,
0.263186533479473));
#7897=CARTESIAN_POINT('Ctrl Pts',(-0.124876715083815,0.570228972523333,
0.254280175082393));
#7898=CARTESIAN_POINT('Ctrl Pts',(-0.121749492938662,0.580367177715262,
0.245));
#7899=CARTESIAN_POINT('',(-0.142119378307562,0.575717884305735,0.245));
#7900=CARTESIAN_POINT('Ctrl Pts',(-0.142119378307563,0.575717884305735,
0.245));
#7901=CARTESIAN_POINT('Ctrl Pts',(-0.134903046135154,0.567940527888796,
0.254280175082387));
#7902=CARTESIAN_POINT('Ctrl Pts',(-0.127908029420814,0.560401692808854,
0.263186533479473));
#7903=CARTESIAN_POINT('',(-0.164779950168467,0.569646002375578,0.245));
#7904=CARTESIAN_POINT('Origin',(0.,0.,0.245));
#7905=CARTESIAN_POINT('',(-0.169429243577994,0.549276117006677,0.263186533479473));
#7906=CARTESIAN_POINT('Ctrl Pts',(-0.169429243577994,0.549276117006678,
0.263186533479473));
#7907=CARTESIAN_POINT('Ctrl Pts',(-0.167140798943453,0.559302448058005,
0.254280175082399));
#7908=CARTESIAN_POINT('Ctrl Pts',(-0.164779950168467,0.569646002375578,
0.245));
#7909=CARTESIAN_POINT('',(-0.184745435074876,0.563487465893426,0.245));
#7910=CARTESIAN_POINT('Ctrl Pts',(-0.184745435074876,0.563487465893426,
0.245));
#7911=CARTESIAN_POINT('Ctrl Pts',(-0.176968078657931,0.556271133721013,
0.254280175082393));
#7912=CARTESIAN_POINT('Ctrl Pts',(-0.169429243577994,0.549276117006677,
0.263186533479473));
#7913=CARTESIAN_POINT('',(-0.206888891075981,0.55573913552075,0.245));
#7914=CARTESIAN_POINT('Origin',(0.,0.,0.245));
#7915=CARTESIAN_POINT('',(-0.210002940678208,0.535078766351132,0.263186533479473));
#7916=CARTESIAN_POINT('Ctrl Pts',(-0.210002940678208,0.535078766351132,
0.263186533479473));
#7917=CARTESIAN_POINT('Ctrl Pts',(-0.208470163656791,0.545248077429069,
0.254280175082355));
#7918=CARTESIAN_POINT('Ctrl Pts',(-0.206888891075981,0.55573913552075,0.245));
#7919=CARTESIAN_POINT('',(-0.226338320429548,0.548105797000115,0.245));
#7920=CARTESIAN_POINT('Ctrl Pts',(-0.226338320429548,0.548105797000115,
0.245));
#7921=CARTESIAN_POINT('Ctrl Pts',(-0.21804343389994,0.541490845728954,0.254280175082398));
#7922=CARTESIAN_POINT('Ctrl Pts',(-0.210002940678208,0.535078766351132,
0.263186533479473));
#7923=CARTESIAN_POINT('',(-0.247840825382676,0.538724349991379,0.245));
#7924=CARTESIAN_POINT('Origin',(0.,0.,0.245));
#7925=CARTESIAN_POINT('',(-0.249402216149051,0.517889038186064,0.263186533479473));
#7926=CARTESIAN_POINT('Ctrl Pts',(-0.249402216149051,0.517889038186064,
0.263186533479473));
#7927=CARTESIAN_POINT('Ctrl Pts',(-0.24863367865163,0.528144458377908,0.254280175082397));
#7928=CARTESIAN_POINT('Ctrl Pts',(-0.247840825382676,0.538724349991379,
0.245));
#7929=CARTESIAN_POINT('',(-0.266665430085036,0.529658898157637,0.245));
#7930=CARTESIAN_POINT('Ctrl Pts',(-0.266665430085036,0.529658898157637,
0.245));
#7931=CARTESIAN_POINT('Ctrl Pts',(-0.25789940181295,0.523682321278506,0.25428017508241));
#7932=CARTESIAN_POINT('Ctrl Pts',(-0.249402216149051,0.517889038186064,
0.263186533479473));
#7933=CARTESIAN_POINT('',(-0.287406733260263,0.518696799369982,0.245));
#7934=CARTESIAN_POINT('Origin',(0.,0.,0.245));
#7935=CARTESIAN_POINT('',(-0.287406733260263,0.497803064444172,0.263186533479473));
#7936=CARTESIAN_POINT('Ctrl Pts',(-0.287406733260263,0.497803064444172,
0.263186533479473));
#7937=CARTESIAN_POINT('Ctrl Pts',(-0.287406733260263,0.508087241280302,
0.254280175082373));
#7938=CARTESIAN_POINT('Ctrl Pts',(-0.287406733260263,0.518696799369982,
0.245));
#7939=CARTESIAN_POINT('',(-0.305501238485953,0.508249931907077,0.245));
#7940=CARTESIAN_POINT('Ctrl Pts',(-0.305501238485953,0.508249931907077,
0.245));
#7941=CARTESIAN_POINT('Ctrl Pts',(-0.296313091657358,0.502945152862234,
0.254280175082379));
#7942=CARTESIAN_POINT('Ctrl Pts',(-0.287406733260263,0.497803064444172,
0.263186533479473));
#7943=CARTESIAN_POINT('',(-0.325365346102471,0.495768485843563,0.245));
#7944=CARTESIAN_POINT('Origin',(0.,0.,0.245));
#7945=CARTESIAN_POINT('',(-0.323803955336095,0.474933174038248,0.263186533479473));
#7946=CARTESIAN_POINT('Ctrl Pts',(-0.323803955336095,0.474933174038248,
0.263186533479473));
#7947=CARTESIAN_POINT('Ctrl Pts',(-0.324572492833516,0.485188594230091,
0.254280175082398));
#7948=CARTESIAN_POINT('Ctrl Pts',(-0.325365346102471,0.495768485843563,
0.245));
#7949=CARTESIAN_POINT('',(-0.342628560038455,0.48399862587199,0.245));
#7950=CARTESIAN_POINT('Ctrl Pts',(-0.342628560038455,0.48399862587199,0.245));
#7951=CARTESIAN_POINT('Ctrl Pts',(-0.333069678497436,0.479395311137647,
0.254280175082388));
#7952=CARTESIAN_POINT('Ctrl Pts',(-0.323803955336095,0.474933174038248,
0.263186533479473));
#7953=CARTESIAN_POINT('',(-0.361504383948842,0.470067633841948,0.245));
#7954=CARTESIAN_POINT('Origin',(0.,0.,0.245));
#7955=CARTESIAN_POINT('',(-0.358390334346615,0.449407264672331,0.263186533479473));
#7956=CARTESIAN_POINT('Ctrl Pts',(-0.358390334346615,0.449407264672331,
0.263186533479473));
#7957=CARTESIAN_POINT('Ctrl Pts',(-0.359923111368026,0.459576575750233,
0.254280175082385));
#7958=CARTESIAN_POINT('Ctrl Pts',(-0.361504383948842,0.470067633841948,
0.245));
#7959=CARTESIAN_POINT('',(-0.377839763700182,0.457040603192966,0.245));
#7960=CARTESIAN_POINT('Ctrl Pts',(-0.377839763700182,0.457040603192966,
0.245));
#7961=CARTESIAN_POINT('Ctrl Pts',(-0.367963604589734,0.453164496372388,
0.254280175082419));
#7962=CARTESIAN_POINT('Ctrl Pts',(-0.358390334346615,0.449407264672331,
0.263186533479473));
#7963=CARTESIAN_POINT('',(-0.395621742640386,0.441737972954764,0.245));
#7964=CARTESIAN_POINT('Origin',(0.,0.,0.245));
#7965=CARTESIAN_POINT('',(-0.390972449230859,0.421368087585863,0.263186533479473));
#7966=CARTESIAN_POINT('Ctrl Pts',(-0.390972449230859,0.421368087585863,
0.263186533479473));
#7967=CARTESIAN_POINT('Ctrl Pts',(-0.393260893865402,0.431394418637201,
0.254280175082391));
#7968=CARTESIAN_POINT('Ctrl Pts',(-0.395621742640386,0.441737972954764,
0.245));
#7969=CARTESIAN_POINT('',(-0.410937934137268,0.427526624068016,0.245));
#7970=CARTESIAN_POINT('Ctrl Pts',(-0.410937934137268,0.427526624068016,
0.245));
#7971=CARTESIAN_POINT('Ctrl Pts',(-0.400799728945341,0.424399401922863,
0.254280175082392));
#7972=CARTESIAN_POINT('Ctrl Pts',(-0.390972449230859,0.421368087585863,
0.263186533479473));
#7973=CARTESIAN_POINT('',(-0.427526624068016,0.410937934137268,0.245));
#7974=CARTESIAN_POINT('Origin',(0.,0.,0.245));
#7975=CARTESIAN_POINT('',(-0.421368087585863,0.390972449230859,0.263186533479473));
#7976=CARTESIAN_POINT('Ctrl Pts',(-0.421368087585863,0.390972449230859,
0.263186533479473));
#7977=CARTESIAN_POINT('Ctrl Pts',(-0.424399401922872,0.400799728945368,
0.254280175082366));
#7978=CARTESIAN_POINT('Ctrl Pts',(-0.427526624068016,0.410937934137268,
0.245));
#7979=CARTESIAN_POINT('',(-0.441737972954764,0.395621742640386,0.245));
#7980=CARTESIAN_POINT('Ctrl Pts',(-0.441737972954764,0.395621742640386,
0.245));
#7981=CARTESIAN_POINT('Ctrl Pts',(-0.431394418637201,0.393260893865402,
0.254280175082391));
#7982=CARTESIAN_POINT('Ctrl Pts',(-0.421368087585863,0.390972449230859,
0.263186533479473));
#7983=CARTESIAN_POINT('',(-0.457040603192966,0.377839763700182,0.245));
#7984=CARTESIAN_POINT('Origin',(0.,0.,0.245));
#7985=CARTESIAN_POINT('',(-0.44940726467233,0.358390334346615,0.263186533479473));
#7986=CARTESIAN_POINT('Ctrl Pts',(-0.44940726467233,0.358390334346615,0.263186533479473));
#7987=CARTESIAN_POINT('Ctrl Pts',(-0.453164496372403,0.367963604589771,
0.254280175082385));
#7988=CARTESIAN_POINT('Ctrl Pts',(-0.457040603192966,0.377839763700182,
0.245));
#7989=CARTESIAN_POINT('',(-0.470067633841948,0.361504383948842,0.245));
#7990=CARTESIAN_POINT('Ctrl Pts',(-0.470067633841948,0.361504383948842,
0.245));
#7991=CARTESIAN_POINT('Ctrl Pts',(-0.459576575750214,0.359923111368023,
0.254280175082402));
#7992=CARTESIAN_POINT('Ctrl Pts',(-0.44940726467233,0.358390334346615,0.263186533479473));
#7993=CARTESIAN_POINT('',(-0.48399862587199,0.342628560038455,0.245));
#7994=CARTESIAN_POINT('Origin',(0.,0.,0.245));
#7995=CARTESIAN_POINT('',(-0.474933174038248,0.323803955336095,0.263186533479473));
#7996=CARTESIAN_POINT('Ctrl Pts',(-0.474933174038248,0.323803955336095,
0.263186533479473));
#7997=CARTESIAN_POINT('Ctrl Pts',(-0.479395311137651,0.333069678497444,
0.254280175082381));
#7998=CARTESIAN_POINT('Ctrl Pts',(-0.48399862587199,0.342628560038455,0.245));
#7999=CARTESIAN_POINT('',(-0.495768485843563,0.325365346102471,0.245));
#8000=CARTESIAN_POINT('Ctrl Pts',(-0.495768485843563,0.325365346102471,
0.245));
#8001=CARTESIAN_POINT('Ctrl Pts',(-0.485188594230075,0.324572492833515,
0.254280175082412));
#8002=CARTESIAN_POINT('Ctrl Pts',(-0.474933174038248,0.323803955336095,
0.263186533479473));
#8003=CARTESIAN_POINT('',(-0.508249931907077,0.305501238485953,0.245));
#8004=CARTESIAN_POINT('Origin',(0.,0.,0.245));
#8005=CARTESIAN_POINT('',(-0.497803064444172,0.287406733260263,0.263186533479473));
#8006=CARTESIAN_POINT('Ctrl Pts',(-0.497803064444172,0.287406733260263,
0.263186533479473));
#8007=CARTESIAN_POINT('Ctrl Pts',(-0.502945152862247,0.29631309165738,0.254280175082357));
#8008=CARTESIAN_POINT('Ctrl Pts',(-0.508249931907077,0.305501238485953,
0.245));
#8009=CARTESIAN_POINT('',(-0.518696799369982,0.287406733260263,0.245));
#8010=CARTESIAN_POINT('Ctrl Pts',(-0.518696799369982,0.287406733260263,
0.245));
#8011=CARTESIAN_POINT('Ctrl Pts',(-0.508087241280296,0.287406733260263,
0.254280175082379));
#8012=CARTESIAN_POINT('Ctrl Pts',(-0.497803064444172,0.287406733260263,
0.263186533479473));
#8013=CARTESIAN_POINT('',(-0.529658898157637,0.266665430085036,0.245));
#8014=CARTESIAN_POINT('Origin',(0.,0.,0.245));
#8015=CARTESIAN_POINT('',(-0.517889038186064,0.249402216149052,0.263186533479473));
#8016=CARTESIAN_POINT('Ctrl Pts',(-0.517889038186064,0.249402216149052,
0.263186533479473));
#8017=CARTESIAN_POINT('Ctrl Pts',(-0.523682321278538,0.257899401812997,
0.25428017508236));
#8018=CARTESIAN_POINT('Ctrl Pts',(-0.529658898157637,0.266665430085036,
0.245));
#8019=CARTESIAN_POINT('',(-0.538724349991379,0.247840825382676,0.245));
#8020=CARTESIAN_POINT('Ctrl Pts',(-0.538724349991379,0.247840825382676,
0.245));
#8021=CARTESIAN_POINT('Ctrl Pts',(-0.528144458377917,0.24863367865163,0.254280175082389));
#8022=CARTESIAN_POINT('Ctrl Pts',(-0.517889038186064,0.249402216149052,
0.263186533479473));
#8023=CARTESIAN_POINT('',(-0.548105797000115,0.226338320429548,0.245));
#8024=CARTESIAN_POINT('Origin',(0.,0.,0.245));
#8025=CARTESIAN_POINT('',(-0.535078766351132,0.210002940678208,0.263186533479473));
#8026=CARTESIAN_POINT('Ctrl Pts',(-0.535078766351132,0.210002940678208,
0.263186533479473));
#8027=CARTESIAN_POINT('Ctrl Pts',(-0.541490845728973,0.218043433899965,
0.254280175082371));
#8028=CARTESIAN_POINT('Ctrl Pts',(-0.548105797000115,0.226338320429548,
0.245));
#8029=CARTESIAN_POINT('',(-0.55573913552075,0.206888891075981,0.245));
#8030=CARTESIAN_POINT('Ctrl Pts',(-0.55573913552075,0.206888891075981,0.245));
#8031=CARTESIAN_POINT('Ctrl Pts',(-0.545248077429034,0.208470163656797,
0.254280175082386));
#8032=CARTESIAN_POINT('Ctrl Pts',(-0.535078766351132,0.210002940678208,
0.263186533479473));
#8033=CARTESIAN_POINT('',(-0.563487465893426,0.184745435074876,0.245));
#8034=CARTESIAN_POINT('Origin',(0.,0.,0.245));
#8035=CARTESIAN_POINT('',(-0.549276117006677,0.169429243577994,0.263186533479473));
#8036=CARTESIAN_POINT('Ctrl Pts',(-0.549276117006677,0.169429243577994,
0.263186533479473));
#8037=CARTESIAN_POINT('Ctrl Pts',(-0.556271133721017,0.176968078657936,
0.254280175082388));
#8038=CARTESIAN_POINT('Ctrl Pts',(-0.563487465893426,0.184745435074876,
0.245));
#8039=CARTESIAN_POINT('',(-0.569646002375578,0.164779950168467,0.245));
#8040=CARTESIAN_POINT('Ctrl Pts',(-0.569646002375578,0.164779950168467,
0.245));
#8041=CARTESIAN_POINT('Ctrl Pts',(-0.559302448058025,0.167140798943449,
0.254280175082382));
#8042=CARTESIAN_POINT('Ctrl Pts',(-0.549276117006677,0.169429243577994,
0.263186533479473));
#8043=CARTESIAN_POINT('',(-0.575717884305735,0.142119378307562,0.245));
#8044=CARTESIAN_POINT('Origin',(0.,0.,0.245));
#8045=CARTESIAN_POINT('',(-0.560401692808854,0.127908029420814,0.263186533479473));
#8046=CARTESIAN_POINT('Ctrl Pts',(-0.560401692808854,0.127908029420814,
0.263186533479473));
#8047=CARTESIAN_POINT('Ctrl Pts',(-0.567940527888796,0.134903046135154,
0.254280175082387));
#8048=CARTESIAN_POINT('Ctrl Pts',(-0.575717884305735,0.142119378307563,
0.245));
#8049=CARTESIAN_POINT('',(-0.580367177715262,0.121749492938662,0.245));
#8050=CARTESIAN_POINT('Ctrl Pts',(-0.580367177715262,0.121749492938662,
0.245));
#8051=CARTESIAN_POINT('Ctrl Pts',(-0.570228972523332,0.124876715083815,
0.254280175082395));
#8052=CARTESIAN_POINT('Ctrl Pts',(-0.560401692808854,0.127908029420814,
0.263186533479473));
#8053=CARTESIAN_POINT('',(-0.584728654776163,0.0986985323277842,0.245));
#8054=CARTESIAN_POINT('Origin',(0.,0.,0.245));
#8055=CARTESIAN_POINT('',(-0.568393275024823,0.085671501678802,0.263186533479473));
#8056=CARTESIAN_POINT('Ctrl Pts',(-0.568393275024823,0.085671501678802,
0.263186533479473));
#8057=CARTESIAN_POINT('Ctrl Pts',(-0.576433768246569,0.0920835810566343,
0.254280175082382));
#8058=CARTESIAN_POINT('Ctrl Pts',(-0.584728654776163,0.0986985323277842,
0.245));
#8059=CARTESIAN_POINT('',(-0.58784270437839,0.0780381631581665,0.245));
#8060=CARTESIAN_POINT('Ctrl Pts',(-0.58784270437839,0.0780381631581664,
0.245));
#8061=CARTESIAN_POINT('Ctrl Pts',(-0.577966545267953,0.0819142699787398,
0.254280175082408));
#8062=CARTESIAN_POINT('Ctrl Pts',(-0.568393275024823,0.085671501678802,
0.263186533479473));
#8063=CARTESIAN_POINT('',(-0.590469385421131,0.0547257241193892,0.245));
#8064=CARTESIAN_POINT('Origin',(0.,0.,0.245));
#8065=CARTESIAN_POINT('',(-0.573206171485146,0.042955864147816,0.263186533479473));
#8066=CARTESIAN_POINT('Ctrl Pts',(-0.573206171485146,0.042955864147816,
0.263186533479473));
#8067=CARTESIAN_POINT('Ctrl Pts',(-0.581703357149037,0.0487491472402522,
0.254280175082418));
#8068=CARTESIAN_POINT('Ctrl Pts',(-0.590469385421131,0.0547257241193892,
0.245));
#8069=CARTESIAN_POINT('',(-0.592030776187507,0.0338904123140742,0.245));
#8070=CARTESIAN_POINT('Ctrl Pts',(-0.592030776187507,0.0338904123140743,
0.245));
#8071=CARTESIAN_POINT('Ctrl Pts',(-0.582471894646475,0.038493727048423,
0.2542801750824));
#8072=CARTESIAN_POINT('Ctrl Pts',(-0.573206171485146,0.042955864147816,
0.263186533479473));
#8073=CARTESIAN_POINT('',(-0.592907971746217,0.0104468674629051,0.245));
#8074=CARTESIAN_POINT('Origin',(0.,0.,0.245));
#8075=CARTESIAN_POINT('Ctrl Pts',(-0.574813466520527,1.63935510295486E-16,
0.263186533479473));
#8076=CARTESIAN_POINT('Ctrl Pts',(-0.583719824917625,0.00514208841806389,
0.254280175082375));
#8077=CARTESIAN_POINT('Ctrl Pts',(-0.592907971746217,0.0104468674629052,
0.245));
#8078=CARTESIAN_POINT('Origin',(0.085671501678802,0.568393275024823,0.275));
#8079=CARTESIAN_POINT('',(0.085671501678802,0.568393275024823,0.0118134665205267));
#8080=CARTESIAN_POINT('',(0.085671501678802,0.568393275024823,0.275));
#8081=CARTESIAN_POINT('Ctrl Pts',(0.085671501678802,0.568393275024823,0.0118134665205267));
#8082=CARTESIAN_POINT('Ctrl Pts',(0.0819142699787453,0.577966545267939,
0.0207198249175788));
#8083=CARTESIAN_POINT('Ctrl Pts',(0.0780381631581665,0.58784270437839,0.03));
#8084=CARTESIAN_POINT('Origin',(0.0986985323277842,0.584728654776163,0.275));
#8085=CARTESIAN_POINT('',(0.0986985323277842,0.584728654776163,0.03));
#8086=CARTESIAN_POINT('',(0.0986985323277841,0.584728654776163,0.));
#8087=CARTESIAN_POINT('Ctrl Pts',(0.0986985323277841,0.584728654776163,
0.0299999999999999));
#8088=CARTESIAN_POINT('Ctrl Pts',(0.0920835810566265,0.57643376824656,0.0207198249176068));
#8089=CARTESIAN_POINT('Ctrl Pts',(0.085671501678802,0.568393275024823,0.0118134665205267));
#8090=CARTESIAN_POINT('Origin',(0.,0.,0.));
#8091=CARTESIAN_POINT('',(0.121749492938662,0.580367177715262,0.03));
#8092=CARTESIAN_POINT('',(0.121749492938662,0.580367177715262,0.));
#8093=CARTESIAN_POINT('Origin',(0.,0.,0.03));
#8094=CARTESIAN_POINT('Origin',(0.127908029420814,0.560401692808853,0.275));
#8095=CARTESIAN_POINT('',(0.127908029420814,0.560401692808853,0.0118134665205267));
#8096=CARTESIAN_POINT('',(0.127908029420814,0.560401692808853,0.275));
#8097=CARTESIAN_POINT('Ctrl Pts',(0.127908029420814,0.560401692808853,0.0118134665205267));
#8098=CARTESIAN_POINT('Ctrl Pts',(0.124876715083808,0.570228972523356,0.0207198249176272));
#8099=CARTESIAN_POINT('Ctrl Pts',(0.121749492938662,0.580367177715262,0.03));
#8100=CARTESIAN_POINT('Origin',(0.142119378307563,0.575717884305735,0.275));
#8101=CARTESIAN_POINT('',(0.142119378307563,0.575717884305735,0.03));
#8102=CARTESIAN_POINT('',(0.142119378307563,0.575717884305735,0.));
#8103=CARTESIAN_POINT('Ctrl Pts',(0.142119378307563,0.575717884305735,0.03));
#8104=CARTESIAN_POINT('Ctrl Pts',(0.134903046135142,0.567940527888783,0.0207198249175972));
#8105=CARTESIAN_POINT('Ctrl Pts',(0.127908029420814,0.560401692808853,0.0118134665205267));
#8106=CARTESIAN_POINT('Origin',(0.,0.,0.));
#8107=CARTESIAN_POINT('',(0.164779950168467,0.569646002375578,0.03));
#8108=CARTESIAN_POINT('',(0.164779950168467,0.569646002375578,0.));
#8109=CARTESIAN_POINT('Origin',(0.,0.,0.03));
#8110=CARTESIAN_POINT('Origin',(0.169429243577994,0.549276117006677,0.275));
#8111=CARTESIAN_POINT('',(0.169429243577994,0.549276117006677,0.0118134665205267));
#8112=CARTESIAN_POINT('',(0.169429243577994,0.549276117006677,0.275));
#8113=CARTESIAN_POINT('Ctrl Pts',(0.169429243577994,0.549276117006677,0.0118134665205267));
#8114=CARTESIAN_POINT('Ctrl Pts',(0.167140798943452,0.559302448058012,0.0207198249176068));
#8115=CARTESIAN_POINT('Ctrl Pts',(0.164779950168467,0.569646002375578,0.03));
#8116=CARTESIAN_POINT('Origin',(0.184745435074876,0.563487465893426,0.275));
#8117=CARTESIAN_POINT('',(0.184745435074876,0.563487465893426,0.03));
#8118=CARTESIAN_POINT('',(0.184745435074875,0.563487465893426,0.));
#8119=CARTESIAN_POINT('Ctrl Pts',(0.184745435074875,0.563487465893426,0.03));
#8120=CARTESIAN_POINT('Ctrl Pts',(0.176968078657938,0.556271133721019,0.0207198249176141));
#8121=CARTESIAN_POINT('Ctrl Pts',(0.169429243577994,0.549276117006677,0.0118134665205267));
#8122=CARTESIAN_POINT('Origin',(0.,0.,0.));
#8123=CARTESIAN_POINT('',(0.206888891075981,0.55573913552075,0.03));
#8124=CARTESIAN_POINT('',(0.206888891075981,0.55573913552075,0.));
#8125=CARTESIAN_POINT('Origin',(0.,0.,0.03));
#8126=CARTESIAN_POINT('Origin',(0.210002940678208,0.535078766351132,0.275));
#8127=CARTESIAN_POINT('',(0.210002940678208,0.535078766351132,0.0118134665205267));
#8128=CARTESIAN_POINT('',(0.210002940678208,0.535078766351132,0.275));
#8129=CARTESIAN_POINT('Ctrl Pts',(0.210002940678208,0.535078766351132,0.0118134665205267));
#8130=CARTESIAN_POINT('Ctrl Pts',(0.208470163656807,0.545248077428964,0.0207198249175536));
#8131=CARTESIAN_POINT('Ctrl Pts',(0.206888891075981,0.55573913552075,0.03));
#8132=CARTESIAN_POINT('Origin',(0.226338320429548,0.548105797000115,0.275));
#8133=CARTESIAN_POINT('',(0.226338320429548,0.548105797000115,0.03));
#8134=CARTESIAN_POINT('',(0.226338320429548,0.548105797000115,0.));
#8135=CARTESIAN_POINT('Ctrl Pts',(0.226338320429548,0.548105797000115,0.03));
#8136=CARTESIAN_POINT('Ctrl Pts',(0.218043433899932,0.541490845728946,0.0207198249175924));
#8137=CARTESIAN_POINT('Ctrl Pts',(0.210002940678208,0.535078766351132,0.0118134665205267));
#8138=CARTESIAN_POINT('Origin',(0.,0.,0.));
#8139=CARTESIAN_POINT('',(0.247840825382676,0.538724349991379,0.03));
#8140=CARTESIAN_POINT('',(0.247840825382676,0.538724349991379,0.));
#8141=CARTESIAN_POINT('Origin',(0.,0.,0.03));
#8142=CARTESIAN_POINT('Origin',(0.249402216149052,0.517889038186064,0.275));
#8143=CARTESIAN_POINT('',(0.249402216149052,0.517889038186064,0.0118134665205267));
#8144=CARTESIAN_POINT('',(0.249402216149052,0.517889038186064,0.275));
#8145=CARTESIAN_POINT('Ctrl Pts',(0.249402216149052,0.517889038186064,0.0118134665205267));
#8146=CARTESIAN_POINT('Ctrl Pts',(0.24863367865163,0.528144458377911,0.0207198249176056));
#8147=CARTESIAN_POINT('Ctrl Pts',(0.247840825382676,0.538724349991379,0.03));
#8148=CARTESIAN_POINT('Origin',(0.266665430085036,0.529658898157637,0.275));
#8149=CARTESIAN_POINT('',(0.266665430085036,0.529658898157637,0.03));
#8150=CARTESIAN_POINT('',(0.266665430085036,0.529658898157637,0.));
#8151=CARTESIAN_POINT('Ctrl Pts',(0.266665430085036,0.529658898157637,0.03));
#8152=CARTESIAN_POINT('Ctrl Pts',(0.257899401812984,0.523682321278529,0.0207198249176263));
#8153=CARTESIAN_POINT('Ctrl Pts',(0.249402216149052,0.517889038186064,0.0118134665205267));
#8154=CARTESIAN_POINT('Origin',(0.,0.,0.));
#8155=CARTESIAN_POINT('',(0.287406733260263,0.518696799369982,0.03));
#8156=CARTESIAN_POINT('',(0.287406733260263,0.518696799369982,0.));
#8157=CARTESIAN_POINT('Origin',(0.,0.,0.03));
#8158=CARTESIAN_POINT('Origin',(0.287406733260263,0.497803064444172,0.275));
#8159=CARTESIAN_POINT('',(0.287406733260263,0.497803064444172,0.0118134665205267));
#8160=CARTESIAN_POINT('',(0.287406733260263,0.497803064444172,0.275));
#8161=CARTESIAN_POINT('Ctrl Pts',(0.287406733260263,0.497803064444172,0.0118134665205267));
#8162=CARTESIAN_POINT('Ctrl Pts',(0.287406733260263,0.508087241280284,0.0207198249176115));
#8163=CARTESIAN_POINT('Ctrl Pts',(0.287406733260263,0.518696799369982,0.03));
#8164=CARTESIAN_POINT('Origin',(0.305501238485953,0.508249931907077,0.275));
#8165=CARTESIAN_POINT('',(0.305501238485953,0.508249931907077,0.03));
#8166=CARTESIAN_POINT('',(0.305501238485953,0.508249931907077,0.));
#8167=CARTESIAN_POINT('Ctrl Pts',(0.305501238485953,0.508249931907077,0.03));
#8168=CARTESIAN_POINT('Ctrl Pts',(0.296313091657337,0.502945152862222,0.0207198249176002));
#8169=CARTESIAN_POINT('Ctrl Pts',(0.287406733260263,0.497803064444172,0.0118134665205267));
#8170=CARTESIAN_POINT('Origin',(0.,0.,0.));
#8171=CARTESIAN_POINT('',(0.325365346102471,0.495768485843563,0.03));
#8172=CARTESIAN_POINT('',(0.325365346102471,0.495768485843563,0.));
#8173=CARTESIAN_POINT('Origin',(0.,0.,0.03));
#8174=CARTESIAN_POINT('Origin',(0.323803955336095,0.474933174038248,0.275));
#8175=CARTESIAN_POINT('',(0.323803955336095,0.474933174038248,0.0118134665205267));
#8176=CARTESIAN_POINT('',(0.323803955336095,0.474933174038248,0.275));
#8177=CARTESIAN_POINT('Ctrl Pts',(0.323803955336095,0.474933174038248,0.0118134665205267));
#8178=CARTESIAN_POINT('Ctrl Pts',(0.324572492833516,0.485188594230086,0.0207198249175976));
#8179=CARTESIAN_POINT('Ctrl Pts',(0.325365346102471,0.495768485843563,0.03));
#8180=CARTESIAN_POINT('Origin',(0.342628560038455,0.48399862587199,0.275));
#8181=CARTESIAN_POINT('',(0.342628560038455,0.48399862587199,0.03));
#8182=CARTESIAN_POINT('',(0.342628560038455,0.48399862587199,0.));
#8183=CARTESIAN_POINT('Ctrl Pts',(0.342628560038455,0.48399862587199,0.03));
#8184=CARTESIAN_POINT('Ctrl Pts',(0.333069678497431,0.479395311137644,0.0207198249176068));
#8185=CARTESIAN_POINT('Ctrl Pts',(0.323803955336095,0.474933174038248,0.0118134665205267));
#8186=CARTESIAN_POINT('Origin',(0.,0.,0.));
#8187=CARTESIAN_POINT('',(0.361504383948842,0.470067633841948,0.03));
#8188=CARTESIAN_POINT('',(0.361504383948842,0.470067633841948,0.));
#8189=CARTESIAN_POINT('Origin',(0.,0.,0.03));
#8190=CARTESIAN_POINT('Origin',(0.358390334346615,0.44940726467233,0.275));
#8191=CARTESIAN_POINT('',(0.358390334346615,0.44940726467233,0.0118134665205267));
#8192=CARTESIAN_POINT('',(0.358390334346615,0.44940726467233,0.275));
#8193=CARTESIAN_POINT('Ctrl Pts',(0.358390334346615,0.44940726467233,0.0118134665205267));
#8194=CARTESIAN_POINT('Ctrl Pts',(0.359923111368023,0.459576575750211,0.0207198249175961));
#8195=CARTESIAN_POINT('Ctrl Pts',(0.361504383948842,0.470067633841948,0.03));
#8196=CARTESIAN_POINT('Origin',(0.377839763700182,0.457040603192966,0.275));
#8197=CARTESIAN_POINT('',(0.377839763700182,0.457040603192966,0.03));
#8198=CARTESIAN_POINT('',(0.377839763700182,0.457040603192966,0.));
#8199=CARTESIAN_POINT('Ctrl Pts',(0.377839763700182,0.457040603192966,0.03));
#8200=CARTESIAN_POINT('Ctrl Pts',(0.367963604589766,0.453164496372401,0.020719824917611));
#8201=CARTESIAN_POINT('Ctrl Pts',(0.358390334346615,0.44940726467233,0.0118134665205267));
#8202=CARTESIAN_POINT('Origin',(0.,0.,0.));
#8203=CARTESIAN_POINT('',(0.395621742640386,0.441737972954764,0.03));
#8204=CARTESIAN_POINT('',(0.395621742640386,0.441737972954764,0.));
#8205=CARTESIAN_POINT('Origin',(0.,0.,0.03));
#8206=CARTESIAN_POINT('Origin',(0.390972449230859,0.421368087585863,0.275));
#8207=CARTESIAN_POINT('',(0.390972449230859,0.421368087585863,0.0118134665205267));
#8208=CARTESIAN_POINT('',(0.390972449230859,0.421368087585863,0.275));
#8209=CARTESIAN_POINT('Ctrl Pts',(0.390972449230859,0.421368087585863,0.0118134665205267));
#8210=CARTESIAN_POINT('Ctrl Pts',(0.393260893865404,0.431394418637207,0.0207198249176147));
#8211=CARTESIAN_POINT('Ctrl Pts',(0.395621742640386,0.441737972954764,0.03));
#8212=CARTESIAN_POINT('Origin',(0.410937934137268,0.427526624068016,0.275));
#8213=CARTESIAN_POINT('',(0.410937934137268,0.427526624068016,0.03));
#8214=CARTESIAN_POINT('',(0.410937934137268,0.427526624068016,0.));
#8215=CARTESIAN_POINT('Ctrl Pts',(0.410937934137268,0.427526624068016,0.03));
#8216=CARTESIAN_POINT('Ctrl Pts',(0.400799728945346,0.424399401922865,0.0207198249176131));
#8217=CARTESIAN_POINT('Ctrl Pts',(0.390972449230859,0.421368087585863,0.0118134665205267));
#8218=CARTESIAN_POINT('Origin',(0.,0.,0.));
#8219=CARTESIAN_POINT('',(0.427526624068016,0.410937934137268,0.03));
#8220=CARTESIAN_POINT('',(0.427526624068016,0.410937934137268,0.));
#8221=CARTESIAN_POINT('Origin',(0.,0.,0.03));
#8222=CARTESIAN_POINT('Origin',(0.421368087585863,0.390972449230859,0.275));
#8223=CARTESIAN_POINT('',(0.421368087585863,0.390972449230859,0.0118134665205267));
#8224=CARTESIAN_POINT('',(0.421368087585863,0.390972449230859,0.275));
#8225=CARTESIAN_POINT('Ctrl Pts',(0.421368087585863,0.390972449230859,0.0118134665205267));
#8226=CARTESIAN_POINT('Ctrl Pts',(0.424399401922854,0.400799728945311,0.020719824917582));
#8227=CARTESIAN_POINT('Ctrl Pts',(0.427526624068016,0.410937934137268,0.03));
#8228=CARTESIAN_POINT('Origin',(0.441737972954764,0.395621742640386,0.275));
#8229=CARTESIAN_POINT('',(0.441737972954764,0.395621742640386,0.03));
#8230=CARTESIAN_POINT('',(0.441737972954764,0.395621742640386,0.));
#8231=CARTESIAN_POINT('Ctrl Pts',(0.441737972954764,0.395621742640386,0.03));
#8232=CARTESIAN_POINT('Ctrl Pts',(0.431394418637179,0.393260893865397,0.0207198249175901));
#8233=CARTESIAN_POINT('Ctrl Pts',(0.421368087585863,0.390972449230859,0.0118134665205267));
#8234=CARTESIAN_POINT('Origin',(0.,0.,0.));
#8235=CARTESIAN_POINT('',(0.457040603192966,0.377839763700182,0.03));
#8236=CARTESIAN_POINT('',(0.457040603192966,0.377839763700182,0.));
#8237=CARTESIAN_POINT('Origin',(0.,0.,0.03));
#8238=CARTESIAN_POINT('Origin',(0.449407264672331,0.358390334346615,0.275));
#8239=CARTESIAN_POINT('',(0.449407264672331,0.358390334346615,0.0118134665205267));
#8240=CARTESIAN_POINT('',(0.449407264672331,0.358390334346615,0.275));
#8241=CARTESIAN_POINT('Ctrl Pts',(0.449407264672331,0.358390334346615,0.0118134665205267));
#8242=CARTESIAN_POINT('Ctrl Pts',(0.453164496372409,0.367963604589786,0.0207198249176296));
#8243=CARTESIAN_POINT('Ctrl Pts',(0.457040603192966,0.377839763700182,0.03));
#8244=CARTESIAN_POINT('Origin',(0.470067633841948,0.361504383948842,0.275));
#8245=CARTESIAN_POINT('',(0.470067633841948,0.361504383948842,0.03));
#8246=CARTESIAN_POINT('',(0.470067633841948,0.361504383948842,0.));
#8247=CARTESIAN_POINT('Ctrl Pts',(0.470067633841948,0.361504383948842,0.03));
#8248=CARTESIAN_POINT('Ctrl Pts',(0.459576575750234,0.359923111368026,0.0207198249176158));
#8249=CARTESIAN_POINT('Ctrl Pts',(0.449407264672331,0.358390334346615,0.0118134665205267));
#8250=CARTESIAN_POINT('Origin',(0.,0.,0.));
#8251=CARTESIAN_POINT('',(0.48399862587199,0.342628560038456,0.03));
#8252=CARTESIAN_POINT('',(0.48399862587199,0.342628560038456,0.));
#8253=CARTESIAN_POINT('Origin',(0.,0.,0.03));
#8254=CARTESIAN_POINT('Origin',(0.474933174038248,0.323803955336095,0.275));
#8255=CARTESIAN_POINT('',(0.474933174038248,0.323803955336095,0.0118134665205267));
#8256=CARTESIAN_POINT('',(0.474933174038248,0.323803955336095,0.275));
#8257=CARTESIAN_POINT('Ctrl Pts',(0.474933174038248,0.323803955336095,0.0118134665205267));
#8258=CARTESIAN_POINT('Ctrl Pts',(0.479395311137644,0.333069678497429,0.0207198249176051));
#8259=CARTESIAN_POINT('Ctrl Pts',(0.48399862587199,0.342628560038456,0.03));
#8260=CARTESIAN_POINT('Origin',(0.495768485843563,0.325365346102471,0.275));
#8261=CARTESIAN_POINT('',(0.495768485843563,0.325365346102471,0.03));
#8262=CARTESIAN_POINT('',(0.495768485843563,0.325365346102471,0.));
#8263=CARTESIAN_POINT('Ctrl Pts',(0.495768485843563,0.325365346102471,0.03));
#8264=CARTESIAN_POINT('Ctrl Pts',(0.485188594230118,0.324572492833518,0.020719824917625));
#8265=CARTESIAN_POINT('Ctrl Pts',(0.474933174038248,0.323803955336095,0.0118134665205267));
#8266=CARTESIAN_POINT('Origin',(0.,0.,0.));
#8267=CARTESIAN_POINT('',(0.508249931907077,0.305501238485953,0.03));
#8268=CARTESIAN_POINT('',(0.508249931907077,0.305501238485953,0.));
#8269=CARTESIAN_POINT('Origin',(0.,0.,0.03));
#8270=CARTESIAN_POINT('Origin',(0.497803064444172,0.287406733260263,0.275));
#8271=CARTESIAN_POINT('',(0.497803064444172,0.287406733260263,0.0118134665205267));
#8272=CARTESIAN_POINT('',(0.497803064444172,0.287406733260263,0.275));
#8273=CARTESIAN_POINT('Ctrl Pts',(0.497803064444172,0.287406733260263,0.0118134665205267));
#8274=CARTESIAN_POINT('Ctrl Pts',(0.50294515286221,0.296313091657316,0.0207198249175793));
#8275=CARTESIAN_POINT('Ctrl Pts',(0.508249931907077,0.305501238485953,0.03));
#8276=CARTESIAN_POINT('Origin',(0.518696799369982,0.287406733260263,0.275));
#8277=CARTESIAN_POINT('',(0.518696799369982,0.287406733260263,0.03));
#8278=CARTESIAN_POINT('',(0.518696799369982,0.287406733260263,0.));
#8279=CARTESIAN_POINT('Ctrl Pts',(0.518696799369982,0.287406733260263,0.03));
#8280=CARTESIAN_POINT('Ctrl Pts',(0.508087241280308,0.287406733260263,0.0207198249176319));
#8281=CARTESIAN_POINT('Ctrl Pts',(0.497803064444172,0.287406733260263,0.0118134665205267));
#8282=CARTESIAN_POINT('Origin',(0.,0.,0.));
#8283=CARTESIAN_POINT('',(0.529658898157637,0.266665430085036,0.03));
#8284=CARTESIAN_POINT('',(0.529658898157637,0.266665430085036,0.));
#8285=CARTESIAN_POINT('Origin',(0.,0.,0.03));
#8286=CARTESIAN_POINT('Origin',(0.517889038186064,0.249402216149051,0.275));
#8287=CARTESIAN_POINT('',(0.517889038186064,0.249402216149051,0.0118134665205267));
#8288=CARTESIAN_POINT('',(0.517889038186064,0.249402216149051,0.275));
#8289=CARTESIAN_POINT('Ctrl Pts',(0.517889038186064,0.249402216149051,0.0118134665205267));
#8290=CARTESIAN_POINT('Ctrl Pts',(0.523682321278517,0.257899401812967,0.0207198249176082));
#8291=CARTESIAN_POINT('Ctrl Pts',(0.529658898157637,0.266665430085036,0.03));
#8292=CARTESIAN_POINT('Origin',(0.538724349991379,0.247840825382676,0.275));
#8293=CARTESIAN_POINT('',(0.538724349991379,0.247840825382676,0.03));
#8294=CARTESIAN_POINT('',(0.538724349991379,0.247840825382675,0.));
#8295=CARTESIAN_POINT('Ctrl Pts',(0.538724349991379,0.247840825382676,0.0299999999999999));
#8296=CARTESIAN_POINT('Ctrl Pts',(0.528144458377913,0.24863367865163,0.0207198249176067));
#8297=CARTESIAN_POINT('Ctrl Pts',(0.517889038186064,0.249402216149051,0.0118134665205267));
#8298=CARTESIAN_POINT('Origin',(0.,0.,0.));
#8299=CARTESIAN_POINT('',(0.548105797000115,0.226338320429548,0.03));
#8300=CARTESIAN_POINT('',(0.548105797000115,0.226338320429548,0.));
#8301=CARTESIAN_POINT('Origin',(0.,0.,0.03));
#8302=CARTESIAN_POINT('Origin',(0.535078766351132,0.210002940678208,0.275));
#8303=CARTESIAN_POINT('',(0.535078766351132,0.210002940678208,0.0118134665205267));
#8304=CARTESIAN_POINT('',(0.535078766351132,0.210002940678208,0.275));
#8305=CARTESIAN_POINT('Ctrl Pts',(0.535078766351132,0.210002940678208,0.0118134665205267));
#8306=CARTESIAN_POINT('Ctrl Pts',(0.541490845728945,0.21804343389993,0.0207198249175901));
#8307=CARTESIAN_POINT('Ctrl Pts',(0.548105797000115,0.226338320429548,0.03));
#8308=CARTESIAN_POINT('Origin',(0.55573913552075,0.206888891075981,0.275));
#8309=CARTESIAN_POINT('',(0.55573913552075,0.206888891075981,0.03));
#8310=CARTESIAN_POINT('',(0.55573913552075,0.206888891075981,0.));
#8311=CARTESIAN_POINT('Ctrl Pts',(0.55573913552075,0.206888891075981,0.03));
#8312=CARTESIAN_POINT('Ctrl Pts',(0.545248077429017,0.208470163656799,0.0207198249175996));
#8313=CARTESIAN_POINT('Ctrl Pts',(0.535078766351132,0.210002940678208,0.0118134665205267));
#8314=CARTESIAN_POINT('Origin',(0.,0.,0.));
#8315=CARTESIAN_POINT('',(0.563487465893426,0.184745435074876,0.03));
#8316=CARTESIAN_POINT('',(0.563487465893426,0.184745435074876,0.));
#8317=CARTESIAN_POINT('Origin',(0.,0.,0.03));
#8318=CARTESIAN_POINT('Origin',(0.549276117006677,0.169429243577994,0.275));
#8319=CARTESIAN_POINT('',(0.549276117006677,0.169429243577994,0.0118134665205267));
#8320=CARTESIAN_POINT('',(0.549276117006677,0.169429243577994,0.275));
#8321=CARTESIAN_POINT('Ctrl Pts',(0.549276117006677,0.169429243577994,0.0118134665205267));
#8322=CARTESIAN_POINT('Ctrl Pts',(0.556271133720996,0.176968078657914,0.0207198249175862));
#8323=CARTESIAN_POINT('Ctrl Pts',(0.563487465893426,0.184745435074876,0.03));
#8324=CARTESIAN_POINT('Origin',(0.569646002375578,0.164779950168467,0.275));
#8325=CARTESIAN_POINT('',(0.569646002375578,0.164779950168467,0.03));
#8326=CARTESIAN_POINT('',(0.569646002375578,0.164779950168467,0.));
#8327=CARTESIAN_POINT('Ctrl Pts',(0.569646002375578,0.164779950168467,0.03));
#8328=CARTESIAN_POINT('Ctrl Pts',(0.559302448057989,0.167140798943457,0.0207198249175862));
#8329=CARTESIAN_POINT('Ctrl Pts',(0.549276117006677,0.169429243577994,0.0118134665205267));
#8330=CARTESIAN_POINT('Origin',(0.,0.,0.));
#8331=CARTESIAN_POINT('',(0.575717884305735,0.142119378307562,0.03));
#8332=CARTESIAN_POINT('',(0.575717884305735,0.142119378307562,0.));
#8333=CARTESIAN_POINT('Origin',(0.,0.,0.03));
#8334=CARTESIAN_POINT('Origin',(0.560401692808854,0.127908029420814,0.275));
#8335=CARTESIAN_POINT('',(0.560401692808854,0.127908029420814,0.0118134665205267));
#8336=CARTESIAN_POINT('',(0.560401692808854,0.127908029420814,0.275));
#8337=CARTESIAN_POINT('Ctrl Pts',(0.560401692808854,0.127908029420814,0.0118134665205267));
#8338=CARTESIAN_POINT('Ctrl Pts',(0.567940527888787,0.134903046135146,0.0207198249176022));
#8339=CARTESIAN_POINT('Ctrl Pts',(0.575717884305735,0.142119378307562,0.03));
#8340=CARTESIAN_POINT('Origin',(0.580367177715262,0.121749492938662,0.275));
#8341=CARTESIAN_POINT('',(0.580367177715262,0.121749492938662,0.03));
#8342=CARTESIAN_POINT('',(0.580367177715262,0.121749492938662,0.));
#8343=CARTESIAN_POINT('Ctrl Pts',(0.580367177715262,0.121749492938662,0.03));
#8344=CARTESIAN_POINT('Ctrl Pts',(0.570228972523343,0.124876715083812,0.0207198249176152));
#8345=CARTESIAN_POINT('Ctrl Pts',(0.560401692808854,0.127908029420814,0.0118134665205267));
#8346=CARTESIAN_POINT('Origin',(0.,0.,0.));
#8347=CARTESIAN_POINT('',(0.584728654776163,0.0986985323277844,0.03));
#8348=CARTESIAN_POINT('',(0.584728654776163,0.0986985323277845,0.));
#8349=CARTESIAN_POINT('Origin',(0.,0.,0.03));
#8350=CARTESIAN_POINT('Origin',(0.568393275024823,0.085671501678802,0.275));
#8351=CARTESIAN_POINT('',(0.568393275024823,0.0856715016788019,0.0118134665205267));
#8352=CARTESIAN_POINT('',(0.568393275024823,0.0856715016788019,0.275));
#8353=CARTESIAN_POINT('Ctrl Pts',(0.568393275024823,0.0856715016788019,
0.0118134665205267));
#8354=CARTESIAN_POINT('Ctrl Pts',(0.576433768246547,0.0920835810566169,
0.0207198249175934));
#8355=CARTESIAN_POINT('Ctrl Pts',(0.584728654776163,0.0986985323277845,
0.03));
#8356=CARTESIAN_POINT('Origin',(0.58784270437839,0.0780381631581666,0.275));
#8357=CARTESIAN_POINT('',(0.58784270437839,0.0780381631581666,0.03));
#8358=CARTESIAN_POINT('',(0.58784270437839,0.0780381631581667,0.));
#8359=CARTESIAN_POINT('Ctrl Pts',(0.58784270437839,0.0780381631581667,0.03));
#8360=CARTESIAN_POINT('Ctrl Pts',(0.577966545267946,0.0819142699787428,
0.020719824917585));
#8361=CARTESIAN_POINT('Ctrl Pts',(0.568393275024822,0.0856715016788019,
0.0118134665205267));
#8362=CARTESIAN_POINT('Origin',(0.,0.,0.));
#8363=CARTESIAN_POINT('',(0.590469385421131,0.0547257241193893,0.03));
#8364=CARTESIAN_POINT('',(0.590469385421131,0.0547257241193894,0.));
#8365=CARTESIAN_POINT('Origin',(0.,0.,0.03));
#8366=CARTESIAN_POINT('Origin',(0.573206171485146,0.0429558641478158,0.275));
#8367=CARTESIAN_POINT('',(0.573206171485146,0.0429558641478158,0.0118134665205267));
#8368=CARTESIAN_POINT('',(0.573206171485146,0.0429558641478158,0.275));
#8369=CARTESIAN_POINT('Ctrl Pts',(0.573206171485146,0.0429558641478158,
0.0118134665205267));
#8370=CARTESIAN_POINT('Ctrl Pts',(0.581703357149071,0.0487491472402754,
0.0207198249176178));
#8371=CARTESIAN_POINT('Ctrl Pts',(0.590469385421131,0.0547257241193893,
0.03));
#8372=CARTESIAN_POINT('Origin',(0.592030776187507,0.0338904123140743,0.275));
#8373=CARTESIAN_POINT('',(0.592030776187507,0.0338904123140743,0.03));
#8374=CARTESIAN_POINT('',(0.592030776187507,0.0338904123140743,0.));
#8375=CARTESIAN_POINT('Ctrl Pts',(0.592030776187507,0.0338904123140743,
0.03));
#8376=CARTESIAN_POINT('Ctrl Pts',(0.582471894646452,0.0384937270484339,
0.0207198249175784));
#8377=CARTESIAN_POINT('Ctrl Pts',(0.573206171485146,0.0429558641478158,
0.0118134665205267));
#8378=CARTESIAN_POINT('Origin',(0.,0.,0.));
#8379=CARTESIAN_POINT('',(0.592907971746217,0.010446867462905,0.03));
#8380=CARTESIAN_POINT('',(0.592907971746217,0.010446867462905,0.));
#8381=CARTESIAN_POINT('Origin',(0.,0.,0.03));
#8382=CARTESIAN_POINT('Origin',(0.574813466520527,-2.27158756500233E-16,
0.275));
#8383=CARTESIAN_POINT('',(0.574813466520527,-2.34329857483602E-16,0.0118134665205267));
#8384=CARTESIAN_POINT('',(0.574813466520527,-2.34329857483602E-16,0.275));
#8385=CARTESIAN_POINT('Ctrl Pts',(0.574813466520527,-2.34329857483602E-16,
0.0118134665205267));
#8386=CARTESIAN_POINT('Ctrl Pts',(0.583719824917615,0.00514208841805813,
0.0207198249176151));
#8387=CARTESIAN_POINT('Ctrl Pts',(0.592907971746217,0.010446867462905,0.03));
#8388=CARTESIAN_POINT('Origin',(0.592907971746217,-0.0104468674629053,0.275));
#8389=CARTESIAN_POINT('',(0.592907971746217,-0.0104468674629053,0.03));
#8390=CARTESIAN_POINT('',(0.592907971746217,-0.0104468674629053,0.));
#8391=CARTESIAN_POINT('Ctrl Pts',(0.592907971746217,-0.0104468674629053,
0.03));
#8392=CARTESIAN_POINT('Ctrl Pts',(0.583719824917604,-0.00514208841805191,
0.0207198249176037));
#8393=CARTESIAN_POINT('Ctrl Pts',(0.574813466520527,-2.34329857483602E-16,
0.0118134665205267));
#8394=CARTESIAN_POINT('Origin',(0.,0.,0.));
#8395=CARTESIAN_POINT('',(0.592030776187507,-0.033890412314074,0.03));
#8396=CARTESIAN_POINT('',(0.592030776187507,-0.033890412314074,0.));
#8397=CARTESIAN_POINT('Origin',(0.,0.,0.03));
#8398=CARTESIAN_POINT('Origin',(0.573206171485146,-0.0429558641478158,0.275));
#8399=CARTESIAN_POINT('',(0.573206171485146,-0.0429558641478158,0.0118134665205267));
#8400=CARTESIAN_POINT('',(0.573206171485146,-0.0429558641478158,0.275));
#8401=CARTESIAN_POINT('Ctrl Pts',(0.573206171485146,-0.0429558641478158,
0.0118134665205267));
#8402=CARTESIAN_POINT('Ctrl Pts',(0.582471894646466,-0.0384937270484268,
0.020719824917592));
#8403=CARTESIAN_POINT('Ctrl Pts',(0.592030776187507,-0.033890412314074,
0.03));
#8404=CARTESIAN_POINT('Origin',(0.590469385421131,-0.0547257241193891,0.275));
#8405=CARTESIAN_POINT('',(0.590469385421131,-0.0547257241193891,0.03));
#8406=CARTESIAN_POINT('',(0.590469385421131,-0.054725724119389,0.));
#8407=CARTESIAN_POINT('Ctrl Pts',(0.590469385421131,-0.0547257241193891,
0.03));
#8408=CARTESIAN_POINT('Ctrl Pts',(0.581703357149078,-0.0487491472402801,
0.0207198249176251));
#8409=CARTESIAN_POINT('Ctrl Pts',(0.573206171485146,-0.0429558641478158,
0.0118134665205267));
#8410=CARTESIAN_POINT('Origin',(0.,0.,0.));
#8411=CARTESIAN_POINT('',(0.58784270437839,-0.0780381631581664,0.03));
#8412=CARTESIAN_POINT('',(0.58784270437839,-0.0780381631581663,0.));
#8413=CARTESIAN_POINT('Origin',(0.,0.,0.03));
#8414=CARTESIAN_POINT('Origin',(0.568393275024823,-0.0856715016788019,0.275));
#8415=CARTESIAN_POINT('',(0.568393275024823,-0.0856715016788019,0.0118134665205267));
#8416=CARTESIAN_POINT('',(0.568393275024823,-0.0856715016788019,0.275));
#8417=CARTESIAN_POINT('Ctrl Pts',(0.568393275024823,-0.0856715016788019,
0.0118134665205267));
#8418=CARTESIAN_POINT('Ctrl Pts',(0.577966545267953,-0.0819142699787397,
0.0207198249175919));
#8419=CARTESIAN_POINT('Ctrl Pts',(0.58784270437839,-0.0780381631581664,
0.03));
#8420=CARTESIAN_POINT('Origin',(0.584728654776163,-0.0986985323277842,0.275));
#8421=CARTESIAN_POINT('',(0.584728654776163,-0.0986985323277842,0.03));
#8422=CARTESIAN_POINT('',(0.584728654776163,-0.0986985323277841,0.));
#8423=CARTESIAN_POINT('Ctrl Pts',(0.584728654776163,-0.0986985323277841,
0.03));
#8424=CARTESIAN_POINT('Ctrl Pts',(0.576433768246574,-0.0920835810566379,
0.0207198249176226));
#8425=CARTESIAN_POINT('Ctrl Pts',(0.568393275024823,-0.0856715016788019,
0.0118134665205267));
#8426=CARTESIAN_POINT('Origin',(0.,0.,0.));
#8427=CARTESIAN_POINT('',(0.580367177715262,-0.121749492938662,0.03));
#8428=CARTESIAN_POINT('',(0.580367177715262,-0.121749492938662,0.));
#8429=CARTESIAN_POINT('Origin',(0.,0.,0.03));
#8430=CARTESIAN_POINT('Origin',(0.560401692808854,-0.127908029420814,0.275));
#8431=CARTESIAN_POINT('',(0.560401692808854,-0.127908029420814,0.0118134665205267));
#8432=CARTESIAN_POINT('',(0.560401692808854,-0.127908029420814,0.275));
#8433=CARTESIAN_POINT('Ctrl Pts',(0.560401692808854,-0.127908029420814,
0.0118134665205267));
#8434=CARTESIAN_POINT('Ctrl Pts',(0.570228972523325,-0.124876715083817,
0.0207198249176001));
#8435=CARTESIAN_POINT('Ctrl Pts',(0.580367177715262,-0.121749492938662,
0.03));
#8436=CARTESIAN_POINT('Origin',(0.575717884305735,-0.142119378307563,0.275));
#8437=CARTESIAN_POINT('',(0.575717884305735,-0.142119378307563,0.03));
#8438=CARTESIAN_POINT('',(0.575717884305735,-0.142119378307563,0.));
#8439=CARTESIAN_POINT('Ctrl Pts',(0.575717884305735,-0.142119378307563,
0.03));
#8440=CARTESIAN_POINT('Ctrl Pts',(0.567940527888793,-0.134903046135152,
0.0207198249176096));
#8441=CARTESIAN_POINT('Ctrl Pts',(0.560401692808854,-0.127908029420814,
0.0118134665205267));
#8442=CARTESIAN_POINT('Origin',(0.,0.,0.));
#8443=CARTESIAN_POINT('',(0.569646002375578,-0.164779950168467,0.03));
#8444=CARTESIAN_POINT('',(0.569646002375578,-0.164779950168467,0.));
#8445=CARTESIAN_POINT('Origin',(0.,0.,0.03));
#8446=CARTESIAN_POINT('Origin',(0.549276117006677,-0.169429243577994,0.275));
#8447=CARTESIAN_POINT('',(0.549276117006677,-0.169429243577994,0.0118134665205267));
#8448=CARTESIAN_POINT('',(0.549276117006677,-0.169429243577994,0.275));
#8449=CARTESIAN_POINT('Ctrl Pts',(0.549276117006677,-0.169429243577994,
0.0118134665205267));
#8450=CARTESIAN_POINT('Ctrl Pts',(0.559302448058005,-0.167140798943453,
0.0207198249176004));
#8451=CARTESIAN_POINT('Ctrl Pts',(0.569646002375578,-0.164779950168467,
0.03));
#8452=CARTESIAN_POINT('Origin',(0.563487465893426,-0.184745435074876,0.275));
#8453=CARTESIAN_POINT('',(0.563487465893426,-0.184745435074876,0.03));
#8454=CARTESIAN_POINT('',(0.563487465893426,-0.184745435074876,0.));
#8455=CARTESIAN_POINT('Ctrl Pts',(0.563487465893426,-0.184745435074875,
0.03));
#8456=CARTESIAN_POINT('Ctrl Pts',(0.556271133721026,-0.176968078657946,
0.0207198249176238));
#8457=CARTESIAN_POINT('Ctrl Pts',(0.549276117006677,-0.169429243577994,
0.0118134665205267));
#8458=CARTESIAN_POINT('Origin',(0.,0.,0.));
#8459=CARTESIAN_POINT('',(0.55573913552075,-0.206888891075981,0.03));
#8460=CARTESIAN_POINT('',(0.55573913552075,-0.206888891075981,0.));
#8461=CARTESIAN_POINT('Origin',(0.,0.,0.03));
#8462=CARTESIAN_POINT('Origin',(0.535078766351132,-0.210002940678208,0.275));
#8463=CARTESIAN_POINT('',(0.535078766351132,-0.210002940678208,0.0118134665205267));
#8464=CARTESIAN_POINT('',(0.535078766351132,-0.210002940678208,0.275));
#8465=CARTESIAN_POINT('Ctrl Pts',(0.535078766351132,-0.210002940678208,
0.0118134665205267));
#8466=CARTESIAN_POINT('Ctrl Pts',(0.54524807742898,-0.208470163656805,0.0207198249175669));
#8467=CARTESIAN_POINT('Ctrl Pts',(0.55573913552075,-0.206888891075981,0.03));
#8468=CARTESIAN_POINT('Origin',(0.548105797000115,-0.226338320429548,0.275));
#8469=CARTESIAN_POINT('',(0.548105797000115,-0.226338320429548,0.03));
#8470=CARTESIAN_POINT('',(0.548105797000115,-0.226338320429548,0.));
#8471=CARTESIAN_POINT('Ctrl Pts',(0.548105797000115,-0.226338320429548,
0.03));
#8472=CARTESIAN_POINT('Ctrl Pts',(0.541490845728962,-0.218043433899951,
0.0207198249176143));
#8473=CARTESIAN_POINT('Ctrl Pts',(0.535078766351132,-0.210002940678208,
0.0118134665205267));
#8474=CARTESIAN_POINT('Origin',(0.,0.,0.));
#8475=CARTESIAN_POINT('',(0.538724349991379,-0.247840825382676,0.03));
#8476=CARTESIAN_POINT('',(0.538724349991379,-0.247840825382676,0.));
#8477=CARTESIAN_POINT('Origin',(0.,0.,0.03));
#8478=CARTESIAN_POINT('Origin',(0.517889038186064,-0.249402216149052,0.275));
#8479=CARTESIAN_POINT('',(0.517889038186064,-0.249402216149052,0.0118134665205267));
#8480=CARTESIAN_POINT('',(0.517889038186064,-0.249402216149052,0.275));
#8481=CARTESIAN_POINT('Ctrl Pts',(0.517889038186064,-0.249402216149052,
0.0118134665205267));
#8482=CARTESIAN_POINT('Ctrl Pts',(0.528144458377904,-0.248633678651631,
0.0207198249175991));
#8483=CARTESIAN_POINT('Ctrl Pts',(0.538724349991379,-0.247840825382676,
0.03));
#8484=CARTESIAN_POINT('Origin',(0.529658898157637,-0.266665430085036,0.275));
#8485=CARTESIAN_POINT('',(0.529658898157637,-0.266665430085036,0.03));
#8486=CARTESIAN_POINT('',(0.529658898157637,-0.266665430085036,0.));
#8487=CARTESIAN_POINT('Ctrl Pts',(0.529658898157637,-0.266665430085036,
0.03));
#8488=CARTESIAN_POINT('Ctrl Pts',(0.523682321278529,-0.257899401812984,
0.0207198249176263));
#8489=CARTESIAN_POINT('Ctrl Pts',(0.517889038186064,-0.249402216149052,
0.0118134665205267));
#8490=CARTESIAN_POINT('Origin',(0.,0.,0.));
#8491=CARTESIAN_POINT('',(0.518696799369982,-0.287406733260263,0.03));
#8492=CARTESIAN_POINT('',(0.518696799369982,-0.287406733260263,0.));
#8493=CARTESIAN_POINT('Origin',(0.,0.,0.03));
#8494=CARTESIAN_POINT('Origin',(0.497803064444172,-0.287406733260263,0.275));
#8495=CARTESIAN_POINT('',(0.497803064444172,-0.287406733260263,0.0118134665205267));
#8496=CARTESIAN_POINT('',(0.497803064444172,-0.287406733260263,0.275));
#8497=CARTESIAN_POINT('Ctrl Pts',(0.497803064444172,-0.287406733260263,
0.0118134665205267));
#8498=CARTESIAN_POINT('Ctrl Pts',(0.508087241280256,-0.287406733260263,
0.0207198249175869));
#8499=CARTESIAN_POINT('Ctrl Pts',(0.518696799369982,-0.287406733260263,
0.03));
#8500=CARTESIAN_POINT('Origin',(0.508249931907077,-0.305501238485953,0.275));
#8501=CARTESIAN_POINT('',(0.508249931907077,-0.305501238485953,0.03));
#8502=CARTESIAN_POINT('',(0.508249931907077,-0.305501238485953,0.));
#8503=CARTESIAN_POINT('Ctrl Pts',(0.508249931907077,-0.305501238485953,
0.03));
#8504=CARTESIAN_POINT('Ctrl Pts',(0.502945152862222,-0.296313091657337,
0.0207198249176003));
#8505=CARTESIAN_POINT('Ctrl Pts',(0.497803064444172,-0.287406733260263,
0.0118134665205267));
#8506=CARTESIAN_POINT('Origin',(0.,0.,0.));
#8507=CARTESIAN_POINT('',(0.495768485843563,-0.325365346102471,0.03));
#8508=CARTESIAN_POINT('',(0.495768485843563,-0.325365346102471,0.));
#8509=CARTESIAN_POINT('Origin',(0.,0.,0.03));
#8510=CARTESIAN_POINT('Origin',(0.474933174038248,-0.323803955336095,0.275));
#8511=CARTESIAN_POINT('',(0.474933174038248,-0.323803955336095,0.0118134665205267));
#8512=CARTESIAN_POINT('',(0.474933174038248,-0.323803955336095,0.275));
#8513=CARTESIAN_POINT('Ctrl Pts',(0.474933174038248,-0.323803955336095,
0.0118134665205267));
#8514=CARTESIAN_POINT('Ctrl Pts',(0.485188594230086,-0.324572492833516,
0.0207198249175976));
#8515=CARTESIAN_POINT('Ctrl Pts',(0.495768485843563,-0.325365346102471,
0.03));
#8516=CARTESIAN_POINT('Origin',(0.48399862587199,-0.342628560038455,0.275));
#8517=CARTESIAN_POINT('',(0.48399862587199,-0.342628560038455,0.03));
#8518=CARTESIAN_POINT('',(0.48399862587199,-0.342628560038455,0.));
#8519=CARTESIAN_POINT('Ctrl Pts',(0.48399862587199,-0.342628560038455,0.03));
#8520=CARTESIAN_POINT('Ctrl Pts',(0.479395311137644,-0.333069678497431,
0.0207198249176068));
#8521=CARTESIAN_POINT('Ctrl Pts',(0.474933174038248,-0.323803955336095,
0.0118134665205267));
#8522=CARTESIAN_POINT('Origin',(0.,0.,0.));
#8523=CARTESIAN_POINT('',(0.470067633841948,-0.361504383948842,0.03));
#8524=CARTESIAN_POINT('',(0.470067633841948,-0.361504383948842,0.));
#8525=CARTESIAN_POINT('Origin',(0.,0.,0.03));
#8526=CARTESIAN_POINT('Origin',(0.44940726467233,-0.358390334346615,0.275));
#8527=CARTESIAN_POINT('',(0.44940726467233,-0.358390334346615,0.0118134665205267));
#8528=CARTESIAN_POINT('',(0.44940726467233,-0.358390334346615,0.275));
#8529=CARTESIAN_POINT('Ctrl Pts',(0.44940726467233,-0.358390334346615,0.0118134665205267));
#8530=CARTESIAN_POINT('Ctrl Pts',(0.459576575750211,-0.359923111368023,
0.0207198249175961));
#8531=CARTESIAN_POINT('Ctrl Pts',(0.470067633841948,-0.361504383948842,
0.03));
#8532=CARTESIAN_POINT('Origin',(0.457040603192966,-0.377839763700182,0.275));
#8533=CARTESIAN_POINT('',(0.457040603192966,-0.377839763700182,0.03));
#8534=CARTESIAN_POINT('',(0.457040603192966,-0.377839763700182,0.));
#8535=CARTESIAN_POINT('Ctrl Pts',(0.457040603192966,-0.377839763700182,
0.03));
#8536=CARTESIAN_POINT('Ctrl Pts',(0.453164496372401,-0.367963604589766,
0.020719824917611));
#8537=CARTESIAN_POINT('Ctrl Pts',(0.44940726467233,-0.358390334346615,0.0118134665205267));
#8538=CARTESIAN_POINT('Origin',(0.,0.,0.));
#8539=CARTESIAN_POINT('',(0.441737972954764,-0.395621742640386,0.03));
#8540=CARTESIAN_POINT('',(0.441737972954764,-0.395621742640386,0.));
#8541=CARTESIAN_POINT('Origin',(0.,0.,0.03));
#8542=CARTESIAN_POINT('Origin',(0.421368087585863,-0.390972449230859,0.275));
#8543=CARTESIAN_POINT('',(0.421368087585863,-0.390972449230859,0.0118134665205267));
#8544=CARTESIAN_POINT('',(0.421368087585863,-0.390972449230859,0.275));
#8545=CARTESIAN_POINT('Ctrl Pts',(0.421368087585863,-0.390972449230859,
0.0118134665205267));
#8546=CARTESIAN_POINT('Ctrl Pts',(0.431394418637145,-0.39326089386539,0.0207198249175601));
#8547=CARTESIAN_POINT('Ctrl Pts',(0.441737972954764,-0.395621742640386,
0.03));
#8548=CARTESIAN_POINT('Origin',(0.427526624068016,-0.410937934137268,0.275));
#8549=CARTESIAN_POINT('',(0.427526624068016,-0.410937934137268,0.03));
#8550=CARTESIAN_POINT('',(0.427526624068016,-0.410937934137268,0.));
#8551=CARTESIAN_POINT('Ctrl Pts',(0.427526624068016,-0.410937934137268,
0.03));
#8552=CARTESIAN_POINT('Ctrl Pts',(0.424399401922861,-0.400799728945333,
0.0207198249176014));
#8553=CARTESIAN_POINT('Ctrl Pts',(0.421368087585863,-0.390972449230859,
0.0118134665205267));
#8554=CARTESIAN_POINT('Origin',(0.,0.,0.));
#8555=CARTESIAN_POINT('',(0.410937934137268,-0.427526624068016,0.03));
#8556=CARTESIAN_POINT('',(0.410937934137268,-0.427526624068016,0.));
#8557=CARTESIAN_POINT('Origin',(0.,0.,0.03));
#8558=CARTESIAN_POINT('Origin',(0.390972449230859,-0.421368087585863,0.275));
#8559=CARTESIAN_POINT('',(0.390972449230859,-0.421368087585863,0.0118134665205267));
#8560=CARTESIAN_POINT('',(0.390972449230859,-0.421368087585863,0.275));
#8561=CARTESIAN_POINT('Ctrl Pts',(0.390972449230859,-0.421368087585863,
0.0118134665205267));
#8562=CARTESIAN_POINT('Ctrl Pts',(0.400799728945311,-0.424399401922854,
0.020719824917582));
#8563=CARTESIAN_POINT('Ctrl Pts',(0.410937934137268,-0.427526624068016,
0.03));
#8564=CARTESIAN_POINT('Origin',(0.395621742640386,-0.441737972954764,0.275));
#8565=CARTESIAN_POINT('',(0.395621742640386,-0.441737972954764,0.03));
#8566=CARTESIAN_POINT('',(0.395621742640386,-0.441737972954764,0.));
#8567=CARTESIAN_POINT('Ctrl Pts',(0.395621742640386,-0.441737972954764,
0.03));
#8568=CARTESIAN_POINT('Ctrl Pts',(0.393260893865397,-0.431394418637179,
0.0207198249175901));
#8569=CARTESIAN_POINT('Ctrl Pts',(0.390972449230859,-0.421368087585863,
0.0118134665205267));
#8570=CARTESIAN_POINT('Origin',(0.,0.,0.));
#8571=CARTESIAN_POINT('',(0.377839763700182,-0.457040603192966,0.03));
#8572=CARTESIAN_POINT('',(0.377839763700182,-0.457040603192966,0.));
#8573=CARTESIAN_POINT('Origin',(0.,0.,0.03));
#8574=CARTESIAN_POINT('Origin',(0.358390334346615,-0.44940726467233,0.275));
#8575=CARTESIAN_POINT('',(0.358390334346615,-0.44940726467233,0.0118134665205267));
#8576=CARTESIAN_POINT('',(0.358390334346615,-0.44940726467233,0.275));
#8577=CARTESIAN_POINT('Ctrl Pts',(0.358390334346615,-0.44940726467233,0.0118134665205267));
#8578=CARTESIAN_POINT('Ctrl Pts',(0.367963604589756,-0.453164496372397,
0.0207198249176014));
#8579=CARTESIAN_POINT('Ctrl Pts',(0.377839763700182,-0.457040603192966,
0.03));
#8580=CARTESIAN_POINT('Origin',(0.361504383948842,-0.470067633841948,0.275));
#8581=CARTESIAN_POINT('',(0.361504383948842,-0.470067633841948,0.03));
#8582=CARTESIAN_POINT('',(0.361504383948842,-0.470067633841948,0.));
#8583=CARTESIAN_POINT('Ctrl Pts',(0.361504383948842,-0.470067633841948,
0.03));
#8584=CARTESIAN_POINT('Ctrl Pts',(0.359923111368027,-0.459576575750236,
0.0207198249176176));
#8585=CARTESIAN_POINT('Ctrl Pts',(0.358390334346615,-0.44940726467233,0.0118134665205267));
#8586=CARTESIAN_POINT('Origin',(0.,0.,0.));
#8587=CARTESIAN_POINT('',(0.342628560038455,-0.48399862587199,0.03));
#8588=CARTESIAN_POINT('',(0.342628560038455,-0.48399862587199,0.));
#8589=CARTESIAN_POINT('Origin',(0.,0.,0.03));
#8590=CARTESIAN_POINT('Origin',(0.323803955336095,-0.474933174038248,0.275));
#8591=CARTESIAN_POINT('',(0.323803955336095,-0.474933174038248,0.0118134665205267));
#8592=CARTESIAN_POINT('',(0.323803955336095,-0.474933174038248,0.275));
#8593=CARTESIAN_POINT('Ctrl Pts',(0.323803955336095,-0.474933174038248,
0.0118134665205267));
#8594=CARTESIAN_POINT('Ctrl Pts',(0.333069678497431,-0.479395311137645,
0.0207198249176072));
#8595=CARTESIAN_POINT('Ctrl Pts',(0.342628560038455,-0.48399862587199,0.03));
#8596=CARTESIAN_POINT('Origin',(0.325365346102471,-0.495768485843563,0.275));
#8597=CARTESIAN_POINT('',(0.325365346102471,-0.495768485843563,0.03));
#8598=CARTESIAN_POINT('',(0.325365346102471,-0.495768485843563,0.));
#8599=CARTESIAN_POINT('Ctrl Pts',(0.325365346102471,-0.495768485843563,
0.03));
#8600=CARTESIAN_POINT('Ctrl Pts',(0.324572492833519,-0.485188594230128,
0.0207198249176338));
#8601=CARTESIAN_POINT('Ctrl Pts',(0.323803955336095,-0.474933174038248,
0.0118134665205267));
#8602=CARTESIAN_POINT('Origin',(0.,0.,0.));
#8603=CARTESIAN_POINT('',(0.305501238485953,-0.508249931907077,0.03));
#8604=CARTESIAN_POINT('',(0.305501238485953,-0.508249931907077,0.));
#8605=CARTESIAN_POINT('Origin',(0.,0.,0.03));
#8606=CARTESIAN_POINT('Origin',(0.287406733260263,-0.497803064444172,0.275));
#8607=CARTESIAN_POINT('',(0.287406733260263,-0.497803064444172,0.0118134665205267));
#8608=CARTESIAN_POINT('',(0.287406733260263,-0.497803064444172,0.275));
#8609=CARTESIAN_POINT('Ctrl Pts',(0.287406733260263,-0.497803064444172,
0.0118134665205267));
#8610=CARTESIAN_POINT('Ctrl Pts',(0.296313091657316,-0.50294515286221,0.0207198249175793));
#8611=CARTESIAN_POINT('Ctrl Pts',(0.305501238485953,-0.508249931907077,
0.03));
#8612=CARTESIAN_POINT('Origin',(0.287406733260263,-0.518696799369982,0.275));
#8613=CARTESIAN_POINT('',(0.287406733260263,-0.518696799369982,0.03));
#8614=CARTESIAN_POINT('',(0.287406733260263,-0.518696799369982,0.));
#8615=CARTESIAN_POINT('Ctrl Pts',(0.287406733260263,-0.518696799369982,
0.03));
#8616=CARTESIAN_POINT('Ctrl Pts',(0.287406733260263,-0.508087241280308,
0.0207198249176319));
#8617=CARTESIAN_POINT('Ctrl Pts',(0.287406733260263,-0.497803064444172,
0.0118134665205267));
#8618=CARTESIAN_POINT('Origin',(0.,0.,0.));
#8619=CARTESIAN_POINT('',(0.266665430085036,-0.529658898157637,0.03));
#8620=CARTESIAN_POINT('',(0.266665430085036,-0.529658898157637,0.));
#8621=CARTESIAN_POINT('Origin',(0.,0.,0.03));
#8622=CARTESIAN_POINT('Origin',(0.249402216149051,-0.517889038186064,0.275));
#8623=CARTESIAN_POINT('',(0.249402216149051,-0.517889038186064,0.0118134665205267));
#8624=CARTESIAN_POINT('',(0.249402216149051,-0.517889038186064,0.275));
#8625=CARTESIAN_POINT('Ctrl Pts',(0.249402216149051,-0.517889038186064,
0.0118134665205267));
#8626=CARTESIAN_POINT('Ctrl Pts',(0.25789940181296,-0.523682321278513,0.0207198249176016));
#8627=CARTESIAN_POINT('Ctrl Pts',(0.266665430085036,-0.529658898157637,
0.03));
#8628=CARTESIAN_POINT('Origin',(0.247840825382676,-0.538724349991379,0.275));
#8629=CARTESIAN_POINT('',(0.247840825382676,-0.538724349991379,0.03));
#8630=CARTESIAN_POINT('',(0.247840825382676,-0.538724349991379,0.));
#8631=CARTESIAN_POINT('Ctrl Pts',(0.247840825382676,-0.538724349991379,
0.03));
#8632=CARTESIAN_POINT('Ctrl Pts',(0.248633678651629,-0.528144458377926,
0.0207198249176183));
#8633=CARTESIAN_POINT('Ctrl Pts',(0.249402216149051,-0.517889038186064,
0.0118134665205267));
#8634=CARTESIAN_POINT('Origin',(0.,0.,0.));
#8635=CARTESIAN_POINT('',(0.226338320429548,-0.548105797000115,0.03));
#8636=CARTESIAN_POINT('',(0.226338320429548,-0.548105797000115,0.));
#8637=CARTESIAN_POINT('Origin',(0.,0.,0.03));
#8638=CARTESIAN_POINT('Origin',(0.210002940678208,-0.535078766351132,0.275));
#8639=CARTESIAN_POINT('',(0.210002940678208,-0.535078766351132,0.0118134665205267));
#8640=CARTESIAN_POINT('',(0.210002940678208,-0.535078766351132,0.275));
#8641=CARTESIAN_POINT('Ctrl Pts',(0.210002940678208,-0.535078766351132,
0.0118134665205267));
#8642=CARTESIAN_POINT('Ctrl Pts',(0.218043433899947,-0.541490845728959,
0.0207198249176092));
#8643=CARTESIAN_POINT('Ctrl Pts',(0.226338320429548,-0.548105797000115,
0.03));
#8644=CARTESIAN_POINT('Origin',(0.206888891075981,-0.55573913552075,0.275));
#8645=CARTESIAN_POINT('',(0.206888891075981,-0.55573913552075,0.03));
#8646=CARTESIAN_POINT('',(0.206888891075981,-0.55573913552075,0.));
#8647=CARTESIAN_POINT('Ctrl Pts',(0.206888891075981,-0.55573913552075,0.03));
#8648=CARTESIAN_POINT('Ctrl Pts',(0.208470163656799,-0.545248077429019,
0.0207198249176015));
#8649=CARTESIAN_POINT('Ctrl Pts',(0.210002940678208,-0.535078766351132,
0.0118134665205267));
#8650=CARTESIAN_POINT('Origin',(0.,0.,0.));
#8651=CARTESIAN_POINT('',(0.184745435074876,-0.563487465893426,0.03));
#8652=CARTESIAN_POINT('',(0.184745435074876,-0.563487465893426,0.));
#8653=CARTESIAN_POINT('Origin',(0.,0.,0.03));
#8654=CARTESIAN_POINT('Origin',(0.169429243577994,-0.549276117006677,0.275));
#8655=CARTESIAN_POINT('',(0.169429243577994,-0.549276117006677,0.0118134665205267));
#8656=CARTESIAN_POINT('',(0.169429243577994,-0.549276117006677,0.275));
#8657=CARTESIAN_POINT('Ctrl Pts',(0.169429243577994,-0.549276117006677,
0.0118134665205267));
#8658=CARTESIAN_POINT('Ctrl Pts',(0.176968078657917,-0.556271133720999,
0.0207198249175901));
#8659=CARTESIAN_POINT('Ctrl Pts',(0.184745435074876,-0.563487465893426,
0.03));
#8660=CARTESIAN_POINT('Origin',(0.164779950168467,-0.569646002375578,0.275));
#8661=CARTESIAN_POINT('',(0.164779950168467,-0.569646002375578,0.03));
#8662=CARTESIAN_POINT('',(0.164779950168467,-0.569646002375578,0.));
#8663=CARTESIAN_POINT('Ctrl Pts',(0.164779950168467,-0.569646002375578,
0.03));
#8664=CARTESIAN_POINT('Ctrl Pts',(0.167140798943455,-0.559302448057997,
0.0207198249175935));
#8665=CARTESIAN_POINT('Ctrl Pts',(0.169429243577994,-0.549276117006677,
0.0118134665205267));
#8666=CARTESIAN_POINT('Origin',(0.,0.,0.));
#8667=CARTESIAN_POINT('',(0.142119378307562,-0.575717884305735,0.03));
#8668=CARTESIAN_POINT('',(0.142119378307562,-0.575717884305735,0.));
#8669=CARTESIAN_POINT('Origin',(0.,0.,0.03));
#8670=CARTESIAN_POINT('Origin',(0.127908029420814,-0.560401692808854,0.275));
#8671=CARTESIAN_POINT('',(0.127908029420814,-0.560401692808854,0.0118134665205267));
#8672=CARTESIAN_POINT('',(0.127908029420814,-0.560401692808854,0.275));
#8673=CARTESIAN_POINT('Ctrl Pts',(0.127908029420814,-0.560401692808854,
0.0118134665205267));
#8674=CARTESIAN_POINT('Ctrl Pts',(0.134903046135135,-0.567940527888775,
0.0207198249175882));
#8675=CARTESIAN_POINT('Ctrl Pts',(0.142119378307562,-0.575717884305735,
0.03));
#8676=CARTESIAN_POINT('Origin',(0.121749492938662,-0.580367177715262,0.275));
#8677=CARTESIAN_POINT('',(0.121749492938662,-0.580367177715262,0.03));
#8678=CARTESIAN_POINT('',(0.121749492938662,-0.580367177715262,0.));
#8679=CARTESIAN_POINT('Ctrl Pts',(0.121749492938662,-0.580367177715262,
0.03));
#8680=CARTESIAN_POINT('Ctrl Pts',(0.124876715083812,-0.570228972523343,
0.0207198249176152));
#8681=CARTESIAN_POINT('Ctrl Pts',(0.127908029420814,-0.560401692808854,
0.0118134665205267));
#8682=CARTESIAN_POINT('Origin',(0.,0.,0.));
#8683=CARTESIAN_POINT('',(0.0986985323277842,-0.584728654776163,0.03));
#8684=CARTESIAN_POINT('',(0.0986985323277842,-0.584728654776163,0.));
#8685=CARTESIAN_POINT('Origin',(0.,0.,0.03));
#8686=CARTESIAN_POINT('Origin',(0.0856715016788018,-0.568393275024823,0.275));
#8687=CARTESIAN_POINT('',(0.0856715016788018,-0.568393275024823,0.0118134665205267));
#8688=CARTESIAN_POINT('',(0.0856715016788018,-0.568393275024823,0.275));
#8689=CARTESIAN_POINT('Ctrl Pts',(0.0856715016788018,-0.568393275024823,
0.0118134665205267));
#8690=CARTESIAN_POINT('Ctrl Pts',(0.0920835810566216,-0.576433768246554,
0.0207198249176003));
#8691=CARTESIAN_POINT('Ctrl Pts',(0.0986985323277843,-0.584728654776163,
0.03));
#8692=CARTESIAN_POINT('Origin',(0.0780381631581664,-0.58784270437839,0.275));
#8693=CARTESIAN_POINT('',(0.0780381631581664,-0.58784270437839,0.03));
#8694=CARTESIAN_POINT('',(0.0780381631581665,-0.58784270437839,0.));
#8695=CARTESIAN_POINT('Ctrl Pts',(0.0780381631581665,-0.58784270437839,
0.03));
#8696=CARTESIAN_POINT('Ctrl Pts',(0.0819142699787442,-0.577966545267942,
0.0207198249175813));
#8697=CARTESIAN_POINT('Ctrl Pts',(0.0856715016788018,-0.568393275024823,
0.0118134665205267));
#8698=CARTESIAN_POINT('Origin',(0.,0.,0.));
#8699=CARTESIAN_POINT('',(0.0547257241193893,-0.590469385421131,0.03));
#8700=CARTESIAN_POINT('',(0.0547257241193894,-0.590469385421131,0.));
#8701=CARTESIAN_POINT('Origin',(0.,0.,0.03));
#8702=CARTESIAN_POINT('Origin',(0.0429558641478159,-0.573206171485146,0.275));
#8703=CARTESIAN_POINT('',(0.0429558641478159,-0.573206171485146,0.0118134665205267));
#8704=CARTESIAN_POINT('',(0.0429558641478159,-0.573206171485146,0.275));
#8705=CARTESIAN_POINT('Ctrl Pts',(0.0429558641478159,-0.573206171485146,
0.0118134665205267));
#8706=CARTESIAN_POINT('Ctrl Pts',(0.0487491472402754,-0.581703357149071,
0.0207198249176178));
#8707=CARTESIAN_POINT('Ctrl Pts',(0.0547257241193893,-0.590469385421131,
0.03));
#8708=CARTESIAN_POINT('Origin',(0.0338904123140743,-0.592030776187507,0.275));
#8709=CARTESIAN_POINT('',(0.0338904123140743,-0.592030776187507,0.03));
#8710=CARTESIAN_POINT('',(0.0338904123140744,-0.592030776187507,0.));
#8711=CARTESIAN_POINT('Ctrl Pts',(0.0338904123140743,-0.592030776187507,
0.03));
#8712=CARTESIAN_POINT('Ctrl Pts',(0.0384937270484089,-0.582471894646504,
0.0207198249176283));
#8713=CARTESIAN_POINT('Ctrl Pts',(0.0429558641478159,-0.573206171485146,
0.0118134665205267));
#8714=CARTESIAN_POINT('Origin',(0.,0.,0.));
#8715=CARTESIAN_POINT('',(0.010446867462905,-0.592907971746217,0.03));
#8716=CARTESIAN_POINT('',(0.0104468674629051,-0.592907971746217,0.));
#8717=CARTESIAN_POINT('Origin',(0.,0.,0.03));
#8718=CARTESIAN_POINT('Origin',(-1.91961582906175E-16,-0.574813466520527,
0.275));
#8719=CARTESIAN_POINT('',(-1.99132683889544E-16,-0.574813466520527,0.0118134665205267));
#8720=CARTESIAN_POINT('',(-1.99132683889544E-16,-0.574813466520527,0.275));
#8721=CARTESIAN_POINT('Ctrl Pts',(-1.99132683889544E-16,-0.574813466520527,
0.0118134665205267));
#8722=CARTESIAN_POINT('Ctrl Pts',(0.00514208841806993,-0.583719824917636,
0.0207198249176355));
#8723=CARTESIAN_POINT('Ctrl Pts',(0.010446867462905,-0.592907971746217,
0.03));
#8724=CARTESIAN_POINT('Origin',(-0.0104468674629052,-0.592907971746217,
0.275));
#8725=CARTESIAN_POINT('',(-0.0104468674629052,-0.592907971746217,0.03));
#8726=CARTESIAN_POINT('',(-0.0104468674629053,-0.592907971746217,0.));
#8727=CARTESIAN_POINT('Ctrl Pts',(-0.0104468674629052,-0.592907971746217,
0.03));
#8728=CARTESIAN_POINT('Ctrl Pts',(-0.00514208841806087,-0.583719824917619,
0.0207198249176194));
#8729=CARTESIAN_POINT('Ctrl Pts',(-1.99132683889544E-16,-0.574813466520527,
0.0118134665205267));
#8730=CARTESIAN_POINT('Origin',(0.,0.,0.));
#8731=CARTESIAN_POINT('',(-0.0338904123140743,-0.592030776187507,0.03));
#8732=CARTESIAN_POINT('',(-0.0338904123140742,-0.592030776187507,0.));
#8733=CARTESIAN_POINT('Origin',(0.,0.,0.03));
#8734=CARTESIAN_POINT('Origin',(-0.042955864147816,-0.573206171485146,0.275));
#8735=CARTESIAN_POINT('',(-0.042955864147816,-0.573206171485146,0.0118134665205267));
#8736=CARTESIAN_POINT('',(-0.042955864147816,-0.573206171485146,0.275));
#8737=CARTESIAN_POINT('Ctrl Pts',(-0.042955864147816,-0.573206171485146,
0.0118134665205267));
#8738=CARTESIAN_POINT('Ctrl Pts',(-0.0384937270484267,-0.582471894646467,
0.0207198249175929));
#8739=CARTESIAN_POINT('Ctrl Pts',(-0.0338904123140743,-0.592030776187507,
0.03));
#8740=CARTESIAN_POINT('Origin',(-0.0547257241193893,-0.590469385421131,
0.275));
#8741=CARTESIAN_POINT('',(-0.0547257241193893,-0.590469385421131,0.03));
#8742=CARTESIAN_POINT('',(-0.0547257241193893,-0.590469385421131,0.));
#8743=CARTESIAN_POINT('Ctrl Pts',(-0.0547257241193893,-0.590469385421131,
0.03));
#8744=CARTESIAN_POINT('Ctrl Pts',(-0.048749147240251,-0.581703357149035,
0.0207198249175803));
#8745=CARTESIAN_POINT('Ctrl Pts',(-0.042955864147816,-0.573206171485146,
0.0118134665205267));
#8746=CARTESIAN_POINT('Origin',(0.,0.,0.));
#8747=CARTESIAN_POINT('',(-0.0780381631581664,-0.58784270437839,0.03));
#8748=CARTESIAN_POINT('',(-0.0780381631581663,-0.58784270437839,0.));
#8749=CARTESIAN_POINT('Origin',(0.,0.,0.03));
#8750=CARTESIAN_POINT('Origin',(-0.0856715016788019,-0.568393275024823,
0.275));
#8751=CARTESIAN_POINT('',(-0.0856715016788019,-0.568393275024823,0.0118134665205267));
#8752=CARTESIAN_POINT('',(-0.0856715016788019,-0.568393275024823,0.275));
#8753=CARTESIAN_POINT('Ctrl Pts',(-0.0856715016788019,-0.568393275024823,
0.0118134665205267));
#8754=CARTESIAN_POINT('Ctrl Pts',(-0.0819142699787467,-0.577966545267935,
0.0207198249175753));
#8755=CARTESIAN_POINT('Ctrl Pts',(-0.0780381631581664,-0.58784270437839,
0.03));
#8756=CARTESIAN_POINT('Origin',(-0.0986985323277842,-0.584728654776163,
0.275));
#8757=CARTESIAN_POINT('',(-0.0986985323277842,-0.584728654776163,0.03));
#8758=CARTESIAN_POINT('',(-0.0986985323277841,-0.584728654776163,0.));
#8759=CARTESIAN_POINT('Ctrl Pts',(-0.0986985323277841,-0.584728654776163,
0.03));
#8760=CARTESIAN_POINT('Ctrl Pts',(-0.0920835810566378,-0.576433768246574,
0.0207198249176226));
#8761=CARTESIAN_POINT('Ctrl Pts',(-0.0856715016788019,-0.568393275024823,
0.0118134665205267));
#8762=CARTESIAN_POINT('Origin',(0.,0.,0.));
#8763=CARTESIAN_POINT('',(-0.121749492938662,-0.580367177715262,0.03));
#8764=CARTESIAN_POINT('',(-0.121749492938662,-0.580367177715262,0.));
#8765=CARTESIAN_POINT('Origin',(0.,0.,0.03));
#8766=CARTESIAN_POINT('Origin',(-0.127908029420814,-0.560401692808854,0.275));
#8767=CARTESIAN_POINT('',(-0.127908029420814,-0.560401692808854,0.0118134665205267));
#8768=CARTESIAN_POINT('',(-0.127908029420814,-0.560401692808854,0.275));
#8769=CARTESIAN_POINT('Ctrl Pts',(-0.127908029420814,-0.560401692808854,
0.0118134665205267));
#8770=CARTESIAN_POINT('Ctrl Pts',(-0.124876715083807,-0.570228972523358,
0.0207198249176295));
#8771=CARTESIAN_POINT('Ctrl Pts',(-0.121749492938662,-0.580367177715262,
0.03));
#8772=CARTESIAN_POINT('Origin',(-0.142119378307563,-0.575717884305735,0.275));
#8773=CARTESIAN_POINT('',(-0.142119378307563,-0.575717884305735,0.03));
#8774=CARTESIAN_POINT('',(-0.142119378307563,-0.575717884305735,0.));
#8775=CARTESIAN_POINT('Ctrl Pts',(-0.142119378307562,-0.575717884305735,
0.03));
#8776=CARTESIAN_POINT('Ctrl Pts',(-0.134903046135168,-0.56794052788881,
0.0207198249176298));
#8777=CARTESIAN_POINT('Ctrl Pts',(-0.127908029420814,-0.560401692808854,
0.0118134665205267));
#8778=CARTESIAN_POINT('Origin',(0.,0.,0.));
#8779=CARTESIAN_POINT('',(-0.164779950168467,-0.569646002375578,0.03));
#8780=CARTESIAN_POINT('',(-0.164779950168467,-0.569646002375578,0.));
#8781=CARTESIAN_POINT('Origin',(0.,0.,0.03));
#8782=CARTESIAN_POINT('Origin',(-0.169429243577994,-0.549276117006677,0.275));
#8783=CARTESIAN_POINT('',(-0.169429243577994,-0.549276117006677,0.0118134665205267));
#8784=CARTESIAN_POINT('',(-0.169429243577994,-0.549276117006677,0.275));
#8785=CARTESIAN_POINT('Ctrl Pts',(-0.169429243577994,-0.549276117006677,
0.0118134665205267));
#8786=CARTESIAN_POINT('Ctrl Pts',(-0.167140798943459,-0.559302448057982,
0.0207198249175799));
#8787=CARTESIAN_POINT('Ctrl Pts',(-0.164779950168467,-0.569646002375578,
0.03));
#8788=CARTESIAN_POINT('Origin',(-0.184745435074876,-0.563487465893426,0.275));
#8789=CARTESIAN_POINT('',(-0.184745435074876,-0.563487465893426,0.03));
#8790=CARTESIAN_POINT('',(-0.184745435074876,-0.563487465893426,0.));
#8791=CARTESIAN_POINT('Ctrl Pts',(-0.184745435074876,-0.563487465893426,
0.03));
#8792=CARTESIAN_POINT('Ctrl Pts',(-0.176968078657928,-0.55627113372101,
0.0207198249176028));
#8793=CARTESIAN_POINT('Ctrl Pts',(-0.169429243577994,-0.549276117006677,
0.0118134665205267));
#8794=CARTESIAN_POINT('Origin',(0.,0.,0.));
#8795=CARTESIAN_POINT('',(-0.206888891075981,-0.55573913552075,0.03));
#8796=CARTESIAN_POINT('',(-0.206888891075981,-0.55573913552075,0.));
#8797=CARTESIAN_POINT('Origin',(0.,0.,0.03));
#8798=CARTESIAN_POINT('Origin',(-0.210002940678208,-0.535078766351132,0.275));
#8799=CARTESIAN_POINT('',(-0.210002940678208,-0.535078766351132,0.0118134665205267));
#8800=CARTESIAN_POINT('',(-0.210002940678208,-0.535078766351132,0.275));
#8801=CARTESIAN_POINT('Ctrl Pts',(-0.210002940678208,-0.535078766351132,
0.0118134665205267));
#8802=CARTESIAN_POINT('Ctrl Pts',(-0.208470163656805,-0.545248077428979,
0.0207198249175656));
#8803=CARTESIAN_POINT('Ctrl Pts',(-0.206888891075981,-0.55573913552075,
0.03));
#8804=CARTESIAN_POINT('Origin',(-0.226338320429548,-0.548105797000115,0.275));
#8805=CARTESIAN_POINT('',(-0.226338320429548,-0.548105797000115,0.03));
#8806=CARTESIAN_POINT('',(-0.226338320429548,-0.548105797000115,0.));
#8807=CARTESIAN_POINT('Ctrl Pts',(-0.226338320429548,-0.548105797000115,
0.03));
#8808=CARTESIAN_POINT('Ctrl Pts',(-0.21804343389995,-0.541490845728961,
0.0207198249176128));
#8809=CARTESIAN_POINT('Ctrl Pts',(-0.210002940678208,-0.535078766351132,
0.0118134665205267));
#8810=CARTESIAN_POINT('Origin',(0.,0.,0.));
#8811=CARTESIAN_POINT('',(-0.247840825382676,-0.538724349991379,0.03));
#8812=CARTESIAN_POINT('',(-0.247840825382676,-0.538724349991379,0.));
#8813=CARTESIAN_POINT('Origin',(0.,0.,0.03));
#8814=CARTESIAN_POINT('Origin',(-0.249402216149052,-0.517889038186064,0.275));
#8815=CARTESIAN_POINT('',(-0.249402216149052,-0.517889038186064,0.0118134665205267));
#8816=CARTESIAN_POINT('',(-0.249402216149052,-0.517889038186064,0.275));
#8817=CARTESIAN_POINT('Ctrl Pts',(-0.249402216149052,-0.517889038186064,
0.0118134665205267));
#8818=CARTESIAN_POINT('Ctrl Pts',(-0.248633678651629,-0.52814445837792,
0.0207198249176136));
#8819=CARTESIAN_POINT('Ctrl Pts',(-0.247840825382676,-0.538724349991379,
0.03));
#8820=CARTESIAN_POINT('Origin',(-0.266665430085036,-0.529658898157637,0.275));
#8821=CARTESIAN_POINT('',(-0.266665430085036,-0.529658898157637,0.03));
#8822=CARTESIAN_POINT('',(-0.266665430085036,-0.529658898157637,0.));
#8823=CARTESIAN_POINT('Ctrl Pts',(-0.266665430085036,-0.529658898157637,
0.03));
#8824=CARTESIAN_POINT('Ctrl Pts',(-0.257899401812984,-0.523682321278529,
0.0207198249176263));
#8825=CARTESIAN_POINT('Ctrl Pts',(-0.249402216149052,-0.517889038186064,
0.0118134665205267));
#8826=CARTESIAN_POINT('Origin',(0.,0.,0.));
#8827=CARTESIAN_POINT('',(-0.287406733260263,-0.518696799369982,0.03));
#8828=CARTESIAN_POINT('',(-0.287406733260263,-0.518696799369982,0.));
#8829=CARTESIAN_POINT('Origin',(0.,0.,0.03));
#8830=CARTESIAN_POINT('Origin',(-0.287406733260263,-0.497803064444172,0.275));
#8831=CARTESIAN_POINT('',(-0.287406733260263,-0.497803064444172,0.0118134665205267));
#8832=CARTESIAN_POINT('',(-0.287406733260263,-0.497803064444172,0.275));
#8833=CARTESIAN_POINT('Ctrl Pts',(-0.287406733260263,-0.497803064444172,
0.0118134665205267));
#8834=CARTESIAN_POINT('Ctrl Pts',(-0.287406733260263,-0.508087241280296,
0.0207198249176217));
#8835=CARTESIAN_POINT('Ctrl Pts',(-0.287406733260263,-0.518696799369982,
0.03));
#8836=CARTESIAN_POINT('Origin',(-0.305501238485953,-0.508249931907077,0.275));
#8837=CARTESIAN_POINT('',(-0.305501238485953,-0.508249931907077,0.03));
#8838=CARTESIAN_POINT('',(-0.305501238485953,-0.508249931907077,0.));
#8839=CARTESIAN_POINT('Ctrl Pts',(-0.305501238485953,-0.508249931907077,
0.03));
#8840=CARTESIAN_POINT('Ctrl Pts',(-0.296313091657316,-0.50294515286221,
0.0207198249175798));
#8841=CARTESIAN_POINT('Ctrl Pts',(-0.287406733260263,-0.497803064444172,
0.0118134665205267));
#8842=CARTESIAN_POINT('Origin',(0.,0.,0.));
#8843=CARTESIAN_POINT('',(-0.325365346102471,-0.495768485843563,0.03));
#8844=CARTESIAN_POINT('',(-0.325365346102471,-0.495768485843563,0.));
#8845=CARTESIAN_POINT('Origin',(0.,0.,0.03));
#8846=CARTESIAN_POINT('Origin',(-0.323803955336095,-0.474933174038248,0.275));
#8847=CARTESIAN_POINT('',(-0.323803955336095,-0.474933174038248,0.0118134665205267));
#8848=CARTESIAN_POINT('',(-0.323803955336095,-0.474933174038248,0.275));
#8849=CARTESIAN_POINT('Ctrl Pts',(-0.323803955336095,-0.474933174038248,
0.0118134665205267));
#8850=CARTESIAN_POINT('Ctrl Pts',(-0.324572492833516,-0.485188594230094,
0.0207198249176043));
#8851=CARTESIAN_POINT('Ctrl Pts',(-0.32536534610247,-0.495768485843563,
0.03));
#8852=CARTESIAN_POINT('Origin',(-0.342628560038455,-0.48399862587199,0.275));
#8853=CARTESIAN_POINT('',(-0.342628560038455,-0.48399862587199,0.03));
#8854=CARTESIAN_POINT('',(-0.342628560038455,-0.48399862587199,0.));
#8855=CARTESIAN_POINT('Ctrl Pts',(-0.342628560038455,-0.48399862587199,
0.03));
#8856=CARTESIAN_POINT('Ctrl Pts',(-0.333069678497422,-0.47939531113764,
0.0207198249175985));
#8857=CARTESIAN_POINT('Ctrl Pts',(-0.323803955336095,-0.474933174038248,
0.0118134665205267));
#8858=CARTESIAN_POINT('Origin',(0.,0.,0.));
#8859=CARTESIAN_POINT('',(-0.361504383948842,-0.470067633841948,0.03));
#8860=CARTESIAN_POINT('',(-0.361504383948842,-0.470067633841948,0.));
#8861=CARTESIAN_POINT('Origin',(0.,0.,0.03));
#8862=CARTESIAN_POINT('Origin',(-0.358390334346615,-0.44940726467233,0.275));
#8863=CARTESIAN_POINT('',(-0.358390334346615,-0.44940726467233,0.0118134665205267));
#8864=CARTESIAN_POINT('',(-0.358390334346615,-0.44940726467233,0.275));
#8865=CARTESIAN_POINT('Ctrl Pts',(-0.358390334346615,-0.44940726467233,
0.0118134665205267));
#8866=CARTESIAN_POINT('Ctrl Pts',(-0.359923111368024,-0.459576575750217,
0.0207198249176009));
#8867=CARTESIAN_POINT('Ctrl Pts',(-0.361504383948842,-0.470067633841948,
0.03));
#8868=CARTESIAN_POINT('Origin',(-0.377839763700182,-0.457040603192966,0.275));
#8869=CARTESIAN_POINT('',(-0.377839763700182,-0.457040603192966,0.03));
#8870=CARTESIAN_POINT('',(-0.377839763700182,-0.457040603192966,0.));
#8871=CARTESIAN_POINT('Ctrl Pts',(-0.377839763700182,-0.457040603192966,
0.03));
#8872=CARTESIAN_POINT('Ctrl Pts',(-0.367963604589767,-0.453164496372401,
0.0207198249176112));
#8873=CARTESIAN_POINT('Ctrl Pts',(-0.358390334346615,-0.44940726467233,
0.0118134665205267));
#8874=CARTESIAN_POINT('Origin',(0.,0.,0.));
#8875=CARTESIAN_POINT('',(-0.395621742640386,-0.441737972954764,0.03));
#8876=CARTESIAN_POINT('',(-0.395621742640386,-0.441737972954764,0.));
#8877=CARTESIAN_POINT('Origin',(0.,0.,0.03));
#8878=CARTESIAN_POINT('Origin',(-0.390972449230859,-0.421368087585863,0.275));
#8879=CARTESIAN_POINT('',(-0.390972449230859,-0.421368087585863,0.0118134665205267));
#8880=CARTESIAN_POINT('',(-0.390972449230859,-0.421368087585863,0.275));
#8881=CARTESIAN_POINT('Ctrl Pts',(-0.390972449230859,-0.421368087585863,
0.0118134665205267));
#8882=CARTESIAN_POINT('Ctrl Pts',(-0.39326089386539,-0.431394418637145,
0.0207198249175601));
#8883=CARTESIAN_POINT('Ctrl Pts',(-0.395621742640386,-0.441737972954764,
0.03));
#8884=CARTESIAN_POINT('Origin',(-0.410937934137268,-0.427526624068016,0.275));
#8885=CARTESIAN_POINT('',(-0.410937934137268,-0.427526624068016,0.03));
#8886=CARTESIAN_POINT('',(-0.410937934137268,-0.427526624068016,0.));
#8887=CARTESIAN_POINT('Ctrl Pts',(-0.410937934137268,-0.427526624068016,
0.03));
#8888=CARTESIAN_POINT('Ctrl Pts',(-0.400799728945333,-0.424399401922861,
0.0207198249176014));
#8889=CARTESIAN_POINT('Ctrl Pts',(-0.390972449230859,-0.421368087585863,
0.0118134665205267));
#8890=CARTESIAN_POINT('Origin',(0.,0.,0.));
#8891=CARTESIAN_POINT('',(-0.427526624068016,-0.410937934137268,0.03));
#8892=CARTESIAN_POINT('',(-0.427526624068016,-0.410937934137268,0.));
#8893=CARTESIAN_POINT('Origin',(0.,0.,0.03));
#8894=CARTESIAN_POINT('Origin',(-0.421368087585863,-0.390972449230859,0.275));
#8895=CARTESIAN_POINT('',(-0.421368087585863,-0.390972449230859,0.0118134665205267));
#8896=CARTESIAN_POINT('',(-0.421368087585863,-0.390972449230859,0.275));
#8897=CARTESIAN_POINT('Ctrl Pts',(-0.421368087585863,-0.390972449230859,
0.0118134665205267));
#8898=CARTESIAN_POINT('Ctrl Pts',(-0.424399401922858,-0.400799728945324,
0.020719824917593));
#8899=CARTESIAN_POINT('Ctrl Pts',(-0.427526624068016,-0.410937934137268,
0.03));
#8900=CARTESIAN_POINT('Origin',(-0.441737972954764,-0.395621742640386,0.275));
#8901=CARTESIAN_POINT('',(-0.441737972954764,-0.395621742640386,0.03));
#8902=CARTESIAN_POINT('',(-0.441737972954764,-0.395621742640386,0.));
#8903=CARTESIAN_POINT('Ctrl Pts',(-0.441737972954764,-0.395621742640386,
0.03));
#8904=CARTESIAN_POINT('Ctrl Pts',(-0.431394418637196,-0.393260893865401,
0.0207198249176049));
#8905=CARTESIAN_POINT('Ctrl Pts',(-0.421368087585863,-0.390972449230859,
0.0118134665205267));
#8906=CARTESIAN_POINT('Origin',(0.,0.,0.));
#8907=CARTESIAN_POINT('',(-0.457040603192966,-0.377839763700182,0.03));
#8908=CARTESIAN_POINT('',(-0.457040603192966,-0.377839763700182,0.));
#8909=CARTESIAN_POINT('Origin',(0.,0.,0.03));
#8910=CARTESIAN_POINT('Origin',(-0.449407264672331,-0.358390334346615,0.275));
#8911=CARTESIAN_POINT('',(-0.449407264672331,-0.358390334346615,0.0118134665205267));
#8912=CARTESIAN_POINT('',(-0.449407264672331,-0.358390334346615,0.275));
#8913=CARTESIAN_POINT('Ctrl Pts',(-0.449407264672331,-0.358390334346615,
0.0118134665205267));
#8914=CARTESIAN_POINT('Ctrl Pts',(-0.453164496372388,-0.367963604589733,
0.02071982491758));
#8915=CARTESIAN_POINT('Ctrl Pts',(-0.457040603192966,-0.377839763700182,
0.03));
#8916=CARTESIAN_POINT('Origin',(-0.470067633841948,-0.361504383948842,0.275));
#8917=CARTESIAN_POINT('',(-0.470067633841948,-0.361504383948842,0.03));
#8918=CARTESIAN_POINT('',(-0.470067633841948,-0.361504383948842,0.));
#8919=CARTESIAN_POINT('Ctrl Pts',(-0.470067633841948,-0.361504383948842,
0.03));
#8920=CARTESIAN_POINT('Ctrl Pts',(-0.459576575750241,-0.359923111368027,
0.020719824917622));
#8921=CARTESIAN_POINT('Ctrl Pts',(-0.449407264672331,-0.358390334346615,
0.0118134665205267));
#8922=CARTESIAN_POINT('Origin',(0.,0.,0.));
#8923=CARTESIAN_POINT('',(-0.48399862587199,-0.342628560038455,0.03));
#8924=CARTESIAN_POINT('',(-0.48399862587199,-0.342628560038455,0.));
#8925=CARTESIAN_POINT('Origin',(0.,0.,0.03));
#8926=CARTESIAN_POINT('Origin',(-0.474933174038248,-0.323803955336095,0.275));
#8927=CARTESIAN_POINT('',(-0.474933174038248,-0.323803955336095,0.0118134665205267));
#8928=CARTESIAN_POINT('',(-0.474933174038248,-0.323803955336095,0.275));
#8929=CARTESIAN_POINT('Ctrl Pts',(-0.474933174038248,-0.323803955336095,
0.0118134665205267));
#8930=CARTESIAN_POINT('Ctrl Pts',(-0.479395311137643,-0.333069678497427,
0.020719824917603));
#8931=CARTESIAN_POINT('Ctrl Pts',(-0.48399862587199,-0.342628560038455,
0.03));
#8932=CARTESIAN_POINT('Origin',(-0.495768485843563,-0.325365346102471,0.275));
#8933=CARTESIAN_POINT('',(-0.495768485843563,-0.325365346102471,0.03));
#8934=CARTESIAN_POINT('',(-0.495768485843563,-0.325365346102471,0.));
#8935=CARTESIAN_POINT('Ctrl Pts',(-0.495768485843563,-0.325365346102471,
0.03));
#8936=CARTESIAN_POINT('Ctrl Pts',(-0.485188594230122,-0.324572492833518,
0.0207198249176289));
#8937=CARTESIAN_POINT('Ctrl Pts',(-0.474933174038248,-0.323803955336095,
0.0118134665205267));
#8938=CARTESIAN_POINT('Origin',(0.,0.,0.));
#8939=CARTESIAN_POINT('',(-0.508249931907077,-0.305501238485953,0.03));
#8940=CARTESIAN_POINT('',(-0.508249931907077,-0.305501238485953,0.));
#8941=CARTESIAN_POINT('Origin',(0.,0.,0.03));
#8942=CARTESIAN_POINT('Origin',(-0.497803064444172,-0.287406733260263,0.275));
#8943=CARTESIAN_POINT('',(-0.497803064444172,-0.287406733260263,0.0118134665205267));
#8944=CARTESIAN_POINT('',(-0.497803064444172,-0.287406733260263,0.275));
#8945=CARTESIAN_POINT('Ctrl Pts',(-0.497803064444172,-0.287406733260263,
0.0118134665205267));
#8946=CARTESIAN_POINT('Ctrl Pts',(-0.502945152862211,-0.296313091657318,
0.0207198249175811));
#8947=CARTESIAN_POINT('Ctrl Pts',(-0.508249931907077,-0.305501238485953,
0.0300000000000001));
#8948=CARTESIAN_POINT('Origin',(-0.518696799369982,-0.287406733260263,0.275));
#8949=CARTESIAN_POINT('',(-0.518696799369982,-0.287406733260263,0.03));
#8950=CARTESIAN_POINT('',(-0.518696799369982,-0.287406733260263,0.));
#8951=CARTESIAN_POINT('Ctrl Pts',(-0.518696799369982,-0.287406733260263,
0.03));
#8952=CARTESIAN_POINT('Ctrl Pts',(-0.508087241280301,-0.287406733260263,
0.0207198249176261));
#8953=CARTESIAN_POINT('Ctrl Pts',(-0.497803064444172,-0.287406733260263,
0.0118134665205267));
#8954=CARTESIAN_POINT('Origin',(0.,0.,0.));
#8955=CARTESIAN_POINT('',(-0.529658898157637,-0.266665430085036,0.03));
#8956=CARTESIAN_POINT('',(-0.529658898157637,-0.266665430085036,0.));
#8957=CARTESIAN_POINT('Origin',(0.,0.,0.03));
#8958=CARTESIAN_POINT('Origin',(-0.517889038186064,-0.249402216149051,0.275));
#8959=CARTESIAN_POINT('',(-0.517889038186064,-0.249402216149051,0.0118134665205267));
#8960=CARTESIAN_POINT('',(-0.517889038186064,-0.249402216149051,0.275));
#8961=CARTESIAN_POINT('Ctrl Pts',(-0.517889038186064,-0.249402216149051,
0.0118134665205267));
#8962=CARTESIAN_POINT('Ctrl Pts',(-0.523682321278513,-0.25789940181296,
0.0207198249176016));
#8963=CARTESIAN_POINT('Ctrl Pts',(-0.529658898157637,-0.266665430085036,
0.03));
#8964=CARTESIAN_POINT('Origin',(-0.538724349991379,-0.247840825382676,0.275));
#8965=CARTESIAN_POINT('',(-0.538724349991379,-0.247840825382676,0.03));
#8966=CARTESIAN_POINT('',(-0.538724349991379,-0.247840825382676,0.));
#8967=CARTESIAN_POINT('Ctrl Pts',(-0.538724349991379,-0.247840825382676,
0.03));
#8968=CARTESIAN_POINT('Ctrl Pts',(-0.528144458377942,-0.248633678651627,
0.0207198249176322));
#8969=CARTESIAN_POINT('Ctrl Pts',(-0.517889038186064,-0.249402216149051,
0.0118134665205267));
#8970=CARTESIAN_POINT('Origin',(0.,0.,0.));
#8971=CARTESIAN_POINT('',(-0.548105797000115,-0.226338320429548,0.03));
#8972=CARTESIAN_POINT('',(-0.548105797000115,-0.226338320429548,0.));
#8973=CARTESIAN_POINT('Origin',(0.,0.,0.03));
#8974=CARTESIAN_POINT('Origin',(-0.535078766351132,-0.210002940678208,0.275));
#8975=CARTESIAN_POINT('',(-0.535078766351132,-0.210002940678208,0.0118134665205267));
#8976=CARTESIAN_POINT('',(-0.535078766351132,-0.210002940678208,0.275));
#8977=CARTESIAN_POINT('Ctrl Pts',(-0.535078766351132,-0.210002940678208,
0.0118134665205267));
#8978=CARTESIAN_POINT('Ctrl Pts',(-0.541490845728959,-0.218043433899947,
0.0207198249176092));
#8979=CARTESIAN_POINT('Ctrl Pts',(-0.548105797000115,-0.226338320429548,
0.03));
#8980=CARTESIAN_POINT('Origin',(-0.55573913552075,-0.206888891075981,0.275));
#8981=CARTESIAN_POINT('',(-0.55573913552075,-0.206888891075981,0.03));
#8982=CARTESIAN_POINT('',(-0.55573913552075,-0.206888891075981,0.));
#8983=CARTESIAN_POINT('Ctrl Pts',(-0.55573913552075,-0.206888891075981,
0.03));
#8984=CARTESIAN_POINT('Ctrl Pts',(-0.54524807742902,-0.208470163656799,
0.0207198249176023));
#8985=CARTESIAN_POINT('Ctrl Pts',(-0.535078766351132,-0.210002940678208,
0.0118134665205267));
#8986=CARTESIAN_POINT('Origin',(0.,0.,0.));
#8987=CARTESIAN_POINT('',(-0.563487465893426,-0.184745435074876,0.03));
#8988=CARTESIAN_POINT('',(-0.563487465893426,-0.184745435074876,0.));
#8989=CARTESIAN_POINT('Origin',(0.,0.,0.03));
#8990=CARTESIAN_POINT('Origin',(-0.549276117006677,-0.169429243577994,0.275));
#8991=CARTESIAN_POINT('',(-0.549276117006677,-0.169429243577994,0.0118134665205267));
#8992=CARTESIAN_POINT('',(-0.549276117006677,-0.169429243577994,0.275));
#8993=CARTESIAN_POINT('Ctrl Pts',(-0.549276117006677,-0.169429243577994,
0.0118134665205267));
#8994=CARTESIAN_POINT('Ctrl Pts',(-0.556271133721002,-0.17696807865792,
0.0207198249175929));
#8995=CARTESIAN_POINT('Ctrl Pts',(-0.563487465893426,-0.184745435074876,
0.03));
#8996=CARTESIAN_POINT('Origin',(-0.569646002375578,-0.164779950168467,0.275));
#8997=CARTESIAN_POINT('',(-0.569646002375578,-0.164779950168467,0.03));
#8998=CARTESIAN_POINT('',(-0.569646002375578,-0.164779950168467,0.));
#8999=CARTESIAN_POINT('Ctrl Pts',(-0.569646002375578,-0.164779950168467,
0.03));
#9000=CARTESIAN_POINT('Ctrl Pts',(-0.559302448058004,-0.167140798943454,
0.0207198249175997));
#9001=CARTESIAN_POINT('Ctrl Pts',(-0.549276117006677,-0.169429243577994,
0.0118134665205267));
#9002=CARTESIAN_POINT('Origin',(0.,0.,0.));
#9003=CARTESIAN_POINT('',(-0.575717884305735,-0.142119378307562,0.03));
#9004=CARTESIAN_POINT('',(-0.575717884305735,-0.142119378307563,0.));
#9005=CARTESIAN_POINT('Origin',(0.,0.,0.03));
#9006=CARTESIAN_POINT('Origin',(-0.560401692808854,-0.127908029420814,0.275));
#9007=CARTESIAN_POINT('',(-0.560401692808854,-0.127908029420814,0.0118134665205267));
#9008=CARTESIAN_POINT('',(-0.560401692808854,-0.127908029420814,0.275));
#9009=CARTESIAN_POINT('Ctrl Pts',(-0.560401692808854,-0.127908029420814,
0.0118134665205267));
#9010=CARTESIAN_POINT('Ctrl Pts',(-0.56794052788877,-0.13490304613513,0.020719824917582));
#9011=CARTESIAN_POINT('Ctrl Pts',(-0.575717884305735,-0.142119378307562,
0.03));
#9012=CARTESIAN_POINT('Origin',(-0.580367177715262,-0.121749492938662,0.275));
#9013=CARTESIAN_POINT('',(-0.580367177715262,-0.121749492938662,0.03));
#9014=CARTESIAN_POINT('',(-0.580367177715262,-0.121749492938662,0.));
#9015=CARTESIAN_POINT('Ctrl Pts',(-0.580367177715262,-0.121749492938662,
0.03));
#9016=CARTESIAN_POINT('Ctrl Pts',(-0.570228972523358,-0.124876715083807,
0.0207198249176291));
#9017=CARTESIAN_POINT('Ctrl Pts',(-0.560401692808854,-0.127908029420814,
0.0118134665205267));
#9018=CARTESIAN_POINT('Origin',(0.,0.,0.));
#9019=CARTESIAN_POINT('',(-0.584728654776163,-0.0986985323277842,0.03));
#9020=CARTESIAN_POINT('',(-0.584728654776163,-0.0986985323277843,0.));
#9021=CARTESIAN_POINT('Origin',(0.,0.,0.03));
#9022=CARTESIAN_POINT('Origin',(-0.568393275024823,-0.0856715016788018,
0.275));
#9023=CARTESIAN_POINT('',(-0.568393275024823,-0.0856715016788018,0.0118134665205267));
#9024=CARTESIAN_POINT('',(-0.568393275024823,-0.0856715016788018,0.275));
#9025=CARTESIAN_POINT('Ctrl Pts',(-0.568393275024823,-0.0856715016788018,
0.0118134665205267));
#9026=CARTESIAN_POINT('Ctrl Pts',(-0.576433768246554,-0.0920835810566217,
0.0207198249176002));
#9027=CARTESIAN_POINT('Ctrl Pts',(-0.584728654776163,-0.0986985323277843,
0.03));
#9028=CARTESIAN_POINT('Origin',(-0.58784270437839,-0.0780381631581665,0.275));
#9029=CARTESIAN_POINT('',(-0.58784270437839,-0.0780381631581665,0.03));
#9030=CARTESIAN_POINT('',(-0.58784270437839,-0.0780381631581665,0.));
#9031=CARTESIAN_POINT('Ctrl Pts',(-0.58784270437839,-0.0780381631581665,
0.03));
#9032=CARTESIAN_POINT('Ctrl Pts',(-0.577966545267999,-0.0819142699787218,
0.0207198249176344));
#9033=CARTESIAN_POINT('Ctrl Pts',(-0.568393275024823,-0.0856715016788018,
0.0118134665205267));
#9034=CARTESIAN_POINT('Origin',(0.,0.,0.));
#9035=CARTESIAN_POINT('',(-0.590469385421131,-0.0547257241193893,0.03));
#9036=CARTESIAN_POINT('',(-0.590469385421131,-0.0547257241193893,0.));
#9037=CARTESIAN_POINT('Origin',(0.,0.,0.03));
#9038=CARTESIAN_POINT('Origin',(-0.573206171485146,-0.0429558641478158,
0.275));
#9039=CARTESIAN_POINT('',(-0.573206171485146,-0.0429558641478158,0.0118134665205267));
#9040=CARTESIAN_POINT('',(-0.573206171485146,-0.0429558641478158,0.275));
#9041=CARTESIAN_POINT('Ctrl Pts',(-0.573206171485146,-0.0429558641478158,
0.0118134665205267));
#9042=CARTESIAN_POINT('Ctrl Pts',(-0.581703357149078,-0.0487491472402801,
0.0207198249176251));
#9043=CARTESIAN_POINT('Ctrl Pts',(-0.590469385421131,-0.0547257241193893,
0.03));
#9044=CARTESIAN_POINT('Origin',(-0.592030776187507,-0.0338904123140742,
0.275));
#9045=CARTESIAN_POINT('',(-0.592030776187507,-0.0338904123140742,0.03));
#9046=CARTESIAN_POINT('',(-0.592030776187507,-0.0338904123140743,0.));
#9047=CARTESIAN_POINT('Ctrl Pts',(-0.592030776187507,-0.0338904123140743,
0.03));
#9048=CARTESIAN_POINT('Ctrl Pts',(-0.582471894646479,-0.0384937270484209,
0.020719824917604));
#9049=CARTESIAN_POINT('Ctrl Pts',(-0.573206171485146,-0.0429558641478158,
0.0118134665205267));
#9050=CARTESIAN_POINT('Origin',(0.,0.,0.));
#9051=CARTESIAN_POINT('',(-0.592907971746217,-0.0104468674629051,0.03));
#9052=CARTESIAN_POINT('',(-0.592907971746217,-0.0104468674629051,0.));
#9053=CARTESIAN_POINT('Origin',(0.,0.,0.03));
#9054=CARTESIAN_POINT('Origin',(-0.574813466520527,1.56764409312118E-16,
0.275));
#9055=CARTESIAN_POINT('',(-0.574813466520527,1.63935510295486E-16,0.0118134665205267));
#9056=CARTESIAN_POINT('',(-0.574813466520527,1.63935510295486E-16,0.275));
#9057=CARTESIAN_POINT('Ctrl Pts',(-0.574813466520527,1.63935510295486E-16,
0.0118134665205267));
#9058=CARTESIAN_POINT('Ctrl Pts',(-0.583719824917587,-0.00514208841804218,
0.0207198249175873));
#9059=CARTESIAN_POINT('Ctrl Pts',(-0.592907971746216,-0.010446867462905,
0.03));
#9060=CARTESIAN_POINT('Origin',(-0.592907971746217,0.0104468674629052,0.275));
#9061=CARTESIAN_POINT('',(-0.592907971746217,0.0104468674629052,0.03));
#9062=CARTESIAN_POINT('',(-0.592907971746217,0.0104468674629052,0.));
#9063=CARTESIAN_POINT('Ctrl Pts',(-0.592907971746217,0.0104468674629051,
0.03));
#9064=CARTESIAN_POINT('Ctrl Pts',(-0.58371982491762,0.0051420884180613,
0.0207198249176202));
#9065=CARTESIAN_POINT('Ctrl Pts',(-0.574813466520527,1.63935510295486E-16,
0.0118134665205267));
#9066=CARTESIAN_POINT('Origin',(0.,0.,0.));
#9067=CARTESIAN_POINT('',(-0.592030776187507,0.0338904123140742,0.03));
#9068=CARTESIAN_POINT('',(-0.592030776187507,0.0338904123140742,0.));
#9069=CARTESIAN_POINT('Origin',(0.,0.,0.03));
#9070=CARTESIAN_POINT('Origin',(-0.573206171485146,0.042955864147816,0.275));
#9071=CARTESIAN_POINT('',(-0.573206171485146,0.042955864147816,0.0118134665205267));
#9072=CARTESIAN_POINT('',(-0.573206171485146,0.042955864147816,0.275));
#9073=CARTESIAN_POINT('Ctrl Pts',(-0.573206171485146,0.042955864147816,
0.0118134665205267));
#9074=CARTESIAN_POINT('Ctrl Pts',(-0.582471894646504,0.0384937270484091,
0.0207198249176279));
#9075=CARTESIAN_POINT('Ctrl Pts',(-0.592030776187507,0.0338904123140743,
0.03));
#9076=CARTESIAN_POINT('Origin',(-0.590469385421131,0.0547257241193893,0.275));
#9077=CARTESIAN_POINT('',(-0.590469385421131,0.0547257241193893,0.03));
#9078=CARTESIAN_POINT('',(-0.590469385421131,0.0547257241193892,0.));
#9079=CARTESIAN_POINT('Ctrl Pts',(-0.590469385421131,0.0547257241193892,
0.03));
#9080=CARTESIAN_POINT('Ctrl Pts',(-0.581703357149061,0.0487491472402685,
0.0207198249176072));
#9081=CARTESIAN_POINT('Ctrl Pts',(-0.573206171485146,0.042955864147816,
0.0118134665205267));
#9082=CARTESIAN_POINT('Origin',(0.,0.,0.));
#9083=CARTESIAN_POINT('',(-0.58784270437839,0.0780381631581665,0.03));
#9084=CARTESIAN_POINT('',(-0.58784270437839,0.0780381631581664,0.));
#9085=CARTESIAN_POINT('Origin',(0.,0.,0.03));
#9086=CARTESIAN_POINT('Origin',(-0.568393275024823,0.085671501678802,0.275));
#9087=CARTESIAN_POINT('',(-0.568393275024823,0.085671501678802,0.0118134665205267));
#9088=CARTESIAN_POINT('',(-0.568393275024823,0.085671501678802,0.275));
#9089=CARTESIAN_POINT('Ctrl Pts',(-0.568393275024823,0.085671501678802,
0.0118134665205267));
#9090=CARTESIAN_POINT('Ctrl Pts',(-0.577966545267939,0.0819142699787453,
0.0207198249175788));
#9091=CARTESIAN_POINT('Ctrl Pts',(-0.58784270437839,0.0780381631581665,
0.03));
#9092=CARTESIAN_POINT('Origin',(-0.584728654776163,0.0986985323277842,0.275));
#9093=CARTESIAN_POINT('',(-0.584728654776163,0.0986985323277842,0.03));
#9094=CARTESIAN_POINT('',(-0.584728654776163,0.0986985323277842,0.));
#9095=CARTESIAN_POINT('Ctrl Pts',(-0.584728654776163,0.0986985323277842,
0.03));
#9096=CARTESIAN_POINT('Ctrl Pts',(-0.57643376824656,0.0920835810566267,
0.020719824917607));
#9097=CARTESIAN_POINT('Ctrl Pts',(-0.568393275024823,0.085671501678802,
0.0118134665205267));
#9098=CARTESIAN_POINT('Origin',(0.,0.,0.));
#9099=CARTESIAN_POINT('',(-0.580367177715262,0.121749492938662,0.03));
#9100=CARTESIAN_POINT('',(-0.580367177715262,0.121749492938662,0.));
#9101=CARTESIAN_POINT('Origin',(0.,0.,0.03));
#9102=CARTESIAN_POINT('Origin',(-0.560401692808854,0.127908029420814,0.275));
#9103=CARTESIAN_POINT('',(-0.560401692808854,0.127908029420814,0.0118134665205267));
#9104=CARTESIAN_POINT('',(-0.560401692808854,0.127908029420814,0.275));
#9105=CARTESIAN_POINT('Ctrl Pts',(-0.560401692808854,0.127908029420814,
0.0118134665205267));
#9106=CARTESIAN_POINT('Ctrl Pts',(-0.570228972523312,0.124876715083822,
0.0207198249175874));
#9107=CARTESIAN_POINT('Ctrl Pts',(-0.580367177715262,0.121749492938662,
0.03));
#9108=CARTESIAN_POINT('Origin',(-0.575717884305735,0.142119378307563,0.275));
#9109=CARTESIAN_POINT('',(-0.575717884305735,0.142119378307563,0.03));
#9110=CARTESIAN_POINT('',(-0.575717884305735,0.142119378307562,0.));
#9111=CARTESIAN_POINT('Ctrl Pts',(-0.575717884305735,0.142119378307562,
0.03));
#9112=CARTESIAN_POINT('Ctrl Pts',(-0.567940527888795,0.134903046135153,
0.0207198249176117));
#9113=CARTESIAN_POINT('Ctrl Pts',(-0.560401692808854,0.127908029420814,
0.0118134665205267));
#9114=CARTESIAN_POINT('Origin',(0.,0.,0.));
#9115=CARTESIAN_POINT('',(-0.569646002375578,0.164779950168467,0.03));
#9116=CARTESIAN_POINT('',(-0.569646002375578,0.164779950168467,0.));
#9117=CARTESIAN_POINT('Origin',(0.,0.,0.03));
#9118=CARTESIAN_POINT('Origin',(-0.549276117006677,0.169429243577994,0.275));
#9119=CARTESIAN_POINT('',(-0.549276117006677,0.169429243577994,0.0118134665205267));
#9120=CARTESIAN_POINT('',(-0.549276117006677,0.169429243577994,0.275));
#9121=CARTESIAN_POINT('Ctrl Pts',(-0.549276117006677,0.169429243577994,
0.0118134665205267));
#9122=CARTESIAN_POINT('Ctrl Pts',(-0.559302448058033,0.167140798943447,
0.0207198249176252));
#9123=CARTESIAN_POINT('Ctrl Pts',(-0.569646002375578,0.164779950168467,
0.03));
#9124=CARTESIAN_POINT('Origin',(-0.563487465893426,0.184745435074876,0.275));
#9125=CARTESIAN_POINT('',(-0.563487465893426,0.184745435074876,0.03));
#9126=CARTESIAN_POINT('',(-0.563487465893426,0.184745435074876,0.));
#9127=CARTESIAN_POINT('Ctrl Pts',(-0.563487465893426,0.184745435074876,
0.03));
#9128=CARTESIAN_POINT('Ctrl Pts',(-0.556271133720993,0.176968078657911,
0.0207198249175825));
#9129=CARTESIAN_POINT('Ctrl Pts',(-0.549276117006677,0.169429243577994,
0.0118134665205267));
#9130=CARTESIAN_POINT('Origin',(0.,0.,0.));
#9131=CARTESIAN_POINT('',(-0.55573913552075,0.206888891075981,0.03));
#9132=CARTESIAN_POINT('',(-0.55573913552075,0.206888891075981,0.));
#9133=CARTESIAN_POINT('Origin',(0.,0.,0.03));
#9134=CARTESIAN_POINT('Origin',(-0.535078766351132,0.210002940678208,0.275));
#9135=CARTESIAN_POINT('',(-0.535078766351132,0.210002940678208,0.0118134665205267));
#9136=CARTESIAN_POINT('',(-0.535078766351132,0.210002940678208,0.275));
#9137=CARTESIAN_POINT('Ctrl Pts',(-0.535078766351132,0.210002940678208,
0.0118134665205267));
#9138=CARTESIAN_POINT('Ctrl Pts',(-0.545248077428979,0.208470163656805,
0.020719824917566));
#9139=CARTESIAN_POINT('Ctrl Pts',(-0.55573913552075,0.206888891075981,0.03));
#9140=CARTESIAN_POINT('Origin',(-0.548105797000115,0.226338320429548,0.275));
#9141=CARTESIAN_POINT('',(-0.548105797000115,0.226338320429548,0.03));
#9142=CARTESIAN_POINT('',(-0.548105797000115,0.226338320429548,0.));
#9143=CARTESIAN_POINT('Ctrl Pts',(-0.548105797000115,0.226338320429548,
0.03));
#9144=CARTESIAN_POINT('Ctrl Pts',(-0.541490845728963,0.218043433899952,
0.0207198249176146));
#9145=CARTESIAN_POINT('Ctrl Pts',(-0.535078766351132,0.210002940678208,
0.0118134665205267));
#9146=CARTESIAN_POINT('Origin',(0.,0.,0.));
#9147=CARTESIAN_POINT('',(-0.538724349991379,0.247840825382676,0.03));
#9148=CARTESIAN_POINT('',(-0.538724349991379,0.247840825382676,0.));
#9149=CARTESIAN_POINT('Origin',(0.,0.,0.03));
#9150=CARTESIAN_POINT('Origin',(-0.517889038186064,0.249402216149052,0.275));
#9151=CARTESIAN_POINT('',(-0.517889038186064,0.249402216149052,0.0118134665205267));
#9152=CARTESIAN_POINT('',(-0.517889038186064,0.249402216149052,0.275));
#9153=CARTESIAN_POINT('Ctrl Pts',(-0.517889038186064,0.249402216149052,
0.0118134665205267));
#9154=CARTESIAN_POINT('Ctrl Pts',(-0.528144458377918,0.248633678651629,
0.0207198249176114));
#9155=CARTESIAN_POINT('Ctrl Pts',(-0.538724349991379,0.247840825382676,
0.03));
#9156=CARTESIAN_POINT('Origin',(-0.529658898157637,0.266665430085036,0.275));
#9157=CARTESIAN_POINT('',(-0.529658898157637,0.266665430085036,0.03));
#9158=CARTESIAN_POINT('',(-0.529658898157637,0.266665430085036,0.));
#9159=CARTESIAN_POINT('Ctrl Pts',(-0.529658898157637,0.266665430085036,
0.03));
#9160=CARTESIAN_POINT('Ctrl Pts',(-0.523682321278514,0.257899401812962,
0.0207198249176036));
#9161=CARTESIAN_POINT('Ctrl Pts',(-0.517889038186064,0.249402216149052,
0.0118134665205267));
#9162=CARTESIAN_POINT('Origin',(0.,0.,0.));
#9163=CARTESIAN_POINT('',(-0.518696799369982,0.287406733260263,0.03));
#9164=CARTESIAN_POINT('',(-0.518696799369982,0.287406733260263,0.));
#9165=CARTESIAN_POINT('Origin',(0.,0.,0.03));
#9166=CARTESIAN_POINT('Origin',(-0.497803064444172,0.287406733260263,0.275));
#9167=CARTESIAN_POINT('',(-0.497803064444172,0.287406733260263,0.0118134665205267));
#9168=CARTESIAN_POINT('',(-0.497803064444172,0.287406733260263,0.275));
#9169=CARTESIAN_POINT('Ctrl Pts',(-0.497803064444172,0.287406733260263,
0.0118134665205267));
#9170=CARTESIAN_POINT('Ctrl Pts',(-0.508087241280299,0.287406733260263,
0.0207198249176238));
#9171=CARTESIAN_POINT('Ctrl Pts',(-0.518696799369982,0.287406733260263,
0.03));
#9172=CARTESIAN_POINT('Origin',(-0.508249931907077,0.305501238485953,0.275));
#9173=CARTESIAN_POINT('',(-0.508249931907077,0.305501238485953,0.03));
#9174=CARTESIAN_POINT('',(-0.508249931907077,0.305501238485953,0.));
#9175=CARTESIAN_POINT('Ctrl Pts',(-0.508249931907077,0.305501238485953,
0.03));
#9176=CARTESIAN_POINT('Ctrl Pts',(-0.502945152862222,0.296313091657338,
0.0207198249176013));
#9177=CARTESIAN_POINT('Ctrl Pts',(-0.497803064444172,0.287406733260263,
0.0118134665205267));
#9178=CARTESIAN_POINT('Origin',(0.,0.,0.));
#9179=CARTESIAN_POINT('',(-0.495768485843563,0.325365346102471,0.03));
#9180=CARTESIAN_POINT('',(-0.495768485843563,0.325365346102471,0.));
#9181=CARTESIAN_POINT('Origin',(0.,0.,0.03));
#9182=CARTESIAN_POINT('Origin',(-0.474933174038248,0.323803955336095,0.275));
#9183=CARTESIAN_POINT('',(-0.474933174038248,0.323803955336095,0.0118134665205267));
#9184=CARTESIAN_POINT('',(-0.474933174038248,0.323803955336095,0.275));
#9185=CARTESIAN_POINT('Ctrl Pts',(-0.474933174038248,0.323803955336095,
0.0118134665205267));
#9186=CARTESIAN_POINT('Ctrl Pts',(-0.485188594230086,0.324572492833516,
0.0207198249175976));
#9187=CARTESIAN_POINT('Ctrl Pts',(-0.495768485843563,0.325365346102471,
0.03));
#9188=CARTESIAN_POINT('Origin',(-0.48399862587199,0.342628560038455,0.275));
#9189=CARTESIAN_POINT('',(-0.48399862587199,0.342628560038455,0.03));
#9190=CARTESIAN_POINT('',(-0.48399862587199,0.342628560038455,0.));
#9191=CARTESIAN_POINT('Ctrl Pts',(-0.48399862587199,0.342628560038455,0.03));
#9192=CARTESIAN_POINT('Ctrl Pts',(-0.479395311137644,0.333069678497431,
0.0207198249176068));
#9193=CARTESIAN_POINT('Ctrl Pts',(-0.474933174038248,0.323803955336095,
0.0118134665205267));
#9194=CARTESIAN_POINT('Origin',(0.,0.,0.));
#9195=CARTESIAN_POINT('',(-0.470067633841948,0.361504383948842,0.03));
#9196=CARTESIAN_POINT('',(-0.470067633841948,0.361504383948842,0.));
#9197=CARTESIAN_POINT('Origin',(0.,0.,0.03));
#9198=CARTESIAN_POINT('Origin',(-0.44940726467233,0.358390334346615,0.275));
#9199=CARTESIAN_POINT('',(-0.44940726467233,0.358390334346615,0.0118134665205267));
#9200=CARTESIAN_POINT('',(-0.44940726467233,0.358390334346615,0.275));
#9201=CARTESIAN_POINT('Ctrl Pts',(-0.44940726467233,0.358390334346615,0.0118134665205267));
#9202=CARTESIAN_POINT('Ctrl Pts',(-0.459576575750211,0.359923111368023,
0.0207198249175955));
#9203=CARTESIAN_POINT('Ctrl Pts',(-0.470067633841948,0.361504383948842,
0.03));
#9204=CARTESIAN_POINT('Origin',(-0.457040603192966,0.377839763700182,0.275));
#9205=CARTESIAN_POINT('',(-0.457040603192966,0.377839763700182,0.03));
#9206=CARTESIAN_POINT('',(-0.457040603192966,0.377839763700182,0.));
#9207=CARTESIAN_POINT('Ctrl Pts',(-0.457040603192966,0.377839763700182,
0.03));
#9208=CARTESIAN_POINT('Ctrl Pts',(-0.453164496372399,0.367963604589761,
0.0207198249176059));
#9209=CARTESIAN_POINT('Ctrl Pts',(-0.44940726467233,0.358390334346615,0.0118134665205267));
#9210=CARTESIAN_POINT('Origin',(0.,0.,0.));
#9211=CARTESIAN_POINT('',(-0.441737972954764,0.395621742640386,0.03));
#9212=CARTESIAN_POINT('',(-0.441737972954764,0.395621742640386,0.));
#9213=CARTESIAN_POINT('Origin',(0.,0.,0.03));
#9214=CARTESIAN_POINT('Origin',(-0.421368087585863,0.390972449230859,0.275));
#9215=CARTESIAN_POINT('',(-0.421368087585863,0.390972449230859,0.0118134665205267));
#9216=CARTESIAN_POINT('',(-0.421368087585863,0.390972449230859,0.275));
#9217=CARTESIAN_POINT('Ctrl Pts',(-0.421368087585863,0.390972449230859,
0.0118134665205267));
#9218=CARTESIAN_POINT('Ctrl Pts',(-0.431394418637145,0.39326089386539,0.0207198249175601));
#9219=CARTESIAN_POINT('Ctrl Pts',(-0.441737972954764,0.395621742640386,
0.03));
#9220=CARTESIAN_POINT('Origin',(-0.427526624068016,0.410937934137268,0.275));
#9221=CARTESIAN_POINT('',(-0.427526624068016,0.410937934137268,0.03));
#9222=CARTESIAN_POINT('',(-0.427526624068016,0.410937934137268,0.));
#9223=CARTESIAN_POINT('Ctrl Pts',(-0.427526624068016,0.410937934137268,
0.03));
#9224=CARTESIAN_POINT('Ctrl Pts',(-0.424399401922861,0.400799728945333,
0.0207198249176014));
#9225=CARTESIAN_POINT('Ctrl Pts',(-0.421368087585863,0.390972449230859,
0.0118134665205267));
#9226=CARTESIAN_POINT('Origin',(0.,0.,0.));
#9227=CARTESIAN_POINT('',(-0.410937934137268,0.427526624068016,0.03));
#9228=CARTESIAN_POINT('',(-0.410937934137268,0.427526624068016,0.));
#9229=CARTESIAN_POINT('Origin',(0.,0.,0.03));
#9230=CARTESIAN_POINT('Origin',(-0.390972449230859,0.421368087585863,0.275));
#9231=CARTESIAN_POINT('',(-0.390972449230859,0.421368087585863,0.0118134665205267));
#9232=CARTESIAN_POINT('',(-0.390972449230859,0.421368087585863,0.275));
#9233=CARTESIAN_POINT('Ctrl Pts',(-0.390972449230859,0.421368087585863,
0.0118134665205267));
#9234=CARTESIAN_POINT('Ctrl Pts',(-0.40079972894532,0.424399401922857,0.0207198249175898));
#9235=CARTESIAN_POINT('Ctrl Pts',(-0.410937934137268,0.427526624068016,
0.03));
#9236=CARTESIAN_POINT('Origin',(-0.395621742640386,0.441737972954764,0.275));
#9237=CARTESIAN_POINT('',(-0.395621742640386,0.441737972954764,0.03));
#9238=CARTESIAN_POINT('',(-0.395621742640386,0.441737972954764,0.));
#9239=CARTESIAN_POINT('Ctrl Pts',(-0.395621742640386,0.441737972954764,
0.03));
#9240=CARTESIAN_POINT('Ctrl Pts',(-0.393260893865403,0.431394418637202,
0.0207198249176104));
#9241=CARTESIAN_POINT('Ctrl Pts',(-0.390972449230859,0.421368087585863,
0.0118134665205267));
#9242=CARTESIAN_POINT('Origin',(0.,0.,0.));
#9243=CARTESIAN_POINT('',(-0.377839763700182,0.457040603192966,0.03));
#9244=CARTESIAN_POINT('',(-0.377839763700182,0.457040603192966,0.));
#9245=CARTESIAN_POINT('Origin',(0.,0.,0.03));
#9246=CARTESIAN_POINT('Origin',(-0.358390334346615,0.449407264672331,0.275));
#9247=CARTESIAN_POINT('',(-0.358390334346615,0.449407264672331,0.0118134665205267));
#9248=CARTESIAN_POINT('',(-0.358390334346615,0.449407264672331,0.275));
#9249=CARTESIAN_POINT('Ctrl Pts',(-0.358390334346615,0.449407264672331,
0.0118134665205267));
#9250=CARTESIAN_POINT('Ctrl Pts',(-0.367963604589759,0.453164496372398,
0.0207198249176046));
#9251=CARTESIAN_POINT('Ctrl Pts',(-0.377839763700182,0.457040603192966,
0.03));
#9252=CARTESIAN_POINT('Origin',(-0.361504383948842,0.470067633841948,0.275));
#9253=CARTESIAN_POINT('',(-0.361504383948842,0.470067633841948,0.03));
#9254=CARTESIAN_POINT('',(-0.361504383948842,0.470067633841948,0.));
#9255=CARTESIAN_POINT('Ctrl Pts',(-0.361504383948842,0.470067633841948,
0.03));
#9256=CARTESIAN_POINT('Ctrl Pts',(-0.359923111368021,0.459576575750201,
0.0207198249175865));
#9257=CARTESIAN_POINT('Ctrl Pts',(-0.358390334346615,0.449407264672331,
0.0118134665205267));
#9258=CARTESIAN_POINT('Origin',(0.,0.,0.));
#9259=CARTESIAN_POINT('',(-0.342628560038455,0.48399862587199,0.03));
#9260=CARTESIAN_POINT('',(-0.342628560038455,0.48399862587199,0.));
#9261=CARTESIAN_POINT('Origin',(0.,0.,0.03));
#9262=CARTESIAN_POINT('Origin',(-0.323803955336095,0.474933174038248,0.275));
#9263=CARTESIAN_POINT('',(-0.323803955336095,0.474933174038248,0.0118134665205267));
#9264=CARTESIAN_POINT('',(-0.323803955336095,0.474933174038248,0.275));
#9265=CARTESIAN_POINT('Ctrl Pts',(-0.323803955336095,0.474933174038248,
0.0118134665205267));
#9266=CARTESIAN_POINT('Ctrl Pts',(-0.333069678497431,0.479395311137645,
0.0207198249176072));
#9267=CARTESIAN_POINT('Ctrl Pts',(-0.342628560038455,0.48399862587199,0.03));
#9268=CARTESIAN_POINT('Origin',(-0.325365346102471,0.495768485843563,0.275));
#9269=CARTESIAN_POINT('',(-0.325365346102471,0.495768485843563,0.03));
#9270=CARTESIAN_POINT('',(-0.325365346102471,0.495768485843563,0.));
#9271=CARTESIAN_POINT('Ctrl Pts',(-0.325365346102471,0.495768485843563,
0.03));
#9272=CARTESIAN_POINT('Ctrl Pts',(-0.324572492833519,0.485188594230128,
0.0207198249176338));
#9273=CARTESIAN_POINT('Ctrl Pts',(-0.323803955336095,0.474933174038248,
0.0118134665205267));
#9274=CARTESIAN_POINT('Origin',(0.,0.,0.));
#9275=CARTESIAN_POINT('',(-0.305501238485953,0.508249931907077,0.03));
#9276=CARTESIAN_POINT('',(-0.305501238485953,0.508249931907077,0.));
#9277=CARTESIAN_POINT('Origin',(0.,0.,0.03));
#9278=CARTESIAN_POINT('Origin',(-0.287406733260263,0.497803064444172,0.275));
#9279=CARTESIAN_POINT('',(-0.287406733260263,0.497803064444172,0.0118134665205267));
#9280=CARTESIAN_POINT('',(-0.287406733260263,0.497803064444172,0.275));
#9281=CARTESIAN_POINT('Ctrl Pts',(-0.287406733260263,0.497803064444172,
0.0118134665205267));
#9282=CARTESIAN_POINT('Ctrl Pts',(-0.296313091657351,0.50294515286223,0.0207198249176147));
#9283=CARTESIAN_POINT('Ctrl Pts',(-0.305501238485953,0.508249931907077,
0.03));
#9284=CARTESIAN_POINT('Origin',(-0.287406733260263,0.518696799369982,0.275));
#9285=CARTESIAN_POINT('',(-0.287406733260263,0.518696799369982,0.03));
#9286=CARTESIAN_POINT('',(-0.287406733260263,0.518696799369982,0.));
#9287=CARTESIAN_POINT('Ctrl Pts',(-0.287406733260263,0.518696799369982,
0.03));
#9288=CARTESIAN_POINT('Ctrl Pts',(-0.287406733260263,0.508087241280287,
0.0207198249176136));
#9289=CARTESIAN_POINT('Ctrl Pts',(-0.287406733260263,0.497803064444172,
0.0118134665205267));
#9290=CARTESIAN_POINT('Origin',(0.,0.,0.));
#9291=CARTESIAN_POINT('',(-0.266665430085036,0.529658898157637,0.03));
#9292=CARTESIAN_POINT('',(-0.266665430085036,0.529658898157637,0.));
#9293=CARTESIAN_POINT('Origin',(0.,0.,0.03));
#9294=CARTESIAN_POINT('Origin',(-0.249402216149051,0.517889038186064,0.275));
#9295=CARTESIAN_POINT('',(-0.249402216149051,0.517889038186064,0.0118134665205267));
#9296=CARTESIAN_POINT('',(-0.249402216149051,0.517889038186064,0.275));
#9297=CARTESIAN_POINT('Ctrl Pts',(-0.249402216149051,0.517889038186064,
0.0118134665205267));
#9298=CARTESIAN_POINT('Ctrl Pts',(-0.257899401812967,0.523682321278517,
0.0207198249176081));
#9299=CARTESIAN_POINT('Ctrl Pts',(-0.266665430085036,0.529658898157637,
0.03));
#9300=CARTESIAN_POINT('Origin',(-0.247840825382676,0.538724349991379,0.275));
#9301=CARTESIAN_POINT('',(-0.247840825382676,0.538724349991379,0.03));
#9302=CARTESIAN_POINT('',(-0.247840825382676,0.538724349991379,0.));
#9303=CARTESIAN_POINT('Ctrl Pts',(-0.247840825382676,0.538724349991379,
0.03));
#9304=CARTESIAN_POINT('Ctrl Pts',(-0.248633678651629,0.528144458377924,
0.0207198249176168));
#9305=CARTESIAN_POINT('Ctrl Pts',(-0.249402216149051,0.517889038186064,
0.0118134665205267));
#9306=CARTESIAN_POINT('Origin',(0.,0.,0.));
#9307=CARTESIAN_POINT('',(-0.226338320429548,0.548105797000115,0.03));
#9308=CARTESIAN_POINT('',(-0.226338320429548,0.548105797000115,0.));
#9309=CARTESIAN_POINT('Origin',(0.,0.,0.03));
#9310=CARTESIAN_POINT('Origin',(-0.210002940678208,0.535078766351132,0.275));
#9311=CARTESIAN_POINT('',(-0.210002940678208,0.535078766351132,0.0118134665205267));
#9312=CARTESIAN_POINT('',(-0.210002940678208,0.535078766351132,0.275));
#9313=CARTESIAN_POINT('Ctrl Pts',(-0.210002940678208,0.535078766351132,
0.0118134665205267));
#9314=CARTESIAN_POINT('Ctrl Pts',(-0.218043433899947,0.541490845728959,
0.0207198249176092));
#9315=CARTESIAN_POINT('Ctrl Pts',(-0.226338320429548,0.548105797000115,
0.03));
#9316=CARTESIAN_POINT('Origin',(-0.206888891075981,0.55573913552075,0.275));
#9317=CARTESIAN_POINT('',(-0.206888891075981,0.55573913552075,0.03));
#9318=CARTESIAN_POINT('',(-0.206888891075981,0.55573913552075,0.));
#9319=CARTESIAN_POINT('Ctrl Pts',(-0.206888891075981,0.55573913552075,0.03));
#9320=CARTESIAN_POINT('Ctrl Pts',(-0.208470163656799,0.545248077429019,
0.0207198249176015));
#9321=CARTESIAN_POINT('Ctrl Pts',(-0.210002940678208,0.535078766351132,
0.0118134665205267));
#9322=CARTESIAN_POINT('Origin',(0.,0.,0.));
#9323=CARTESIAN_POINT('',(-0.184745435074876,0.563487465893426,0.03));
#9324=CARTESIAN_POINT('',(-0.184745435074876,0.563487465893426,0.));
#9325=CARTESIAN_POINT('Origin',(0.,0.,0.03));
#9326=CARTESIAN_POINT('Origin',(-0.169429243577994,0.549276117006677,0.275));
#9327=CARTESIAN_POINT('',(-0.169429243577994,0.549276117006677,0.0118134665205267));
#9328=CARTESIAN_POINT('',(-0.169429243577994,0.549276117006677,0.275));
#9329=CARTESIAN_POINT('Ctrl Pts',(-0.169429243577994,0.549276117006677,
0.0118134665205267));
#9330=CARTESIAN_POINT('Ctrl Pts',(-0.176968078657912,0.556271133720995,
0.0207198249175845));
#9331=CARTESIAN_POINT('Ctrl Pts',(-0.184745435074876,0.563487465893426,
0.03));
#9332=CARTESIAN_POINT('Origin',(-0.164779950168467,0.569646002375578,0.275));
#9333=CARTESIAN_POINT('',(-0.164779950168467,0.569646002375578,0.03));
#9334=CARTESIAN_POINT('',(-0.164779950168467,0.569646002375578,0.));
#9335=CARTESIAN_POINT('Ctrl Pts',(-0.164779950168467,0.569646002375578,
0.03));
#9336=CARTESIAN_POINT('Ctrl Pts',(-0.167140798943457,0.559302448057988,
0.0207198249175853));
#9337=CARTESIAN_POINT('Ctrl Pts',(-0.169429243577994,0.549276117006677,
0.0118134665205267));
#9338=CARTESIAN_POINT('Origin',(0.,0.,0.));
#9339=CARTESIAN_POINT('',(-0.142119378307562,0.575717884305735,0.03));
#9340=CARTESIAN_POINT('',(-0.142119378307563,0.575717884305735,0.));
#9341=CARTESIAN_POINT('Origin',(0.,0.,0.03));
#9342=CARTESIAN_POINT('Origin',(-0.127908029420814,0.560401692808854,0.275));
#9343=CARTESIAN_POINT('',(-0.127908029420814,0.560401692808854,0.0118134665205267));
#9344=CARTESIAN_POINT('',(-0.127908029420814,0.560401692808854,0.275));
#9345=CARTESIAN_POINT('Ctrl Pts',(-0.127908029420814,0.560401692808854,
0.0118134665205267));
#9346=CARTESIAN_POINT('Ctrl Pts',(-0.134903046135159,0.567940527888802,
0.0207198249176197));
#9347=CARTESIAN_POINT('Ctrl Pts',(-0.142119378307562,0.575717884305735,
0.03));
#9348=CARTESIAN_POINT('Origin',(-0.121749492938662,0.580367177715262,0.275));
#9349=CARTESIAN_POINT('',(-0.121749492938662,0.580367177715262,0.03));
#9350=CARTESIAN_POINT('',(-0.121749492938662,0.580367177715262,0.));
#9351=CARTESIAN_POINT('Ctrl Pts',(-0.121749492938662,0.580367177715262,
0.03));
#9352=CARTESIAN_POINT('Ctrl Pts',(-0.124876715083809,0.570228972523353,
0.0207198249176243));
#9353=CARTESIAN_POINT('Ctrl Pts',(-0.127908029420814,0.560401692808854,
0.0118134665205267));
#9354=CARTESIAN_POINT('Origin',(0.,0.,0.));
#9355=CARTESIAN_POINT('',(-0.0986985323277842,0.584728654776163,0.03));
#9356=CARTESIAN_POINT('',(-0.0986985323277842,0.584728654776163,0.));
#9357=CARTESIAN_POINT('Origin',(0.,0.,0.03));
#9358=CARTESIAN_POINT('Origin',(-0.0856715016788017,0.568393275024823,0.275));
#9359=CARTESIAN_POINT('',(-0.0856715016788017,0.568393275024823,0.0118134665205267));
#9360=CARTESIAN_POINT('',(-0.0856715016788017,0.568393275024823,0.275));
#9361=CARTESIAN_POINT('Ctrl Pts',(-0.0856715016788017,0.568393275024823,
0.0118134665205267));
#9362=CARTESIAN_POINT('Ctrl Pts',(-0.0920835810566163,0.576433768246547,
0.0207198249175929));
#9363=CARTESIAN_POINT('Ctrl Pts',(-0.0986985323277842,0.584728654776163,
0.03));
#9364=CARTESIAN_POINT('Origin',(-0.0780381631581664,0.58784270437839,0.275));
#9365=CARTESIAN_POINT('',(-0.0780381631581664,0.58784270437839,0.03));
#9366=CARTESIAN_POINT('',(-0.0780381631581665,0.58784270437839,0.));
#9367=CARTESIAN_POINT('Ctrl Pts',(-0.0780381631581665,0.58784270437839,
0.03));
#9368=CARTESIAN_POINT('Ctrl Pts',(-0.0819142699787469,0.577966545267935,
0.0207198249175746));
#9369=CARTESIAN_POINT('Ctrl Pts',(-0.0856715016788017,0.568393275024823,
0.0118134665205267));
#9370=CARTESIAN_POINT('Origin',(0.,0.,0.));
#9371=CARTESIAN_POINT('',(-0.0547257241193892,0.590469385421131,0.03));
#9372=CARTESIAN_POINT('',(-0.0547257241193893,0.590469385421131,0.));
#9373=CARTESIAN_POINT('Origin',(0.,0.,0.03));
#9374=CARTESIAN_POINT('Origin',(-0.0429558641478158,0.573206171485146,0.275));
#9375=CARTESIAN_POINT('',(-0.0429558641478158,0.573206171485146,0.0118134665205267));
#9376=CARTESIAN_POINT('',(-0.0429558641478158,0.573206171485146,0.275));
#9377=CARTESIAN_POINT('Ctrl Pts',(-0.0429558641478158,0.573206171485146,
0.0118134665205267));
#9378=CARTESIAN_POINT('Ctrl Pts',(-0.0487491472402687,0.581703357149061,
0.0207198249176078));
#9379=CARTESIAN_POINT('Ctrl Pts',(-0.0547257241193892,0.590469385421131,
0.03));
#9380=CARTESIAN_POINT('Origin',(-0.0338904123140742,0.592030776187507,0.275));
#9381=CARTESIAN_POINT('',(-0.0338904123140742,0.592030776187507,0.03));
#9382=CARTESIAN_POINT('',(-0.0338904123140743,0.592030776187507,0.));
#9383=CARTESIAN_POINT('Ctrl Pts',(-0.0338904123140743,0.592030776187507,
0.03));
#9384=CARTESIAN_POINT('Ctrl Pts',(-0.038493727048417,0.582471894646487,
0.0207198249176118));
#9385=CARTESIAN_POINT('Ctrl Pts',(-0.0429558641478158,0.573206171485146,
0.0118134665205267));
#9386=CARTESIAN_POINT('Origin',(0.,0.,0.));
#9387=CARTESIAN_POINT('',(-0.0104468674629051,0.592907971746217,0.03));
#9388=CARTESIAN_POINT('',(-0.0104468674629051,0.592907971746217,0.));
#9389=CARTESIAN_POINT('Origin',(0.,0.,0.03));
#9390=CARTESIAN_POINT('Origin',(1.2156723571806E-16,0.574813466520527,0.275));
#9391=CARTESIAN_POINT('',(1.28738336701428E-16,0.574813466520527,0.0118134665205267));
#9392=CARTESIAN_POINT('',(1.28738336701428E-16,0.574813466520527,0.275));
#9393=CARTESIAN_POINT('Ctrl Pts',(-0.0104468674629051,0.592907971746217,
0.03));
#9394=CARTESIAN_POINT('Ctrl Pts',(-0.00514208841805853,0.583719824917616,
0.0207198249176156));
#9395=CARTESIAN_POINT('Ctrl Pts',(1.28738336701428E-16,0.574813466520527,
0.0118134665205267));
#9396=CARTESIAN_POINT('Origin',(0.0104468674629052,0.592907971746217,0.275));
#9397=CARTESIAN_POINT('Ctrl Pts',(1.28738336701428E-16,0.574813466520527,
0.0118134665205267));
#9398=CARTESIAN_POINT('Ctrl Pts',(0.00514208841804613,0.583719824917594,
0.0207198249175939));
#9399=CARTESIAN_POINT('Ctrl Pts',(0.0104468674629051,0.592907971746217,
0.03));
#9400=CARTESIAN_POINT('Origin',(0.,0.,0.015));
#9401=CARTESIAN_POINT('',(-0.563,-6.8947614791996E-17,0.));
#9402=CARTESIAN_POINT('',(-0.578,-7.0784584990717E-17,0.015));
#9403=CARTESIAN_POINT('Origin',(0.,0.,0.));
#9404=CARTESIAN_POINT('Origin',(0.,0.,0.));
#9405=CARTESIAN_POINT('Ctrl Pts',(-0.058001252277035,0.110728743938942,
1.73472347597681E-18));
#9406=CARTESIAN_POINT('Ctrl Pts',(-0.0655350311556569,0.105658900235528,
-8.90842877147344E-18));
#9407=CARTESIAN_POINT('Ctrl Pts',(-0.0724230808395278,0.0997377590652909,
-1.35450443343078E-17));
#9408=CARTESIAN_POINT('Ctrl Pts',(-0.0785912261577152,0.0931236074394407,
-4.16333634234434E-17));
#9409=CARTESIAN_POINT('Ctrl Pts',(-0.081808182762941,0.0896740391068002,
-5.62826459812086E-17));
#9410=CARTESIAN_POINT('Ctrl Pts',(-0.0848286631346845,0.0860353698586833,
3.42291731103069E-17));
#9411=CARTESIAN_POINT('Ctrl Pts',(-0.0876372349152822,0.0822277245314341,
7.11236625150491E-17));
#9412=CARTESIAN_POINT('Ctrl Pts',(-0.0900358229550608,0.0789759035864431,
1.0263244631445E-16));
#9413=CARTESIAN_POINT('Ctrl Pts',(-0.0922819065509325,0.0755963207487593,
-3.88173021748793E-17));
#9414=CARTESIAN_POINT('Ctrl Pts',(-0.0943497265643868,0.0721275412772027,
-3.64291929955129E-17));
#9415=CARTESIAN_POINT('Ctrl Pts',(-0.0988335471501322,0.0646059075272736,
-3.12508636294272E-17));
#9416=CARTESIAN_POINT('Ctrl Pts',(-0.102499005878993,0.0566468713536929,
4.76623356426085E-17));
#9417=CARTESIAN_POINT('Ctrl Pts',(-0.105249367301543,0.0483867036787902,
7.28583859910259E-17));
#9418=CARTESIAN_POINT('Ctrl Pts',(-0.106587565506988,0.0443676894981103,
8.51176145724368E-17));
#9419=CARTESIAN_POINT('Ctrl Pts',(-0.107708370775505,0.0402772748904413,
-2.33019606871504E-17));
#9420=CARTESIAN_POINT('Ctrl Pts',(-0.108595989880794,0.0361315368561938,
-8.67361737988404E-18));
#9421=CARTESIAN_POINT('Ctrl Pts',(-0.109198188582365,0.0333188911544475,
1.2508753369646E-18));
#9422=CARTESIAN_POINT('Ctrl Pts',(-0.109691033858039,0.0304896352313784,
-6.53150962570526E-18));
#9423=CARTESIAN_POINT('Ctrl Pts',(-0.110070745660421,0.0276513042211499,
2.60208521396521E-18));
#9424=CARTESIAN_POINT('Ctrl Pts',(-0.110769144813794,0.0224307976103557,
1.94013915911935E-17));
#9425=CARTESIAN_POINT('Ctrl Pts',(-0.111085940909589,0.017176663556508,
-3.2311773217169E-17));
#9426=CARTESIAN_POINT('Ctrl Pts',(-0.110994468420706,0.0119205913890575,
-7.63278329429795E-17));
#9427=CARTESIAN_POINT('Ctrl Pts',(-0.110917705102138,0.007509718271544,
-1.1251669776003E-16));
#9428=CARTESIAN_POINT('Ctrl Pts',(-0.11055317333762,0.00309742201528652,
1.23752031581855E-16));
#9429=CARTESIAN_POINT('Ctrl Pts',(-0.109910464392182,-0.00129163420203124,
1.53523027623947E-16));
#9430=CARTESIAN_POINT('Ctrl Pts',(-0.109336219174718,-0.00521315195880598,
1.80122707335337E-16));
#9431=CARTESIAN_POINT('Ctrl Pts',(-0.108538262756898,-0.00911997408980254,
6.98676812615707E-17));
#9432=CARTESIAN_POINT('Ctrl Pts',(-0.107530009410473,-0.0129667783737595,
7.28583859910259E-17));
#9433=CARTESIAN_POINT('Ctrl Pts',(-0.106068208839304,-0.0185440082628494,
7.71944131385787E-17));
#9434=CARTESIAN_POINT('Ctrl Pts',(-0.104164137231594,-0.0240064510779944,
6.1204234941173E-17));
#9435=CARTESIAN_POINT('Ctrl Pts',(-0.101841434387945,-0.0292978661759691,
8.45677694538693E-17));
#9436=CARTESIAN_POINT('Ctrl Pts',(-0.100504604685472,-0.0323433357634497,
9.80146324379705E-17));
#9437=CARTESIAN_POINT('Ctrl Pts',(-0.0990281844881521,-0.0353333325421112,
1.05504397114349E-17));
#9438=CARTESIAN_POINT('Ctrl Pts',(-0.0974177655724546,-0.0382515477149782,
-8.23993651088983E-18));
#9439=CARTESIAN_POINT('Ctrl Pts',(-0.0936058852422161,-0.0451589970180295,
-5.27169758833676E-17));
#9440=CARTESIAN_POINT('Ctrl Pts',(-0.0890703174992892,-0.051623438316035,
-4.93469782507007E-17));
#9441=CARTESIAN_POINT('Ctrl Pts',(-0.083866774472392,-0.0574886130594382,
-3.62123525610158E-17));
#9442=CARTESIAN_POINT('Ctrl Pts',(-0.0822639859727743,-0.059295196492761,
-3.21666423798198E-17));
#9443=CARTESIAN_POINT('Ctrl Pts',(-0.0805976335607367,-0.0610446117404569,
7.44574652047028E-18));
#9444=CARTESIAN_POINT('Ctrl Pts',(-0.078868929078105,-0.0627313521139816,
1.47451495458029E-17));
#9445=CARTESIAN_POINT('Ctrl Pts',(0.0789008031318237,-0.0626516222068766,
5.72458747072346E-17));
#9446=CARTESIAN_POINT('Ctrl Pts',(0.0844479458480302,-0.0573398268243619,
7.35570534124185E-17));
#9447=CARTESIAN_POINT('Ctrl Pts',(0.0892966206207255,-0.0513886191600636,
4.42239718266806E-17));
#9448=CARTESIAN_POINT('Ctrl Pts',(0.0934440610173598,-0.0449660844285485,
1.21430643318376E-17));
#9449=CARTESIAN_POINT('Ctrl Pts',(0.0956837323437887,-0.0414978328069359,
-5.18103963848776E-18));
#9450=CARTESIAN_POINT('Ctrl Pts',(0.0977185545108173,-0.0378912531844003,
2.81683461462053E-17));
#9451=CARTESIAN_POINT('Ctrl Pts',(0.0995447927748244,-0.0341678903072155,
1.38777878078145E-17));
#9452=CARTESIAN_POINT('Ctrl Pts',(0.101076786413528,-0.0310444379325426,
1.88973296337316E-18));
#9453=CARTESIAN_POINT('Ctrl Pts',(0.102462545145807,-0.027835695900502,
1.60410932996685E-16));
#9454=CARTESIAN_POINT('Ctrl Pts',(0.103690615436564,-0.0245778387743822,
1.40512601554121E-16));
#9455=CARTESIAN_POINT('Ctrl Pts',(0.105922329891978,-0.0186574880446602,
1.0435229847277E-16));
#9456=CARTESIAN_POINT('Ctrl Pts',(0.10764223612173,-0.012561227625393,1.73462000915967E-17));
#9457=CARTESIAN_POINT('Ctrl Pts',(0.108841681330008,-0.00636597098779723,
-8.67361737988404E-18));
#9458=CARTESIAN_POINT('Ctrl Pts',(0.10966095627512,-0.00213433247134627,
-2.64463212796971E-17));
#9459=CARTESIAN_POINT('Ctrl Pts',(0.110237178482993,0.00214382527748583,
1.01565382389711E-18));
#9460=CARTESIAN_POINT('Ctrl Pts',(0.110563700929794,0.00644649030932092,
-2.77555756156289E-17));
#9461=CARTESIAN_POINT('Ctrl Pts',(0.110823040592857,0.00986387159675907,
-5.06070549605807E-17));
#9462=CARTESIAN_POINT('Ctrl Pts',(0.110924238634873,0.0132989056777805,
-3.72007176512017E-17));
#9463=CARTESIAN_POINT('Ctrl Pts',(0.110864272822328,0.0167176281480742,
-3.20923843055709E-17));
#9464=CARTESIAN_POINT('Ctrl Pts',(0.110756756749588,0.0228472476460299,
-2.29333665878366E-17));
#9465=CARTESIAN_POINT('Ctrl Pts',(0.11013383212523,0.0289397757971316,-4.92167067753122E-17));
#9466=CARTESIAN_POINT('Ctrl Pts',(0.108982849229744,0.0349323350339604,
-2.68882138776405E-17));
#9467=CARTESIAN_POINT('Ctrl Pts',(0.108135935581151,0.0393417665099405,
-8.76366683257062E-18));
#9468=CARTESIAN_POINT('Ctrl Pts',(0.107002913782262,0.0436972658397649,
-6.9509118709734E-17));
#9469=CARTESIAN_POINT('Ctrl Pts',(0.105602868944351,0.0479826511765334,
-9.71445146547012E-17));
#9470=CARTESIAN_POINT('Ctrl Pts',(0.104337454690659,0.0518559469031206,
-1.22122446066794E-16));
#9471=CARTESIAN_POINT('Ctrl Pts',(0.102851379995704,0.0556760603537245,
-8.22993702380914E-17));
#9472=CARTESIAN_POINT('Ctrl Pts',(0.101169708470496,0.0594038793854023,
-9.8879238130678E-17));
#9473=CARTESIAN_POINT('Ctrl Pts',(0.0985822569000131,0.0651395721550061,
-1.24389336014827E-16));
#9474=CARTESIAN_POINT('Ctrl Pts',(0.0955298208679362,0.0706685356577198,
-1.08359458708673E-16));
#9475=CARTESIAN_POINT('Ctrl Pts',(0.0920642959586122,0.0759482646216225,
-6.76542155630955E-17));
#9476=CARTESIAN_POINT('Ctrl Pts',(0.0900229064509964,0.0790583225758931,
-4.36765329792065E-17));
#9477=CARTESIAN_POINT('Ctrl Pts',(0.0878379014827513,0.0820818939351737,
-1.71849085246275E-16));
#9478=CARTESIAN_POINT('Ctrl Pts',(0.0855177686917604,0.0850097668041497,
-1.78676518025611E-16));
#9479=CARTESIAN_POINT('Ctrl Pts',(0.0834711503298566,0.0875924803446134,
-1.84699082486193E-16));
#9480=CARTESIAN_POINT('Ctrl Pts',(0.08132572723073,0.0900926632816528,-1.17061434072844E-16));
#9481=CARTESIAN_POINT('Ctrl Pts',(0.0790888808661514,0.0925044831524362,
-1.11672823766007E-16));
#9482=CARTESIAN_POINT('Ctrl Pts',(0.0727272182110181,0.0993637760595559,
-9.63474435812462E-17));
#9483=CARTESIAN_POINT('Ctrl Pts',(0.065629035007622,0.105511040335249,2.91281573036435E-17));
#9484=CARTESIAN_POINT('Ctrl Pts',(0.057924992200675,0.110803157138918,1.99493199737333E-17));
#9485=CARTESIAN_POINT('Origin',(0.,0.,0.275));
#9486=CARTESIAN_POINT('',(0.4835,5.92116727387745E-17,0.275));
#9487=CARTESIAN_POINT('Origin',(0.,0.,0.275));
#9488=CARTESIAN_POINT('Origin',(0.,0.,0.275));
#9489=CARTESIAN_POINT('',(0.107816105482423,1.32036648475583E-17,0.305));
#9490=CARTESIAN_POINT('Origin',(0.,0.,0.305));
#9491=CARTESIAN_POINT('',(0.107816105482423,1.32036648475583E-17,0.275));
#9492=CARTESIAN_POINT('',(0.107816105482423,1.32036648475583E-17,0.275));
#9493=CARTESIAN_POINT('',(-0.106446829565565,0.0169424817051477,0.275));
#9494=CARTESIAN_POINT('Origin',(0.,0.,0.275));
#9495=CARTESIAN_POINT('',(0.106370903794139,0.0169444905663038,0.275));
#9496=CARTESIAN_POINT('Origin',(0.,0.,0.275));
#9497=CARTESIAN_POINT('Origin',(0.,0.,0.275));
#9498=CARTESIAN_POINT('Origin',(0.,0.,0.275));
#9499=CARTESIAN_POINT('',(0.4835,5.92116727387745E-17,0.305));
#9500=CARTESIAN_POINT('Origin',(0.,0.,0.305));
#9501=CARTESIAN_POINT('',(0.4835,5.92116727387745E-17,0.275));
#9502=CARTESIAN_POINT('Origin',(0.,0.,0.305));
#9503=CARTESIAN_POINT('Origin',(0.,0.,0.275));
#9504=CARTESIAN_POINT('Ctrl Pts',(-0.0580012522770376,-0.11072874393894,
0.275));
#9505=CARTESIAN_POINT('Ctrl Pts',(-0.0655350417725052,-0.105658893090938,
0.275));
#9506=CARTESIAN_POINT('Ctrl Pts',(-0.0724231047808446,-0.0997377535001638,
0.275));
#9507=CARTESIAN_POINT('Ctrl Pts',(-0.0785912636575691,-0.0931236077075098,
0.275));
#9508=CARTESIAN_POINT('Ctrl Pts',(-0.0818081714496848,-0.0896741023423243,
0.275));
#9509=CARTESIAN_POINT('Ctrl Pts',(-0.0848286098864266,-0.0860355037910555,
0.275));
#9510=CARTESIAN_POINT('Ctrl Pts',(-0.0876371470704854,-0.0822279352128278,
0.275));
#9511=CARTESIAN_POINT('Ctrl Pts',(-0.090035784796852,-0.0789760723963752,
0.275));
#9512=CARTESIAN_POINT('Ctrl Pts',(-0.0922819133841874,-0.0755964437037916,
0.275));
#9513=CARTESIAN_POINT('Ctrl Pts',(-0.0943497723941092,-0.0721276153737921,
0.275));
#9514=CARTESIAN_POINT('Ctrl Pts',(-0.0988335973357972,-0.0646060102208983,
0.275));
#9515=CARTESIAN_POINT('Ctrl Pts',(-0.102499061915334,-0.0566470042165949,
0.275));
#9516=CARTESIAN_POINT('Ctrl Pts',(-0.105249428888524,-0.0483868631076917,
0.275));
#9517=CARTESIAN_POINT('Ctrl Pts',(-0.106587629869218,-0.044367861628851,
0.275));
#9518=CARTESIAN_POINT('Ctrl Pts',(-0.107708437818651,-0.0402774588590446,
0.275));
#9519=CARTESIAN_POINT('Ctrl Pts',(-0.1085960592979,-0.0361317311609173,
0.275));
#9520=CARTESIAN_POINT('Ctrl Pts',(-0.109198261153223,-0.0333190852641712,
0.275));
#9521=CARTESIAN_POINT('Ctrl Pts',(-0.109691108886375,-0.0304898282857943,
0.275));
#9522=CARTESIAN_POINT('Ctrl Pts',(-0.110070822337046,-0.0276514952912903,
0.275));
#9523=CARTESIAN_POINT('Ctrl Pts',(-0.110769223126818,-0.0224309954604384,
0.275));
#9524=CARTESIAN_POINT('Ctrl Pts',(-0.111086019672678,-0.0171768650939889,
0.275));
#9525=CARTESIAN_POINT('Ctrl Pts',(-0.110994545971045,-0.0119207923248122,
0.275));
#9526=CARTESIAN_POINT('Ctrl Pts',(-0.110918679659742,-0.00756151915860694,
0.275));
#9527=CARTESIAN_POINT('Ctrl Pts',(-0.110561731398265,-0.00320085740225365,
0.275));
#9528=CARTESIAN_POINT('Ctrl Pts',(-0.109932977552724,0.00113739775302089,
0.275));
#9529=CARTESIAN_POINT('Ctrl Pts',(-0.109351697229018,0.00514809665985112,
0.275));
#9530=CARTESIAN_POINT('Ctrl Pts',(-0.108536345970551,0.00914393346283989,
0.275));
#9531=CARTESIAN_POINT('Ctrl Pts',(-0.107501069891318,0.0130770186043109,
0.275));
#9532=CARTESIAN_POINT('Ctrl Pts',(-0.10716633741132,0.0143486903543426,
0.275));
#9533=CARTESIAN_POINT('Ctrl Pts',(-0.106808569769336,0.0156143407538549,
0.275));
#9534=CARTESIAN_POINT('Ctrl Pts',(-0.10642809118825,0.0168733366804065,
0.275));
#9535=CARTESIAN_POINT('Ctrl Pts',(0.106276239645399,0.0168773544027203,
0.275));
#9536=CARTESIAN_POINT('Ctrl Pts',(0.107732387533994,0.011954087343678,0.275));
#9537=CARTESIAN_POINT('Ctrl Pts',(0.108848791015037,0.00693706826600925,
0.275));
#9538=CARTESIAN_POINT('Ctrl Pts',(0.109618367890901,0.00186557455944285,
0.275));
#9539=CARTESIAN_POINT('Ctrl Pts',(0.110187387751918,-0.00188425308554185,
0.275));
#9540=CARTESIAN_POINT('Ctrl Pts',(0.110566689022683,-0.00566399254374858,
0.275));
#9541=CARTESIAN_POINT('Ctrl Pts',(0.110751026529723,-0.00945887926408343,
0.275));
#9542=CARTESIAN_POINT('Ctrl Pts',(0.110898417275156,-0.0124931569405453,
0.275));
#9543=CARTESIAN_POINT('Ctrl Pts',(0.110920551787913,-0.0155300064152658,
0.275));
#9544=CARTESIAN_POINT('Ctrl Pts',(0.110816424129914,-0.0185539759757659,
0.275));
#9545=CARTESIAN_POINT('Ctrl Pts',(0.11062669259956,-0.0240639661501457,
0.275));
#9546=CARTESIAN_POINT('Ctrl Pts',(0.110018672759591,-0.0295386918496992,
0.275));
#9547=CARTESIAN_POINT('Ctrl Pts',(0.108982693079308,-0.0349324911506445,
0.275));
#9548=CARTESIAN_POINT('Ctrl Pts',(0.108135776667048,-0.0393419378215984,
0.275));
#9549=CARTESIAN_POINT('Ctrl Pts',(0.107002752656372,-0.0436974497208028,
0.275));
#9550=CARTESIAN_POINT('Ctrl Pts',(0.105602705833265,-0.0479828453119048,
0.275));
#9551=CARTESIAN_POINT('Ctrl Pts',(0.104337298244614,-0.0518561244136135,
0.275));
#9552=CARTESIAN_POINT('Ctrl Pts',(0.102851233357585,-0.0556762200342298,
0.275));
#9553=CARTESIAN_POINT('Ctrl Pts',(0.101169574162715,-0.0594040207249057,
0.275));
#9554=CARTESIAN_POINT('Ctrl Pts',(0.0985821316719707,-0.0651397072025871,
0.275));
#9555=CARTESIAN_POINT('Ctrl Pts',(0.0955297071088708,-0.0706686616215269,
0.275));
#9556=CARTESIAN_POINT('Ctrl Pts',(0.0920641947974248,-0.0759483798826181,
0.275));
#9557=CARTESIAN_POINT('Ctrl Pts',(0.0900227987613754,-0.0790584527841199,
0.275));
#9558=CARTESIAN_POINT('Ctrl Pts',(0.0878377856972596,-0.082082037345321,
0.275));
#9559=CARTESIAN_POINT('Ctrl Pts',(0.0855176431636528,-0.0850099217064523,
0.275));
#9560=CARTESIAN_POINT('Ctrl Pts',(0.0834710427083136,-0.0875926119420201,
0.275));
#9561=CARTESIAN_POINT('Ctrl Pts',(0.081325639120526,-0.0900927719900668,
0.275));
#9562=CARTESIAN_POINT('Ctrl Pts',(0.0790888132020492,-0.0925045701069048,
0.275));
#9563=CARTESIAN_POINT('Ctrl Pts',(0.0727271809395797,-0.0993638310730364,
0.275));
#9564=CARTESIAN_POINT('Ctrl Pts',(0.0656290301918401,-0.105511065118168,
0.275));
#9565=CARTESIAN_POINT('Ctrl Pts',(0.0579250174263448,-0.110803157599575,
0.275));
#9566=CARTESIAN_POINT('Origin',(0.,0.,0.383660254037844));
#9567=CARTESIAN_POINT('Ctrl Pts',(-0.125130237485735,6.94102796086813E-5,
0.258660254037845));
#9568=CARTESIAN_POINT('Ctrl Pts',(-0.125163516301332,0.0047815330238622,
0.258359309474951));
#9569=CARTESIAN_POINT('Ctrl Pts',(-0.122809158652475,0.0502285176439259,
0.255454754605499));
#9570=CARTESIAN_POINT('Ctrl Pts',(-0.0673111422934865,0.130642558091602,
0.24994658942949));
#9571=CARTESIAN_POINT('Ctrl Pts',(0.0711904297524383,0.12855027863128,0.242135758509819));
#9572=CARTESIAN_POINT('Ctrl Pts',(0.146440529607897,0.0122634721440828,
0.234324927590147));
#9573=CARTESIAN_POINT('Ctrl Pts',(0.0915756070075738,-0.114931923107481,
0.226514096670476));
#9574=CARTESIAN_POINT('Ctrl Pts',(-0.0446546905933448,-0.140002640513702,
0.218703265750804));
#9575=CARTESIAN_POINT('Ctrl Pts',(-0.118222071958546,-0.0643282333840224,
0.21275198487326));
#9576=CARTESIAN_POINT('Ctrl Pts',(-0.125033959371129,-0.0118000174773811,
0.209404314302274));
#9577=CARTESIAN_POINT('Ctrl Pts',(-0.124940103370435,-0.000101164630646696,
0.208660254037844));
#9578=CARTESIAN_POINT('Ctrl Pts',(-0.125119322423002,-0.000114920527262667,
0.266339745962156));
#9579=CARTESIAN_POINT('Ctrl Pts',(-0.12486639750125,0.0361933151298503,
0.264019276694989));
#9580=CARTESIAN_POINT('Ctrl Pts',(-0.089331661365119,0.11388052724764,0.259095197121266));
#9581=CARTESIAN_POINT('Ctrl Pts',(0.0414082648827159,0.140956958566839,
0.251567507240985));
#9582=CARTESIAN_POINT('Ctrl Pts',(0.140218445418032,0.0439730310402976,
0.243756676321314));
#9583=CARTESIAN_POINT('Ctrl Pts',(0.114471882046897,-0.0921653779277458,
0.235945845401642));
#9584=CARTESIAN_POINT('Ctrl Pts',(-0.0129991846269972,-0.146370259370968,
0.228135014481971));
#9585=CARTESIAN_POINT('Ctrl Pts',(-0.109984538337427,-0.0829278902060032,
0.221599648002142));
#9586=CARTESIAN_POINT('Ctrl Pts',(-0.124799733377035,-0.020932145966477,
0.21766789182887));
#9587=CARTESIAN_POINT('Ctrl Pts',(-0.12480967327286,5.73344562424546E-6,
0.216339745962156));
#9588=CARTESIAN_POINT('Ctrl Pts',(0.0789008031318251,0.0626516222068749,
0.275));
#9589=CARTESIAN_POINT('Ctrl Pts',(0.0993991183121663,0.0368369110532229,
0.272396389693443));
#9590=CARTESIAN_POINT('Ctrl Pts',(0.11279840680073,-0.0360266193145313,
0.267189169080328));
#9591=CARTESIAN_POINT('Ctrl Pts',(0.0325923302399508,-0.113944494825441,
0.259378338160657));
#9592=CARTESIAN_POINT('Ctrl Pts',(-0.0765456826319014,-0.0903450152379925,
0.251567507240985));
#9593=CARTESIAN_POINT('Ctrl Pts',(-0.117683959728084,0.0133890781994759,
0.243756676321314));
#9594=CARTESIAN_POINT('Ctrl Pts',(-0.0542527806885502,0.105297901821831,
0.235945845401642));
#9595=CARTESIAN_POINT('Ctrl Pts',(0.0573794863804654,0.103611524576812,
0.22813501448197));
#9596=CARTESIAN_POINT('Ctrl Pts',(0.118031066863965,0.00988435854813073,
0.220324183562299));
#9597=CARTESIAN_POINT('Ctrl Pts',(0.0738099392481045,-0.09263513002463,
0.212513352642627));
#9598=CARTESIAN_POINT('Ctrl Pts',(-0.0359916806182359,-0.112842128254044,
0.204702521722956));
#9599=CARTESIAN_POINT('Ctrl Pts',(-0.113814530090382,-0.0327903731737323,
0.196891690803284));
#9600=CARTESIAN_POINT('Ctrl Pts',(-0.0905118267387684,0.076397381512339,
0.189080859883613));
#9601=CARTESIAN_POINT('Ctrl Pts',(0.0132115484639067,0.117704512248801,
0.181270028963941));
#9602=CARTESIAN_POINT('Ctrl Pts',(0.10519635223277,0.0544302946073303,0.17345919804427));
#9603=CARTESIAN_POINT('Ctrl Pts',(0.103713047781444,-0.0572060225102425,
0.165648367124598));
#9604=CARTESIAN_POINT('Ctrl Pts',(0.0100795919745134,-0.118014070590495,
0.157837536204926));
#9605=CARTESIAN_POINT('Ctrl Pts',(-0.0925096941185654,-0.0739653987234148,
0.150026705285255));
#9606=CARTESIAN_POINT('Ctrl Pts',(-0.11290311879623,0.0358023530750086,
0.142215874365583));
#9607=CARTESIAN_POINT('Ctrl Pts',(-0.0329809071269832,0.113759316161728,
0.134405043445911));
#9608=CARTESIAN_POINT('Ctrl Pts',(0.0762451950397962,0.090639905570593,
0.12659421252624));
#9609=CARTESIAN_POINT('Ctrl Pts',(0.117726622471192,-0.0130140340075135,
0.118783381606568));
#9610=CARTESIAN_POINT('Ctrl Pts',(0.0546066735043001,-0.10510487582895,
0.110972550686897));
#9611=CARTESIAN_POINT('Ctrl Pts',(-0.0570318839262139,-0.103808878461998,
0.103161719767225));
#9612=CARTESIAN_POINT('Ctrl Pts',(-0.117997015747498,-0.0102776245428277,
0.0953508888475536));
#9613=CARTESIAN_POINT('Ctrl Pts',(-0.0741204948014409,0.0923855061387406,
0.0875400579278821));
#9614=CARTESIAN_POINT('Ctrl Pts',(0.0356128193336049,0.11296293337044,0.0797292270082105));
#9615=CARTESIAN_POINT('Ctrl Pts',(0.113703884324304,0.0331719364990349,
0.0719183960885389));
#9616=CARTESIAN_POINT('Ctrl Pts',(0.0907675844490599,-0.076093373205884,
0.0641075651688673));
#9617=CARTESIAN_POINT('Ctrl Pts',(-0.0128162315885523,-0.117747574032317,
0.0562967342491958));
#9618=CARTESIAN_POINT('Ctrl Pts',(-0.105013572826278,-0.0547843405431593,
0.0484859033295242));
#9619=CARTESIAN_POINT('Ctrl Pts',(-0.103903521444499,0.0568602806921172,
0.0406750724098526));
#9620=CARTESIAN_POINT('Ctrl Pts',(-0.0104773467496146,0.117974483205079,
0.032864241490181));
#9621=CARTESIAN_POINT('Ctrl Pts',(0.0922643619153306,0.074285260051216,
0.0250534105705094));
#9622=CARTESIAN_POINT('Ctrl Pts',(0.113016074678903,-0.0354421875239858,
0.0172425796508379));
#9623=CARTESIAN_POINT('Ctrl Pts',(0.033375107372143,-0.113611467360627,
0.00943174873116629));
#9624=CARTESIAN_POINT('Ctrl Pts',(-0.0759649737840626,-0.0909666458075793,
0.00162091781149473));
#9625=CARTESIAN_POINT('Ctrl Pts',(-0.117721758633894,0.012766574331449,
-0.00618991310817692));
#9626=CARTESIAN_POINT('Ctrl Pts',(-0.0759489024257349,0.073952058507558,
-0.0113971337212913));
#9627=CARTESIAN_POINT('Ctrl Pts',(-0.0467490093352902,0.0892473676147871,
-0.0140007440278484));
#9628=CARTESIAN_POINT('Ctrl Pts',(0.0852311405212271,0.0676782618711155,
0.279666914675949));
#9629=CARTESIAN_POINT('Ctrl Pts',(0.10737406825119,0.0397923952320175,0.277063304369392));
#9630=CARTESIAN_POINT('Ctrl Pts',(0.121848403045289,-0.0389170924936129,
0.271856083756278));
#9631=CARTESIAN_POINT('Ctrl Pts',(0.0352072649242149,-0.123086443541791,
0.264045252836606));
#9632=CARTESIAN_POINT('Ctrl Pts',(-0.0826870649439729,-0.0975935400337619,
0.256234421916935));
#9633=CARTESIAN_POINT('Ctrl Pts',(-0.127125931683108,0.0144633053172172,
0.248423590997263));
#9634=CARTESIAN_POINT('Ctrl Pts',(-0.0586055678901957,0.113746120578421,
0.240612760077591));
#9635=CARTESIAN_POINT('Ctrl Pts',(0.061983134171123,0.111924442594968,0.23280192915792));
#9636=CARTESIAN_POINT('Ctrl Pts',(0.127500887778609,0.0106773964134481,
0.224991098238248));
#9637=CARTESIAN_POINT('Ctrl Pts',(0.0797318285012609,-0.10006739438558,
0.217180267318577));
#9638=CARTESIAN_POINT('Ctrl Pts',(-0.0388793506099388,-0.121895632340597,
0.209369436398905));
#9639=CARTESIAN_POINT('Ctrl Pts',(-0.122946051528568,-0.0354211971587215,
0.201558605479233));
#9640=CARTESIAN_POINT('Ctrl Pts',(-0.0977737350875364,0.0825268653888459,
0.193747774559562));
#9641=CARTESIAN_POINT('Ctrl Pts',(0.0142715320875617,0.127148133165372,
0.18593694363989));
#9642=CARTESIAN_POINT('Ctrl Pts',(0.11363642350372,0.0587973240340556,0.178126112720219));
#9643=CARTESIAN_POINT('Ctrl Pts',(0.112034111168376,-0.0617957530176812,
0.170315281800547));
#9644=CARTESIAN_POINT('Ctrl Pts',(0.0108882937292924,-0.127482527866986,
0.162504450880876));
#9645=CARTESIAN_POINT('Ctrl Pts',(-0.0999318945565314,-0.0798997607384449,
0.154693619961204));
#9646=CARTESIAN_POINT('Ctrl Pts',(-0.121961516251345,0.0386748330156834,
0.146882789041533));
#9647=CARTESIAN_POINT('Ctrl Pts',(-0.0356270179552028,0.122886407698277,
0.139071958121861));
#9648=CARTESIAN_POINT('Ctrl Pts',(0.0823624687526666,0.0979120898884983,
0.131261127202189));
#9649=CARTESIAN_POINT('Ctrl Pts',(0.1271720173262,-0.0140581707310278,0.123450296282518));
#9650=CARTESIAN_POINT('Ctrl Pts',(0.0589878540914937,-0.113537607801993,
0.115639465362846));
#9651=CARTESIAN_POINT('Ctrl Pts',(-0.0616076430170681,-0.112137630497411,
0.107828634443175));
#9652=CARTESIAN_POINT('Ctrl Pts',(-0.127464104686709,-0.011102214766694,
0.100017803523503));
#9653=CARTESIAN_POINT('Ctrl Pts',(-0.0800673004224002,0.0997977427768365,
0.0922069726038316));
#9654=CARTESIAN_POINT('Ctrl Pts',(0.0384700926796427,0.122026129844329,
0.08439614168416));
#9655=CARTESIAN_POINT('Ctrl Pts',(0.122826528476047,0.0358333739187259,
0.0765853107644883));
#9656=CARTESIAN_POINT('Ctrl Pts',(0.0980500126472061,-0.0821984660106573,
0.0687744798448168));
#9657=CARTESIAN_POINT('Ctrl Pts',(-0.0138444983082293,-0.127194649864521,
0.0609636489251452));
#9658=CARTESIAN_POINT('Ctrl Pts',(-0.113438979413664,-0.0591797756405013,
0.0531528180054736));
#9659=CARTESIAN_POINT('Ctrl Pts',(-0.112239866837482,0.0614222717815591,
0.0453419870858021));
#9660=CARTESIAN_POINT('Ctrl Pts',(-0.01131796100496,0.127439764322443,0.0375311561661305));
#9661=CARTESIAN_POINT('Ctrl Pts',(0.0996668789589922,0.0802452850511894,
0.0297203252464589));
#9662=CARTESIAN_POINT('Ctrl Pts',(0.122083534764804,-0.0382857708075479,
0.0219094943267874));
#9663=CARTESIAN_POINT('Ctrl Pts',(0.0360528455153173,-0.122726696751843,
0.0140986634071158));
#9664=CARTESIAN_POINT('Ctrl Pts',(-0.0820597648982512,-0.0982650450162933,
0.0062878324874442));
#9665=CARTESIAN_POINT('Ctrl Pts',(-0.127166763255472,0.0137908569701177,
-0.00152299843222743));
#9666=CARTESIAN_POINT('Ctrl Pts',(-0.0820424041091892,0.079885350215774,
-0.00673021904534178));
#9667=CARTESIAN_POINT('Ctrl Pts',(-0.0504997569825385,0.0964078263895053,
-0.00933382935189896));
#9668=CARTESIAN_POINT('Ctrl Pts',(0.0915614779106291,0.072704901535356,
0.284333829351899));
#9669=CARTESIAN_POINT('Ctrl Pts',(0.115349018190214,0.042747879410812,0.281730219045342));
#9670=CARTESIAN_POINT('Ctrl Pts',(0.130898399289847,-0.0418075656726944,
0.276522998432227));
#9671=CARTESIAN_POINT('Ctrl Pts',(0.0378221996084788,-0.132228392258142,
0.268712167512556));
#9672=CARTESIAN_POINT('Ctrl Pts',(-0.0888284472560444,-0.104842064829531,
0.260901336592884));
#9673=CARTESIAN_POINT('Ctrl Pts',(-0.136567903638132,0.0155375324349585,
0.253090505673213));
#9674=CARTESIAN_POINT('Ctrl Pts',(-0.0629583550918411,0.122194339335011,
0.245279674753541));
#9675=CARTESIAN_POINT('Ctrl Pts',(0.0665867819617806,0.120237360613124,
0.23746884383387));
#9676=CARTESIAN_POINT('Ctrl Pts',(0.136970708693253,0.0114704342787653,
0.229658012914198));
#9677=CARTESIAN_POINT('Ctrl Pts',(0.0856537177544173,-0.107499658746531,
0.221847181994526));
#9678=CARTESIAN_POINT('Ctrl Pts',(-0.0417670206016417,-0.13094913642715,
0.214036351074855));
#9679=CARTESIAN_POINT('Ctrl Pts',(-0.132077572966755,-0.0380520211437109,
0.206225520155183));
#9680=CARTESIAN_POINT('Ctrl Pts',(-0.105035643436304,0.0886563492653529,
0.198414689235512));
#9681=CARTESIAN_POINT('Ctrl Pts',(0.0153315157112167,0.136591754081942,
0.19060385831584));
#9682=CARTESIAN_POINT('Ctrl Pts',(0.12207649477467,0.0631643534607811,0.182793027396168));
#9683=CARTESIAN_POINT('Ctrl Pts',(0.120355174555307,-0.0663854835251201,
0.174982196476497));
#9684=CARTESIAN_POINT('Ctrl Pts',(0.0116969954840714,-0.136950985143478,
0.167171365556825));
#9685=CARTESIAN_POINT('Ctrl Pts',(-0.107354094994497,-0.0858341227534749,
0.159360534637154));
#9686=CARTESIAN_POINT('Ctrl Pts',(-0.13101991370646,0.0415473129563582,
0.151549703717482));
#9687=CARTESIAN_POINT('Ctrl Pts',(-0.0382731287834223,0.132013499234826,
0.14373887279781));
#9688=CARTESIAN_POINT('Ctrl Pts',(0.0884797424655369,0.105184274206404,
0.135928041878139));
#9689=CARTESIAN_POINT('Ctrl Pts',(0.136617412181209,-0.015102307454542,
0.128117210958467));
#9690=CARTESIAN_POINT('Ctrl Pts',(0.0633690346786872,-0.121970339775035,
0.120306380038796));
#9691=CARTESIAN_POINT('Ctrl Pts',(-0.0661834021079222,-0.120466382532823,
0.112495549119124));
#9692=CARTESIAN_POINT('Ctrl Pts',(-0.136931193625922,-0.0119268049905604,
0.104684718199453));
#9693=CARTESIAN_POINT('Ctrl Pts',(-0.0860141060433593,0.107209979414932,
0.096873887279781));
#9694=CARTESIAN_POINT('Ctrl Pts',(0.0413273660256804,0.131089326318219,
0.0890630563601095));
#9695=CARTESIAN_POINT('Ctrl Pts',(0.13194917262779,0.0384948113384169,0.0812522254404378));
#9696=CARTESIAN_POINT('Ctrl Pts',(0.105332440845352,-0.0883035588154303,
0.0734413945207662));
#9697=CARTESIAN_POINT('Ctrl Pts',(-0.0148727650279064,-0.136641725696725,
0.0656305636010948));
#9698=CARTESIAN_POINT('Ctrl Pts',(-0.121864386001049,-0.0635752107378432,
0.057819732681423));
#9699=CARTESIAN_POINT('Ctrl Pts',(-0.120576212230465,0.0659842628710011,
0.0500089017617516));
#9700=CARTESIAN_POINT('Ctrl Pts',(-0.0121585752603054,0.136905045439807,
0.04219807084208));
#9701=CARTESIAN_POINT('Ctrl Pts',(0.107069396002654,0.0862053100511628,
0.0343872399224084));
#9702=CARTESIAN_POINT('Ctrl Pts',(0.131150994850704,-0.0411293540911099,
0.0265764090027368));
#9703=CARTESIAN_POINT('Ctrl Pts',(0.0387305836584918,-0.13184192614306,
0.0187655780830652));
#9704=CARTESIAN_POINT('Ctrl Pts',(-0.0881545560124398,-0.105563444225007,
0.0109547471633937));
#9705=CARTESIAN_POINT('Ctrl Pts',(-0.13661176787705,0.0148151396087865,
0.00314391624372203));
#9706=CARTESIAN_POINT('Ctrl Pts',(-0.0881359057926436,0.0858186419239899,
-0.00206330436939229));
#9707=CARTESIAN_POINT('Ctrl Pts',(-0.0542505046297867,0.103568285164224,
-0.00466691467594948));
#9708=CARTESIAN_POINT('Ctrl Pts',(0.0978918153000311,0.0777315411995966,
0.289000744027848));
#9709=CARTESIAN_POINT('Ctrl Pts',(0.123323968129239,0.0457033635896066,
0.286397133721291));
#9710=CARTESIAN_POINT('Ctrl Pts',(0.139948395534405,-0.0446980388517758,
0.281189913108177));
#9711=CARTESIAN_POINT('Ctrl Pts',(0.0404371342927429,-0.141370340974492,
0.273379082188506));
#9712=CARTESIAN_POINT('Ctrl Pts',(-0.0949698295681159,-0.112090589625301,
0.265568251268833));
#9713=CARTESIAN_POINT('Ctrl Pts',(-0.146009875593156,0.0166117595526996,
0.257757420349162));
#9714=CARTESIAN_POINT('Ctrl Pts',(-0.0673111422934865,0.130642558091602,
0.24994658942949));
#9715=CARTESIAN_POINT('Ctrl Pts',(0.0711904297524383,0.12855027863128,0.242135758509819));
#9716=CARTESIAN_POINT('Ctrl Pts',(0.146440529607897,0.0122634721440828,
0.234324927590147));
#9717=CARTESIAN_POINT('Ctrl Pts',(0.0915756070075738,-0.114931923107481,
0.226514096670476));
#9718=CARTESIAN_POINT('Ctrl Pts',(-0.0446546905933448,-0.140002640513702,
0.218703265750804));
#9719=CARTESIAN_POINT('Ctrl Pts',(-0.141209094404941,-0.0406828451287001,
0.210892434831132));
#9720=CARTESIAN_POINT('Ctrl Pts',(-0.112297551785072,0.0947858331418597,
0.203081603911461));
#9721=CARTESIAN_POINT('Ctrl Pts',(0.0163914993348718,0.146035374998513,
0.195270772991789));
#9722=CARTESIAN_POINT('Ctrl Pts',(0.13051656604562,0.0675313828875063,0.187459942072118));
#9723=CARTESIAN_POINT('Ctrl Pts',(0.128676237942239,-0.0709752140325588,
0.179649111152446));
#9724=CARTESIAN_POINT('Ctrl Pts',(0.0125056972388503,-0.146419442419969,
0.171838280232775));
#9725=CARTESIAN_POINT('Ctrl Pts',(-0.114776295432463,-0.0917684847685047,
0.164027449313103));
#9726=CARTESIAN_POINT('Ctrl Pts',(-0.140078311161576,0.044419792897033,
0.156216618393432));
#9727=CARTESIAN_POINT('Ctrl Pts',(-0.0409192396116418,0.141140590771374,
0.14840578747376));
#9728=CARTESIAN_POINT('Ctrl Pts',(0.0945970161784073,0.112456458524309,
0.140594956554088));
#9729=CARTESIAN_POINT('Ctrl Pts',(0.146062807036218,-0.0161464441780565,
0.132784125634417));
#9730=CARTESIAN_POINT('Ctrl Pts',(0.0677502152658811,-0.130403071748077,
0.124973294714745));
#9731=CARTESIAN_POINT('Ctrl Pts',(-0.0707591611987766,-0.128795134568236,
0.117162463795074));
#9732=CARTESIAN_POINT('Ctrl Pts',(-0.146398282565133,-0.0127513952144265,
0.109351632875402));
#9733=CARTESIAN_POINT('Ctrl Pts',(-0.0919609116643187,0.114622216053028,
0.10154080195573));
#9734=CARTESIAN_POINT('Ctrl Pts',(0.0441846393717183,0.140152522792109,
0.093729971036059));
#9735=CARTESIAN_POINT('Ctrl Pts',(0.141071816779533,0.0411562487581079,
0.0859191401163872));
#9736=CARTESIAN_POINT('Ctrl Pts',(0.112614869043499,-0.0944086516202036,
0.0781083091967159));
#9737=CARTESIAN_POINT('Ctrl Pts',(-0.0159010317475834,-0.146088801528929,
0.0702974782770441));
#9738=CARTESIAN_POINT('Ctrl Pts',(-0.130289792588435,-0.0679706458351853,
0.0624866473573727));
#9739=CARTESIAN_POINT('Ctrl Pts',(-0.128912557623448,0.0705462539604432,
0.054675816437701));
#9740=CARTESIAN_POINT('Ctrl Pts',(-0.0129991895156509,0.146370326557171,
0.0468649855180295));
#9741=CARTESIAN_POINT('Ctrl Pts',(0.114471913046316,0.0921653350511364,
0.0390541545983579));
#9742=CARTESIAN_POINT('Ctrl Pts',(0.140218454936605,-0.0439729373746721,
0.0312433236786863));
#9743=CARTESIAN_POINT('Ctrl Pts',(0.0414083218016663,-0.140957155534277,
0.0234324927590148));
#9744=CARTESIAN_POINT('Ctrl Pts',(-0.0942493471266285,-0.112861843433721,
0.0156216618393432));
#9745=CARTESIAN_POINT('Ctrl Pts',(-0.146056772498628,0.0158394222474553,
0.00781083091967153));
#9746=CARTESIAN_POINT('Ctrl Pts',(-0.0942294074760979,0.0917519336322059,
0.00260361030655719));
#9747=CARTESIAN_POINT('Ctrl Pts',(-0.058001252277035,0.110728743938942,
0.));
#9748=CARTESIAN_POINT('Ctrl Pts',(0.0789008031318251,0.0626516222068749,
0.275));
#9749=CARTESIAN_POINT('Ctrl Pts',(0.0844506682528535,0.0573372199223742,
0.275));
#9750=CARTESIAN_POINT('Ctrl Pts',(0.0893013740487394,0.051382774021924,
0.275));
#9751=CARTESIAN_POINT('Ctrl Pts',(0.0934501476149901,0.0449566093348968,
0.275));
#9752=CARTESIAN_POINT('Ctrl Pts',(0.0958244907806754,0.0412789152013027,
0.275));
#9753=CARTESIAN_POINT('Ctrl Pts',(0.0979685598638744,0.0374457573751881,
0.275));
#9754=CARTESIAN_POINT('Ctrl Pts',(0.0998777994809812,0.0334827223226309,
0.275));
#9755=CARTESIAN_POINT('Ctrl Pts',(0.101187463215229,0.0307642352142644,
0.275));
#9756=CARTESIAN_POINT('Ctrl Pts',(0.102386735237559,0.0279830119321059,
0.275));
#9757=CARTESIAN_POINT('Ctrl Pts',(0.103467471562029,0.0251645298919968,
0.275));
#9758=CARTESIAN_POINT('Ctrl Pts',(0.104513057625274,0.0224377171866969,
0.275));
#9759=CARTESIAN_POINT('Ctrl Pts',(0.105449470899898,0.0196726771594599,
0.275));
#9760=CARTESIAN_POINT('Ctrl Pts',(0.106276239645399,0.0168773544027203,
0.275));
#9761=CARTESIAN_POINT('Ctrl Pts',(-0.10070172331657,-8.15386923001378E-5,
0.194659510009996));
#9762=CARTESIAN_POINT('Ctrl Pts',(-0.10077737125313,-0.00951081408676844,
0.195403570274425));
#9763=CARTESIAN_POINT('Ctrl Pts',(-0.0995570676296259,-0.018920889198795,
0.196147630538855));
#9764=CARTESIAN_POINT('Ctrl Pts',(-0.0969602712864221,-0.0279343732394392,
0.196891690803284));
#9765=CARTESIAN_POINT('Ctrl Pts',(-0.0878735802663334,-0.0594742915338363,
0.199495301109841));
#9766=CARTESIAN_POINT('Ctrl Pts',(-0.0619326304422847,-0.0861582098939402,
0.202098911416399));
#9767=CARTESIAN_POINT('Ctrl Pts',(-0.030661885552537,-0.0961323360357565,
0.204702521722956));
#9768=CARTESIAN_POINT('Ctrl Pts',(0.000608859337210861,-0.106106462177573,
0.207306132029513));
#9769=CARTESIAN_POINT('Ctrl Pts',(0.0372093992926577,-0.0993707961011014,
0.20990974233607));
#9770=CARTESIAN_POINT('Ctrl Pts',(0.0628798572063579,-0.0789163816340722,
0.212513352642627));
#9771=CARTESIAN_POINT('Ctrl Pts',(0.0885503151200579,-0.0584619671670431,
0.215116962949184));
#9772=CARTESIAN_POINT('Ctrl Pts',(0.103290690992011,-0.0242888043094565,
0.217720573255742));
#9773=CARTESIAN_POINT('Ctrl Pts',(0.100552282180738,0.00841897145745028,
0.220324183562299));
#9774=CARTESIAN_POINT('Ctrl Pts',(0.0978138733694651,0.0411267472243574,
0.222927793868856));
#9775=CARTESIAN_POINT('Ctrl Pts',(0.0775966798749653,0.0723691359005846,
0.225531404175413));
#9776=CARTESIAN_POINT('Ctrl Pts',(0.0488827052828793,0.088271393112868,
0.22813501448197));
#9777=CARTESIAN_POINT('Ctrl Pts',(0.0201687306907935,0.104173650325151,
0.230738624788528));
#9778=CARTESIAN_POINT('Ctrl Pts',(-0.0170420249988783,0.104735776073491,
0.233342235095085));
#9779=CARTESIAN_POINT('Ctrl Pts',(-0.0462192660169698,0.0896987016772686,
0.235945845401642));
#9780=CARTESIAN_POINT('Ctrl Pts',(-0.0753965070350613,0.0746616272810461,
0.238549455708199));
#9781=CARTESIAN_POINT('Ctrl Pts',(-0.0965402333815725,0.044025352740261,
0.241153066014757));
#9782=CARTESIAN_POINT('Ctrl Pts',(-0.100255717038798,0.0114181998969571,
0.243756676321314));
#9783=CARTESIAN_POINT('Ctrl Pts',(-0.100685180158662,0.00764922366616842,
0.244057620884208));
#9784=CARTESIAN_POINT('Ctrl Pts',(-0.100881794138874,0.00385391561723368,
0.244358565447102));
#9785=CARTESIAN_POINT('Ctrl Pts',(-0.100854971413502,5.59446853657028E-5,
0.244659510009996));
#9786=CARTESIAN_POINT('Ctrl Pts',(-0.0580012522770376,-0.11072874393894,
0.275));
#9787=CARTESIAN_POINT('Ctrl Pts',(-0.0942294074761001,-0.0917519336322037,
0.272396389693443));
#9788=CARTESIAN_POINT('Ctrl Pts',(-0.146056958572924,-0.0158398801331001,
0.267189169080328));
#9789=CARTESIAN_POINT('Ctrl Pts',(-0.0942492176402085,0.112862094099006,
0.259378338160657));
#9790=CARTESIAN_POINT('Ctrl Pts',(0.0414082648827159,0.140956958566839,
0.251567507240985));
#9791=CARTESIAN_POINT('Ctrl Pts',(0.140218445418032,0.0439730310402976,
0.243756676321314));
#9792=CARTESIAN_POINT('Ctrl Pts',(0.114471882046897,-0.0921653779277458,
0.235945845401642));
#9793=CARTESIAN_POINT('Ctrl Pts',(-0.0129991846269972,-0.146370259370968,
0.228135014481971));
#9794=CARTESIAN_POINT('Ctrl Pts',(-0.128912531163082,-0.070546260790263,
0.220324183562299));
#9795=CARTESIAN_POINT('Ctrl Pts',(-0.130289765776801,0.0679706441166313,
0.212513352642627));
#9796=CARTESIAN_POINT('Ctrl Pts',(-0.015901028089629,0.146088764088684,
0.204702521722956));
#9797=CARTESIAN_POINT('Ctrl Pts',(0.112614845347881,0.094408636025342,0.196891690803284));
#9798=CARTESIAN_POINT('Ctrl Pts',(0.141071787686138,-0.0411562424705286,
0.189080859883613));
#9799=CARTESIAN_POINT('Ctrl Pts',(0.0441846300491347,-0.140152492408066,
0.181270028963941));
#9800=CARTESIAN_POINT('Ctrl Pts',(-0.0919608924684729,-0.114622192944185,
0.17345919804427));
#9801=CARTESIAN_POINT('Ctrl Pts',(-0.14639825220502,0.0127513929548276,
0.165648367124598));
#9802=CARTESIAN_POINT('Ctrl Pts',(-0.0707591464655235,0.128795107597163,
0.157837536204926));
#9803=CARTESIAN_POINT('Ctrl Pts',(0.0677502011720317,0.130403044769175,
0.150026705285255));
#9804=CARTESIAN_POINT('Ctrl Pts',(0.146062776699633,0.0161464407687855,
0.142215874365583));
#9805=CARTESIAN_POINT('Ctrl Pts',(0.0945969965232288,-0.112456435144318,
0.134405043445911));
#9806=CARTESIAN_POINT('Ctrl Pts',(-0.0409192311152089,-0.141140561432652,
0.12659421252624));
#9807=CARTESIAN_POINT('Ctrl Pts',(-0.140078282045366,-0.0444197837221842,
0.118783381606568));
#9808=CARTESIAN_POINT('Ctrl Pts',(-0.114776271616065,0.0917684658139028,
0.110972550686897));
#9809=CARTESIAN_POINT('Ctrl Pts',(0.0125056946972562,0.146419411792403,
0.103161719767225));
#9810=CARTESIAN_POINT('Ctrl Pts',(0.128676211101423,0.0709751996654826,
0.0953508888475539));
#9811=CARTESIAN_POINT('Ctrl Pts',(0.130516539132849,-0.0675313695382775,
0.0875400579278819));
#9812=CARTESIAN_POINT('Ctrl Pts',(0.0163914955469668,-0.146035343442968,
0.0797292270082107));
#9813=CARTESIAN_POINT('Ctrl Pts',(-0.112297527734389,-0.0947858156054992,
0.0719183960885389));
#9814=CARTESIAN_POINT('Ctrl Pts',(-0.141209066422813,0.0406828404722474,
0.0641075651688674));
#9815=CARTESIAN_POINT('Ctrl Pts',(-0.0446546787676025,0.140002604802299,
0.0562967342491958));
#9816=CARTESIAN_POINT('Ctrl Pts',(0.0915755831916941,0.114931910672817,
0.0484859033295242));
#9817=CARTESIAN_POINT('Ctrl Pts',(0.146440508184128,-0.0122634891093342,
0.0406750724098526));
#9818=CARTESIAN_POINT('Ctrl Pts',(0.071190398060649,-0.128550219187901,
0.032864241490181));
#9819=CARTESIAN_POINT('Ctrl Pts',(-0.0673110965799845,-0.130642584730718,
0.0250534105705094));
#9820=CARTESIAN_POINT('Ctrl Pts',(-0.146009904842198,-0.0166116700633289,
0.0172425796508379));
#9821=CARTESIAN_POINT('Ctrl Pts',(-0.0949696977237287,0.112090432612575,
0.00943174873116628));
#9822=CARTESIAN_POINT('Ctrl Pts',(0.0404369143472498,0.141370517677052,
0.00162091781149476));
#9823=CARTESIAN_POINT('Ctrl Pts',(0.13994875117587,0.0446976956287258,-0.00618991310817693));
#9824=CARTESIAN_POINT('Ctrl Pts',(0.123323968129237,-0.0457033635896102,
-0.0113971337212913));
#9825=CARTESIAN_POINT('Ctrl Pts',(0.0978918153000289,-0.0777315411995994,
-0.0140007440278484));
#9826=CARTESIAN_POINT('Ctrl Pts',(-0.0542505046297891,-0.103568285164222,
0.27966691467595));
#9827=CARTESIAN_POINT('Ctrl Pts',(-0.0881359057926456,-0.0858186419239879,
0.277063304369392));
#9828=CARTESIAN_POINT('Ctrl Pts',(-0.136611941918542,-0.0148155678844929,
0.271856083756278));
#9829=CARTESIAN_POINT('Ctrl Pts',(-0.0881544348994751,0.105563678680604,
0.264045252836606));
#9830=CARTESIAN_POINT('Ctrl Pts',(0.0387305304203003,0.13184174191285,0.256234421916935));
#9831=CARTESIAN_POINT('Ctrl Pts',(0.131150985947666,0.0411294416996917,
0.248423590997263));
#9832=CARTESIAN_POINT('Ctrl Pts',(0.107069367007864,-0.0862053501550849,
0.240612760077592));
#9833=CARTESIAN_POINT('Ctrl Pts',(-0.0121585706877847,-0.136904982598312,
0.23280192915792));
#9834=CARTESIAN_POINT('Ctrl Pts',(-0.120576187481203,-0.0659842692591593,
0.224991098238248));
#9835=CARTESIAN_POINT('Ctrl Pts',(-0.121864360923234,0.0635752091304225,
0.217180267318577));
#9836=CARTESIAN_POINT('Ctrl Pts',(-0.0148727616064997,0.136641690677616,
0.209369436398905));
#9837=CARTESIAN_POINT('Ctrl Pts',(0.105332418682051,0.0883035442290366,
0.201558605479234));
#9838=CARTESIAN_POINT('Ctrl Pts',(0.131949145415767,-0.0384948054574345,
0.193747774559562));
#9839=CARTESIAN_POINT('Ctrl Pts',(0.0413273573059574,-0.131089297899011,
0.185936943639891));
#9840=CARTESIAN_POINT('Ctrl Pts',(-0.0860140880888451,-0.107209957800461,
0.178126112720219));
#9841=CARTESIAN_POINT('Ctrl Pts',(-0.136931165229095,0.0119268028770822,
0.170315281800548));
#9842=CARTESIAN_POINT('Ctrl Pts',(-0.0661833883274197,0.12046635730588,
0.162504450880876));
#9843=CARTESIAN_POINT('Ctrl Pts',(0.0633690214962404,0.121970314540768,
0.154693619961204));
#9844=CARTESIAN_POINT('Ctrl Pts',(0.13661738380639,0.0151023042657374,0.146882789041533));
#9845=CARTESIAN_POINT('Ctrl Pts',(0.0884797240813934,-0.105184252338319,
0.139071958121861));
#9846=CARTESIAN_POINT('Ctrl Pts',(-0.0382731208364255,-0.13201347179334,
0.13126112720219));
#9847=CARTESIAN_POINT('Ctrl Pts',(-0.131019886473099,-0.0415473043748164,
0.123450296282518));
#9848=CARTESIAN_POINT('Ctrl Pts',(-0.107354072718226,0.0858341050246038,
0.115639465362846));
#9849=CARTESIAN_POINT('Ctrl Pts',(0.0116969931068336,0.136950956496494,
0.107828634443175));
#9850=CARTESIAN_POINT('Ctrl Pts',(0.120355149450197,0.0663854700871147,
0.100017803523503));
#9851=CARTESIAN_POINT('Ctrl Pts',(0.122076469602258,-0.0631643409748022,
0.0922069726038315));
#9852=CARTESIAN_POINT('Ctrl Pts',(0.0153315121682629,-0.136591724566989,
0.0843961416841601));
#9853=CARTESIAN_POINT('Ctrl Pts',(-0.105035620940899,-0.0886563328630104,
0.0765853107644884));
#9854=CARTESIAN_POINT('Ctrl Pts',(-0.132077546794137,0.0380520167883756,
0.0687744798448168));
#9855=CARTESIAN_POINT('Ctrl Pts',(-0.0417670095406308,0.130949103025083,
0.0609636489251452));
#9856=CARTESIAN_POINT('Ctrl Pts',(0.0856536954786311,0.107499647115975,
0.0531528180054736));
#9857=CARTESIAN_POINT('Ctrl Pts',(0.136970688654887,-0.0114704501469307,
0.0453419870858022));
#9858=CARTESIAN_POINT('Ctrl Pts',(0.0665867523193937,-0.12023730501375,
0.0375311561661305));
#9859=CARTESIAN_POINT('Ctrl Pts',(-0.0629583123344788,-0.122194364251465,
0.0297203252464589));
#9860=CARTESIAN_POINT('Ctrl Pts',(-0.136567930995736,-0.0155374487325669,
0.0219094943267874));
#9861=CARTESIAN_POINT('Ctrl Pts',(-0.0888283239375942,0.104841917970295,
0.0140986634071157));
#9862=CARTESIAN_POINT('Ctrl Pts',(0.0378219938861277,0.132228557533935,
0.00628783248744426));
#9863=CARTESIAN_POINT('Ctrl Pts',(0.130898731933164,0.0418072446447349,
-0.00152299843222746));
#9864=CARTESIAN_POINT('Ctrl Pts',(0.115349018190213,-0.0427478794108154,
-0.00673021904534178));
#9865=CARTESIAN_POINT('Ctrl Pts',(0.091561477910627,-0.0727049015353587,
-0.00933382935189896));
#9866=CARTESIAN_POINT('Ctrl Pts',(-0.0504997569825407,-0.0964078263895041,
0.284333829351899));
#9867=CARTESIAN_POINT('Ctrl Pts',(-0.0820424041091912,-0.079885350215772,
0.281730219045342));
#9868=CARTESIAN_POINT('Ctrl Pts',(-0.127166925264159,-0.0137912556358858,
0.276522998432227));
#9869=CARTESIAN_POINT('Ctrl Pts',(-0.0820596521587416,0.0982652632622012,
0.268712167512556));
#9870=CARTESIAN_POINT('Ctrl Pts',(0.0360527959578847,0.122726525258861,
0.260901336592884));
#9871=CARTESIAN_POINT('Ctrl Pts',(0.1220835264773,0.0382858523590857,0.253090505673213));
#9872=CARTESIAN_POINT('Ctrl Pts',(0.0996668519688318,-0.0802453223824239,
0.245279674753541));
#9873=CARTESIAN_POINT('Ctrl Pts',(-0.0113179567485722,-0.127439705825656,
0.23746884383387));
#9874=CARTESIAN_POINT('Ctrl Pts',(-0.112239843799323,-0.0614222777280556,
0.229658012914197));
#9875=CARTESIAN_POINT('Ctrl Pts',(-0.113438956069668,0.0591797741442137,
0.221847181994527));
#9876=CARTESIAN_POINT('Ctrl Pts',(-0.0138444951233704,0.127194617266548,
0.214036351074855));
#9877=CARTESIAN_POINT('Ctrl Pts',(0.0980499920162216,0.0821984524327311,
0.206225520155183));
#9878=CARTESIAN_POINT('Ctrl Pts',(0.122826503145397,-0.0358333684443402,
0.198414689235512));
#9879=CARTESIAN_POINT('Ctrl Pts',(0.0384700845627799,-0.122026103389956,
0.19060385831584));
#9880=CARTESIAN_POINT('Ctrl Pts',(-0.080067283709217,-0.0997977226567368,
0.182793027396168));
#9881=CARTESIAN_POINT('Ctrl Pts',(-0.127464078253171,0.0111022127993366,
0.174982196476497));
#9882=CARTESIAN_POINT('Ctrl Pts',(-0.0616076301893157,0.112137607014596,
0.167171365556825));
#9883=CARTESIAN_POINT('Ctrl Pts',(0.0589878418204489,0.113537584312361,
0.159360534637154));
#9884=CARTESIAN_POINT('Ctrl Pts',(0.127171990913147,0.0140581677626893,
0.151549703717482));
#9885=CARTESIAN_POINT('Ctrl Pts',(0.082362451639558,-0.0979120695323201,
0.143738872797811));
#9886=CARTESIAN_POINT('Ctrl Pts',(-0.0356270105576419,-0.122886382154029,
0.135928041878139));
#9887=CARTESIAN_POINT('Ctrl Pts',(-0.121961490900832,-0.0386748250274485,
0.128117210958467));
#9888=CARTESIAN_POINT('Ctrl Pts',(-0.0999318738203872,0.0798997442353049,
0.120306380038796));
#9889=CARTESIAN_POINT('Ctrl Pts',(0.0108882915164111,0.127482501200585,
0.112495549119124));
#9890=CARTESIAN_POINT('Ctrl Pts',(0.112034087798972,0.0617957405087469,
0.104684718199453));
#9891=CARTESIAN_POINT('Ctrl Pts',(0.113636400071667,-0.0587973124113271,
0.0968738872797811));
#9892=CARTESIAN_POINT('Ctrl Pts',(0.0142715287895591,-0.127148105691011,
0.0890630563601094));
#9893=CARTESIAN_POINT('Ctrl Pts',(-0.0977737141474083,-0.0825268501205214,
0.081252225440438));
#9894=CARTESIAN_POINT('Ctrl Pts',(-0.122946027165462,0.0354211931045035,
0.0734413945207663));
#9895=CARTESIAN_POINT('Ctrl Pts',(-0.0388793403136593,0.121895601247868,
0.0656305636010947));
#9896=CARTESIAN_POINT('Ctrl Pts',(0.0797318077655684,0.100067383559133,
0.0578197326814232));
#9897=CARTESIAN_POINT('Ctrl Pts',(0.127500869125647,-0.0106774111845271,
0.0500089017617515));
#9898=CARTESIAN_POINT('Ctrl Pts',(0.0619831065781384,-0.111924390839599,
0.0421980708420801));
#9899=CARTESIAN_POINT('Ctrl Pts',(-0.0586055280889732,-0.113746143772212,
0.0343872399224084));
#9900=CARTESIAN_POINT('Ctrl Pts',(-0.127125957149274,-0.014463227401805,
0.0265764090027369));
#9901=CARTESIAN_POINT('Ctrl Pts',(-0.0826869501514598,0.0975934033280152,
0.0187655780830652));
#9902=CARTESIAN_POINT('Ctrl Pts',(0.0352070734250055,0.123086597390819,
0.0109547471633937));
#9903=CARTESIAN_POINT('Ctrl Pts',(0.121848712690458,0.0389167936607439,
0.00314391624372202));
#9904=CARTESIAN_POINT('Ctrl Pts',(0.107374068251189,-0.0397923952320205,
-0.00206330436939229));
#9905=CARTESIAN_POINT('Ctrl Pts',(0.0852311405212252,-0.0676782618711179,
-0.00466691467594948));
#9906=CARTESIAN_POINT('Ctrl Pts',(-0.0467490093352923,-0.089247367614786,
0.289000744027848));
#9907=CARTESIAN_POINT('Ctrl Pts',(-0.0759489024257367,-0.0739520585075562,
0.286397133721291));
#9908=CARTESIAN_POINT('Ctrl Pts',(-0.117721908609777,-0.0127669433872787,
0.281189913108177));
#9909=CARTESIAN_POINT('Ctrl Pts',(-0.0759648694180081,0.0909668478437989,
0.273379082188505));
#9910=CARTESIAN_POINT('Ctrl Pts',(0.0333750614954691,0.113611308604872,
0.265568251268834));
#9911=CARTESIAN_POINT('Ctrl Pts',(0.113016067006934,0.0354422630184798,
0.257757420349162));
#9912=CARTESIAN_POINT('Ctrl Pts',(0.0922643369297991,-0.0742852946097631,
0.249946589429491));
#9913=CARTESIAN_POINT('Ctrl Pts',(-0.0104773428093597,-0.117974429053,0.242135758509819));
#9914=CARTESIAN_POINT('Ctrl Pts',(-0.103903500117444,-0.0568602861969519,
0.234324927590147));
#9915=CARTESIAN_POINT('Ctrl Pts',(-0.105013551216101,0.0547843391580048,
0.226514096670476));
#9916=CARTESIAN_POINT('Ctrl Pts',(-0.012816228640241,0.117747543855479,
0.218703265750804));
#9917=CARTESIAN_POINT('Ctrl Pts',(0.0907675653503919,0.0760933606364257,
0.210892434831133));
#9918=CARTESIAN_POINT('Ctrl Pts',(0.113703860875027,-0.033171931431246,
0.203081603911461));
#9919=CARTESIAN_POINT('Ctrl Pts',(0.0356128118196025,-0.112962908880901,
0.19527077299179));
#9920=CARTESIAN_POINT('Ctrl Pts',(-0.0741204793295891,-0.0923854875130127,
0.187459942072118));
#9921=CARTESIAN_POINT('Ctrl Pts',(-0.117996991277246,0.010277622721591,
0.179649111152446));
#9922=CARTESIAN_POINT('Ctrl Pts',(-0.0570318720512119,0.103808856723313,
0.171838280232775));
#9923=CARTESIAN_POINT('Ctrl Pts',(0.0546066621446576,0.105104854083955,
0.164027449313103));
#9924=CARTESIAN_POINT('Ctrl Pts',(0.117726598019904,0.0130140312596412,
0.156216618393432));
#9925=CARTESIAN_POINT('Ctrl Pts',(0.0762451791977224,-0.0906398867263208,
0.14840578747376));
#9926=CARTESIAN_POINT('Ctrl Pts',(-0.0329809002788584,-0.113759292514717,
0.140594956554089));
#9927=CARTESIAN_POINT('Ctrl Pts',(-0.112903095328565,-0.0358023456800806,
0.132784125634417));
#9928=CARTESIAN_POINT('Ctrl Pts',(-0.0925096749225483,0.0739653834460057,
0.124973294714745));
#9929=CARTESIAN_POINT('Ctrl Pts',(0.0100795899259885,0.118014045904676,
0.117162463795074));
#9930=CARTESIAN_POINT('Ctrl Pts',(0.103713026147747,0.057206010930379,0.109351632875402));
#9931=CARTESIAN_POINT('Ctrl Pts',(0.105196330541076,-0.0544302838478518,
0.10154080195573));
#9932=CARTESIAN_POINT('Ctrl Pts',(0.0132115454108553,-0.117704486815032,
0.093729971036059));
#9933=CARTESIAN_POINT('Ctrl Pts',(-0.0905118073539178,-0.0763973673780325,
0.0859191401163874));
#9934=CARTESIAN_POINT('Ctrl Pts',(-0.113814507536787,0.0327903694206315,
0.0781083091967157));
#9935=CARTESIAN_POINT('Ctrl Pts',(-0.0359916710866877,0.112842099470653,
0.0702974782770443));
#9936=CARTESIAN_POINT('Ctrl Pts',(0.0738099200525055,0.0926351200022906,
0.0624866473573726));
#9937=CARTESIAN_POINT('Ctrl Pts',(0.118031049596407,-0.00988437222212348,
0.0546758164377011));
#9938=CARTESIAN_POINT('Ctrl Pts',(0.0573794608368832,-0.103611476665448,
0.0468649855180295));
#9939=CARTESIAN_POINT('Ctrl Pts',(-0.0542527438434676,-0.105297923292959,
0.0390541545983579));
#9940=CARTESIAN_POINT('Ctrl Pts',(-0.117683983302812,-0.0133890060710431,
0.0312433236786864));
#9941=CARTESIAN_POINT('Ctrl Pts',(-0.0765455763653253,0.0903448886857353,
0.0234324927590147));
#9942=CARTESIAN_POINT('Ctrl Pts',(0.0325921529638833,0.113944637247704,
0.0156216618393432));
#9943=CARTESIAN_POINT('Ctrl Pts',(0.112798693447752,0.036026342676753,0.00781083091967151));
#9944=CARTESIAN_POINT('Ctrl Pts',(0.0993991183121652,-0.0368369110532258,
0.00260361030655719));
#9945=CARTESIAN_POINT('Ctrl Pts',(0.0789008031318233,-0.0626516222068771,
0.));
#9946=CARTESIAN_POINT('Ctrl Pts',(-0.100596596657925,4.62115717457426E-6,
0.230340489990004));
#9947=CARTESIAN_POINT('Ctrl Pts',(-0.100604290432447,0.0162111615470067,
0.229065025550161));
#9948=CARTESIAN_POINT('Ctrl Pts',(-0.0968993399760369,0.0324145343123034,
0.227789561110319));
#9949=CARTESIAN_POINT('Ctrl Pts',(-0.0894623222703482,0.0466707690484246,
0.226514096670476));
#9950=CARTESIAN_POINT('Ctrl Pts',(-0.074281110357481,0.075772074057163,
0.223910486363919));
#9951=CARTESIAN_POINT('Ctrl Pts',(-0.0435486694988611,0.0967598089563212,
0.221306876057362));
#9952=CARTESIAN_POINT('Ctrl Pts',(-0.0109184834044457,0.100311312536058,
0.218703265750804));
#9953=CARTESIAN_POINT('Ctrl Pts',(0.0217117026899697,0.103862816115795,
0.216099655444247));
#9954=CARTESIAN_POINT('Ctrl Pts',(0.0562396340201806,0.0899780883761104,
0.21349604513769));
#9955=CARTESIAN_POINT('Ctrl Pts',(0.0773263156060587,0.0648248424949896,
0.210892434831133));
#9956=CARTESIAN_POINT('Ctrl Pts',(0.0984129971919368,0.0396715966138687,
0.208288824524575));
#9957=CARTESIAN_POINT('Ctrl Pts',(0.106058429033482,0.00324983259131123,
0.205685214218018));
#9958=CARTESIAN_POINT('Ctrl Pts',(0.0968659701116835,-0.0282595456615767,
0.203081603911461));
#9959=CARTESIAN_POINT('Ctrl Pts',(0.0876735111898853,-0.0597689239144644,
0.200477993604904));
#9960=CARTESIAN_POINT('Ctrl Pts',(0.0616431615047439,-0.0863659163976828,
0.197874383298347));
#9961=CARTESIAN_POINT('Ctrl Pts',(0.0303391048039747,-0.0962348424113105,
0.19527077299179));
#9962=CARTESIAN_POINT('Ctrl Pts',(-0.000964951896794585,-0.106103768424938,
0.192667162685232));
#9963=CARTESIAN_POINT('Ctrl Pts',(-0.0375427156131917,-0.0992446279689755,
0.190063552378675));
#9964=CARTESIAN_POINT('Ctrl Pts',(-0.0631443494626664,-0.0787045393685603,
0.187459942072118));
#9965=CARTESIAN_POINT('Ctrl Pts',(-0.0864798444041988,-0.0599825649644365,
0.18508679137808));
#9966=CARTESIAN_POINT('Ctrl Pts',(-0.100696324852379,-0.029894401755639,
0.182713640684042));
#9967=CARTESIAN_POINT('Ctrl Pts',(-0.100873478804277,4.73021975504043E-5,
0.180340489990004));
#9968=CARTESIAN_POINT('Ctrl Pts',(-0.10642809118825,0.0168733366804065,
0.275));
#9969=CARTESIAN_POINT('Ctrl Pts',(-0.104447864212699,0.023425867676376,
0.275));
#9970=CARTESIAN_POINT('Ctrl Pts',(-0.101853793627701,0.029799641257651,
0.275));
#9971=CARTESIAN_POINT('Ctrl Pts',(-0.0986807105234952,0.0358955959769992,
0.275));
#9972=CARTESIAN_POINT('Ctrl Pts',(-0.0974019647972936,0.0383522527327437,
0.275));
#9973=CARTESIAN_POINT('Ctrl Pts',(-0.0960296239411301,0.0407618829797105,
0.275));
#9974=CARTESIAN_POINT('Ctrl Pts',(-0.0945709471904694,0.043110003639783,
0.275));
#9975=CARTESIAN_POINT('Ctrl Pts',(-0.0904450932862704,0.0497516415410534,
0.275));
#9976=CARTESIAN_POINT('Ctrl Pts',(-0.0856206778696678,0.0559234590766655,
0.275));
#9977=CARTESIAN_POINT('Ctrl Pts',(-0.0801465092136313,0.0614619360710129,
0.275));
#9978=CARTESIAN_POINT('Ctrl Pts',(-0.0797245083845128,0.0618888943966559,
0.275));
#9979=CARTESIAN_POINT('Ctrl Pts',(-0.0792986361340822,0.0623120649112334,
0.275));
#9980=CARTESIAN_POINT('Ctrl Pts',(-0.0788689103394842,0.0627313600125785,
0.275));
#9981=CARTESIAN_POINT('Origin',(0.,0.,0.275));
#9982=CARTESIAN_POINT('Origin',(0.,0.,0.125));
#9983=UNCERTAINTY_MEASURE_WITH_UNIT(LENGTH_MEASURE(0.000393700787401575),
#9988,'DISTANCE_ACCURACY_VALUE',
'Maximum model space distance between geometric entities at asserted c
onnectivities');
#9984=UNCERTAINTY_MEASURE_WITH_UNIT(LENGTH_MEASURE(0.000393700787401575),
#9988,'DISTANCE_ACCURACY_VALUE',
'Maximum model space distance between geometric entities at asserted c
onnectivities');
#9985=(
GEOMETRIC_REPRESENTATION_CONTEXT(3)
GLOBAL_UNCERTAINTY_ASSIGNED_CONTEXT((#9983))
GLOBAL_UNIT_ASSIGNED_CONTEXT((#9988,#9992,#9993))
REPRESENTATION_CONTEXT('','3D')
);
#9986=(
GEOMETRIC_REPRESENTATION_CONTEXT(3)
GLOBAL_UNCERTAINTY_ASSIGNED_CONTEXT((#9984))
GLOBAL_UNIT_ASSIGNED_CONTEXT((#9988,#9992,#9993))
REPRESENTATION_CONTEXT('','3D')
);
#9987=DIMENSIONAL_EXPONENTS(1.,0.,0.,0.,0.,0.,0.);
#9988=(
CONVERSION_BASED_UNIT('inch',#9991)
LENGTH_UNIT()
NAMED_UNIT(#9987)
);
#9989=(
LENGTH_UNIT()
NAMED_UNIT(*)
SI_UNIT(.MILLI.,.METRE.)
);
#9990=(
LENGTH_UNIT()
NAMED_UNIT(*)
SI_UNIT($,.METRE.)
);
#9991=LENGTH_MEASURE_WITH_UNIT(LENGTH_MEASURE(25.4),#9989);
#9992=(
NAMED_UNIT(*)
PLANE_ANGLE_UNIT()
SI_UNIT($,.RADIAN.)
);
#9993=(
NAMED_UNIT(*)
SI_UNIT($,.STERADIAN.)
SOLID_ANGLE_UNIT()
);
#9994=SHAPE_DEFINITION_REPRESENTATION(#9995,#9996);
#9995=PRODUCT_DEFINITION_SHAPE('',$,#9998);
#9996=SHAPE_REPRESENTATION('',(#5207),#9985);
#9997=PRODUCT_DEFINITION_CONTEXT('part definition',#10002,'design');
#9998=PRODUCT_DEFINITION('Lock wheel','Lock wheel',#9999,#9997);
#9999=PRODUCT_DEFINITION_FORMATION('',$,#10004);
#10000=PRODUCT_RELATED_PRODUCT_CATEGORY('Lock wheel','Lock wheel',(#10004));
#10001=APPLICATION_PROTOCOL_DEFINITION('international standard',
'automotive_design',2009,#10002);
#10002=APPLICATION_CONTEXT(
'Core Data for Automotive Mechanical Design Process');
#10003=PRODUCT_CONTEXT('part definition',#10002,'mechanical');
#10004=PRODUCT('Lock wheel','Lock wheel',$,(#10003));
#10005=PRESENTATION_STYLE_ASSIGNMENT((#10006));
#10006=SURFACE_STYLE_USAGE(.BOTH.,#10007);
#10007=SURFACE_SIDE_STYLE('',(#10008));
#10008=SURFACE_STYLE_FILL_AREA(#10009);
#10009=FILL_AREA_STYLE('Steel - Satin',(#10010));
#10010=FILL_AREA_STYLE_COLOUR('Steel - Satin',#10011);
#10011=COLOUR_RGB('Steel - Satin',0.627450980392157,0.627450980392157,0.627450980392157);
ENDSEC;
END-ISO-10303-21;
