ISO-10303-21;
HEADER;
/* Generated by software containing ST-Developer
 * from STEP Tools, Inc. (www.steptools.com) 
 */

FILE_DESCRIPTION(
/* description */ (''),
/* implementation_level */ '2;1');

FILE_NAME(
/* name */ 'Wing Screw.step',
/* time_stamp */ '2026-09-18T21:15:46-04:00',
/* author */ (''),
/* organization */ (''),
/* preprocessor_version */ 'ST-DEVELOPER v20.2',
/* originating_system */ 'Autodesk Translation Framework v15.15.0.0',
/* authorisation */ '');

FILE_SCHEMA (('AUTOMOTIVE_DESIGN { 1 0 10303 214 3 1 1 }'));
ENDSEC;

DATA;
#10=MECHANICAL_DESIGN_GEOMETRIC_PRESENTATION_REPRESENTATION('',(#13),#3347);
#11=SHAPE_REPRESENTATION_RELATIONSHIP('SRR','None',#3357,#12);
#12=ADVANCED_BREP_SHAPE_REPRESENTATION('',(#14),#3346);
#13=STYLED_ITEM('',(#3366),#14);
#14=MANIFOLD_SOLID_BREP('Body1',#1189);
#15=(
BOUNDED_CURVE()
B_SPLINE_CURVE(2,(#3205,#3206,#3207),.UNSPECIFIED.,.F.,.F.)
B_SPLINE_CURVE_WITH_KNOTS((3,3),(-1.25729961484091,-0.198103872587002),
 .UNSPECIFIED.)
CURVE()
GEOMETRIC_REPRESENTATION_ITEM()
RATIONAL_B_SPLINE_CURVE((1.,1.,1.))
REPRESENTATION_ITEM('')
);
#16=(
BOUNDED_CURVE()
B_SPLINE_CURVE(2,(#3231,#3232,#3233),.UNSPECIFIED.,.F.,.F.)
B_SPLINE_CURVE_WITH_KNOTS((3,3),(1.91267770472517,2.99215195431686),
 .UNSPECIFIED.)
CURVE()
GEOMETRIC_REPRESENTATION_ITEM()
RATIONAL_B_SPLINE_CURVE((1.,1.,1.))
REPRESENTATION_ITEM('')
);
#17=(
BOUNDED_CURVE()
B_SPLINE_CURVE(2,(#3246,#3247,#3248),.UNSPECIFIED.,.F.,.F.)
B_SPLINE_CURVE_WITH_KNOTS((3,3),(1.9126777047252,2.99215195431686),
 .UNSPECIFIED.)
CURVE()
GEOMETRIC_REPRESENTATION_ITEM()
RATIONAL_B_SPLINE_CURVE((1.,1.,1.))
REPRESENTATION_ITEM('')
);
#18=(
BOUNDED_CURVE()
B_SPLINE_CURVE(2,(#3295,#3296,#3297),.UNSPECIFIED.,.F.,.F.)
B_SPLINE_CURVE_WITH_KNOTS((3,3),(1.95789475526779,2.91508229867258),
 .UNSPECIFIED.)
CURVE()
GEOMETRIC_REPRESENTATION_ITEM()
RATIONAL_B_SPLINE_CURVE((1.,1.,1.))
REPRESENTATION_ITEM('')
);
#19=(
BOUNDED_CURVE()
B_SPLINE_CURVE(2,(#3311,#3312,#3313),.UNSPECIFIED.,.F.,.F.)
B_SPLINE_CURVE_WITH_KNOTS((3,3),(1.95789475527786,2.91508229868328),
 .UNSPECIFIED.)
CURVE()
GEOMETRIC_REPRESENTATION_ITEM()
RATIONAL_B_SPLINE_CURVE((1.,1.,1.))
REPRESENTATION_ITEM('')
);
#20=(
BOUNDED_CURVE()
B_SPLINE_CURVE(2,(#3336,#3337,#3338),.UNSPECIFIED.,.F.,.F.)
B_SPLINE_CURVE_WITH_KNOTS((3,3),(-1.25729961483286,-0.198103872578439),
 .UNSPECIFIED.)
CURVE()
GEOMETRIC_REPRESENTATION_ITEM()
RATIONAL_B_SPLINE_CURVE((1.,1.,1.))
REPRESENTATION_ITEM('')
);
#21=ELLIPSE('',#1271,0.0302287558335105,0.03);
#22=ELLIPSE('',#1272,0.040696412266687,0.03);
#23=ELLIPSE('',#1302,4.13053676844115,0.36);
#24=ELLIPSE('',#1304,4.13053676844115,0.36);
#25=TOROIDAL_SURFACE('',#1245,2.64529012377473,0.03);
#26=TOROIDAL_SURFACE('',#1262,2.64529012377474,0.03);
#27=TOROIDAL_SURFACE('',#1275,0.340952949604663,0.03);
#28=TOROIDAL_SURFACE('',#1279,2.681597919138,0.03);
#29=TOROIDAL_SURFACE('',#1282,0.340952949604663,0.03);
#30=TOROIDAL_SURFACE('',#1286,2.68159791913799,0.03);
#31=SPHERICAL_SURFACE('',#1237,0.0300000000000001);
#32=SPHERICAL_SURFACE('',#1241,0.03);
#33=SPHERICAL_SURFACE('',#1248,0.0300000000000001);
#34=SPHERICAL_SURFACE('',#1253,0.0299999999999999);
#35=SPHERICAL_SURFACE('',#1258,0.03);
#36=SPHERICAL_SURFACE('',#1265,0.0300000000000001);
#37=FACE_BOUND('',#170,.T.);
#38=FACE_BOUND('',#211,.T.);
#39=FACE_BOUND('',#215,.T.);
#40=PLANE('',#1230);
#41=PLANE('',#1231);
#42=PLANE('',#1236);
#43=PLANE('',#1292);
#44=PLANE('',#1293);
#45=PLANE('',#1298);
#46=PLANE('',#1300);
#47=PLANE('',#1301);
#48=PLANE('',#1303);
#49=PLANE('',#1312);
#50=PLANE('',#1316);
#51=PLANE('',#1324);
#52=PLANE('',#1325);
#53=PLANE('',#1326);
#54=PLANE('',#1331);
#55=PLANE('',#1332);
#56=PLANE('',#1335);
#57=PLANE('',#1336);
#58=B_SPLINE_SURFACE_WITH_KNOTS('',3,3,((#2364,#2365,#2366,#2367,#2368,
#2369,#2370,#2371,#2372,#2373,#2374,#2375,#2376,#2377,#2378,#2379,#2380,
#2381,#2382,#2383,#2384,#2385,#2386,#2387,#2388,#2389,#2390,#2391,#2392,
#2393,#2394,#2395,#2396,#2397,#2398,#2399,#2400,#2401,#2402,#2403,#2404,
#2405,#2406,#2407,#2408,#2409,#2410,#2411,#2412,#2413,#2414,#2415,#2416,
#2417,#2418),(#2419,#2420,#2421,#2422,#2423,#2424,#2425,#2426,#2427,#2428,
#2429,#2430,#2431,#2432,#2433,#2434,#2435,#2436,#2437,#2438,#2439,#2440,
#2441,#2442,#2443,#2444,#2445,#2446,#2447,#2448,#2449,#2450,#2451,#2452,
#2453,#2454,#2455,#2456,#2457,#2458,#2459,#2460,#2461,#2462,#2463,#2464,
#2465,#2466,#2467,#2468,#2469,#2470,#2471,#2472,#2473),(#2474,#2475,#2476,
#2477,#2478,#2479,#2480,#2481,#2482,#2483,#2484,#2485,#2486,#2487,#2488,
#2489,#2490,#2491,#2492,#2493,#2494,#2495,#2496,#2497,#2498,#2499,#2500,
#2501,#2502,#2503,#2504,#2505,#2506,#2507,#2508,#2509,#2510,#2511,#2512,
#2513,#2514,#2515,#2516,#2517,#2518,#2519,#2520,#2521,#2522,#2523,#2524,
#2525,#2526,#2527,#2528),(#2529,#2530,#2531,#2532,#2533,#2534,#2535,#2536,
#2537,#2538,#2539,#2540,#2541,#2542,#2543,#2544,#2545,#2546,#2547,#2548,
#2549,#2550,#2551,#2552,#2553,#2554,#2555,#2556,#2557,#2558,#2559,#2560,
#2561,#2562,#2563,#2564,#2565,#2566,#2567,#2568,#2569,#2570,#2571,#2572,
#2573,#2574,#2575,#2576,#2577,#2578,#2579,#2580,#2581,#2582,#2583)),
 .UNSPECIFIED.,.F.,.F.,.F.,(4,4),(4,1,1,1,1,1,1,1,1,1,1,1,1,1,1,1,1,1,1,
1,1,1,1,1,1,1,1,1,1,1,1,1,1,1,1,1,1,1,1,1,1,1,1,1,1,1,1,1,1,1,1,1,4),(0.,
0.078309481111804),(15.4584029063775,16.4470767097878,17.4357505131982,
18.4244243166085,19.4130981200188,20.4017719234291,21.3904457268394,22.3791195302497,
23.3677933336601,24.3564671370704,25.3451409404807,26.333814743891,27.3224885473013,
28.3111623507116,29.2998361541219,30.2885099575323,31.2771837609426,32.2658575643529,
33.2545313677632,34.2432051711735,35.2318789745839,36.2205527779942,37.2092265814045,
38.1979003848148,39.1865741882251,40.1752479916354,41.1639217950457,42.1525955984561,
43.1412694018664,44.1299432052767,45.118617008687,46.1072908120973,47.0959646155076,
48.084638418918,49.0733122223283,50.0619860257386,51.0506598291489,52.0393336325592,
53.0280074359695,54.0166812393798,55.0053550427902,55.9940288462005,56.9827026496108,
57.9713764530211,58.9600502564314,59.9487240598417,60.9373978632521,61.9260716666624,
62.9147454700727,63.903419273483,64.8920930768933,65.8807668803036,66.869440683714),
 .UNSPECIFIED.);
#59=B_SPLINE_SURFACE_WITH_KNOTS('',3,3,((#2644,#2645,#2646,#2647,#2648,
#2649,#2650,#2651,#2652,#2653,#2654,#2655,#2656,#2657,#2658,#2659,#2660,
#2661,#2662,#2663,#2664,#2665,#2666,#2667,#2668,#2669,#2670,#2671,#2672,
#2673,#2674,#2675,#2676,#2677,#2678,#2679,#2680,#2681,#2682,#2683,#2684,
#2685,#2686,#2687,#2688,#2689,#2690,#2691,#2692,#2693,#2694,#2695,#2696,
#2697,#2698),(#2699,#2700,#2701,#2702,#2703,#2704,#2705,#2706,#2707,#2708,
#2709,#2710,#2711,#2712,#2713,#2714,#2715,#2716,#2717,#2718,#2719,#2720,
#2721,#2722,#2723,#2724,#2725,#2726,#2727,#2728,#2729,#2730,#2731,#2732,
#2733,#2734,#2735,#2736,#2737,#2738,#2739,#2740,#2741,#2742,#2743,#2744,
#2745,#2746,#2747,#2748,#2749,#2750,#2751,#2752,#2753),(#2754,#2755,#2756,
#2757,#2758,#2759,#2760,#2761,#2762,#2763,#2764,#2765,#2766,#2767,#2768,
#2769,#2770,#2771,#2772,#2773,#2774,#2775,#2776,#2777,#2778,#2779,#2780,
#2781,#2782,#2783,#2784,#2785,#2786,#2787,#2788,#2789,#2790,#2791,#2792,
#2793,#2794,#2795,#2796,#2797,#2798,#2799,#2800,#2801,#2802,#2803,#2804,
#2805,#2806,#2807,#2808),(#2809,#2810,#2811,#2812,#2813,#2814,#2815,#2816,
#2817,#2818,#2819,#2820,#2821,#2822,#2823,#2824,#2825,#2826,#2827,#2828,
#2829,#2830,#2831,#2832,#2833,#2834,#2835,#2836,#2837,#2838,#2839,#2840,
#2841,#2842,#2843,#2844,#2845,#2846,#2847,#2848,#2849,#2850,#2851,#2852,
#2853,#2854,#2855,#2856,#2857,#2858,#2859,#2860,#2861,#2862,#2863)),
 .UNSPECIFIED.,.F.,.F.,.F.,(4,4),(4,1,1,1,1,1,1,1,1,1,1,1,1,1,1,1,1,1,1,
1,1,1,1,1,1,1,1,1,1,1,1,1,1,1,1,1,1,1,1,1,1,1,1,1,1,1,1,1,1,1,1,1,4),(0.,
0.078309481111804),(12.1354303163643,13.1241041197746,14.112777923185,15.1014517265953,
16.0901255300056,17.0787993334159,18.0674731368262,19.0561469402365,20.0448207436468,
21.0334945470572,22.0221683504675,23.0108421538778,23.9995159572881,24.9881897606984,
25.9768635641087,26.9655373675191,27.9542111709294,28.9428849743397,29.93155877775,
30.9202325811603,31.9089063845706,32.897580187981,33.8862539913913,34.8749277948016,
35.8636015982119,36.8522754016222,37.8409492050325,38.8296230084429,39.8182968118532,
40.8069706152635,41.7956444186738,42.7843182220841,43.7729920254944,44.7616658289047,
45.7503396323151,46.7390134357254,47.7276872391357,48.716361042546,49.7050348459563,
50.6937086493666,51.682382452777,52.6710562561873,53.6597300595976,54.6484038630079,
55.6370776664182,56.6257514698285,57.6144252732389,58.6030990766492,59.5917728800595,
60.5804466834698,61.5691204868801,62.5577942902904,63.5464680937008),
 .UNSPECIFIED.);
#60=B_SPLINE_SURFACE_WITH_KNOTS('',3,3,((#2977,#2978,#2979,#2980),(#2981,
#2982,#2983,#2984),(#2985,#2986,#2987,#2988),(#2989,#2990,#2991,#2992),
(#2993,#2994,#2995,#2996)),.UNSPECIFIED.,.F.,.F.,.F.,(4,1,4),(4,4),(0.,
0.5,1.),(0.160155422801381,1.22159203642152),.UNSPECIFIED.);
#61=B_SPLINE_SURFACE_WITH_KNOTS('',3,3,((#3056,#3057,#3058,#3059),(#3060,
#3061,#3062,#3063),(#3064,#3065,#3066,#3067),(#3068,#3069,#3070,#3071),
(#3072,#3073,#3074,#3075)),.UNSPECIFIED.,.F.,.F.,.F.,(4,1,4),(4,4),(0.,
0.5,1.),(0.160155422801381,1.29162077077751),.UNSPECIFIED.);
#62=CONICAL_SURFACE('',#1224,0.0764,0.785398163397449);
#63=CONICAL_SURFACE('',#1227,0.0764,0.785398163397449);
#64=CONICAL_SURFACE('',#1294,0.41,0.0872664625997165);
#65=CONICAL_SURFACE('',#1297,2.61255086874265,0.0872664625997165);
#66=CONICAL_SURFACE('',#1314,2.66236060364724,0.0872664625997165);
#67=CONICAL_SURFACE('',#1317,0.360190265095413,0.0872664625997165);
#68=CONICAL_SURFACE('',#1319,0.360190265095413,0.0872664625997165);
#69=CONICAL_SURFACE('',#1321,2.66236060364725,0.0872664625997165);
#70=CONICAL_SURFACE('',#1333,0.41,0.0872664625997165);
#71=CONICAL_SURFACE('',#1334,2.61255086874266,0.0872664625997165);
#72=FACE_OUTER_BOUND('',#145,.T.);
#73=FACE_OUTER_BOUND('',#146,.T.);
#74=FACE_OUTER_BOUND('',#147,.T.);
#75=FACE_OUTER_BOUND('',#148,.T.);
#76=FACE_OUTER_BOUND('',#149,.T.);
#77=FACE_OUTER_BOUND('',#150,.T.);
#78=FACE_OUTER_BOUND('',#151,.T.);
#79=FACE_OUTER_BOUND('',#152,.T.);
#80=FACE_OUTER_BOUND('',#153,.T.);
#81=FACE_OUTER_BOUND('',#154,.T.);
#82=FACE_OUTER_BOUND('',#155,.T.);
#83=FACE_OUTER_BOUND('',#156,.T.);
#84=FACE_OUTER_BOUND('',#157,.T.);
#85=FACE_OUTER_BOUND('',#158,.T.);
#86=FACE_OUTER_BOUND('',#159,.T.);
#87=FACE_OUTER_BOUND('',#160,.T.);
#88=FACE_OUTER_BOUND('',#161,.T.);
#89=FACE_OUTER_BOUND('',#162,.T.);
#90=FACE_OUTER_BOUND('',#163,.T.);
#91=FACE_OUTER_BOUND('',#164,.T.);
#92=FACE_OUTER_BOUND('',#165,.T.);
#93=FACE_OUTER_BOUND('',#166,.T.);
#94=FACE_OUTER_BOUND('',#167,.T.);
#95=FACE_OUTER_BOUND('',#168,.T.);
#96=FACE_OUTER_BOUND('',#169,.T.);
#97=FACE_OUTER_BOUND('',#171,.T.);
#98=FACE_OUTER_BOUND('',#172,.T.);
#99=FACE_OUTER_BOUND('',#173,.T.);
#100=FACE_OUTER_BOUND('',#174,.T.);
#101=FACE_OUTER_BOUND('',#175,.T.);
#102=FACE_OUTER_BOUND('',#176,.T.);
#103=FACE_OUTER_BOUND('',#177,.T.);
#104=FACE_OUTER_BOUND('',#178,.T.);
#105=FACE_OUTER_BOUND('',#179,.T.);
#106=FACE_OUTER_BOUND('',#180,.T.);
#107=FACE_OUTER_BOUND('',#181,.T.);
#108=FACE_OUTER_BOUND('',#182,.T.);
#109=FACE_OUTER_BOUND('',#183,.T.);
#110=FACE_OUTER_BOUND('',#184,.T.);
#111=FACE_OUTER_BOUND('',#185,.T.);
#112=FACE_OUTER_BOUND('',#186,.T.);
#113=FACE_OUTER_BOUND('',#187,.T.);
#114=FACE_OUTER_BOUND('',#188,.T.);
#115=FACE_OUTER_BOUND('',#189,.T.);
#116=FACE_OUTER_BOUND('',#190,.T.);
#117=FACE_OUTER_BOUND('',#191,.T.);
#118=FACE_OUTER_BOUND('',#192,.T.);
#119=FACE_OUTER_BOUND('',#193,.T.);
#120=FACE_OUTER_BOUND('',#194,.T.);
#121=FACE_OUTER_BOUND('',#195,.T.);
#122=FACE_OUTER_BOUND('',#196,.T.);
#123=FACE_OUTER_BOUND('',#197,.T.);
#124=FACE_OUTER_BOUND('',#198,.T.);
#125=FACE_OUTER_BOUND('',#199,.T.);
#126=FACE_OUTER_BOUND('',#200,.T.);
#127=FACE_OUTER_BOUND('',#201,.T.);
#128=FACE_OUTER_BOUND('',#202,.T.);
#129=FACE_OUTER_BOUND('',#203,.T.);
#130=FACE_OUTER_BOUND('',#204,.T.);
#131=FACE_OUTER_BOUND('',#205,.T.);
#132=FACE_OUTER_BOUND('',#206,.T.);
#133=FACE_OUTER_BOUND('',#207,.T.);
#134=FACE_OUTER_BOUND('',#208,.T.);
#135=FACE_OUTER_BOUND('',#209,.T.);
#136=FACE_OUTER_BOUND('',#210,.T.);
#137=FACE_OUTER_BOUND('',#212,.T.);
#138=FACE_OUTER_BOUND('',#213,.T.);
#139=FACE_OUTER_BOUND('',#214,.T.);
#140=FACE_OUTER_BOUND('',#216,.T.);
#141=FACE_OUTER_BOUND('',#217,.T.);
#142=FACE_OUTER_BOUND('',#218,.T.);
#143=FACE_OUTER_BOUND('',#219,.T.);
#144=FACE_OUTER_BOUND('',#220,.T.);
#145=EDGE_LOOP('',(#731,#732,#733,#734,#735,#736,#737,#738));
#146=EDGE_LOOP('',(#739,#740,#741,#742));
#147=EDGE_LOOP('',(#743,#744,#745,#746));
#148=EDGE_LOOP('',(#747,#748,#749,#750));
#149=EDGE_LOOP('',(#751,#752,#753,#754));
#150=EDGE_LOOP('',(#755,#756,#757,#758));
#151=EDGE_LOOP('',(#759,#760,#761,#762,#763));
#152=EDGE_LOOP('',(#764,#765,#766));
#153=EDGE_LOOP('',(#767,#768,#769,#770,#771));
#154=EDGE_LOOP('',(#772,#773,#774,#775));
#155=EDGE_LOOP('',(#776,#777,#778,#779));
#156=EDGE_LOOP('',(#780,#781,#782,#783));
#157=EDGE_LOOP('',(#784,#785,#786,#787));
#158=EDGE_LOOP('',(#788,#789,#790,#791));
#159=EDGE_LOOP('',(#792,#793,#794,#795));
#160=EDGE_LOOP('',(#796,#797,#798,#799,#800,#801,#802,#803,#804));
#161=EDGE_LOOP('',(#805,#806,#807));
#162=EDGE_LOOP('',(#808,#809,#810,#811,#812,#813,#814,#815,#816,#817,#818,
#819,#820,#821,#822,#823,#824,#825,#826));
#163=EDGE_LOOP('',(#827,#828,#829,#830));
#164=EDGE_LOOP('',(#831,#832,#833,#834,#835,#836,#837,#838,#839,#840,#841,
#842,#843,#844,#845,#846,#847,#848));
#165=EDGE_LOOP('',(#849));
#166=EDGE_LOOP('',(#850,#851,#852,#853,#854));
#167=EDGE_LOOP('',(#855,#856,#857));
#168=EDGE_LOOP('',(#858,#859,#860,#861));
#169=EDGE_LOOP('',(#862));
#170=EDGE_LOOP('',(#863));
#171=EDGE_LOOP('',(#864,#865,#866));
#172=EDGE_LOOP('',(#867,#868,#869));
#173=EDGE_LOOP('',(#870,#871,#872,#873));
#174=EDGE_LOOP('',(#874,#875,#876));
#175=EDGE_LOOP('',(#877,#878,#879,#880));
#176=EDGE_LOOP('',(#881,#882,#883));
#177=EDGE_LOOP('',(#884,#885,#886,#887));
#178=EDGE_LOOP('',(#888,#889,#890,#891));
#179=EDGE_LOOP('',(#892,#893,#894));
#180=EDGE_LOOP('',(#895,#896,#897,#898));
#181=EDGE_LOOP('',(#899,#900,#901,#902));
#182=EDGE_LOOP('',(#903,#904,#905));
#183=EDGE_LOOP('',(#906,#907,#908,#909));
#184=EDGE_LOOP('',(#910,#911,#912,#913,#914));
#185=EDGE_LOOP('',(#915,#916,#917,#918));
#186=EDGE_LOOP('',(#919,#920,#921,#922));
#187=EDGE_LOOP('',(#923,#924,#925,#926));
#188=EDGE_LOOP('',(#927,#928,#929,#930,#931));
#189=EDGE_LOOP('',(#932,#933,#934,#935));
#190=EDGE_LOOP('',(#936,#937,#938,#939));
#191=EDGE_LOOP('',(#940,#941,#942,#943));
#192=EDGE_LOOP('',(#944,#945,#946,#947));
#193=EDGE_LOOP('',(#948,#949,#950,#951));
#194=EDGE_LOOP('',(#952,#953,#954,#955,#956));
#195=EDGE_LOOP('',(#957,#958,#959,#960));
#196=EDGE_LOOP('',(#961,#962,#963,#964,#965,#966));
#197=EDGE_LOOP('',(#967,#968,#969,#970,#971));
#198=EDGE_LOOP('',(#972,#973,#974,#975));
#199=EDGE_LOOP('',(#976,#977,#978,#979));
#200=EDGE_LOOP('',(#980,#981,#982,#983,#984));
#201=EDGE_LOOP('',(#985,#986,#987,#988,#989));
#202=EDGE_LOOP('',(#990,#991,#992,#993,#994,#995,#996,#997,#998,#999,#1000,
#1001));
#203=EDGE_LOOP('',(#1002,#1003,#1004,#1005));
#204=EDGE_LOOP('',(#1006,#1007,#1008,#1009,#1010));
#205=EDGE_LOOP('',(#1011,#1012,#1013,#1014));
#206=EDGE_LOOP('',(#1015,#1016,#1017,#1018,#1019));
#207=EDGE_LOOP('',(#1020,#1021,#1022,#1023));
#208=EDGE_LOOP('',(#1024,#1025,#1026,#1027,#1028));
#209=EDGE_LOOP('',(#1029,#1030,#1031,#1032));
#210=EDGE_LOOP('',(#1033,#1034,#1035,#1036,#1037,#1038,#1039,#1040));
#211=EDGE_LOOP('',(#1041));
#212=EDGE_LOOP('',(#1042,#1043,#1044,#1045));
#213=EDGE_LOOP('',(#1046,#1047,#1048,#1049,#1050,#1051,#1052,#1053,#1054,
#1055,#1056,#1057));
#214=EDGE_LOOP('',(#1058));
#215=EDGE_LOOP('',(#1059));
#216=EDGE_LOOP('',(#1060,#1061,#1062,#1063));
#217=EDGE_LOOP('',(#1064,#1065,#1066,#1067,#1068));
#218=EDGE_LOOP('',(#1069,#1070,#1071,#1072,#1073));
#219=EDGE_LOOP('',(#1074,#1075,#1076,#1077,#1078,#1079,#1080,#1081,#1082));
#220=EDGE_LOOP('',(#1083,#1084,#1085,#1086));
#221=CIRCLE('',#1204,0.1214);
#222=CIRCLE('',#1205,0.1214);
#223=CIRCLE('',#1206,0.1214);
#224=CIRCLE('',#1213,0.1214);
#225=CIRCLE('',#1215,0.0947);
#226=CIRCLE('',#1217,0.0947);
#227=CIRCLE('',#1225,0.0314);
#228=CIRCLE('',#1226,0.1214);
#229=CIRCLE('',#1229,0.0947);
#230=CIRCLE('',#1234,0.19);
#231=CIRCLE('',#1235,0.19);
#232=CIRCLE('',#1238,0.03);
#233=CIRCLE('',#1239,0.0300000000000001);
#234=CIRCLE('',#1240,0.03);
#235=CIRCLE('',#1242,0.03);
#236=CIRCLE('',#1243,0.03);
#237=CIRCLE('',#1244,0.0299999999999999);
#238=CIRCLE('',#1246,2.61540428283198);
#239=CIRCLE('',#1247,2.64529012377473);
#240=CIRCLE('',#1249,0.03);
#241=CIRCLE('',#1250,0.0300000000000001);
#242=CIRCLE('',#1251,0.03);
#243=CIRCLE('',#1254,0.0300000000000001);
#244=CIRCLE('',#1255,0.0299999999999999);
#245=CIRCLE('',#1256,0.03);
#246=CIRCLE('',#1259,0.03);
#247=CIRCLE('',#1260,0.03);
#248=CIRCLE('',#1261,0.0299999999999999);
#249=CIRCLE('',#1263,2.61540428283199);
#250=CIRCLE('',#1264,2.64529012377474);
#251=CIRCLE('',#1266,0.03);
#252=CIRCLE('',#1267,0.0300000000000001);
#253=CIRCLE('',#1268,0.03);
#254=CIRCLE('',#1276,0.340952949604663);
#255=CIRCLE('',#1277,0.0300000000000001);
#256=CIRCLE('',#1278,0.370838790547416);
#257=CIRCLE('',#1280,2.65171207819525);
#258=CIRCLE('',#1281,2.681597919138);
#259=CIRCLE('',#1283,0.340952949604663);
#260=CIRCLE('',#1284,0.0300000000000001);
#261=CIRCLE('',#1285,0.370838790547416);
#262=CIRCLE('',#1287,2.65171207819523);
#263=CIRCLE('',#1288,2.68159791913799);
#264=CIRCLE('',#1295,0.41);
#265=CIRCLE('',#1296,0.41);
#266=CIRCLE('',#1299,0.41);
#267=CIRCLE('',#1306,0.36);
#268=CIRCLE('',#1307,0.36);
#269=CIRCLE('',#1308,0.36);
#270=CIRCLE('',#1309,0.36);
#271=CIRCLE('',#1310,0.36);
#272=CIRCLE('',#1311,0.36);
#273=CIRCLE('',#1313,2.66711629379611);
#274=CIRCLE('',#1315,2.69992454261833);
#275=CIRCLE('',#1318,0.322626326124315);
#276=CIRCLE('',#1320,0.322626326124315);
#277=CIRCLE('',#1322,2.69992454261835);
#278=CIRCLE('',#1323,2.66711629379612);
#279=CIRCLE('',#1328,0.41);
#280=CIRCLE('',#1329,0.41);
#281=CIRCLE('',#1330,0.41);
#282=B_SPLINE_CURVE_WITH_KNOTS('',3,(#1667,#1668,#1669,#1670,#1671,#1672,
#1673,#1674,#1675,#1676,#1677,#1678,#1679,#1680,#1681,#1682,#1683,#1684,
#1685),.UNSPECIFIED.,.F.,.F.,(4,3,3,3,3,3,4),(-6.53274566875099,-5.9320428204619,
-4.94336901705158,-3.95469521364126,-2.96602141023095,-1.97734760682063,
-1.93713772100214),.UNSPECIFIED.);
#283=B_SPLINE_CURVE_WITH_KNOTS('',3,(#1693,#1694,#1695,#1696,#1697,#1698,
#1699,#1700,#1701,#1702,#1703,#1704,#1705),.UNSPECIFIED.,.F.,.F.,(4,3,3,
3,4),(0.,0.98867380341031,1.97734760682063,2.96602141023094,3.5725329515846),
 .UNSPECIFIED.);
#284=B_SPLINE_CURVE_WITH_KNOTS('',3,(#1710,#1711,#1712,#1713,#1714,#1715,
#1716,#1717,#1718,#1719,#1720,#1721,#1722,#1723,#1724,#1725,#1726,#1727,
#1728,#1729,#1730,#1731),.UNSPECIFIED.,.F.,.F.,(4,3,3,3,3,3,3,4),(-12.8159309759306,
-11.8640856409238,-10.8754118375135,-9.88673803410316,-8.89806423069284,
-7.90939042728253,-6.92071662387221,-6.53274566875099),.UNSPECIFIED.);
#285=B_SPLINE_CURVE_WITH_KNOTS('',3,(#1732,#1733,#1734,#1735,#1736,#1737,
#1738,#1739,#1740,#1741,#1742,#1743,#1744,#1745,#1746,#1747,#1748,#1749,
#1750,#1751,#1752,#1753),.UNSPECIFIED.,.F.,.F.,(4,3,3,3,3,3,3,4),(3.5725329515846,
3.95469521364126,4.94336901705158,5.93204282046189,6.92071662387221,7.90939042728252,
8.89806423069284,9.85571825876418),.UNSPECIFIED.);
#286=B_SPLINE_CURVE_WITH_KNOTS('',3,(#1758,#1759,#1760,#1761,#1762,#1763,
#1764,#1765,#1766,#1767,#1768,#1769,#1770,#1771,#1772,#1773,#1774,#1775,
#1776,#1777,#1778,#1779,#1780,#1781,#1782),.UNSPECIFIED.,.F.,.F.,(4,3,3,
3,3,3,3,3,4),(-19.0991162831102,-18.784802264796,-17.7961284613857,-16.8074546579754,
-15.8187808545651,-14.8301070511547,-13.8414332477444,-12.8527594443341,
-12.8159309759306),.UNSPECIFIED.);
#287=B_SPLINE_CURVE_WITH_KNOTS('',3,(#1783,#1784,#1785,#1786,#1787,#1788,
#1789,#1790,#1791,#1792,#1793,#1794,#1795,#1796,#1797,#1798,#1799,#1800,
#1801,#1802,#1803,#1804,#1805,#1806,#1807),.UNSPECIFIED.,.F.,.F.,(4,3,3,
3,3,3,3,3,4),(9.85571825876418,9.88673803410316,10.8754118375135,11.8640856409238,
12.8527594443341,13.8414332477444,14.8301070511547,15.8187808545651,16.1389035659438),
 .UNSPECIFIED.);
#288=B_SPLINE_CURVE_WITH_KNOTS('',3,(#1812,#1813,#1814,#1815,#1816,#1817,
#1818,#1819,#1820,#1821,#1822,#1823,#1824,#1825,#1826,#1827,#1828,#1829,
#1830,#1831,#1832,#1833),.UNSPECIFIED.,.F.,.F.,(4,3,3,3,3,3,3,4),(-25.3823015902898,
-24.7168450852579,-23.7281712818476,-22.7394974784373,-21.750823675027,
-20.7621498716166,-19.7734760682063,-19.0991162831102),.UNSPECIFIED.);
#289=B_SPLINE_CURVE_WITH_KNOTS('',3,(#1834,#1835,#1836,#1837,#1838,#1839,
#1840,#1841,#1842,#1843,#1844,#1845,#1846,#1847,#1848,#1849,#1850,#1851,
#1852,#1853,#1854,#1855),.UNSPECIFIED.,.F.,.F.,(4,3,3,3,3,3,3,4),(16.1389035659438,
16.8074546579754,17.7961284613857,18.784802264796,19.7734760682063,20.7621498716166,
21.750823675027,22.4220888731234),.UNSPECIFIED.);
#290=B_SPLINE_CURVE_WITH_KNOTS('',3,(#1860,#1861,#1862,#1863,#1864,#1865,
#1866,#1867,#1868,#1869,#1870,#1871,#1872,#1873,#1874,#1875,#1876,#1877,
#1878,#1879,#1880,#1881,#1882,#1883,#1884),.UNSPECIFIED.,.F.,.F.,(4,3,3,
3,3,3,3,3,4),(-31.6654868974693,-31.6375617091301,-30.6488879057198,-29.6602141023095,
-28.6715402988992,-27.6828664954888,-26.6941926920785,-25.7055188886682,
-25.3823015902898),.UNSPECIFIED.);
#291=B_SPLINE_CURVE_WITH_KNOTS('',3,(#1885,#1886,#1887,#1888,#1889,#1890,
#1891,#1892,#1893,#1894,#1895,#1896,#1897,#1898,#1899,#1900,#1901,#1902,
#1903,#1904,#1905,#1906,#1907,#1908,#1909),.UNSPECIFIED.,.F.,.F.,(4,3,3,
3,3,3,3,3,4),(22.4220888731234,22.7394974784373,23.7281712818476,24.7168450852579,
25.7055188886682,26.6941926920785,27.6828664954888,28.6715402988992,28.7052741803029),
 .UNSPECIFIED.);
#292=B_SPLINE_CURVE_WITH_KNOTS('',3,(#1914,#1915,#1916,#1917,#1918,#1919,
#1920,#1921,#1922,#1923,#1924,#1925,#1926,#1927,#1928,#1929,#1930,#1931,
#1932,#1933,#1934,#1935),.UNSPECIFIED.,.F.,.F.,(4,3,3,3,3,3,3,4),(-37.9486722046489,
-37.569604529592,-36.5809307261817,-35.5922569227714,-34.6035831193611,
-33.6149093159507,-32.6262355125404,-31.6654868974693),.UNSPECIFIED.);
#293=B_SPLINE_CURVE_WITH_KNOTS('',3,(#1936,#1937,#1938,#1939,#1940,#1941,
#1942,#1943,#1944,#1945,#1946,#1947,#1948,#1949,#1950,#1951,#1952,#1953,
#1954,#1955,#1956,#1957),.UNSPECIFIED.,.F.,.F.,(4,3,3,3,3,3,3,4),(28.7052741803029,
29.6602141023095,30.6488879057198,31.6375617091301,32.6262355125404,33.6149093159507,
34.6035831193611,34.9884594874825),.UNSPECIFIED.);
#294=B_SPLINE_CURVE_WITH_KNOTS('',3,(#1964,#1965,#1966,#1967,#1968,#1969,
#1970,#1971,#1972,#1973,#1974,#1975,#1976,#1977,#1978,#1979,#1980,#1981,
#1982),.UNSPECIFIED.,.F.,.F.,(4,3,3,3,3,3,4),(-43.4061607483874,-42.5129735466436,
-41.5242997432333,-40.535625939823,-39.5469521364126,-38.5582783330023,
-37.9486722046489),.UNSPECIFIED.);
#295=B_SPLINE_CURVE_WITH_KNOTS('',3,(#1983,#1984,#1985,#1986,#1987,#1988,
#1989,#1990,#1991,#1992,#1993,#1994,#1995,#1996,#1997,#1998,#1999,#2000,
#2001,#2002,#2003,#2004),.UNSPECIFIED.,.F.,.F.,(4,3,3,3,3,3,3,4),(34.9884594874825,
35.5922569227714,36.5809307261817,37.569604529592,38.5582783330023,39.5469521364126,
40.535625939823,41.2716447946621),.UNSPECIFIED.);
#296=B_SPLINE_CURVE_WITH_KNOTS('',3,(#2010,#2011,#2012,#2013,#2014),
 .UNSPECIFIED.,.F.,.F.,(4,1,4),(59.6902604182061,59.9487240598417,60.2826468877967),
 .UNSPECIFIED.);
#297=B_SPLINE_CURVE_WITH_KNOTS('',3,(#2020,#2021,#2022,#2023,#2024,#2025,
#2026,#2027,#2028,#2029),.UNSPECIFIED.,.F.,.F.,(4,1,1,1,1,1,1,4),(53.4070751110265,
54.0166812393798,55.0053550427902,55.9940288462005,56.9827026496108,57.9713764530211,
58.9600502564314,59.6902604182061),.UNSPECIFIED.);
#298=B_SPLINE_CURVE_WITH_KNOTS('',3,(#2032,#2033,#2034,#2035,#2036,#2037,
#2038,#2039,#2040,#2041),.UNSPECIFIED.,.F.,.F.,(4,1,1,1,1,1,1,4),(53.4070751110265,
53.6597300595976,54.6484038630079,55.6370776664182,56.6257514698285,57.6144252732389,
58.6030990766492,58.8968120187856),.UNSPECIFIED.);
#299=B_SPLINE_CURVE_WITH_KNOTS('',3,(#2046,#2047,#2048,#2049,#2050,#2051,
#2052,#2053,#2054,#2055),.UNSPECIFIED.,.F.,.F.,(4,1,1,1,1,1,1,4),(47.1238898038469,
48.084638418918,49.0733122223283,50.0619860257386,51.0506598291489,52.0393336325592,
53.0280074359695,53.4070751110265),.UNSPECIFIED.);
#300=B_SPLINE_CURVE_WITH_KNOTS('',3,(#2056,#2057,#2058,#2059,#2060,#2061,
#2062,#2063,#2064,#2065),.UNSPECIFIED.,.F.,.F.,(4,1,1,1,1,1,1,4),(47.1238898038469,
47.7276872391357,48.716361042546,49.7050348459563,50.6937086493666,51.682382452777,
52.6710562561873,53.4070751110265),.UNSPECIFIED.);
#301=B_SPLINE_CURVE_WITH_KNOTS('',3,(#2070,#2071,#2072,#2073,#2074,#2075,
#2076,#2077,#2078,#2079,#2080),.UNSPECIFIED.,.F.,.F.,(4,1,1,1,1,1,1,1,4),
(40.8407044966673,41.1639217950457,42.1525955984561,43.1412694018664,44.1299432052767,
45.118617008687,46.1072908120973,47.0959646155076,47.1238898038469),
 .UNSPECIFIED.);
#302=B_SPLINE_CURVE_WITH_KNOTS('',3,(#2081,#2082,#2083,#2084,#2085,#2086,
#2087,#2088,#2089,#2090),.UNSPECIFIED.,.F.,.F.,(4,1,1,1,1,1,1,4),(40.8407044966673,
41.7956444186738,42.7843182220841,43.7729920254944,44.7616658289047,45.7503396323151,
46.7390134357254,47.1238898038469),.UNSPECIFIED.);
#303=B_SPLINE_CURVE_WITH_KNOTS('',3,(#2095,#2096,#2097,#2098,#2099,#2100,
#2101,#2102,#2103,#2104),.UNSPECIFIED.,.F.,.F.,(4,1,1,1,1,1,1,4),(34.5575191894877,
35.2318789745839,36.2205527779942,37.2092265814045,38.1979003848148,39.1865741882251,
40.1752479916354,40.8407044966673),.UNSPECIFIED.);
#304=B_SPLINE_CURVE_WITH_KNOTS('',3,(#2105,#2106,#2107,#2108,#2109,#2110,
#2111,#2112,#2113,#2114,#2115),.UNSPECIFIED.,.F.,.F.,(4,1,1,1,1,1,1,1,4),
(34.5575191894877,34.8749277948016,35.8636015982119,36.8522754016222,37.8409492050325,
38.8296230084429,39.8182968118532,40.8069706152635,40.8407044966673),
 .UNSPECIFIED.);
#305=B_SPLINE_CURVE_WITH_KNOTS('',3,(#2120,#2121,#2122,#2123,#2124,#2125,
#2126,#2127,#2128,#2129,#2130),.UNSPECIFIED.,.F.,.F.,(4,1,1,1,1,1,1,1,4),
(28.2743338823081,28.3111623507116,29.2998361541219,30.2885099575323,31.2771837609426,
32.2658575643529,33.2545313677632,34.2432051711735,34.5575191894877),
 .UNSPECIFIED.);
#306=B_SPLINE_CURVE_WITH_KNOTS('',3,(#2131,#2132,#2133,#2134,#2135,#2136,
#2137,#2138,#2139,#2140),.UNSPECIFIED.,.F.,.F.,(4,1,1,1,1,1,1,4),(28.2743338823081,
28.9428849743397,29.93155877775,30.9202325811603,31.9089063845706,32.897580187981,
33.8862539913913,34.5575191894877),.UNSPECIFIED.);
#307=B_SPLINE_CURVE_WITH_KNOTS('',3,(#2145,#2146,#2147,#2148,#2149,#2150,
#2151,#2152,#2153,#2154),.UNSPECIFIED.,.F.,.F.,(4,1,1,1,1,1,1,4),(21.9911485751285,
22.3791195302497,23.3677933336601,24.3564671370704,25.3451409404807,26.333814743891,
27.3224885473013,28.2743338823081),.UNSPECIFIED.);
#308=B_SPLINE_CURVE_WITH_KNOTS('',3,(#2155,#2156,#2157,#2158,#2159,#2160,
#2161,#2162,#2163,#2164,#2165),.UNSPECIFIED.,.F.,.F.,(4,1,1,1,1,1,1,1,4),
(21.9911485751285,22.0221683504675,23.0108421538778,23.9995159572881,24.9881897606984,
25.9768635641087,26.9655373675191,27.9542111709294,28.2743338823081),
 .UNSPECIFIED.);
#309=B_SPLINE_CURVE_WITH_KNOTS('',3,(#2170,#2171,#2172,#2173,#2174,#2175,
#2176,#2177,#2178,#2179),.UNSPECIFIED.,.F.,.F.,(4,1,1,1,1,1,1,4),(15.707963267949,
16.4470767097878,17.4357505131982,18.4244243166085,19.4130981200188,20.4017719234291,
21.3904457268394,21.9911485751285),.UNSPECIFIED.);
#310=B_SPLINE_CURVE_WITH_KNOTS('',3,(#2180,#2181,#2182,#2183,#2184,#2185,
#2186,#2187,#2188,#2189),.UNSPECIFIED.,.F.,.F.,(4,1,1,1,1,1,1,4),(15.7079632679489,
16.0901255300056,17.0787993334159,18.0674731368262,19.0561469402365,20.0448207436468,
21.0334945470572,21.9911485751285),.UNSPECIFIED.);
#311=B_SPLINE_CURVE_WITH_KNOTS('',3,(#2195,#2196,#2197,#2198,#2199,#2200,
#2201,#2202,#2203,#2204,#2205,#2206,#2207,#2208,#2209,#2210),
 .UNSPECIFIED.,.F.,.F.,(4,3,3,3,3,4),(-0.402967125345079,-0.358489696598388,
-0.328094862172022,-0.316408963024396,-0.256926460762204,-0.245881276890682),
 .UNSPECIFIED.);
#312=B_SPLINE_CURVE_WITH_KNOTS('',3,(#2214,#2215,#2216,#2217,#2218,#2219,
#2220,#2221,#2222,#2223,#2224,#2225,#2226,#2227,#2228,#2229,#2230,#2231,
#2232,#2233,#2234,#2235,#2236,#2237,#2238,#2239,#2240,#2241,#2242,#2243,
#2244,#2245,#2246,#2247,#2248,#2249,#2250,#2251,#2252,#2253,#2254,#2255,
#2256,#2257,#2258,#2259,#2260,#2261,#2262,#2263,#2264,#2265,#2266,#2267,
#2268,#2269,#2270,#2271,#2272,#2273,#2274,#2275,#2276,#2277,#2278,#2279,
#2280,#2281,#2282,#2283,#2284,#2285,#2286,#2287,#2288,#2289,#2290,#2291,
#2292,#2293,#2294,#2295,#2296,#2297,#2298,#2299,#2300,#2301,#2302,#2303,
#2304,#2305,#2306,#2307,#2308,#2309,#2310,#2311,#2312,#2313,#2314,#2315,
#2316,#2317,#2318,#2319,#2320,#2321,#2322,#2323,#2324,#2325,#2326,#2327,
#2328,#2329,#2330,#2331,#2332,#2333,#2334,#2335,#2336,#2337,#2338,#2339,
#2340,#2341,#2342,#2343),.UNSPECIFIED.,.F.,.F.,(4,3,3,3,3,3,3,3,3,3,3,3,
3,3,3,3,3,3,3,3,3,3,3,3,3,3,3,3,3,3,3,3,3,3,3,3,3,3,3,3,3,3,3,4),(-1.4559353446091,
-1.4389505637172,-1.38926200761973,-1.36168400456281,-1.33633697195776,
-1.28075241467744,-1.24997725906625,-1.19557748208112,-1.15928270469918,
-1.14117770509598,-1.0749781342019,-1.03753417384252,-1.01455957851088,
-0.948495146439752,-0.925263660682713,-0.902982747328109,-0.855397017544381,
-0.819306661670256,-0.79812868283339,-0.74408142121324,-0.712224940374761,
-0.690928926929229,-0.636434281641009,-0.607225907321684,-0.584658462572827,
-0.581939636352789,-0.516607511948328,-0.494466356214843,-0.473381493151814,
-0.411602880930657,-0.389390729091885,-0.329207744590533,-0.320611138734945,
-0.291304754035525,-0.270835161291404,-0.221037811789047,-0.19466843080781,
-0.172667557609269,-0.122156660445622,-0.0966735372630152,-0.0757992500741332,
-0.0716457632819745,-0.0131468123436109,0.),.UNSPECIFIED.);
#313=B_SPLINE_CURVE_WITH_KNOTS('',3,(#2345,#2346,#2347,#2348,#2349,#2350,
#2351,#2352,#2353,#2354,#2355,#2356,#2357,#2358,#2359,#2360,#2361,#2362,
#2363),.UNSPECIFIED.,.F.,.F.,(4,3,3,3,3,3,4),(-0.245881276890682,-0.214643804163021,
-0.150140287912311,-0.118583234626395,-0.0968096703305683,-0.0299992426668551,
0.),.UNSPECIFIED.);
#314=B_SPLINE_CURVE_WITH_KNOTS('',3,(#2585,#2586,#2587,#2588),
 .UNSPECIFIED.,.F.,.F.,(4,4),(15.4584029063775,15.707963267949),
 .UNSPECIFIED.);
#315=B_SPLINE_CURVE_WITH_KNOTS('',3,(#2589,#2590,#2591,#2592,#2593,#2594,
#2595,#2596,#2597,#2598,#2599,#2600,#2601,#2602,#2603,#2604,#2605,#2606,
#2607,#2608,#2609,#2610,#2611,#2612,#2613,#2614,#2615,#2616,#2617,#2618,
#2619,#2620,#2621,#2622,#2623,#2624,#2625,#2626,#2627,#2628,#2629,#2630,
#2631,#2632,#2633,#2634),.UNSPECIFIED.,.F.,.F.,(4,3,3,3,3,3,3,3,3,3,3,3,
3,3,3,4),(-0.535871457672912,-0.48975562708757,-0.452097648656192,-0.422405751757862,
-0.396932504906114,-0.332338507139111,-0.306875154109848,-0.28588304093481,
-0.257700387501073,-0.215102090349696,-0.193130222751825,-0.132559513330993,
-0.100394884792379,-0.0804379600724852,-0.0241699872547512,0.),
 .UNSPECIFIED.);
#316=B_SPLINE_CURVE_WITH_KNOTS('',3,(#2637,#2638,#2639,#2640,#2641,#2642),
 .UNSPECIFIED.,.F.,.F.,(4,1,1,4),(14.0725680373665,14.112777923185,15.1014517265953,
15.7079632679489),.UNSPECIFIED.);
#317=B_SPLINE_CURVE_WITH_KNOTS('',3,(#2864,#2865,#2866,#2867),
 .UNSPECIFIED.,.F.,.F.,(4,4),(41.2716447946621,41.4690230273853),
 .UNSPECIFIED.);
#318=B_SPLINE_CURVE_WITH_KNOTS('',3,(#2868,#2869,#2870,#2871,#2872,#2873,
#2874,#2875,#2876,#2877,#2878,#2879,#2880,#2881,#2882,#2883,#2884,#2885,
#2886,#2887,#2888,#2889,#2890,#2891,#2892,#2893,#2894,#2895,#2896,#2897,
#2898,#2899,#2900,#2901,#2902,#2903,#2904,#2905,#2906,#2907,#2908,#2909,
#2910),.UNSPECIFIED.,.F.,.F.,(4,3,3,3,3,3,3,3,3,3,3,3,3,3,4),(-0.538735413272187,
-0.499112650358671,-0.470056107314626,-0.438852373155988,-0.414440946907327,
-0.353139318824624,-0.334199299524233,-0.291131953478701,-0.246659187379777,
-0.213620476398659,-0.160215357298994,-0.124780925676964,-0.10240865664477,
-0.0342946648580545,0.),.UNSPECIFIED.);
#319=B_SPLINE_CURVE_WITH_KNOTS('',3,(#2938,#2939,#2940,#2941,#2942,#2943,
#2944,#2945,#2946,#2947,#2948,#2949,#2950,#2951,#2952,#2953,#2954,#2955,
#2956,#2957),.UNSPECIFIED.,.F.,.F.,(4,2,2,2,2,2,2,2,2,4),(0.383554787882224,
0.383576524995646,0.387732343327609,0.39110887954262,0.394740894992082,
0.400499887020833,0.412649232985609,0.443251237287911,0.522482212038645,
0.537096264506678),.UNSPECIFIED.);
#320=B_SPLINE_CURVE_WITH_KNOTS('',3,(#2997,#2998,#2999,#3000),
 .UNSPECIFIED.,.F.,.F.,(4,4),(-1.22159203642152,-0.160155422801381),
 .UNSPECIFIED.);
#321=B_SPLINE_CURVE_WITH_KNOTS('',3,(#3001,#3002,#3003,#3004),
 .UNSPECIFIED.,.F.,.F.,(4,4),(0.160155422801381,1.22159203642152),
 .UNSPECIFIED.);
#322=B_SPLINE_CURVE_WITH_KNOTS('',3,(#3010,#3011,#3012,#3013,#3014,#3015,
#3016,#3017,#3018,#3019,#3020,#3021,#3022,#3023),.UNSPECIFIED.,.F.,.F.,
(4,2,2,2,2,2,4),(-0.000448629181553245,0.,0.021207839477579,0.0420780556518229,
0.0738203724527581,0.101939990973083,0.121776021997232),.UNSPECIFIED.);
#323=B_SPLINE_CURVE_WITH_KNOTS('',3,(#3034,#3035,#3036,#3037,#3038,#3039,
#3040,#3041,#3042,#3043,#3044,#3045,#3046,#3047,#3048,#3049,#3050,#3051,
#3052,#3053),.UNSPECIFIED.,.F.,.F.,(4,2,2,2,2,2,2,2,2,4),(0.383554787890023,
0.383576525003444,0.387732343335612,0.39110887955078,0.394740895000441,
0.400499887029677,0.412649232994874,0.443251237296439,0.522482212045446,
0.537096264513191),.UNSPECIFIED.);
#324=B_SPLINE_CURVE_WITH_KNOTS('',3,(#3077,#3078,#3079,#3080),
 .UNSPECIFIED.,.F.,.F.,(4,4),(-1.29162077077751,-0.160155422801381),
 .UNSPECIFIED.);
#325=B_SPLINE_CURVE_WITH_KNOTS('',3,(#3082,#3083,#3084,#3085),
 .UNSPECIFIED.,.F.,.F.,(4,4),(0.160155422801381,1.221592036419),
 .UNSPECIFIED.);
#326=B_SPLINE_CURVE_WITH_KNOTS('',3,(#3086,#3087,#3088,#3089,#3090,#3091,
#3092,#3093,#3094,#3095,#3096,#3097),.UNSPECIFIED.,.F.,.F.,(4,2,2,2,2,4),
(-0.000529400943880948,0.,0.0466265429881802,0.0835416096957169,0.111050309006058,
0.13400405079622),.UNSPECIFIED.);
#327=B_SPLINE_CURVE_WITH_KNOTS('',3,(#3119,#3120,#3121,#3122,#3123,#3124,
#3125,#3126,#3127,#3128,#3129,#3130,#3131,#3132),.UNSPECIFIED.,.F.,.F.,
(4,2,2,2,2,2,4),(0.118892345100905,0.122908817454316,0.15661541992653,0.190322022398744,
0.221116801366962,0.251911580335179,0.254599529445133),.UNSPECIFIED.);
#328=B_SPLINE_CURVE_WITH_KNOTS('',3,(#3140,#3141,#3142,#3143,#3144,#3145,
#3146,#3147,#3148,#3149,#3150,#3151,#3152,#3153),.UNSPECIFIED.,.F.,.F.,
(4,2,2,2,2,2,4),(-0.000448629181561716,0.,0.0212078394777788,0.0420780556522562,
0.0738203724535477,0.101939990974192,0.121776021998566),.UNSPECIFIED.);
#329=B_SPLINE_CURVE_WITH_KNOTS('',3,(#3164,#3165,#3166,#3167),
 .UNSPECIFIED.,.F.,.F.,(4,4),(0.113582867517933,0.114883902378938),
 .UNSPECIFIED.);
#330=B_SPLINE_CURVE_WITH_KNOTS('',3,(#3186,#3187,#3188,#3189,#3190,#3191,
#3192,#3193,#3194,#3195,#3196,#3197,#3198,#3199),.UNSPECIFIED.,.F.,.F.,
(4,2,2,2,2,2,4),(0.118892345100905,0.122908817454315,0.15661541992653,0.190322022398744,
0.221116801366962,0.25191158033518,0.254599529445132),.UNSPECIFIED.);
#331=B_SPLINE_CURVE_WITH_KNOTS('',3,(#3215,#3216,#3217,#3218,#3219,#3220,
#3221,#3222),.UNSPECIFIED.,.F.,.F.,(4,2,2,4),(1.29263875292277,1.32383852275875,
1.35503829259473,1.43187603202411),.UNSPECIFIED.);
#332=B_SPLINE_CURVE_WITH_KNOTS('',3,(#3255,#3256,#3257,#3258,#3259,#3260,
#3261,#3262,#3263,#3264),.UNSPECIFIED.,.F.,.F.,(4,2,2,2,4),(2.20153951898724,
2.23868871864604,2.27583791830484,2.37849150646387,2.39153355627317),
 .UNSPECIFIED.);
#333=B_SPLINE_CURVE_WITH_KNOTS('',3,(#3274,#3275,#3276,#3277,#3278,#3279,
#3280,#3281,#3282,#3283),.UNSPECIFIED.,.F.,.F.,(4,2,2,2,4),(2.20153951898739,
2.2386887186462,2.275837918305,2.37849150646403,2.3915335562735),
 .UNSPECIFIED.);
#334=B_SPLINE_CURVE_WITH_KNOTS('',3,(#3325,#3326,#3327,#3328,#3329,#3330,
#3331,#3332),.UNSPECIFIED.,.F.,.F.,(4,2,2,4),(1.29263875292293,1.32383852275892,
1.3550382925949,1.43187603202447),.UNSPECIFIED.);
#335=LINE('',#1665,#389);
#336=LINE('',#1689,#390);
#337=LINE('',#1709,#391);
#338=LINE('',#1757,#392);
#339=LINE('',#1811,#393);
#340=LINE('',#1859,#394);
#341=LINE('',#1913,#395);
#342=LINE('',#1961,#396);
#343=LINE('',#2008,#397);
#344=LINE('',#2019,#398);
#345=LINE('',#2045,#399);
#346=LINE('',#2069,#400);
#347=LINE('',#2094,#401);
#348=LINE('',#2119,#402);
#349=LINE('',#2144,#403);
#350=LINE('',#2169,#404);
#351=LINE('',#2193,#405);
#352=LINE('',#2211,#406);
#353=LINE('',#2918,#407);
#354=LINE('',#2968,#408);
#355=LINE('',#2969,#409);
#356=LINE('',#3007,#410);
#357=LINE('',#3009,#411);
#358=LINE('',#3106,#412);
#359=LINE('',#3107,#413);
#360=LINE('',#3110,#414);
#361=LINE('',#3112,#415);
#362=LINE('',#3133,#416);
#363=LINE('',#3134,#417);
#364=LINE('',#3137,#418);
#365=LINE('',#3139,#419);
#366=LINE('',#3178,#420);
#367=LINE('',#3179,#421);
#368=LINE('',#3181,#422);
#369=LINE('',#3182,#423);
#370=LINE('',#3200,#424);
#371=LINE('',#3201,#425);
#372=LINE('',#3203,#426);
#373=LINE('',#3210,#427);
#374=LINE('',#3235,#428);
#375=LINE('',#3237,#429);
#376=LINE('',#3238,#430);
#377=LINE('',#3242,#431);
#378=LINE('',#3250,#432);
#379=LINE('',#3251,#433);
#380=LINE('',#3268,#434);
#381=LINE('',#3288,#435);
#382=LINE('',#3294,#436);
#383=LINE('',#3299,#437);
#384=LINE('',#3304,#438);
#385=LINE('',#3315,#439);
#386=LINE('',#3316,#440);
#387=LINE('',#3322,#441);
#388=LINE('',#3340,#442);
#389=VECTOR('',#1341,0.1145);
#390=VECTOR('',#1344,0.1145);
#391=VECTOR('',#1351,0.1145);
#392=VECTOR('',#1354,0.1145);
#393=VECTOR('',#1357,0.1145);
#394=VECTOR('',#1360,0.1145);
#395=VECTOR('',#1363,0.1145);
#396=VECTOR('',#1366,0.1145);
#397=VECTOR('',#1371,0.0947);
#398=VECTOR('',#1376,0.0947);
#399=VECTOR('',#1381,0.0947);
#400=VECTOR('',#1384,0.0947);
#401=VECTOR('',#1387,0.0947);
#402=VECTOR('',#1390,0.0947);
#403=VECTOR('',#1393,0.0947);
#404=VECTOR('',#1396,0.0947);
#405=VECTOR('',#1401,0.0764);
#406=VECTOR('',#1402,0.0764);
#407=VECTOR('',#1421,0.19);
#408=VECTOR('',#1458,0.393700787401575);
#409=VECTOR('',#1459,0.393700787401575);
#410=VECTOR('',#1470,0.393700787401575);
#411=VECTOR('',#1471,0.393700787401575);
#412=VECTOR('',#1496,0.393700787401575);
#413=VECTOR('',#1497,0.393700787401575);
#414=VECTOR('',#1500,0.393700787401575);
#415=VECTOR('',#1501,0.393700787401575);
#416=VECTOR('',#1508,0.393700787401575);
#417=VECTOR('',#1509,0.393700787401575);
#418=VECTOR('',#1512,0.393700787401575);
#419=VECTOR('',#1513,0.393700787401575);
#420=VECTOR('',#1544,0.393700787401575);
#421=VECTOR('',#1545,0.393700787401575);
#422=VECTOR('',#1548,0.393700787401575);
#423=VECTOR('',#1549,0.393700787401575);
#424=VECTOR('',#1552,0.393700787401575);
#425=VECTOR('',#1553,0.393700787401575);
#426=VECTOR('',#1556,0.393700787401575);
#427=VECTOR('',#1561,0.393700787401575);
#428=VECTOR('',#1578,0.393700787401575);
#429=VECTOR('',#1579,0.393700787401575);
#430=VECTOR('',#1580,0.393700787401575);
#431=VECTOR('',#1583,0.393700787401575);
#432=VECTOR('',#1586,0.393700787401575);
#433=VECTOR('',#1587,0.393700787401575);
#434=VECTOR('',#1592,0.41);
#435=VECTOR('',#1605,0.393700787401575);
#436=VECTOR('',#1612,0.393700787401575);
#437=VECTOR('',#1615,0.393700787401575);
#438=VECTOR('',#1622,0.393700787401575);
#439=VECTOR('',#1633,0.393700787401575);
#440=VECTOR('',#1634,0.393700787401575);
#441=VECTOR('',#1643,0.41);
#442=VECTOR('',#1654,0.393700787401575);
#443=VERTEX_POINT('',#1663);
#444=VERTEX_POINT('',#1664);
#445=VERTEX_POINT('',#1666);
#446=VERTEX_POINT('',#1686);
#447=VERTEX_POINT('',#1688);
#448=VERTEX_POINT('',#1691);
#449=VERTEX_POINT('',#1707);
#450=VERTEX_POINT('',#1708);
#451=VERTEX_POINT('',#1755);
#452=VERTEX_POINT('',#1756);
#453=VERTEX_POINT('',#1809);
#454=VERTEX_POINT('',#1810);
#455=VERTEX_POINT('',#1857);
#456=VERTEX_POINT('',#1858);
#457=VERTEX_POINT('',#1911);
#458=VERTEX_POINT('',#1912);
#459=VERTEX_POINT('',#1959);
#460=VERTEX_POINT('',#1960);
#461=VERTEX_POINT('',#1962);
#462=VERTEX_POINT('',#2006);
#463=VERTEX_POINT('',#2007);
#464=VERTEX_POINT('',#2009);
#465=VERTEX_POINT('',#2017);
#466=VERTEX_POINT('',#2018);
#467=VERTEX_POINT('',#2030);
#468=VERTEX_POINT('',#2043);
#469=VERTEX_POINT('',#2044);
#470=VERTEX_POINT('',#2067);
#471=VERTEX_POINT('',#2068);
#472=VERTEX_POINT('',#2092);
#473=VERTEX_POINT('',#2093);
#474=VERTEX_POINT('',#2117);
#475=VERTEX_POINT('',#2118);
#476=VERTEX_POINT('',#2142);
#477=VERTEX_POINT('',#2143);
#478=VERTEX_POINT('',#2167);
#479=VERTEX_POINT('',#2168);
#480=VERTEX_POINT('',#2191);
#481=VERTEX_POINT('',#2194);
#482=VERTEX_POINT('',#2212);
#483=VERTEX_POINT('',#2584);
#484=VERTEX_POINT('',#2636);
#485=VERTEX_POINT('',#2915);
#486=VERTEX_POINT('',#2917);
#487=VERTEX_POINT('',#2922);
#488=VERTEX_POINT('',#2923);
#489=VERTEX_POINT('',#2925);
#490=VERTEX_POINT('',#2929);
#491=VERTEX_POINT('',#2930);
#492=VERTEX_POINT('',#2932);
#493=VERTEX_POINT('',#2936);
#494=VERTEX_POINT('',#2937);
#495=VERTEX_POINT('',#2961);
#496=VERTEX_POINT('',#2962);
#497=VERTEX_POINT('',#2964);
#498=VERTEX_POINT('',#2971);
#499=VERTEX_POINT('',#2972);
#500=VERTEX_POINT('',#2974);
#501=VERTEX_POINT('',#3006);
#502=VERTEX_POINT('',#3008);
#503=VERTEX_POINT('',#3025);
#504=VERTEX_POINT('',#3026);
#505=VERTEX_POINT('',#3028);
#506=VERTEX_POINT('',#3032);
#507=VERTEX_POINT('',#3033);
#508=VERTEX_POINT('',#3076);
#509=VERTEX_POINT('',#3081);
#510=VERTEX_POINT('',#3099);
#511=VERTEX_POINT('',#3100);
#512=VERTEX_POINT('',#3102);
#513=VERTEX_POINT('',#3109);
#514=VERTEX_POINT('',#3111);
#515=VERTEX_POINT('',#3113);
#516=VERTEX_POINT('',#3117);
#517=VERTEX_POINT('',#3118);
#518=VERTEX_POINT('',#3136);
#519=VERTEX_POINT('',#3138);
#520=VERTEX_POINT('',#3155);
#521=VERTEX_POINT('',#3157);
#522=VERTEX_POINT('',#3162);
#523=VERTEX_POINT('',#3169);
#524=VERTEX_POINT('',#3171);
#525=VERTEX_POINT('',#3184);
#526=VERTEX_POINT('',#3185);
#527=VERTEX_POINT('',#3209);
#528=VERTEX_POINT('',#3211);
#529=VERTEX_POINT('',#3227);
#530=VERTEX_POINT('',#3228);
#531=VERTEX_POINT('',#3230);
#532=VERTEX_POINT('',#3234);
#533=VERTEX_POINT('',#3236);
#534=VERTEX_POINT('',#3240);
#535=VERTEX_POINT('',#3241);
#536=VERTEX_POINT('',#3243);
#537=VERTEX_POINT('',#3245);
#538=VERTEX_POINT('',#3249);
#539=VERTEX_POINT('',#3253);
#540=VERTEX_POINT('',#3254);
#541=VERTEX_POINT('',#3265);
#542=VERTEX_POINT('',#3267);
#543=VERTEX_POINT('',#3271);
#544=VERTEX_POINT('',#3273);
#545=VERTEX_POINT('',#3287);
#546=VERTEX_POINT('',#3291);
#547=VERTEX_POINT('',#3292);
#548=VERTEX_POINT('',#3303);
#549=VERTEX_POINT('',#3307);
#550=VERTEX_POINT('',#3309);
#551=VERTEX_POINT('',#3320);
#552=VERTEX_POINT('',#3323);
#553=EDGE_CURVE('',#443,#444,#335,.T.);
#554=EDGE_CURVE('',#443,#445,#282,.T.);
#555=EDGE_CURVE('',#445,#446,#221,.T.);
#556=EDGE_CURVE('',#446,#447,#336,.T.);
#557=EDGE_CURVE('',#447,#447,#222,.T.);
#558=EDGE_CURVE('',#446,#448,#223,.T.);
#559=EDGE_CURVE('',#448,#444,#283,.T.);
#560=EDGE_CURVE('',#449,#450,#337,.T.);
#561=EDGE_CURVE('',#449,#443,#284,.T.);
#562=EDGE_CURVE('',#444,#450,#285,.T.);
#563=EDGE_CURVE('',#451,#452,#338,.T.);
#564=EDGE_CURVE('',#451,#449,#286,.T.);
#565=EDGE_CURVE('',#450,#452,#287,.T.);
#566=EDGE_CURVE('',#453,#454,#339,.T.);
#567=EDGE_CURVE('',#453,#451,#288,.T.);
#568=EDGE_CURVE('',#452,#454,#289,.T.);
#569=EDGE_CURVE('',#455,#456,#340,.T.);
#570=EDGE_CURVE('',#455,#453,#290,.T.);
#571=EDGE_CURVE('',#454,#456,#291,.T.);
#572=EDGE_CURVE('',#457,#458,#341,.T.);
#573=EDGE_CURVE('',#457,#455,#292,.T.);
#574=EDGE_CURVE('',#456,#458,#293,.T.);
#575=EDGE_CURVE('',#459,#460,#342,.T.);
#576=EDGE_CURVE('',#461,#459,#224,.T.);
#577=EDGE_CURVE('',#461,#457,#294,.T.);
#578=EDGE_CURVE('',#458,#460,#295,.T.);
#579=EDGE_CURVE('',#462,#463,#343,.T.);
#580=EDGE_CURVE('',#462,#464,#296,.T.);
#581=EDGE_CURVE('',#463,#464,#225,.T.);
#582=EDGE_CURVE('',#465,#466,#344,.T.);
#583=EDGE_CURVE('',#465,#462,#297,.T.);
#584=EDGE_CURVE('',#467,#463,#226,.T.);
#585=EDGE_CURVE('',#466,#467,#298,.T.);
#586=EDGE_CURVE('',#468,#469,#345,.T.);
#587=EDGE_CURVE('',#468,#465,#299,.T.);
#588=EDGE_CURVE('',#469,#466,#300,.T.);
#589=EDGE_CURVE('',#470,#471,#346,.T.);
#590=EDGE_CURVE('',#470,#468,#301,.T.);
#591=EDGE_CURVE('',#471,#469,#302,.T.);
#592=EDGE_CURVE('',#472,#473,#347,.T.);
#593=EDGE_CURVE('',#472,#470,#303,.T.);
#594=EDGE_CURVE('',#473,#471,#304,.T.);
#595=EDGE_CURVE('',#474,#475,#348,.T.);
#596=EDGE_CURVE('',#474,#472,#305,.T.);
#597=EDGE_CURVE('',#475,#473,#306,.T.);
#598=EDGE_CURVE('',#476,#477,#349,.T.);
#599=EDGE_CURVE('',#476,#474,#307,.T.);
#600=EDGE_CURVE('',#477,#475,#308,.T.);
#601=EDGE_CURVE('',#478,#479,#350,.T.);
#602=EDGE_CURVE('',#478,#476,#309,.T.);
#603=EDGE_CURVE('',#479,#477,#310,.T.);
#604=EDGE_CURVE('',#480,#480,#227,.T.);
#605=EDGE_CURVE('',#480,#463,#351,.T.);
#606=EDGE_CURVE('',#464,#481,#311,.T.);
#607=EDGE_CURVE('',#481,#459,#352,.T.);
#608=EDGE_CURVE('',#459,#482,#228,.T.);
#609=EDGE_CURVE('',#482,#467,#312,.T.);
#610=EDGE_CURVE('',#481,#461,#313,.T.);
#611=EDGE_CURVE('',#483,#478,#314,.T.);
#612=EDGE_CURVE('',#445,#483,#315,.T.);
#613=EDGE_CURVE('',#484,#479,#316,.T.);
#614=EDGE_CURVE('',#483,#484,#229,.T.);
#615=EDGE_CURVE('',#460,#482,#317,.T.);
#616=EDGE_CURVE('',#484,#448,#318,.T.);
#617=EDGE_CURVE('',#485,#485,#230,.T.);
#618=EDGE_CURVE('',#485,#486,#353,.T.);
#619=EDGE_CURVE('',#486,#486,#231,.T.);
#620=EDGE_CURVE('',#487,#488,#232,.F.);
#621=EDGE_CURVE('',#489,#487,#233,.F.);
#622=EDGE_CURVE('',#488,#489,#234,.F.);
#623=EDGE_CURVE('',#490,#491,#235,.F.);
#624=EDGE_CURVE('',#492,#490,#236,.F.);
#625=EDGE_CURVE('',#491,#492,#237,.F.);
#626=EDGE_CURVE('',#493,#494,#319,.T.);
#627=EDGE_CURVE('',#493,#492,#238,.T.);
#628=EDGE_CURVE('',#490,#494,#239,.T.);
#629=EDGE_CURVE('',#495,#496,#240,.F.);
#630=EDGE_CURVE('',#497,#495,#241,.F.);
#631=EDGE_CURVE('',#496,#497,#242,.F.);
#632=EDGE_CURVE('',#495,#488,#354,.T.);
#633=EDGE_CURVE('',#489,#497,#355,.T.);
#634=EDGE_CURVE('',#498,#499,#243,.F.);
#635=EDGE_CURVE('',#500,#498,#244,.F.);
#636=EDGE_CURVE('',#499,#500,#245,.F.);
#637=EDGE_CURVE('',#498,#491,#320,.T.);
#638=EDGE_CURVE('',#492,#500,#321,.T.);
#639=EDGE_CURVE('',#501,#495,#356,.T.);
#640=EDGE_CURVE('',#496,#502,#357,.T.);
#641=EDGE_CURVE('',#502,#501,#322,.T.);
#642=EDGE_CURVE('',#503,#504,#246,.F.);
#643=EDGE_CURVE('',#505,#503,#247,.F.);
#644=EDGE_CURVE('',#504,#505,#248,.F.);
#645=EDGE_CURVE('',#506,#507,#323,.T.);
#646=EDGE_CURVE('',#506,#505,#249,.T.);
#647=EDGE_CURVE('',#503,#507,#250,.T.);
#648=EDGE_CURVE('',#508,#504,#324,.T.);
#649=EDGE_CURVE('',#505,#509,#325,.T.);
#650=EDGE_CURVE('',#509,#508,#326,.T.);
#651=EDGE_CURVE('',#510,#511,#251,.F.);
#652=EDGE_CURVE('',#512,#510,#252,.F.);
#653=EDGE_CURVE('',#511,#512,#253,.F.);
#654=EDGE_CURVE('',#504,#512,#358,.T.);
#655=EDGE_CURVE('',#510,#503,#359,.T.);
#656=EDGE_CURVE('',#513,#511,#360,.T.);
#657=EDGE_CURVE('',#512,#514,#361,.T.);
#658=EDGE_CURVE('',#514,#515,#21,.T.);
#659=EDGE_CURVE('',#515,#513,#22,.T.);
#660=EDGE_CURVE('',#516,#517,#327,.F.);
#661=EDGE_CURVE('',#517,#510,#362,.T.);
#662=EDGE_CURVE('',#511,#516,#363,.T.);
#663=EDGE_CURVE('',#518,#513,#364,.T.);
#664=EDGE_CURVE('',#515,#519,#365,.T.);
#665=EDGE_CURVE('',#519,#518,#328,.T.);
#666=EDGE_CURVE('',#502,#520,#254,.T.);
#667=EDGE_CURVE('',#520,#521,#255,.T.);
#668=EDGE_CURVE('',#521,#501,#256,.T.);
#669=EDGE_CURVE('',#509,#521,#257,.T.);
#670=EDGE_CURVE('',#520,#522,#258,.T.);
#671=EDGE_CURVE('',#522,#508,#329,.T.);
#672=EDGE_CURVE('',#519,#523,#259,.T.);
#673=EDGE_CURVE('',#523,#524,#260,.T.);
#674=EDGE_CURVE('',#524,#518,#261,.T.);
#675=EDGE_CURVE('',#500,#524,#262,.T.);
#676=EDGE_CURVE('',#523,#499,#263,.T.);
#677=EDGE_CURVE('',#497,#498,#366,.T.);
#678=EDGE_CURVE('',#499,#496,#367,.T.);
#679=EDGE_CURVE('',#491,#489,#368,.T.);
#680=EDGE_CURVE('',#487,#490,#369,.T.);
#681=EDGE_CURVE('',#525,#526,#330,.F.);
#682=EDGE_CURVE('',#526,#487,#370,.T.);
#683=EDGE_CURVE('',#488,#525,#371,.T.);
#684=EDGE_CURVE('',#522,#514,#372,.T.);
#685=EDGE_CURVE('',#516,#518,#15,.T.);
#686=EDGE_CURVE('',#527,#524,#373,.T.);
#687=EDGE_CURVE('',#528,#527,#264,.T.);
#688=EDGE_CURVE('',#517,#528,#265,.T.);
#689=EDGE_CURVE('',#527,#493,#331,.T.);
#690=EDGE_CURVE('',#526,#494,#266,.T.);
#691=EDGE_CURVE('',#529,#530,#23,.T.);
#692=EDGE_CURVE('',#530,#531,#16,.T.);
#693=EDGE_CURVE('',#532,#531,#374,.F.);
#694=EDGE_CURVE('',#533,#532,#375,.F.);
#695=EDGE_CURVE('',#529,#533,#376,.T.);
#696=EDGE_CURVE('',#534,#535,#377,.F.);
#697=EDGE_CURVE('',#536,#534,#24,.T.);
#698=EDGE_CURVE('',#536,#537,#17,.T.);
#699=EDGE_CURVE('',#538,#537,#378,.F.);
#700=EDGE_CURVE('',#535,#538,#379,.F.);
#701=EDGE_CURVE('',#539,#540,#332,.T.);
#702=EDGE_CURVE('',#541,#539,#267,.T.);
#703=EDGE_CURVE('',#541,#542,#380,.T.);
#704=EDGE_CURVE('',#542,#542,#268,.T.);
#705=EDGE_CURVE('',#530,#541,#269,.T.);
#706=EDGE_CURVE('',#529,#543,#270,.T.);
#707=EDGE_CURVE('',#544,#543,#333,.T.);
#708=EDGE_CURVE('',#536,#544,#271,.T.);
#709=EDGE_CURVE('',#534,#540,#272,.T.);
#710=EDGE_CURVE('',#535,#545,#381,.F.);
#711=EDGE_CURVE('',#545,#540,#273,.F.);
#712=EDGE_CURVE('',#546,#547,#274,.F.);
#713=EDGE_CURVE('',#539,#546,#382,.T.);
#714=EDGE_CURVE('',#545,#547,#18,.F.);
#715=EDGE_CURVE('',#547,#538,#383,.F.);
#716=EDGE_CURVE('',#531,#546,#275,.F.);
#717=EDGE_CURVE('',#544,#548,#384,.T.);
#718=EDGE_CURVE('',#537,#548,#276,.F.);
#719=EDGE_CURVE('',#548,#549,#277,.F.);
#720=EDGE_CURVE('',#550,#543,#278,.T.);
#721=EDGE_CURVE('',#550,#549,#19,.F.);
#722=EDGE_CURVE('',#549,#532,#385,.F.);
#723=EDGE_CURVE('',#533,#550,#386,.T.);
#724=EDGE_CURVE('',#551,#551,#279,.T.);
#725=EDGE_CURVE('',#551,#528,#387,.T.);
#726=EDGE_CURVE('',#552,#526,#280,.T.);
#727=EDGE_CURVE('',#552,#506,#334,.T.);
#728=EDGE_CURVE('',#517,#507,#281,.T.);
#729=EDGE_CURVE('',#525,#501,#20,.T.);
#730=EDGE_CURVE('',#552,#521,#388,.T.);
#731=ORIENTED_EDGE('',*,*,#553,.F.);
#732=ORIENTED_EDGE('',*,*,#554,.T.);
#733=ORIENTED_EDGE('',*,*,#555,.T.);
#734=ORIENTED_EDGE('',*,*,#556,.T.);
#735=ORIENTED_EDGE('',*,*,#557,.F.);
#736=ORIENTED_EDGE('',*,*,#556,.F.);
#737=ORIENTED_EDGE('',*,*,#558,.T.);
#738=ORIENTED_EDGE('',*,*,#559,.T.);
#739=ORIENTED_EDGE('',*,*,#560,.F.);
#740=ORIENTED_EDGE('',*,*,#561,.T.);
#741=ORIENTED_EDGE('',*,*,#553,.T.);
#742=ORIENTED_EDGE('',*,*,#562,.T.);
#743=ORIENTED_EDGE('',*,*,#563,.F.);
#744=ORIENTED_EDGE('',*,*,#564,.T.);
#745=ORIENTED_EDGE('',*,*,#560,.T.);
#746=ORIENTED_EDGE('',*,*,#565,.T.);
#747=ORIENTED_EDGE('',*,*,#566,.F.);
#748=ORIENTED_EDGE('',*,*,#567,.T.);
#749=ORIENTED_EDGE('',*,*,#563,.T.);
#750=ORIENTED_EDGE('',*,*,#568,.T.);
#751=ORIENTED_EDGE('',*,*,#569,.F.);
#752=ORIENTED_EDGE('',*,*,#570,.T.);
#753=ORIENTED_EDGE('',*,*,#566,.T.);
#754=ORIENTED_EDGE('',*,*,#571,.T.);
#755=ORIENTED_EDGE('',*,*,#572,.F.);
#756=ORIENTED_EDGE('',*,*,#573,.T.);
#757=ORIENTED_EDGE('',*,*,#569,.T.);
#758=ORIENTED_EDGE('',*,*,#574,.T.);
#759=ORIENTED_EDGE('',*,*,#575,.F.);
#760=ORIENTED_EDGE('',*,*,#576,.F.);
#761=ORIENTED_EDGE('',*,*,#577,.T.);
#762=ORIENTED_EDGE('',*,*,#572,.T.);
#763=ORIENTED_EDGE('',*,*,#578,.T.);
#764=ORIENTED_EDGE('',*,*,#579,.F.);
#765=ORIENTED_EDGE('',*,*,#580,.T.);
#766=ORIENTED_EDGE('',*,*,#581,.F.);
#767=ORIENTED_EDGE('',*,*,#582,.F.);
#768=ORIENTED_EDGE('',*,*,#583,.T.);
#769=ORIENTED_EDGE('',*,*,#579,.T.);
#770=ORIENTED_EDGE('',*,*,#584,.F.);
#771=ORIENTED_EDGE('',*,*,#585,.F.);
#772=ORIENTED_EDGE('',*,*,#586,.F.);
#773=ORIENTED_EDGE('',*,*,#587,.T.);
#774=ORIENTED_EDGE('',*,*,#582,.T.);
#775=ORIENTED_EDGE('',*,*,#588,.F.);
#776=ORIENTED_EDGE('',*,*,#589,.F.);
#777=ORIENTED_EDGE('',*,*,#590,.T.);
#778=ORIENTED_EDGE('',*,*,#586,.T.);
#779=ORIENTED_EDGE('',*,*,#591,.F.);
#780=ORIENTED_EDGE('',*,*,#592,.F.);
#781=ORIENTED_EDGE('',*,*,#593,.T.);
#782=ORIENTED_EDGE('',*,*,#589,.T.);
#783=ORIENTED_EDGE('',*,*,#594,.F.);
#784=ORIENTED_EDGE('',*,*,#595,.F.);
#785=ORIENTED_EDGE('',*,*,#596,.T.);
#786=ORIENTED_EDGE('',*,*,#592,.T.);
#787=ORIENTED_EDGE('',*,*,#597,.F.);
#788=ORIENTED_EDGE('',*,*,#598,.F.);
#789=ORIENTED_EDGE('',*,*,#599,.T.);
#790=ORIENTED_EDGE('',*,*,#595,.T.);
#791=ORIENTED_EDGE('',*,*,#600,.F.);
#792=ORIENTED_EDGE('',*,*,#601,.F.);
#793=ORIENTED_EDGE('',*,*,#602,.T.);
#794=ORIENTED_EDGE('',*,*,#598,.T.);
#795=ORIENTED_EDGE('',*,*,#603,.F.);
#796=ORIENTED_EDGE('',*,*,#604,.T.);
#797=ORIENTED_EDGE('',*,*,#605,.T.);
#798=ORIENTED_EDGE('',*,*,#581,.T.);
#799=ORIENTED_EDGE('',*,*,#606,.T.);
#800=ORIENTED_EDGE('',*,*,#607,.T.);
#801=ORIENTED_EDGE('',*,*,#608,.T.);
#802=ORIENTED_EDGE('',*,*,#609,.T.);
#803=ORIENTED_EDGE('',*,*,#584,.T.);
#804=ORIENTED_EDGE('',*,*,#605,.F.);
#805=ORIENTED_EDGE('',*,*,#607,.F.);
#806=ORIENTED_EDGE('',*,*,#610,.T.);
#807=ORIENTED_EDGE('',*,*,#576,.T.);
#808=ORIENTED_EDGE('',*,*,#606,.F.);
#809=ORIENTED_EDGE('',*,*,#580,.F.);
#810=ORIENTED_EDGE('',*,*,#583,.F.);
#811=ORIENTED_EDGE('',*,*,#587,.F.);
#812=ORIENTED_EDGE('',*,*,#590,.F.);
#813=ORIENTED_EDGE('',*,*,#593,.F.);
#814=ORIENTED_EDGE('',*,*,#596,.F.);
#815=ORIENTED_EDGE('',*,*,#599,.F.);
#816=ORIENTED_EDGE('',*,*,#602,.F.);
#817=ORIENTED_EDGE('',*,*,#611,.F.);
#818=ORIENTED_EDGE('',*,*,#612,.F.);
#819=ORIENTED_EDGE('',*,*,#554,.F.);
#820=ORIENTED_EDGE('',*,*,#561,.F.);
#821=ORIENTED_EDGE('',*,*,#564,.F.);
#822=ORIENTED_EDGE('',*,*,#567,.F.);
#823=ORIENTED_EDGE('',*,*,#570,.F.);
#824=ORIENTED_EDGE('',*,*,#573,.F.);
#825=ORIENTED_EDGE('',*,*,#577,.F.);
#826=ORIENTED_EDGE('',*,*,#610,.F.);
#827=ORIENTED_EDGE('',*,*,#601,.T.);
#828=ORIENTED_EDGE('',*,*,#613,.F.);
#829=ORIENTED_EDGE('',*,*,#614,.F.);
#830=ORIENTED_EDGE('',*,*,#611,.T.);
#831=ORIENTED_EDGE('',*,*,#609,.F.);
#832=ORIENTED_EDGE('',*,*,#615,.F.);
#833=ORIENTED_EDGE('',*,*,#578,.F.);
#834=ORIENTED_EDGE('',*,*,#574,.F.);
#835=ORIENTED_EDGE('',*,*,#571,.F.);
#836=ORIENTED_EDGE('',*,*,#568,.F.);
#837=ORIENTED_EDGE('',*,*,#565,.F.);
#838=ORIENTED_EDGE('',*,*,#562,.F.);
#839=ORIENTED_EDGE('',*,*,#559,.F.);
#840=ORIENTED_EDGE('',*,*,#616,.F.);
#841=ORIENTED_EDGE('',*,*,#613,.T.);
#842=ORIENTED_EDGE('',*,*,#603,.T.);
#843=ORIENTED_EDGE('',*,*,#600,.T.);
#844=ORIENTED_EDGE('',*,*,#597,.T.);
#845=ORIENTED_EDGE('',*,*,#594,.T.);
#846=ORIENTED_EDGE('',*,*,#591,.T.);
#847=ORIENTED_EDGE('',*,*,#588,.T.);
#848=ORIENTED_EDGE('',*,*,#585,.T.);
#849=ORIENTED_EDGE('',*,*,#604,.F.);
#850=ORIENTED_EDGE('',*,*,#555,.F.);
#851=ORIENTED_EDGE('',*,*,#612,.T.);
#852=ORIENTED_EDGE('',*,*,#614,.T.);
#853=ORIENTED_EDGE('',*,*,#616,.T.);
#854=ORIENTED_EDGE('',*,*,#558,.F.);
#855=ORIENTED_EDGE('',*,*,#575,.T.);
#856=ORIENTED_EDGE('',*,*,#615,.T.);
#857=ORIENTED_EDGE('',*,*,#608,.F.);
#858=ORIENTED_EDGE('',*,*,#617,.F.);
#859=ORIENTED_EDGE('',*,*,#618,.T.);
#860=ORIENTED_EDGE('',*,*,#619,.F.);
#861=ORIENTED_EDGE('',*,*,#618,.F.);
#862=ORIENTED_EDGE('',*,*,#619,.T.);
#863=ORIENTED_EDGE('',*,*,#557,.T.);
#864=ORIENTED_EDGE('',*,*,#620,.F.);
#865=ORIENTED_EDGE('',*,*,#621,.F.);
#866=ORIENTED_EDGE('',*,*,#622,.F.);
#867=ORIENTED_EDGE('',*,*,#623,.F.);
#868=ORIENTED_EDGE('',*,*,#624,.F.);
#869=ORIENTED_EDGE('',*,*,#625,.F.);
#870=ORIENTED_EDGE('',*,*,#626,.F.);
#871=ORIENTED_EDGE('',*,*,#627,.T.);
#872=ORIENTED_EDGE('',*,*,#624,.T.);
#873=ORIENTED_EDGE('',*,*,#628,.T.);
#874=ORIENTED_EDGE('',*,*,#629,.F.);
#875=ORIENTED_EDGE('',*,*,#630,.F.);
#876=ORIENTED_EDGE('',*,*,#631,.F.);
#877=ORIENTED_EDGE('',*,*,#630,.T.);
#878=ORIENTED_EDGE('',*,*,#632,.T.);
#879=ORIENTED_EDGE('',*,*,#622,.T.);
#880=ORIENTED_EDGE('',*,*,#633,.T.);
#881=ORIENTED_EDGE('',*,*,#634,.F.);
#882=ORIENTED_EDGE('',*,*,#635,.F.);
#883=ORIENTED_EDGE('',*,*,#636,.F.);
#884=ORIENTED_EDGE('',*,*,#635,.T.);
#885=ORIENTED_EDGE('',*,*,#637,.T.);
#886=ORIENTED_EDGE('',*,*,#625,.T.);
#887=ORIENTED_EDGE('',*,*,#638,.T.);
#888=ORIENTED_EDGE('',*,*,#639,.T.);
#889=ORIENTED_EDGE('',*,*,#629,.T.);
#890=ORIENTED_EDGE('',*,*,#640,.T.);
#891=ORIENTED_EDGE('',*,*,#641,.T.);
#892=ORIENTED_EDGE('',*,*,#642,.F.);
#893=ORIENTED_EDGE('',*,*,#643,.F.);
#894=ORIENTED_EDGE('',*,*,#644,.F.);
#895=ORIENTED_EDGE('',*,*,#645,.F.);
#896=ORIENTED_EDGE('',*,*,#646,.T.);
#897=ORIENTED_EDGE('',*,*,#643,.T.);
#898=ORIENTED_EDGE('',*,*,#647,.T.);
#899=ORIENTED_EDGE('',*,*,#648,.T.);
#900=ORIENTED_EDGE('',*,*,#644,.T.);
#901=ORIENTED_EDGE('',*,*,#649,.T.);
#902=ORIENTED_EDGE('',*,*,#650,.T.);
#903=ORIENTED_EDGE('',*,*,#651,.F.);
#904=ORIENTED_EDGE('',*,*,#652,.F.);
#905=ORIENTED_EDGE('',*,*,#653,.F.);
#906=ORIENTED_EDGE('',*,*,#642,.T.);
#907=ORIENTED_EDGE('',*,*,#654,.T.);
#908=ORIENTED_EDGE('',*,*,#652,.T.);
#909=ORIENTED_EDGE('',*,*,#655,.T.);
#910=ORIENTED_EDGE('',*,*,#656,.T.);
#911=ORIENTED_EDGE('',*,*,#653,.T.);
#912=ORIENTED_EDGE('',*,*,#657,.T.);
#913=ORIENTED_EDGE('',*,*,#658,.T.);
#914=ORIENTED_EDGE('',*,*,#659,.T.);
#915=ORIENTED_EDGE('',*,*,#660,.T.);
#916=ORIENTED_EDGE('',*,*,#661,.T.);
#917=ORIENTED_EDGE('',*,*,#651,.T.);
#918=ORIENTED_EDGE('',*,*,#662,.T.);
#919=ORIENTED_EDGE('',*,*,#663,.T.);
#920=ORIENTED_EDGE('',*,*,#659,.F.);
#921=ORIENTED_EDGE('',*,*,#664,.T.);
#922=ORIENTED_EDGE('',*,*,#665,.T.);
#923=ORIENTED_EDGE('',*,*,#666,.T.);
#924=ORIENTED_EDGE('',*,*,#667,.T.);
#925=ORIENTED_EDGE('',*,*,#668,.T.);
#926=ORIENTED_EDGE('',*,*,#641,.F.);
#927=ORIENTED_EDGE('',*,*,#669,.T.);
#928=ORIENTED_EDGE('',*,*,#667,.F.);
#929=ORIENTED_EDGE('',*,*,#670,.T.);
#930=ORIENTED_EDGE('',*,*,#671,.T.);
#931=ORIENTED_EDGE('',*,*,#650,.F.);
#932=ORIENTED_EDGE('',*,*,#672,.T.);
#933=ORIENTED_EDGE('',*,*,#673,.T.);
#934=ORIENTED_EDGE('',*,*,#674,.T.);
#935=ORIENTED_EDGE('',*,*,#665,.F.);
#936=ORIENTED_EDGE('',*,*,#636,.T.);
#937=ORIENTED_EDGE('',*,*,#675,.T.);
#938=ORIENTED_EDGE('',*,*,#673,.F.);
#939=ORIENTED_EDGE('',*,*,#676,.T.);
#940=ORIENTED_EDGE('',*,*,#631,.T.);
#941=ORIENTED_EDGE('',*,*,#677,.T.);
#942=ORIENTED_EDGE('',*,*,#634,.T.);
#943=ORIENTED_EDGE('',*,*,#678,.T.);
#944=ORIENTED_EDGE('',*,*,#623,.T.);
#945=ORIENTED_EDGE('',*,*,#679,.T.);
#946=ORIENTED_EDGE('',*,*,#621,.T.);
#947=ORIENTED_EDGE('',*,*,#680,.T.);
#948=ORIENTED_EDGE('',*,*,#681,.T.);
#949=ORIENTED_EDGE('',*,*,#682,.T.);
#950=ORIENTED_EDGE('',*,*,#620,.T.);
#951=ORIENTED_EDGE('',*,*,#683,.T.);
#952=ORIENTED_EDGE('',*,*,#657,.F.);
#953=ORIENTED_EDGE('',*,*,#654,.F.);
#954=ORIENTED_EDGE('',*,*,#648,.F.);
#955=ORIENTED_EDGE('',*,*,#671,.F.);
#956=ORIENTED_EDGE('',*,*,#684,.T.);
#957=ORIENTED_EDGE('',*,*,#662,.F.);
#958=ORIENTED_EDGE('',*,*,#656,.F.);
#959=ORIENTED_EDGE('',*,*,#663,.F.);
#960=ORIENTED_EDGE('',*,*,#685,.F.);
#961=ORIENTED_EDGE('',*,*,#674,.F.);
#962=ORIENTED_EDGE('',*,*,#686,.F.);
#963=ORIENTED_EDGE('',*,*,#687,.F.);
#964=ORIENTED_EDGE('',*,*,#688,.F.);
#965=ORIENTED_EDGE('',*,*,#660,.F.);
#966=ORIENTED_EDGE('',*,*,#685,.T.);
#967=ORIENTED_EDGE('',*,*,#675,.F.);
#968=ORIENTED_EDGE('',*,*,#638,.F.);
#969=ORIENTED_EDGE('',*,*,#627,.F.);
#970=ORIENTED_EDGE('',*,*,#689,.F.);
#971=ORIENTED_EDGE('',*,*,#686,.T.);
#972=ORIENTED_EDGE('',*,*,#628,.F.);
#973=ORIENTED_EDGE('',*,*,#680,.F.);
#974=ORIENTED_EDGE('',*,*,#682,.F.);
#975=ORIENTED_EDGE('',*,*,#690,.T.);
#976=ORIENTED_EDGE('',*,*,#637,.F.);
#977=ORIENTED_EDGE('',*,*,#677,.F.);
#978=ORIENTED_EDGE('',*,*,#633,.F.);
#979=ORIENTED_EDGE('',*,*,#679,.F.);
#980=ORIENTED_EDGE('',*,*,#691,.T.);
#981=ORIENTED_EDGE('',*,*,#692,.T.);
#982=ORIENTED_EDGE('',*,*,#693,.F.);
#983=ORIENTED_EDGE('',*,*,#694,.F.);
#984=ORIENTED_EDGE('',*,*,#695,.F.);
#985=ORIENTED_EDGE('',*,*,#696,.F.);
#986=ORIENTED_EDGE('',*,*,#697,.F.);
#987=ORIENTED_EDGE('',*,*,#698,.T.);
#988=ORIENTED_EDGE('',*,*,#699,.F.);
#989=ORIENTED_EDGE('',*,*,#700,.F.);
#990=ORIENTED_EDGE('',*,*,#701,.F.);
#991=ORIENTED_EDGE('',*,*,#702,.F.);
#992=ORIENTED_EDGE('',*,*,#703,.T.);
#993=ORIENTED_EDGE('',*,*,#704,.F.);
#994=ORIENTED_EDGE('',*,*,#703,.F.);
#995=ORIENTED_EDGE('',*,*,#705,.F.);
#996=ORIENTED_EDGE('',*,*,#691,.F.);
#997=ORIENTED_EDGE('',*,*,#706,.T.);
#998=ORIENTED_EDGE('',*,*,#707,.F.);
#999=ORIENTED_EDGE('',*,*,#708,.F.);
#1000=ORIENTED_EDGE('',*,*,#697,.T.);
#1001=ORIENTED_EDGE('',*,*,#709,.T.);
#1002=ORIENTED_EDGE('',*,*,#709,.F.);
#1003=ORIENTED_EDGE('',*,*,#696,.T.);
#1004=ORIENTED_EDGE('',*,*,#710,.T.);
#1005=ORIENTED_EDGE('',*,*,#711,.T.);
#1006=ORIENTED_EDGE('',*,*,#712,.F.);
#1007=ORIENTED_EDGE('',*,*,#713,.F.);
#1008=ORIENTED_EDGE('',*,*,#701,.T.);
#1009=ORIENTED_EDGE('',*,*,#711,.F.);
#1010=ORIENTED_EDGE('',*,*,#714,.T.);
#1011=ORIENTED_EDGE('',*,*,#715,.F.);
#1012=ORIENTED_EDGE('',*,*,#714,.F.);
#1013=ORIENTED_EDGE('',*,*,#710,.F.);
#1014=ORIENTED_EDGE('',*,*,#700,.T.);
#1015=ORIENTED_EDGE('',*,*,#692,.F.);
#1016=ORIENTED_EDGE('',*,*,#705,.T.);
#1017=ORIENTED_EDGE('',*,*,#702,.T.);
#1018=ORIENTED_EDGE('',*,*,#713,.T.);
#1019=ORIENTED_EDGE('',*,*,#716,.F.);
#1020=ORIENTED_EDGE('',*,*,#698,.F.);
#1021=ORIENTED_EDGE('',*,*,#708,.T.);
#1022=ORIENTED_EDGE('',*,*,#717,.T.);
#1023=ORIENTED_EDGE('',*,*,#718,.F.);
#1024=ORIENTED_EDGE('',*,*,#719,.F.);
#1025=ORIENTED_EDGE('',*,*,#717,.F.);
#1026=ORIENTED_EDGE('',*,*,#707,.T.);
#1027=ORIENTED_EDGE('',*,*,#720,.F.);
#1028=ORIENTED_EDGE('',*,*,#721,.T.);
#1029=ORIENTED_EDGE('',*,*,#722,.F.);
#1030=ORIENTED_EDGE('',*,*,#721,.F.);
#1031=ORIENTED_EDGE('',*,*,#723,.F.);
#1032=ORIENTED_EDGE('',*,*,#694,.T.);
#1033=ORIENTED_EDGE('',*,*,#712,.T.);
#1034=ORIENTED_EDGE('',*,*,#715,.T.);
#1035=ORIENTED_EDGE('',*,*,#699,.T.);
#1036=ORIENTED_EDGE('',*,*,#718,.T.);
#1037=ORIENTED_EDGE('',*,*,#719,.T.);
#1038=ORIENTED_EDGE('',*,*,#722,.T.);
#1039=ORIENTED_EDGE('',*,*,#693,.T.);
#1040=ORIENTED_EDGE('',*,*,#716,.T.);
#1041=ORIENTED_EDGE('',*,*,#617,.T.);
#1042=ORIENTED_EDGE('',*,*,#706,.F.);
#1043=ORIENTED_EDGE('',*,*,#695,.T.);
#1044=ORIENTED_EDGE('',*,*,#723,.T.);
#1045=ORIENTED_EDGE('',*,*,#720,.T.);
#1046=ORIENTED_EDGE('',*,*,#724,.F.);
#1047=ORIENTED_EDGE('',*,*,#725,.T.);
#1048=ORIENTED_EDGE('',*,*,#687,.T.);
#1049=ORIENTED_EDGE('',*,*,#689,.T.);
#1050=ORIENTED_EDGE('',*,*,#626,.T.);
#1051=ORIENTED_EDGE('',*,*,#690,.F.);
#1052=ORIENTED_EDGE('',*,*,#726,.F.);
#1053=ORIENTED_EDGE('',*,*,#727,.T.);
#1054=ORIENTED_EDGE('',*,*,#645,.T.);
#1055=ORIENTED_EDGE('',*,*,#728,.F.);
#1056=ORIENTED_EDGE('',*,*,#688,.T.);
#1057=ORIENTED_EDGE('',*,*,#725,.F.);
#1058=ORIENTED_EDGE('',*,*,#724,.T.);
#1059=ORIENTED_EDGE('',*,*,#704,.T.);
#1060=ORIENTED_EDGE('',*,*,#639,.F.);
#1061=ORIENTED_EDGE('',*,*,#729,.F.);
#1062=ORIENTED_EDGE('',*,*,#683,.F.);
#1063=ORIENTED_EDGE('',*,*,#632,.F.);
#1064=ORIENTED_EDGE('',*,*,#668,.F.);
#1065=ORIENTED_EDGE('',*,*,#730,.F.);
#1066=ORIENTED_EDGE('',*,*,#726,.T.);
#1067=ORIENTED_EDGE('',*,*,#681,.F.);
#1068=ORIENTED_EDGE('',*,*,#729,.T.);
#1069=ORIENTED_EDGE('',*,*,#727,.F.);
#1070=ORIENTED_EDGE('',*,*,#730,.T.);
#1071=ORIENTED_EDGE('',*,*,#669,.F.);
#1072=ORIENTED_EDGE('',*,*,#649,.F.);
#1073=ORIENTED_EDGE('',*,*,#646,.F.);
#1074=ORIENTED_EDGE('',*,*,#658,.F.);
#1075=ORIENTED_EDGE('',*,*,#684,.F.);
#1076=ORIENTED_EDGE('',*,*,#670,.F.);
#1077=ORIENTED_EDGE('',*,*,#666,.F.);
#1078=ORIENTED_EDGE('',*,*,#640,.F.);
#1079=ORIENTED_EDGE('',*,*,#678,.F.);
#1080=ORIENTED_EDGE('',*,*,#676,.F.);
#1081=ORIENTED_EDGE('',*,*,#672,.F.);
#1082=ORIENTED_EDGE('',*,*,#664,.F.);
#1083=ORIENTED_EDGE('',*,*,#661,.F.);
#1084=ORIENTED_EDGE('',*,*,#728,.T.);
#1085=ORIENTED_EDGE('',*,*,#647,.F.);
#1086=ORIENTED_EDGE('',*,*,#655,.F.);
#1087=CYLINDRICAL_SURFACE('',#1203,0.1214);
#1088=CYLINDRICAL_SURFACE('',#1207,0.1214);
#1089=CYLINDRICAL_SURFACE('',#1208,0.1214);
#1090=CYLINDRICAL_SURFACE('',#1209,0.1214);
#1091=CYLINDRICAL_SURFACE('',#1210,0.1214);
#1092=CYLINDRICAL_SURFACE('',#1211,0.1214);
#1093=CYLINDRICAL_SURFACE('',#1212,0.1214);
#1094=CYLINDRICAL_SURFACE('',#1214,0.0947);
#1095=CYLINDRICAL_SURFACE('',#1216,0.0947);
#1096=CYLINDRICAL_SURFACE('',#1218,0.0947);
#1097=CYLINDRICAL_SURFACE('',#1219,0.0947);
#1098=CYLINDRICAL_SURFACE('',#1220,0.0947);
#1099=CYLINDRICAL_SURFACE('',#1221,0.0947);
#1100=CYLINDRICAL_SURFACE('',#1222,0.0947);
#1101=CYLINDRICAL_SURFACE('',#1223,0.0947);
#1102=CYLINDRICAL_SURFACE('',#1228,0.0947);
#1103=CYLINDRICAL_SURFACE('',#1232,0.1214);
#1104=CYLINDRICAL_SURFACE('',#1233,0.19);
#1105=CYLINDRICAL_SURFACE('',#1252,0.03);
#1106=CYLINDRICAL_SURFACE('',#1257,0.03);
#1107=CYLINDRICAL_SURFACE('',#1269,0.03);
#1108=CYLINDRICAL_SURFACE('',#1270,0.03);
#1109=CYLINDRICAL_SURFACE('',#1273,0.03);
#1110=CYLINDRICAL_SURFACE('',#1274,0.03);
#1111=CYLINDRICAL_SURFACE('',#1289,0.03);
#1112=CYLINDRICAL_SURFACE('',#1290,0.03);
#1113=CYLINDRICAL_SURFACE('',#1291,0.03);
#1114=CYLINDRICAL_SURFACE('',#1305,0.36);
#1115=CYLINDRICAL_SURFACE('',#1327,0.41);
#1116=ADVANCED_FACE('',(#72),#1087,.T.);
#1117=ADVANCED_FACE('',(#73),#1088,.T.);
#1118=ADVANCED_FACE('',(#74),#1089,.T.);
#1119=ADVANCED_FACE('',(#75),#1090,.T.);
#1120=ADVANCED_FACE('',(#76),#1091,.T.);
#1121=ADVANCED_FACE('',(#77),#1092,.T.);
#1122=ADVANCED_FACE('',(#78),#1093,.T.);
#1123=ADVANCED_FACE('',(#79),#1094,.T.);
#1124=ADVANCED_FACE('',(#80),#1095,.T.);
#1125=ADVANCED_FACE('',(#81),#1096,.T.);
#1126=ADVANCED_FACE('',(#82),#1097,.T.);
#1127=ADVANCED_FACE('',(#83),#1098,.T.);
#1128=ADVANCED_FACE('',(#84),#1099,.T.);
#1129=ADVANCED_FACE('',(#85),#1100,.T.);
#1130=ADVANCED_FACE('',(#86),#1101,.T.);
#1131=ADVANCED_FACE('',(#87),#62,.T.);
#1132=ADVANCED_FACE('',(#88),#63,.T.);
#1133=ADVANCED_FACE('',(#89),#58,.F.);
#1134=ADVANCED_FACE('',(#90),#1102,.T.);
#1135=ADVANCED_FACE('',(#91),#59,.F.);
#1136=ADVANCED_FACE('',(#92),#40,.T.);
#1137=ADVANCED_FACE('',(#93),#41,.T.);
#1138=ADVANCED_FACE('',(#94),#1103,.T.);
#1139=ADVANCED_FACE('',(#95),#1104,.T.);
#1140=ADVANCED_FACE('',(#96,#37),#42,.T.);
#1141=ADVANCED_FACE('',(#97),#31,.T.);
#1142=ADVANCED_FACE('',(#98),#32,.T.);
#1143=ADVANCED_FACE('',(#99),#25,.T.);
#1144=ADVANCED_FACE('',(#100),#33,.T.);
#1145=ADVANCED_FACE('',(#101),#1105,.T.);
#1146=ADVANCED_FACE('',(#102),#34,.T.);
#1147=ADVANCED_FACE('',(#103),#60,.F.);
#1148=ADVANCED_FACE('',(#104),#1106,.T.);
#1149=ADVANCED_FACE('',(#105),#35,.T.);
#1150=ADVANCED_FACE('',(#106),#26,.T.);
#1151=ADVANCED_FACE('',(#107),#61,.F.);
#1152=ADVANCED_FACE('',(#108),#36,.T.);
#1153=ADVANCED_FACE('',(#109),#1107,.T.);
#1154=ADVANCED_FACE('',(#110),#1108,.T.);
#1155=ADVANCED_FACE('',(#111),#1109,.T.);
#1156=ADVANCED_FACE('',(#112),#1110,.T.);
#1157=ADVANCED_FACE('',(#113),#27,.T.);
#1158=ADVANCED_FACE('',(#114),#28,.T.);
#1159=ADVANCED_FACE('',(#115),#29,.T.);
#1160=ADVANCED_FACE('',(#116),#30,.T.);
#1161=ADVANCED_FACE('',(#117),#1111,.T.);
#1162=ADVANCED_FACE('',(#118),#1112,.T.);
#1163=ADVANCED_FACE('',(#119),#1113,.T.);
#1164=ADVANCED_FACE('',(#120),#43,.T.);
#1165=ADVANCED_FACE('',(#121),#44,.T.);
#1166=ADVANCED_FACE('',(#122),#64,.T.);
#1167=ADVANCED_FACE('',(#123),#65,.F.);
#1168=ADVANCED_FACE('',(#124),#45,.T.);
#1169=ADVANCED_FACE('',(#125),#46,.T.);
#1170=ADVANCED_FACE('',(#126),#47,.F.);
#1171=ADVANCED_FACE('',(#127),#48,.F.);
#1172=ADVANCED_FACE('',(#128),#1114,.F.);
#1173=ADVANCED_FACE('',(#129),#49,.F.);
#1174=ADVANCED_FACE('',(#130),#66,.T.);
#1175=ADVANCED_FACE('',(#131),#50,.F.);
#1176=ADVANCED_FACE('',(#132),#67,.F.);
#1177=ADVANCED_FACE('',(#133),#68,.F.);
#1178=ADVANCED_FACE('',(#134),#69,.T.);
#1179=ADVANCED_FACE('',(#135),#51,.F.);
#1180=ADVANCED_FACE('',(#136,#38),#52,.T.);
#1181=ADVANCED_FACE('',(#137),#53,.F.);
#1182=ADVANCED_FACE('',(#138),#1115,.T.);
#1183=ADVANCED_FACE('',(#139,#39),#54,.T.);
#1184=ADVANCED_FACE('',(#140),#55,.T.);
#1185=ADVANCED_FACE('',(#141),#70,.T.);
#1186=ADVANCED_FACE('',(#142),#71,.F.);
#1187=ADVANCED_FACE('',(#143),#56,.F.);
#1188=ADVANCED_FACE('',(#144),#57,.T.);
#1189=CLOSED_SHELL('',(#1116,#1117,#1118,#1119,#1120,#1121,#1122,#1123,
#1124,#1125,#1126,#1127,#1128,#1129,#1130,#1131,#1132,#1133,#1134,#1135,
#1136,#1137,#1138,#1139,#1140,#1141,#1142,#1143,#1144,#1145,#1146,#1147,
#1148,#1149,#1150,#1151,#1152,#1153,#1154,#1155,#1156,#1157,#1158,#1159,
#1160,#1161,#1162,#1163,#1164,#1165,#1166,#1167,#1168,#1169,#1170,#1171,
#1172,#1173,#1174,#1175,#1176,#1177,#1178,#1179,#1180,#1181,#1182,#1183,
#1184,#1185,#1186,#1187,#1188));
#1190=DERIVED_UNIT_ELEMENT(#1192,1.);
#1191=DERIVED_UNIT_ELEMENT(#3351,-3.);
#1192=(
MASS_UNIT()
NAMED_UNIT(*)
SI_UNIT(.KILO.,.GRAM.)
);
#1193=DERIVED_UNIT((#1190,#1191));
#1194=MEASURE_REPRESENTATION_ITEM('density measure',
POSITIVE_RATIO_MEASURE(7850.),#1193);
#1195=PROPERTY_DEFINITION_REPRESENTATION(#1200,#1197);
#1196=PROPERTY_DEFINITION_REPRESENTATION(#1201,#1198);
#1197=REPRESENTATION('material name',(#1199),#3346);
#1198=REPRESENTATION('density',(#1194),#3346);
#1199=DESCRIPTIVE_REPRESENTATION_ITEM('Steel','Steel');
#1200=PROPERTY_DEFINITION('material property','material name',#3359);
#1201=PROPERTY_DEFINITION('material property','density of part',#3359);
#1202=AXIS2_PLACEMENT_3D('',#1661,#1337,#1338);
#1203=AXIS2_PLACEMENT_3D('',#1662,#1339,#1340);
#1204=AXIS2_PLACEMENT_3D('',#1687,#1342,#1343);
#1205=AXIS2_PLACEMENT_3D('',#1690,#1345,#1346);
#1206=AXIS2_PLACEMENT_3D('',#1692,#1347,#1348);
#1207=AXIS2_PLACEMENT_3D('',#1706,#1349,#1350);
#1208=AXIS2_PLACEMENT_3D('',#1754,#1352,#1353);
#1209=AXIS2_PLACEMENT_3D('',#1808,#1355,#1356);
#1210=AXIS2_PLACEMENT_3D('',#1856,#1358,#1359);
#1211=AXIS2_PLACEMENT_3D('',#1910,#1361,#1362);
#1212=AXIS2_PLACEMENT_3D('',#1958,#1364,#1365);
#1213=AXIS2_PLACEMENT_3D('',#1963,#1367,#1368);
#1214=AXIS2_PLACEMENT_3D('',#2005,#1369,#1370);
#1215=AXIS2_PLACEMENT_3D('',#2015,#1372,#1373);
#1216=AXIS2_PLACEMENT_3D('',#2016,#1374,#1375);
#1217=AXIS2_PLACEMENT_3D('',#2031,#1377,#1378);
#1218=AXIS2_PLACEMENT_3D('',#2042,#1379,#1380);
#1219=AXIS2_PLACEMENT_3D('',#2066,#1382,#1383);
#1220=AXIS2_PLACEMENT_3D('',#2091,#1385,#1386);
#1221=AXIS2_PLACEMENT_3D('',#2116,#1388,#1389);
#1222=AXIS2_PLACEMENT_3D('',#2141,#1391,#1392);
#1223=AXIS2_PLACEMENT_3D('',#2166,#1394,#1395);
#1224=AXIS2_PLACEMENT_3D('',#2190,#1397,#1398);
#1225=AXIS2_PLACEMENT_3D('',#2192,#1399,#1400);
#1226=AXIS2_PLACEMENT_3D('',#2213,#1403,#1404);
#1227=AXIS2_PLACEMENT_3D('',#2344,#1405,#1406);
#1228=AXIS2_PLACEMENT_3D('',#2635,#1407,#1408);
#1229=AXIS2_PLACEMENT_3D('',#2643,#1409,#1410);
#1230=AXIS2_PLACEMENT_3D('',#2911,#1411,#1412);
#1231=AXIS2_PLACEMENT_3D('',#2912,#1413,#1414);
#1232=AXIS2_PLACEMENT_3D('',#2913,#1415,#1416);
#1233=AXIS2_PLACEMENT_3D('',#2914,#1417,#1418);
#1234=AXIS2_PLACEMENT_3D('',#2916,#1419,#1420);
#1235=AXIS2_PLACEMENT_3D('',#2919,#1422,#1423);
#1236=AXIS2_PLACEMENT_3D('',#2920,#1424,#1425);
#1237=AXIS2_PLACEMENT_3D('',#2921,#1426,#1427);
#1238=AXIS2_PLACEMENT_3D('',#2924,#1428,#1429);
#1239=AXIS2_PLACEMENT_3D('',#2926,#1430,#1431);
#1240=AXIS2_PLACEMENT_3D('',#2927,#1432,#1433);
#1241=AXIS2_PLACEMENT_3D('',#2928,#1434,#1435);
#1242=AXIS2_PLACEMENT_3D('',#2931,#1436,#1437);
#1243=AXIS2_PLACEMENT_3D('',#2933,#1438,#1439);
#1244=AXIS2_PLACEMENT_3D('',#2934,#1440,#1441);
#1245=AXIS2_PLACEMENT_3D('',#2935,#1442,#1443);
#1246=AXIS2_PLACEMENT_3D('',#2958,#1444,#1445);
#1247=AXIS2_PLACEMENT_3D('',#2959,#1446,#1447);
#1248=AXIS2_PLACEMENT_3D('',#2960,#1448,#1449);
#1249=AXIS2_PLACEMENT_3D('',#2963,#1450,#1451);
#1250=AXIS2_PLACEMENT_3D('',#2965,#1452,#1453);
#1251=AXIS2_PLACEMENT_3D('',#2966,#1454,#1455);
#1252=AXIS2_PLACEMENT_3D('',#2967,#1456,#1457);
#1253=AXIS2_PLACEMENT_3D('',#2970,#1460,#1461);
#1254=AXIS2_PLACEMENT_3D('',#2973,#1462,#1463);
#1255=AXIS2_PLACEMENT_3D('',#2975,#1464,#1465);
#1256=AXIS2_PLACEMENT_3D('',#2976,#1466,#1467);
#1257=AXIS2_PLACEMENT_3D('',#3005,#1468,#1469);
#1258=AXIS2_PLACEMENT_3D('',#3024,#1472,#1473);
#1259=AXIS2_PLACEMENT_3D('',#3027,#1474,#1475);
#1260=AXIS2_PLACEMENT_3D('',#3029,#1476,#1477);
#1261=AXIS2_PLACEMENT_3D('',#3030,#1478,#1479);
#1262=AXIS2_PLACEMENT_3D('',#3031,#1480,#1481);
#1263=AXIS2_PLACEMENT_3D('',#3054,#1482,#1483);
#1264=AXIS2_PLACEMENT_3D('',#3055,#1484,#1485);
#1265=AXIS2_PLACEMENT_3D('',#3098,#1486,#1487);
#1266=AXIS2_PLACEMENT_3D('',#3101,#1488,#1489);
#1267=AXIS2_PLACEMENT_3D('',#3103,#1490,#1491);
#1268=AXIS2_PLACEMENT_3D('',#3104,#1492,#1493);
#1269=AXIS2_PLACEMENT_3D('',#3105,#1494,#1495);
#1270=AXIS2_PLACEMENT_3D('',#3108,#1498,#1499);
#1271=AXIS2_PLACEMENT_3D('',#3114,#1502,#1503);
#1272=AXIS2_PLACEMENT_3D('',#3115,#1504,#1505);
#1273=AXIS2_PLACEMENT_3D('',#3116,#1506,#1507);
#1274=AXIS2_PLACEMENT_3D('',#3135,#1510,#1511);
#1275=AXIS2_PLACEMENT_3D('',#3154,#1514,#1515);
#1276=AXIS2_PLACEMENT_3D('',#3156,#1516,#1517);
#1277=AXIS2_PLACEMENT_3D('',#3158,#1518,#1519);
#1278=AXIS2_PLACEMENT_3D('',#3159,#1520,#1521);
#1279=AXIS2_PLACEMENT_3D('',#3160,#1522,#1523);
#1280=AXIS2_PLACEMENT_3D('',#3161,#1524,#1525);
#1281=AXIS2_PLACEMENT_3D('',#3163,#1526,#1527);
#1282=AXIS2_PLACEMENT_3D('',#3168,#1528,#1529);
#1283=AXIS2_PLACEMENT_3D('',#3170,#1530,#1531);
#1284=AXIS2_PLACEMENT_3D('',#3172,#1532,#1533);
#1285=AXIS2_PLACEMENT_3D('',#3173,#1534,#1535);
#1286=AXIS2_PLACEMENT_3D('',#3174,#1536,#1537);
#1287=AXIS2_PLACEMENT_3D('',#3175,#1538,#1539);
#1288=AXIS2_PLACEMENT_3D('',#3176,#1540,#1541);
#1289=AXIS2_PLACEMENT_3D('',#3177,#1542,#1543);
#1290=AXIS2_PLACEMENT_3D('',#3180,#1546,#1547);
#1291=AXIS2_PLACEMENT_3D('',#3183,#1550,#1551);
#1292=AXIS2_PLACEMENT_3D('',#3202,#1554,#1555);
#1293=AXIS2_PLACEMENT_3D('',#3204,#1557,#1558);
#1294=AXIS2_PLACEMENT_3D('',#3208,#1559,#1560);
#1295=AXIS2_PLACEMENT_3D('',#3212,#1562,#1563);
#1296=AXIS2_PLACEMENT_3D('',#3213,#1564,#1565);
#1297=AXIS2_PLACEMENT_3D('',#3214,#1566,#1567);
#1298=AXIS2_PLACEMENT_3D('',#3223,#1568,#1569);
#1299=AXIS2_PLACEMENT_3D('',#3224,#1570,#1571);
#1300=AXIS2_PLACEMENT_3D('',#3225,#1572,#1573);
#1301=AXIS2_PLACEMENT_3D('',#3226,#1574,#1575);
#1302=AXIS2_PLACEMENT_3D('',#3229,#1576,#1577);
#1303=AXIS2_PLACEMENT_3D('',#3239,#1581,#1582);
#1304=AXIS2_PLACEMENT_3D('',#3244,#1584,#1585);
#1305=AXIS2_PLACEMENT_3D('',#3252,#1588,#1589);
#1306=AXIS2_PLACEMENT_3D('',#3266,#1590,#1591);
#1307=AXIS2_PLACEMENT_3D('',#3269,#1593,#1594);
#1308=AXIS2_PLACEMENT_3D('',#3270,#1595,#1596);
#1309=AXIS2_PLACEMENT_3D('',#3272,#1597,#1598);
#1310=AXIS2_PLACEMENT_3D('',#3284,#1599,#1600);
#1311=AXIS2_PLACEMENT_3D('',#3285,#1601,#1602);
#1312=AXIS2_PLACEMENT_3D('',#3286,#1603,#1604);
#1313=AXIS2_PLACEMENT_3D('',#3289,#1606,#1607);
#1314=AXIS2_PLACEMENT_3D('',#3290,#1608,#1609);
#1315=AXIS2_PLACEMENT_3D('',#3293,#1610,#1611);
#1316=AXIS2_PLACEMENT_3D('',#3298,#1613,#1614);
#1317=AXIS2_PLACEMENT_3D('',#3300,#1616,#1617);
#1318=AXIS2_PLACEMENT_3D('',#3301,#1618,#1619);
#1319=AXIS2_PLACEMENT_3D('',#3302,#1620,#1621);
#1320=AXIS2_PLACEMENT_3D('',#3305,#1623,#1624);
#1321=AXIS2_PLACEMENT_3D('',#3306,#1625,#1626);
#1322=AXIS2_PLACEMENT_3D('',#3308,#1627,#1628);
#1323=AXIS2_PLACEMENT_3D('',#3310,#1629,#1630);
#1324=AXIS2_PLACEMENT_3D('',#3314,#1631,#1632);
#1325=AXIS2_PLACEMENT_3D('',#3317,#1635,#1636);
#1326=AXIS2_PLACEMENT_3D('',#3318,#1637,#1638);
#1327=AXIS2_PLACEMENT_3D('',#3319,#1639,#1640);
#1328=AXIS2_PLACEMENT_3D('',#3321,#1641,#1642);
#1329=AXIS2_PLACEMENT_3D('',#3324,#1644,#1645);
#1330=AXIS2_PLACEMENT_3D('',#3333,#1646,#1647);
#1331=AXIS2_PLACEMENT_3D('',#3334,#1648,#1649);
#1332=AXIS2_PLACEMENT_3D('',#3335,#1650,#1651);
#1333=AXIS2_PLACEMENT_3D('',#3339,#1652,#1653);
#1334=AXIS2_PLACEMENT_3D('',#3341,#1655,#1656);
#1335=AXIS2_PLACEMENT_3D('',#3342,#1657,#1658);
#1336=AXIS2_PLACEMENT_3D('',#3343,#1659,#1660);
#1337=DIRECTION('axis',(0.,0.,1.));
#1338=DIRECTION('refdir',(1.,0.,0.));
#1339=DIRECTION('center_axis',(0.,0.,1.));
#1340=DIRECTION('ref_axis',(1.,0.,0.));
#1341=DIRECTION('',(0.,0.,-1.));
#1342=DIRECTION('center_axis',(0.,0.,-1.));
#1343=DIRECTION('ref_axis',(1.,0.,0.));
#1344=DIRECTION('',(0.,0.,-1.));
#1345=DIRECTION('center_axis',(0.,0.,-1.));
#1346=DIRECTION('ref_axis',(1.,0.,0.));
#1347=DIRECTION('center_axis',(0.,0.,-1.));
#1348=DIRECTION('ref_axis',(1.,0.,0.));
#1349=DIRECTION('center_axis',(0.,0.,1.));
#1350=DIRECTION('ref_axis',(1.,0.,0.));
#1351=DIRECTION('',(0.,0.,-1.));
#1352=DIRECTION('center_axis',(0.,0.,1.));
#1353=DIRECTION('ref_axis',(1.,0.,0.));
#1354=DIRECTION('',(0.,0.,-1.));
#1355=DIRECTION('center_axis',(0.,0.,1.));
#1356=DIRECTION('ref_axis',(1.,0.,0.));
#1357=DIRECTION('',(0.,0.,-1.));
#1358=DIRECTION('center_axis',(0.,0.,1.));
#1359=DIRECTION('ref_axis',(1.,0.,0.));
#1360=DIRECTION('',(0.,0.,-1.));
#1361=DIRECTION('center_axis',(0.,0.,1.));
#1362=DIRECTION('ref_axis',(1.,0.,0.));
#1363=DIRECTION('',(0.,0.,-1.));
#1364=DIRECTION('center_axis',(0.,0.,1.));
#1365=DIRECTION('ref_axis',(1.,0.,0.));
#1366=DIRECTION('',(0.,0.,-1.));
#1367=DIRECTION('center_axis',(0.,0.,1.));
#1368=DIRECTION('ref_axis',(1.,0.,0.));
#1369=DIRECTION('center_axis',(0.,0.,1.));
#1370=DIRECTION('ref_axis',(1.,4.13033726477373E-14,0.));
#1371=DIRECTION('',(0.,0.,1.));
#1372=DIRECTION('center_axis',(0.,0.,1.));
#1373=DIRECTION('ref_axis',(1.,4.13033726477373E-14,0.));
#1374=DIRECTION('center_axis',(0.,0.,1.));
#1375=DIRECTION('ref_axis',(1.,4.13033726477373E-14,0.));
#1376=DIRECTION('',(0.,0.,1.));
#1377=DIRECTION('center_axis',(0.,0.,1.));
#1378=DIRECTION('ref_axis',(1.,4.13033726477373E-14,0.));
#1379=DIRECTION('center_axis',(0.,0.,1.));
#1380=DIRECTION('ref_axis',(1.,4.13033726477373E-14,0.));
#1381=DIRECTION('',(0.,0.,1.));
#1382=DIRECTION('center_axis',(0.,0.,1.));
#1383=DIRECTION('ref_axis',(1.,4.13033726477373E-14,0.));
#1384=DIRECTION('',(0.,0.,1.));
#1385=DIRECTION('center_axis',(0.,0.,1.));
#1386=DIRECTION('ref_axis',(1.,4.13033726477373E-14,0.));
#1387=DIRECTION('',(0.,0.,1.));
#1388=DIRECTION('center_axis',(0.,0.,1.));
#1389=DIRECTION('ref_axis',(1.,4.13033726477373E-14,0.));
#1390=DIRECTION('',(0.,0.,1.));
#1391=DIRECTION('center_axis',(0.,0.,1.));
#1392=DIRECTION('ref_axis',(1.,4.13033726477373E-14,0.));
#1393=DIRECTION('',(0.,0.,1.));
#1394=DIRECTION('center_axis',(0.,0.,1.));
#1395=DIRECTION('ref_axis',(1.,4.13033726477373E-14,0.));
#1396=DIRECTION('',(0.,0.,1.));
#1397=DIRECTION('center_axis',(0.,0.,-1.));
#1398=DIRECTION('ref_axis',(1.,0.,0.));
#1399=DIRECTION('center_axis',(0.,0.,-1.));
#1400=DIRECTION('ref_axis',(1.,0.,0.));
#1401=DIRECTION('',(-0.707106781186548,-8.65956056235493E-17,-0.707106781186547));
#1402=DIRECTION('',(-0.707106781186548,-8.65956056235493E-17,-0.707106781186547));
#1403=DIRECTION('center_axis',(0.,0.,1.));
#1404=DIRECTION('ref_axis',(1.,0.,0.));
#1405=DIRECTION('center_axis',(0.,0.,-1.));
#1406=DIRECTION('ref_axis',(-0.916157111939484,0.400819343648361,0.));
#1407=DIRECTION('center_axis',(0.,0.,1.));
#1408=DIRECTION('ref_axis',(-0.684119203347093,0.729370218484233,0.));
#1409=DIRECTION('center_axis',(0.,0.,-1.));
#1410=DIRECTION('ref_axis',(1.,4.13033726477373E-14,0.));
#1411=DIRECTION('center_axis',(0.,0.,1.));
#1412=DIRECTION('ref_axis',(1.,0.,0.));
#1413=DIRECTION('center_axis',(0.,0.,1.));
#1414=DIRECTION('ref_axis',(1.,0.,0.));
#1415=DIRECTION('center_axis',(0.,0.,1.));
#1416=DIRECTION('ref_axis',(1.,0.,0.));
#1417=DIRECTION('center_axis',(0.,0.,-1.));
#1418=DIRECTION('ref_axis',(1.,0.,0.));
#1419=DIRECTION('center_axis',(0.,0.,-1.));
#1420=DIRECTION('ref_axis',(1.,0.,0.));
#1421=DIRECTION('',(0.,0.,1.));
#1422=DIRECTION('center_axis',(0.,0.,1.));
#1423=DIRECTION('ref_axis',(1.,0.,0.));
#1424=DIRECTION('center_axis',(0.,0.,1.));
#1425=DIRECTION('ref_axis',(1.,0.,0.));
#1426=DIRECTION('center_axis',(0.357540143598026,0.357540143598026,-0.862745670190124));
#1427=DIRECTION('ref_axis',(0.61005331383077,0.610053313830768,0.505638120169153));
#1428=DIRECTION('center_axis',(1.,0.,0.));
#1429=DIRECTION('ref_axis',(0.,0.,1.));
#1430=DIRECTION('center_axis',(0.,1.,0.));
#1431=DIRECTION('ref_axis',(0.996194698091745,0.,-0.0871557427476584));
#1432=DIRECTION('center_axis',(0.0868265938642475,0.0868265938642476,0.992432509138967));
#1433=DIRECTION('ref_axis',(0.,0.996194698091746,-0.0871557427476582));
#1434=DIRECTION('center_axis',(0.361364801930252,-0.330266261566105,-0.87197458471968));
#1435=DIRECTION('ref_axis',(0.643652713904527,-0.588260877740818,0.489551145032815));
#1436=DIRECTION('center_axis',(5.53036254797987E-12,-1.,0.));
#1437=DIRECTION('ref_axis',(0.,0.,1.));
#1438=DIRECTION('center_axis',(0.995964625275497,0.0897466723608148,-5.2197819676314E-12));
#1439=DIRECTION('ref_axis',(0.0894051591767676,-0.992174679186423,-0.0871557427476584));
#1440=DIRECTION('center_axis',(0.0868805518569555,-0.0794037352596066,0.99304925181778));
#1441=DIRECTION('ref_axis',(0.996194698091746,-1.82123199577618E-16,-0.0871557427476573));
#1442=DIRECTION('center_axis',(0.,0.,1.));
#1443=DIRECTION('ref_axis',(1.,0.,0.));
#1444=DIRECTION('center_axis',(-8.60458825785993E-18,-3.88432873314979E-19,
-1.));
#1445=DIRECTION('ref_axis',(-0.286039007133983,0.958217974365856,2.08904452103E-18));
#1446=DIRECTION('center_axis',(0.,0.,1.));
#1447=DIRECTION('ref_axis',(-0.286039007133984,0.958217974365856,0.));
#1448=DIRECTION('center_axis',(0.351373447904804,-0.839628904299783,-0.414198024104216));
#1449=DIRECTION('ref_axis',(0.543160476345935,0.543160476345938,-0.640276029436766));
#1450=DIRECTION('center_axis',(1.,0.,0.));
#1451=DIRECTION('ref_axis',(0.,0.996194698091746,-0.0871557427476573));
#1452=DIRECTION('center_axis',(-0.0868265938642466,-0.0868265938642467,
-0.992432509138967));
#1453=DIRECTION('ref_axis',(0.996194698091746,0.,-0.0871557427476571));
#1454=DIRECTION('center_axis',(1.46255104490303E-15,1.,0.));
#1455=DIRECTION('ref_axis',(0.,0.,-1.));
#1456=DIRECTION('center_axis',(-0.0868265938642478,-0.0868265938642476,
-0.992432509138967));
#1457=DIRECTION('ref_axis',(0.701755757082143,0.701755757082145,-0.12279134661748));
#1458=DIRECTION('',(0.0868265938642478,0.0868265938642476,0.992432509138967));
#1459=DIRECTION('',(-0.0868265938642478,-0.0868265938642476,-0.992432509138967));
#1460=DIRECTION('center_axis',(-0.358371449441472,-0.851254810726237,0.383321211832397));
#1461=DIRECTION('ref_axis',(0.58135099231913,-0.52475255808375,-0.621824554447735));
#1462=DIRECTION('center_axis',(4.51561492398672E-13,-1.,5.16137147602968E-12));
#1463=DIRECTION('ref_axis',(0.996194698091745,0.,-0.08715574274766));
#1464=DIRECTION('center_axis',(-0.0868872824229548,0.0784282203309844,-0.993126182521067));
#1465=DIRECTION('ref_axis',(0.101682737698663,-0.99099167370882,-0.0871557427476575));
#1466=DIRECTION('center_axis',(0.994777100909695,0.102071149232795,0.));
#1467=DIRECTION('ref_axis',(0.,0.,-1.));
#1468=DIRECTION('center_axis',(-1.,-4.75103998898133E-17,0.));
#1469=DIRECTION('ref_axis',(0.,0.67559020761566,-0.737277336810124));
#1470=DIRECTION('',(1.,4.75103998898133E-17,0.));
#1471=DIRECTION('',(-1.,-4.75103998898133E-17,0.));
#1472=DIRECTION('center_axis',(-0.361364801930187,0.330266261566108,-0.871974584719706));
#1473=DIRECTION('ref_axis',(-0.643652713904491,0.588260877740895,0.48955114503277));
#1474=DIRECTION('center_axis',(-5.31957237863322E-12,1.,0.));
#1475=DIRECTION('ref_axis',(0.,0.,1.));
#1476=DIRECTION('center_axis',(-0.995964625275495,-0.0897466723608383,-5.21906278978204E-12));
#1477=DIRECTION('ref_axis',(-0.0894051591767911,0.992174679186421,-0.0871557427476578));
#1478=DIRECTION('center_axis',(-0.0868805518569406,0.0794037352596066,0.993049251817782));
#1479=DIRECTION('ref_axis',(-0.996194698091745,2.06618769920808E-13,-0.0871557427476587));
#1480=DIRECTION('center_axis',(0.,0.,1.));
#1481=DIRECTION('ref_axis',(1.,0.,0.));
#1482=DIRECTION('center_axis',(-3.79440467126382E-18,5.40773180725019E-18,
-1.));
#1483=DIRECTION('ref_axis',(0.286039007133994,-0.958217974365853,-6.26713356308996E-18));
#1484=DIRECTION('center_axis',(0.,0.,1.));
#1485=DIRECTION('ref_axis',(0.286039007133994,-0.958217974365853,0.));
#1486=DIRECTION('center_axis',(-0.357540143598092,-0.357540143598016,-0.862745670190101));
#1487=DIRECTION('ref_axis',(-0.610053313830821,-0.610053313830685,0.505638120169191));
#1488=DIRECTION('center_axis',(-1.,0.,0.));
#1489=DIRECTION('ref_axis',(0.,0.,1.));
#1490=DIRECTION('center_axis',(-2.07937187821479E-13,-1.,2.91397119324188E-15));
#1491=DIRECTION('ref_axis',(-0.996194698091745,2.06891954720173E-13,-0.0871557427476584));
#1492=DIRECTION('center_axis',(-0.0868265938642654,-0.0868265938642474,
0.992432509138966));
#1493=DIRECTION('ref_axis',(0.,-0.996194698091746,-0.0871557427476581));
#1494=DIRECTION('center_axis',(2.07394363546595E-13,1.,0.));
#1495=DIRECTION('ref_axis',(-0.737277336810123,1.52849838550732E-13,0.675590207615661));
#1496=DIRECTION('',(-2.07394363546595E-13,-1.,0.));
#1497=DIRECTION('',(2.07394363546595E-13,1.,0.));
#1498=DIRECTION('center_axis',(0.0868265938642657,0.0868265938642474,-0.992432509138966));
#1499=DIRECTION('ref_axis',(-0.701755757082219,-0.701755757082067,-0.122791346617492));
#1500=DIRECTION('',(-0.0868265938642657,-0.0868265938642475,0.992432509138966));
#1501=DIRECTION('',(0.0868265938642657,0.0868265938642474,-0.992432509138966));
#1502=DIRECTION('center_axis',(0.,0.,1.));
#1503=DIRECTION('ref_axis',(-0.707106781186624,-0.707106781186471,0.));
#1504=DIRECTION('center_axis',(-0.737165718771656,-0.0588921809935263,0.6731407089797));
#1505=DIRECTION('ref_axis',(0.675711997131816,-0.0642482257476556,0.734360580655315));
#1506=DIRECTION('center_axis',(-1.,0.,0.));
#1507=DIRECTION('ref_axis',(0.,-0.737277336810124,0.67559020761566));
#1508=DIRECTION('',(-1.,0.,0.));
#1509=DIRECTION('',(1.,0.,0.));
#1510=DIRECTION('center_axis',(1.,0.,0.));
#1511=DIRECTION('ref_axis',(0.,-0.67559020761566,-0.737277336810124));
#1512=DIRECTION('',(-1.,0.,0.));
#1513=DIRECTION('',(1.,0.,0.));
#1514=DIRECTION('center_axis',(0.,0.,1.));
#1515=DIRECTION('ref_axis',(1.,0.,0.));
#1516=DIRECTION('center_axis',(0.,0.,1.));
#1517=DIRECTION('ref_axis',(0.24040635994678,0.970672335083853,0.));
#1518=DIRECTION('center_axis',(0.876736947492766,0.480970191281192,0.));
#1519=DIRECTION('ref_axis',(0.,0.,-1.));
#1520=DIRECTION('center_axis',(0.,0.,-1.));
#1521=DIRECTION('ref_axis',(0.24040635994678,0.970672335083853,0.));
#1522=DIRECTION('center_axis',(0.,0.,-1.));
#1523=DIRECTION('ref_axis',(-1.,0.,0.));
#1524=DIRECTION('center_axis',(0.,0.,1.));
#1525=DIRECTION('ref_axis',(0.292970992524707,-0.956121329925804,0.));
#1526=DIRECTION('center_axis',(0.,0.,-1.));
#1527=DIRECTION('ref_axis',(0.292970992524707,-0.956121329925804,0.));
#1528=DIRECTION('center_axis',(0.,0.,1.));
#1529=DIRECTION('ref_axis',(1.,0.,0.));
#1530=DIRECTION('center_axis',(0.,0.,1.));
#1531=DIRECTION('ref_axis',(-0.240406359946782,-0.970672335083852,0.));
#1532=DIRECTION('center_axis',(-0.876736947492766,-0.480970191281193,0.));
#1533=DIRECTION('ref_axis',(0.,0.,-1.));
#1534=DIRECTION('center_axis',(0.,0.,-1.));
#1535=DIRECTION('ref_axis',(-0.240406359946782,-0.970672335083852,0.));
#1536=DIRECTION('center_axis',(0.,0.,-1.));
#1537=DIRECTION('ref_axis',(-1.,0.,0.));
#1538=DIRECTION('center_axis',(0.,0.,1.));
#1539=DIRECTION('ref_axis',(-0.292970992524699,0.956121329925807,0.));
#1540=DIRECTION('center_axis',(0.,0.,-1.));
#1541=DIRECTION('ref_axis',(-0.292970992524699,0.956121329925806,0.));
#1542=DIRECTION('center_axis',(0.,1.,0.));
#1543=DIRECTION('ref_axis',(0.675590207615664,0.,-0.737277336810121));
#1544=DIRECTION('',(0.,-1.,0.));
#1545=DIRECTION('',(0.,1.,0.));
#1546=DIRECTION('center_axis',(0.,-1.,0.));
#1547=DIRECTION('ref_axis',(0.737277336810127,0.,0.675590207615657));
#1548=DIRECTION('',(0.,1.,0.));
#1549=DIRECTION('',(0.,-1.,0.));
#1550=DIRECTION('center_axis',(1.,4.75103998898133E-17,0.));
#1551=DIRECTION('ref_axis',(0.,0.737277336810124,0.67559020761566));
#1552=DIRECTION('',(1.,4.75103998898133E-17,0.));
#1553=DIRECTION('',(-1.,-4.75103998898133E-17,0.));
#1554=DIRECTION('center_axis',(-0.996194698091746,2.06605165379229E-13,
-0.0871557427476584));
#1555=DIRECTION('ref_axis',(2.07394363546595E-13,1.,0.));
#1556=DIRECTION('',(-2.07394363546595E-13,-1.,0.));
#1557=DIRECTION('center_axis',(0.,-0.996194698091746,-0.0871557427476582));
#1558=DIRECTION('ref_axis',(-1.,0.,0.));
#1559=DIRECTION('center_axis',(0.,0.,1.));
#1560=DIRECTION('ref_axis',(1.,0.,0.));
#1561=DIRECTION('',(-0.0419193142605961,0.0764126598530468,-0.996194698091746));
#1562=DIRECTION('center_axis',(0.,0.,1.));
#1563=DIRECTION('ref_axis',(1.,0.,0.));
#1564=DIRECTION('center_axis',(0.,0.,1.));
#1565=DIRECTION('ref_axis',(1.,0.,0.));
#1566=DIRECTION('center_axis',(0.,0.,-1.));
#1567=DIRECTION('ref_axis',(-0.0783398070647936,0.996926714773484,0.));
#1568=DIRECTION('center_axis',(0.,0.,1.));
#1569=DIRECTION('ref_axis',(1.,0.,0.));
#1570=DIRECTION('center_axis',(0.,0.,-1.));
#1571=DIRECTION('ref_axis',(0.802658874370799,0.596438371832163,0.));
#1572=DIRECTION('center_axis',(0.996194698091746,0.,-0.0871557427476583));
#1573=DIRECTION('ref_axis',(0.,-1.,0.));
#1574=DIRECTION('center_axis',(0.,-0.996194698091746,-0.0871557427476582));
#1575=DIRECTION('ref_axis',(-1.,0.,0.));
#1576=DIRECTION('center_axis',(0.,0.996194698091746,0.0871557427476582));
#1577=DIRECTION('ref_axis',(5.29102757692241E-18,0.0871557427476582,-0.996194698091745));
#1578=DIRECTION('',(-1.,0.,0.));
#1579=DIRECTION('',(-0.0868265938642657,-0.0868265938642474,0.992432509138966));
#1580=DIRECTION('',(-1.,0.,0.));
#1581=DIRECTION('center_axis',(-4.73296084744506E-17,0.996194698091746,
-0.0871557427476582));
#1582=DIRECTION('ref_axis',(1.,4.75103998898133E-17,0.));
#1583=DIRECTION('',(-1.,-4.75103998898133E-17,0.));
#1584=DIRECTION('center_axis',(-4.73296084744506E-17,0.996194698091746,
-0.0871557427476582));
#1585=DIRECTION('ref_axis',(5.29102757692241E-18,0.0871557427476582,0.996194698091745));
#1586=DIRECTION('',(1.,4.75103998898133E-17,0.));
#1587=DIRECTION('',(0.0868265938642478,0.0868265938642476,0.992432509138967));
#1588=DIRECTION('center_axis',(0.,0.,1.));
#1589=DIRECTION('ref_axis',(0.802658874370799,0.596438371832163,0.));
#1590=DIRECTION('center_axis',(0.,0.,1.));
#1591=DIRECTION('ref_axis',(0.802658874370799,0.596438371832163,0.));
#1592=DIRECTION('',(0.,0.,1.));
#1593=DIRECTION('center_axis',(0.,0.,-1.));
#1594=DIRECTION('ref_axis',(0.802658874370799,0.596438371832163,0.));
#1595=DIRECTION('center_axis',(0.,0.,1.));
#1596=DIRECTION('ref_axis',(0.802658874370799,0.596438371832163,0.));
#1597=DIRECTION('center_axis',(0.,0.,-1.));
#1598=DIRECTION('ref_axis',(0.802658874370799,0.596438371832163,0.));
#1599=DIRECTION('center_axis',(0.,0.,1.));
#1600=DIRECTION('ref_axis',(0.802658874370799,0.596438371832163,0.));
#1601=DIRECTION('center_axis',(0.,0.,-1.));
#1602=DIRECTION('ref_axis',(0.802658874370799,0.596438371832163,0.));
#1603=DIRECTION('center_axis',(0.,0.,1.));
#1604=DIRECTION('ref_axis',(1.,0.,0.));
#1605=DIRECTION('',(0.,1.,0.));
#1606=DIRECTION('center_axis',(0.,0.,-1.));
#1607=DIRECTION('ref_axis',(-0.0783398070647936,0.996926714773484,0.));
#1608=DIRECTION('center_axis',(0.,0.,-1.));
#1609=DIRECTION('ref_axis',(-0.0783398070647936,0.996926714773484,0.));
#1610=DIRECTION('center_axis',(0.,0.,1.));
#1611=DIRECTION('ref_axis',(-0.0783398070647936,0.996926714773484,0.));
#1612=DIRECTION('',(-0.0419193142605961,0.0764126598530468,-0.996194698091746));
#1613=DIRECTION('center_axis',(0.996194698091746,0.,-0.0871557427476583));
#1614=DIRECTION('ref_axis',(0.,-1.,0.));
#1615=DIRECTION('',(0.,-1.,0.));
#1616=DIRECTION('center_axis',(0.,0.,1.));
#1617=DIRECTION('ref_axis',(1.,0.,0.));
#1618=DIRECTION('center_axis',(0.,0.,-1.));
#1619=DIRECTION('ref_axis',(1.,0.,0.));
#1620=DIRECTION('center_axis',(0.,0.,1.));
#1621=DIRECTION('ref_axis',(1.,0.,0.));
#1622=DIRECTION('',(0.0419193142605957,-0.0764126598530468,-0.996194698091746));
#1623=DIRECTION('center_axis',(0.,0.,-1.));
#1624=DIRECTION('ref_axis',(1.,0.,0.));
#1625=DIRECTION('center_axis',(0.,0.,-1.));
#1626=DIRECTION('ref_axis',(0.0783398070648161,-0.996926714773482,0.));
#1627=DIRECTION('center_axis',(0.,0.,1.));
#1628=DIRECTION('ref_axis',(0.0783398070648161,-0.996926714773482,0.));
#1629=DIRECTION('center_axis',(0.,0.,1.));
#1630=DIRECTION('ref_axis',(0.0783398070648161,-0.996926714773482,0.));
#1631=DIRECTION('center_axis',(-0.996194698091746,2.06605165379229E-13,
-0.0871557427476584));
#1632=DIRECTION('ref_axis',(2.07394363546595E-13,1.,0.));
#1633=DIRECTION('',(2.07394363546595E-13,1.,0.));
#1634=DIRECTION('',(2.07394363546595E-13,1.,0.));
#1635=DIRECTION('center_axis',(0.,0.,1.));
#1636=DIRECTION('ref_axis',(1.,0.,0.));
#1637=DIRECTION('center_axis',(0.,0.,1.));
#1638=DIRECTION('ref_axis',(1.,0.,0.));
#1639=DIRECTION('center_axis',(0.,0.,1.));
#1640=DIRECTION('ref_axis',(0.802658874370799,0.596438371832163,0.));
#1641=DIRECTION('center_axis',(0.,0.,1.));
#1642=DIRECTION('ref_axis',(0.802658874370799,0.596438371832163,0.));
#1643=DIRECTION('',(0.,0.,-1.));
#1644=DIRECTION('center_axis',(0.,0.,-1.));
#1645=DIRECTION('ref_axis',(0.802658874370799,0.596438371832163,0.));
#1646=DIRECTION('center_axis',(0.,0.,-1.));
#1647=DIRECTION('ref_axis',(0.802658874370799,0.596438371832163,0.));
#1648=DIRECTION('center_axis',(0.,0.,1.));
#1649=DIRECTION('ref_axis',(-1.,0.,0.));
#1650=DIRECTION('center_axis',(-4.73296084744506E-17,0.996194698091746,
-0.0871557427476582));
#1651=DIRECTION('ref_axis',(1.,4.75103998898133E-17,0.));
#1652=DIRECTION('center_axis',(0.,0.,1.));
#1653=DIRECTION('ref_axis',(1.,0.,0.));
#1654=DIRECTION('',(0.0419193142605957,-0.0764126598530468,-0.996194698091746));
#1655=DIRECTION('center_axis',(0.,0.,-1.));
#1656=DIRECTION('ref_axis',(0.0783398070648161,-0.996926714773482,0.));
#1657=DIRECTION('center_axis',(0.,0.,1.));
#1658=DIRECTION('ref_axis',(1.,0.,0.));
#1659=DIRECTION('center_axis',(0.,0.,1.));
#1660=DIRECTION('ref_axis',(1.,0.,0.));
#1661=CARTESIAN_POINT('',(0.,0.,0.));
#1662=CARTESIAN_POINT('Origin',(0.,0.,0.));
#1663=CARTESIAN_POINT('',(-0.12124437482581,-6.44601472065936E-5,0.116570686069831));
#1664=CARTESIAN_POINT('',(-0.121246923063956,-7.19454510989877E-5,0.108429313930168));
#1665=CARTESIAN_POINT('',(-0.1214,-1.48672121416489E-17,0.));
#1666=CARTESIAN_POINT('',(0.0142036755597607,-0.120768419201417,0.0799999999999999));
#1667=CARTESIAN_POINT('Ctrl Pts',(-0.12124437482581,-6.44601472065936E-5,
0.116570686069831));
#1668=CARTESIAN_POINT('Ctrl Pts',(-0.121125488763841,0.0243153037429066,
0.114977272275922));
#1669=CARTESIAN_POINT('Ctrl Pts',(-0.113983647851343,0.0487590208165829,
0.113383858482012));
#1670=CARTESIAN_POINT('Ctrl Pts',(-0.100304772294919,0.0687247735207315,
0.111790444688102));
#1671=CARTESIAN_POINT('Ctrl Pts',(-0.0777912350921835,0.101585640953244,
0.109167905972798));
#1672=CARTESIAN_POINT('Ctrl Pts',(-0.0375697816904756,0.122316326718252,
0.106545367257495));
#1673=CARTESIAN_POINT('Ctrl Pts',(0.00225745327269286,0.121573596816281,
0.103922828542191));
#1674=CARTESIAN_POINT('Ctrl Pts',(0.0420846882358616,0.12083086691431,0.101300289826887));
#1675=CARTESIAN_POINT('Ctrl Pts',(0.0815177047604912,0.0986147213453593,
0.0986777511115838));
#1676=CARTESIAN_POINT('Ctrl Pts',(0.102792819459369,0.0649466232925248,
0.0960552123962802));
#1677=CARTESIAN_POINT('Ctrl Pts',(0.124067934158247,0.0312785252396906,
0.0934326736809766));
#1678=CARTESIAN_POINT('Ctrl Pts',(0.127185147031374,-0.0138415252970273,
0.0908101349656731));
#1679=CARTESIAN_POINT('Ctrl Pts',(0.110762171754464,-0.0501385141728243,
0.0881875962503695));
#1680=CARTESIAN_POINT('Ctrl Pts',(0.0943391964775544,-0.0864355030486217,
0.0855650575350658));
#1681=CARTESIAN_POINT('Ctrl Pts',(0.0583760330506079,-0.113909430263498,
0.0829425188197622));
#1682=CARTESIAN_POINT('Ctrl Pts',(0.0190209784284976,-0.120116189167834,
0.0803199801044586));
#1683=CARTESIAN_POINT('Ctrl Pts',(0.0174203875690282,-0.120368621330985,
0.080213320069639));
#1684=CARTESIAN_POINT('Ctrl Pts',(0.0158141862099245,-0.120585875644034,
0.0801066600348195));
#1685=CARTESIAN_POINT('Ctrl Pts',(0.0142036755597607,-0.120768419201417,
0.0799999999999999));
#1686=CARTESIAN_POINT('',(-0.1214,-1.48672121416489E-17,0.08));
#1687=CARTESIAN_POINT('Origin',(0.,0.,0.08));
#1688=CARTESIAN_POINT('',(-0.1214,1.48672121416489E-17,0.));
#1689=CARTESIAN_POINT('',(-0.1214,-1.48672121416489E-17,0.));
#1690=CARTESIAN_POINT('Origin',(0.,0.,0.));
#1691=CARTESIAN_POINT('',(0.110300806525244,-0.0507118534455269,0.08));
#1692=CARTESIAN_POINT('Origin',(0.,0.,0.08));
#1693=CARTESIAN_POINT('Ctrl Pts',(0.110300806525244,-0.0507118534455272,
0.08));
#1694=CARTESIAN_POINT('Ctrl Pts',(0.127013300199903,-0.0143613474766812,
0.0826225387153036));
#1695=CARTESIAN_POINT('Ctrl Pts',(0.124229304908431,0.0305864006031845,
0.0852450774306073));
#1696=CARTESIAN_POINT('Ctrl Pts',(0.10317286711784,0.0643224143829598,0.0878676161459108));
#1697=CARTESIAN_POINT('Ctrl Pts',(0.0821164293272489,0.0980584281627355,
0.0904901548612145));
#1698=CARTESIAN_POINT('Ctrl Pts',(0.0427875490375391,0.120582707642421,
0.093112693576518));
#1699=CARTESIAN_POINT('Ctrl Pts',(0.00295849213573532,0.121576896062839,
0.0957352322918216));
#1700=CARTESIAN_POINT('Ctrl Pts',(-0.0368705647660685,0.122571084483256,
0.0983577710071252));
#1701=CARTESIAN_POINT('Ctrl Pts',(-0.0771997982799664,0.102035181844407,
0.100980309722429));
#1702=CARTESIAN_POINT('Ctrl Pts',(-0.0999008922903299,0.0692961149734397,
0.103602848437732));
#1703=CARTESIAN_POINT('Ctrl Pts',(-0.113827098761207,0.0492120166167342,
0.105211670268544));
#1704=CARTESIAN_POINT('Ctrl Pts',(-0.121119257929268,0.0245354671540183,
0.106820492099356));
#1705=CARTESIAN_POINT('Ctrl Pts',(-0.121246923063956,-7.19454510989877E-5,
0.108429313930168));
#1706=CARTESIAN_POINT('Origin',(0.,0.,0.));
#1707=CARTESIAN_POINT('',(-0.121584238951715,-2.63374391768153E-5,0.166570686069831));
#1708=CARTESIAN_POINT('',(-0.12158637587495,-2.21665689944647E-5,0.158429313930168));
#1709=CARTESIAN_POINT('',(-0.1214,-1.48672121416489E-17,0.));
#1710=CARTESIAN_POINT('Ctrl Pts',(-0.121584238951715,-2.63374391768153E-5,
0.166570686069831));
#1711=CARTESIAN_POINT('Ctrl Pts',(-0.121469452679178,0.038328782934755,
0.164045837901076));
#1712=CARTESIAN_POINT('Ctrl Pts',(-0.101779796129975,0.0767855224521267,
0.161520989732322));
#1713=CARTESIAN_POINT('Ctrl Pts',(-0.0705451435113545,0.0990348312386611,
0.158996141563567));
#1714=CARTESIAN_POINT('Ctrl Pts',(-0.0381019705851239,0.122145002536687,
0.156373602848263));
#1715=CARTESIAN_POINT('Ctrl Pts',(0.00679687171596149,0.127769295330697,
0.15375106413296));
#1716=CARTESIAN_POINT('Ctrl Pts',(0.0439379513929417,0.113375439800502,
0.151128525417656));
#1717=CARTESIAN_POINT('Ctrl Pts',(0.0810790310699219,0.0989815842703074,
0.148505986702352));
#1718=CARTESIAN_POINT('Ctrl Pts',(0.110462348122797,0.0645695804159086,
0.145883447987049));
#1719=CARTESIAN_POINT('Ctrl Pts',(0.118859263270621,0.0256321668543812,
0.143260909271745));
#1720=CARTESIAN_POINT('Ctrl Pts',(0.127256178418444,-0.0133052467071464,
0.140638370556442));
#1721=CARTESIAN_POINT('Ctrl Pts',(0.114666691661216,-0.0567680699758025,
0.138015831841138));
#1722=CARTESIAN_POINT('Ctrl Pts',(0.0867590261017835,-0.0851900068580115,
0.135393293125834));
#1723=CARTESIAN_POINT('Ctrl Pts',(0.058851360542351,-0.11361194374022,0.132770754410531));
#1724=CARTESIAN_POINT('Ctrl Pts',(0.0156255161807146,-0.126992994235982,
0.130148215695227));
#1725=CARTESIAN_POINT('Ctrl Pts',(-0.023458943220814,-0.119307544047208,
0.127525676979924));
#1726=CARTESIAN_POINT('Ctrl Pts',(-0.0625434026223422,-0.111622093858433,
0.12490313826462));
#1727=CARTESIAN_POINT('Ctrl Pts',(-0.0974864770637626,-0.0828701429851228,
0.122280599549316));
#1728=CARTESIAN_POINT('Ctrl Pts',(-0.112555203782591,-0.0459986429984597,
0.119658060834013));
#1729=CARTESIAN_POINT('Ctrl Pts',(-0.118468406172902,-0.0315296937684567,
0.118628935912619));
#1730=CARTESIAN_POINT('Ctrl Pts',(-0.121321158778381,-0.0158104155875993,
0.117599810991225));
#1731=CARTESIAN_POINT('Ctrl Pts',(-0.12124437482581,-6.44601472065936E-5,
0.116570686069831));
#1732=CARTESIAN_POINT('Ctrl Pts',(-0.121246923063956,-7.19454510989877E-5,
0.108429313930168));
#1733=CARTESIAN_POINT('Ctrl Pts',(-0.121327364726368,-0.0155770493499378,
0.10944303081466));
#1734=CARTESIAN_POINT('Ctrl Pts',(-0.118563325736209,-0.0310547042128917,
0.110456747699152));
#1735=CARTESIAN_POINT('Ctrl Pts',(-0.112822106997203,-0.0453387448543774,
0.111470464583643));
#1736=CARTESIAN_POINT('Ctrl Pts',(-0.0979692731868827,-0.0822923067081413,
0.114093003298947));
#1737=CARTESIAN_POINT('Ctrl Pts',(-0.0631906510594135,-0.111257199312583,
0.116715542014251));
#1738=CARTESIAN_POINT('Ctrl Pts',(-0.0241507329104515,-0.11917205947733,
0.119338080729554));
#1739=CARTESIAN_POINT('Ctrl Pts',(0.0148891852385104,-0.127086919642077,
0.121960619444858));
#1740=CARTESIAN_POINT('Ctrl Pts',(0.058190399408965,-0.113951747367128,
0.124583158160161));
#1741=CARTESIAN_POINT('Ctrl Pts',(0.0862622990092408,-0.0856910888417087,
0.127205696875465));
#1742=CARTESIAN_POINT('Ctrl Pts',(0.114334198609517,-0.0574304303162889,
0.129828235590769));
#1743=CARTESIAN_POINT('Ctrl Pts',(0.127176783639614,-0.0140442855403976,
0.132450774306072));
#1744=CARTESIAN_POINT('Ctrl Pts',(0.119006387037132,0.024940573110117,0.135073313021376));
#1745=CARTESIAN_POINT('Ctrl Pts',(0.110835990434651,0.0639254317606316,
0.137695851736679));
#1746=CARTESIAN_POINT('Ctrl Pts',(0.0816526121995911,0.0985090042857696,
0.140318390451983));
#1747=CARTESIAN_POINT('Ctrl Pts',(0.0445956576967635,0.113118710960044,
0.142940929167287));
#1748=CARTESIAN_POINT('Ctrl Pts',(0.00753870319393586,0.127728417634319,
0.14556346788259));
#1749=CARTESIAN_POINT('Ctrl Pts',(-0.0373918275766597,0.12236425845773,
0.148186006597894));
#1750=CARTESIAN_POINT('Ctrl Pts',(-0.0699686412898528,0.0994427424731667,
0.150808545313197));
#1751=CARTESIAN_POINT('Ctrl Pts',(-0.101523353032551,0.0772403921768391,
0.153348801518854));
#1752=CARTESIAN_POINT('Ctrl Pts',(-0.121487385841924,0.0385651305507916,
0.155889057724511));
#1753=CARTESIAN_POINT('Ctrl Pts',(-0.12158637587495,-2.21665689944647E-5,
0.158429313930168));
#1754=CARTESIAN_POINT('Origin',(0.,0.,0.));
#1755=CARTESIAN_POINT('',(-0.121306494488419,9.42932467782235E-5,0.216570686069831));
#1756=CARTESIAN_POINT('',(-0.121300770100457,9.2505322173316E-5,0.208429313930168));
#1757=CARTESIAN_POINT('',(-0.1214,-1.48672121416489E-17,0.));
#1758=CARTESIAN_POINT('Ctrl Pts',(-0.121306494488419,9.42932467782235E-5,
0.216570686069831));
#1759=CARTESIAN_POINT('Ctrl Pts',(-0.121401290568609,0.0128349609467035,
0.215736942241535));
#1760=CARTESIAN_POINT('Ctrl Pts',(-0.119549757179651,0.025548785239524,
0.214903198413239));
#1761=CARTESIAN_POINT('Ctrl Pts',(-0.115634692197148,0.0375917743308324,
0.214069454584943));
#1762=CARTESIAN_POINT('Ctrl Pts',(-0.103319867018143,0.0754729604554422,
0.211446915869639));
#1763=CARTESIAN_POINT('Ctrl Pts',(-0.0705881478092789,0.106716801523834,
0.208824377154335));
#1764=CARTESIAN_POINT('Ctrl Pts',(-0.0321754174862518,0.117257263400546,
0.206201838439032));
#1765=CARTESIAN_POINT('Ctrl Pts',(0.00623731283677521,0.127797725277258,
0.203579299723728));
#1766=CARTESIAN_POINT('Ctrl Pts',(0.0503310542739655,0.11763480796229,0.200956761008424));
#1767=CARTESIAN_POINT('Ctrl Pts',(0.0802547234127167,0.0913438720037986,
0.198334222293121));
#1768=CARTESIAN_POINT('Ctrl Pts',(0.110178392551468,0.0650529360453071,
0.195711683577817));
#1769=CARTESIAN_POINT('Ctrl Pts',(0.12593198939178,0.0226339814432921,0.193089144862514));
#1770=CARTESIAN_POINT('Ctrl Pts',(0.120423210657284,-0.0168158906676797,
0.19046660614721));
#1771=CARTESIAN_POINT('Ctrl Pts',(0.114914431922787,-0.0562657627786518,
0.187844067431907));
#1772=CARTESIAN_POINT('Ctrl Pts',(0.0881432776134817,-0.0927465523985803,
0.185221528716603));
#1773=CARTESIAN_POINT('Ctrl Pts',(0.0521621800902373,-0.109834554006679,
0.182598990001299));
#1774=CARTESIAN_POINT('Ctrl Pts',(0.016181082566993,-0.126922555614777,
0.179976451285996));
#1775=CARTESIAN_POINT('Ctrl Pts',(-0.0290099581701903,-0.124617769211045,
0.177353912570692));
#1776=CARTESIAN_POINT('Ctrl Pts',(-0.0630658659776092,-0.103957785485202,
0.174731373855389));
#1777=CARTESIAN_POINT('Ctrl Pts',(-0.097121773785028,-0.0832978017593579,
0.172108835140085));
#1778=CARTESIAN_POINT('Ctrl Pts',(-0.120042548662683,-0.0442826207114026,
0.169486296424781));
#1779=CARTESIAN_POINT('Ctrl Pts',(-0.121509184325822,-0.00447700528640428,
0.166863757709478));
#1780=CARTESIAN_POINT('Ctrl Pts',(-0.121563817051998,-0.00299423124616389,
0.166766067162929));
#1781=CARTESIAN_POINT('Ctrl Pts',(-0.12158868022222,-0.00151036040683129,
0.16666837661638));
#1782=CARTESIAN_POINT('Ctrl Pts',(-0.121584238951715,-2.63374391768153E-5,
0.166570686069831));
#1783=CARTESIAN_POINT('Ctrl Pts',(-0.12158637587495,-2.21665689944647E-5,
0.158429313930168));
#1784=CARTESIAN_POINT('Ctrl Pts',(-0.121589582302841,-0.0012720639771479,
0.158511596439815));
#1785=CARTESIAN_POINT('Ctrl Pts',(-0.121571946244593,-0.00252186909257269,
0.158593878949462));
#1786=CARTESIAN_POINT('Ctrl Pts',(-0.12153318649417,-0.00377101909033856,
0.158676161459108));
#1787=CARTESIAN_POINT('Ctrl Pts',(-0.120297821329504,-0.0435843918767432,
0.161298700174412));
#1788=CARTESIAN_POINT('Ctrl Pts',(-0.0976039943443807,-0.0827322646570158,
0.163921238889715));
#1789=CARTESIAN_POINT('Ctrl Pts',(-0.0636686488558477,-0.103589771095804,
0.166543777605019));
#1790=CARTESIAN_POINT('Ctrl Pts',(-0.0297333033673146,-0.124447277534593,
0.169166316320323));
#1791=CARTESIAN_POINT('Ctrl Pts',(0.0154435606246283,-0.127014417631897,
0.171788855035626));
#1792=CARTESIAN_POINT('Ctrl Pts',(0.0515233062425153,-0.110135678479637,
0.17441139375093));
#1793=CARTESIAN_POINT('Ctrl Pts',(0.0876030518604022,-0.0932569393273768,
0.177033932466234));
#1794=CARTESIAN_POINT('Ctrl Pts',(0.114585679104233,-0.0569323209255525,
0.179656471181537));
#1795=CARTESIAN_POINT('Ctrl Pts',(0.120323520537602,-0.017515121494771,
0.182279009896841));
#1796=CARTESIAN_POINT('Ctrl Pts',(0.12606136197097,0.0219020779360105,0.184901548612144));
#1797=CARTESIAN_POINT('Ctrl Pts',(0.110554417593877,0.0644118583957494,
0.187524087327448));
#1798=CARTESIAN_POINT('Ctrl Pts',(0.0807839626446086,0.0908761774569114,
0.190146626042752));
#1799=CARTESIAN_POINT('Ctrl Pts',(0.0510135076953405,0.117340496518074,
0.192769164758055));
#1800=CARTESIAN_POINT('Ctrl Pts',(0.00697954217389827,0.127759354180659,
0.195391703473359));
#1801=CARTESIAN_POINT('Ctrl Pts',(-0.0314937697249118,0.117442191747469,
0.198014242188662));
#1802=CARTESIAN_POINT('Ctrl Pts',(-0.0699670816237216,0.10712502931428,
0.200636780903966));
#1803=CARTESIAN_POINT('Ctrl Pts',(-0.102879739899899,0.0760718467853168,
0.203259319619269));
#1804=CARTESIAN_POINT('Ctrl Pts',(-0.115414398375986,0.038262829593029,
0.205881858334573));
#1805=CARTESIAN_POINT('Ctrl Pts',(-0.119472995704781,0.0260206471296018,
0.206731010199771));
#1806=CARTESIAN_POINT('Ctrl Pts',(-0.121395163991513,0.0130701831115715,
0.20758016206497));
#1807=CARTESIAN_POINT('Ctrl Pts',(-0.121300770100457,9.2505322173316E-5,
0.208429313930168));
#1808=CARTESIAN_POINT('Origin',(0.,0.,0.));
#1809=CARTESIAN_POINT('',(-0.12129774921178,-9.15010673989534E-5,0.266570686069832));
#1810=CARTESIAN_POINT('',(-0.121303435329996,-9.33537912866466E-5,0.258429313930168));
#1811=CARTESIAN_POINT('',(-0.1214,-1.48672121416489E-17,0.));
#1812=CARTESIAN_POINT('Ctrl Pts',(-0.12129774921178,-9.15010673989534E-5,
0.266570686069832));
#1813=CARTESIAN_POINT('Ctrl Pts',(-0.121103993273373,0.0268875902251026,
0.26480550786669));
#1814=CARTESIAN_POINT('Ctrl Pts',(-0.112201554865598,0.05398277688297,0.263040329663549));
#1815=CARTESIAN_POINT('Ctrl Pts',(-0.0956482301175978,0.0750728949087666,
0.261275151460408));
#1816=CARTESIAN_POINT('Ctrl Pts',(-0.0710548293258988,0.106406644064826,
0.258652612745104));
#1817=CARTESIAN_POINT('Ctrl Pts',(-0.0295734194245005,0.124485242215755,
0.2560300740298));
#1818=CARTESIAN_POINT('Ctrl Pts',(0.0101209905327606,0.121169670386101,
0.253407535314497));
#1819=CARTESIAN_POINT('Ctrl Pts',(0.0498154004900219,0.117854098556448,
0.250784996599193));
#1820=CARTESIAN_POINT('Ctrl Pts',(0.0877228105031459,0.0931443567462106,
0.24816245788389));
#1821=CARTESIAN_POINT('Ctrl Pts',(0.106777233078745,0.0581648172810486,
0.245539919168586));
#1822=CARTESIAN_POINT('Ctrl Pts',(0.125831655654345,0.0231852778158865,
0.242917380453282));
#1823=CARTESIAN_POINT('Ctrl Pts',(0.12603309079242,-0.0220640593042007,
0.240294841737979));
#1824=CARTESIAN_POINT('Ctrl Pts',(0.107290851929864,-0.0572118569507101,
0.237672303022675));
#1825=CARTESIAN_POINT('Ctrl Pts',(0.0885486130673086,-0.0923596545972196,
0.235049764307372));
#1826=CARTESIAN_POINT('Ctrl Pts',(0.0508627002041224,-0.117405912770151,
0.232427225592068));
#1827=CARTESIAN_POINT('Ctrl Pts',(0.0111993826032986,-0.121074759058675,
0.229804686876764));
#1828=CARTESIAN_POINT('Ctrl Pts',(-0.0284639349975252,-0.1247436053472,
0.227182148161461));
#1829=CARTESIAN_POINT('Ctrl Pts',(-0.0701046573359866,-0.107035039751317,
0.224559609446157));
#1830=CARTESIAN_POINT('Ctrl Pts',(-0.0949760529306437,-0.0759214913629614,
0.221937070730853));
#1831=CARTESIAN_POINT('Ctrl Pts',(-0.111940464175688,-0.0546993999791539,
0.220148275843846));
#1832=CARTESIAN_POINT('Ctrl Pts',(-0.121103109782235,-0.0272407711521487,
0.218359480956839));
#1833=CARTESIAN_POINT('Ctrl Pts',(-0.121306494488419,9.42932467782235E-5,
0.216570686069831));
#1834=CARTESIAN_POINT('Ctrl Pts',(-0.121300770100457,9.2505322173316E-5,
0.208429313930168));
#1835=CARTESIAN_POINT('Ctrl Pts',(-0.12110363588691,-0.0270103535183298,
0.210202700780274));
#1836=CARTESIAN_POINT('Ctrl Pts',(-0.112111258545691,-0.0542319053196741,
0.211976087630379));
#1837=CARTESIAN_POINT('Ctrl Pts',(-0.095415464227477,-0.0753685372602128,
0.213749474480484));
#1838=CARTESIAN_POINT('Ctrl Pts',(-0.0707252129268861,-0.106626035065554,
0.216372013195788));
#1839=CARTESIAN_POINT('Ctrl Pts',(-0.0291880516497089,-0.124576178820625,
0.218994551911091));
#1840=CARTESIAN_POINT('Ctrl Pts',(0.0104959126298791,-0.121137784238453,
0.221617090626395));
#1841=CARTESIAN_POINT('Ctrl Pts',(0.050179876909467,-0.117699389656282,
0.224239629341698));
#1842=CARTESIAN_POINT('Ctrl Pts',(0.0880106441914659,-0.0928724567368695,
0.226862168057002));
#1843=CARTESIAN_POINT('Ctrl Pts',(0.106956730896788,-0.0578341152988935,
0.229484706772306));
#1844=CARTESIAN_POINT('Ctrl Pts',(0.125902817602111,-0.022795773860917,
0.232107245487609));
#1845=CARTESIAN_POINT('Ctrl Pts',(0.125964223730757,0.022453976095623,0.234729784202913));
#1846=CARTESIAN_POINT('Ctrl Pts',(0.107113304514873,0.0575436105681625,
0.237352322918217));
#1847=CARTESIAN_POINT('Ctrl Pts',(0.0882623852989905,0.0926332450407018,
0.23997486163352));
#1848=CARTESIAN_POINT('Ctrl Pts',(0.0504991407385787,0.117562764029241,
0.242597400348824));
#1849=CARTESIAN_POINT('Ctrl Pts',(0.0108246546100133,0.12110885163705,0.245219939064127));
#1850=CARTESIAN_POINT('Ctrl Pts',(-0.0288498315185522,0.12465493924486,
0.247842477779431));
#1851=CARTESIAN_POINT('Ctrl Pts',(-0.0704355592152711,0.106817595471941,
0.250465016494735));
#1852=CARTESIAN_POINT('Ctrl Pts',(-0.0952105552750634,0.075627225838077,
0.253087555210038));
#1853=CARTESIAN_POINT('Ctrl Pts',(-0.112031667132735,0.0544503628740175,
0.254868141450082));
#1854=CARTESIAN_POINT('Ctrl Pts',(-0.121103365674158,0.0271180202643432,
0.256648727690125));
#1855=CARTESIAN_POINT('Ctrl Pts',(-0.121303435329996,-9.33537912866467E-5,
0.258429313930168));
#1856=CARTESIAN_POINT('Origin',(0.,0.,0.));
#1857=CARTESIAN_POINT('',(-0.121587305348377,2.00887809875779E-5,0.316570686069831));
#1858=CARTESIAN_POINT('',(-0.121585401676248,2.41862227925116E-5,0.308429313930168));
#1859=CARTESIAN_POINT('',(-0.1214,-1.48672121416489E-17,0.));
#1860=CARTESIAN_POINT('Ctrl Pts',(-0.121587305348377,2.00887809875779E-5,
0.316570686069831));
#1861=CARTESIAN_POINT('Ctrl Pts',(-0.12158992646376,0.00114527338596513,
0.316496612207149));
#1862=CARTESIAN_POINT('Ctrl Pts',(-0.12157563328459,0.00227038977821066,
0.316422538344466));
#1863=CARTESIAN_POINT('Ctrl Pts',(-0.121544219386623,0.00339502794642638,
0.316348464481783));
#1864=CARTESIAN_POINT('Ctrl Pts',(-0.120432030003867,0.0432121379233866,
0.31372592576648));
#1865=CARTESIAN_POINT('Ctrl Pts',(-0.0978595387684203,0.082429808580351,
0.311103387051176));
#1866=CARTESIAN_POINT('Ctrl Pts',(-0.0639889239307235,0.103392171202657,
0.308480848335872));
#1867=CARTESIAN_POINT('Ctrl Pts',(-0.0301183090930265,0.124354533824962,
0.305858309620569));
#1868=CARTESIAN_POINT('Ctrl Pts',(0.0150504293469214,0.127061588412608,
0.303235770905265));
#1869=CARTESIAN_POINT('Ctrl Pts',(0.0511822401366311,0.110294613550168,
0.300613232189962));
#1870=CARTESIAN_POINT('Ctrl Pts',(0.0873140509263405,0.0935276386877273,
0.297990693474658));
#1871=CARTESIAN_POINT('Ctrl Pts',(0.114408934065813,0.0572866343752015,
0.295368154759354));
#1872=CARTESIAN_POINT('Ctrl Pts',(0.120268722001207,0.017887369328293,0.292745616044051));
#1873=CARTESIAN_POINT('Ctrl Pts',(0.126128509936602,-0.0215118957186155,
0.290123077328747));
#1874=CARTESIAN_POINT('Ctrl Pts',(0.11075320266792,-0.0640694214999067,
0.287500538613444));
#1875=CARTESIAN_POINT('Ctrl Pts',(0.0810647925590365,-0.0906257296698961,
0.28487799989814));
#1876=CARTESIAN_POINT('Ctrl Pts',(0.0513763824501526,-0.117182037839885,
0.282255461182837));
#1877=CARTESIAN_POINT('Ctrl Pts',(0.00737486950106704,-0.127737128398573,
0.279632922467533));
#1878=CARTESIAN_POINT('Ctrl Pts',(-0.0311301821110218,-0.11753907961332,
0.277010383752229));
#1879=CARTESIAN_POINT('Ctrl Pts',(-0.0696352337231107,-0.107341030828066,
0.274387845036926));
#1880=CARTESIAN_POINT('Ctrl Pts',(-0.102643823998203,-0.0763898426988718,
0.271765306321622));
#1881=CARTESIAN_POINT('Ctrl Pts',(-0.11529542329475,-0.038619798553679,
0.269142767606319));
#1882=CARTESIAN_POINT('Ctrl Pts',(-0.119431484886239,-0.0262720134842913,
0.268285407094156));
#1883=CARTESIAN_POINT('Ctrl Pts',(-0.121391857948388,-0.0131954514147636,
0.267428046581994));
#1884=CARTESIAN_POINT('Ctrl Pts',(-0.12129774921178,-9.15010673989534E-5,
0.266570686069832));
#1885=CARTESIAN_POINT('Ctrl Pts',(-0.121303435329996,-9.33537912866467E-5,
0.258429313930168));
#1886=CARTESIAN_POINT('Ctrl Pts',(-0.121398038522006,-0.0129602867295142,
0.259271266405429));
#1887=CARTESIAN_POINT('Ctrl Pts',(-0.119509049035828,-0.0258001725108794,
0.260113218880689));
#1888=CARTESIAN_POINT('Ctrl Pts',(-0.115517821722728,-0.0379494397587941,
0.260955171355949));
#1889=CARTESIAN_POINT('Ctrl Pts',(-0.103085827687735,-0.0757923402269934,
0.263577710071253));
#1890=CARTESIAN_POINT('Ctrl Pts',(-0.0702575751948833,-0.106934745668584,
0.266200248786556));
#1891=CARTESIAN_POINT('Ctrl Pts',(-0.0318124054500227,-0.117356286455474,
0.26882278750186));
#1892=CARTESIAN_POINT('Ctrl Pts',(0.00663276429483803,-0.127777827242363,
0.271445326217163));
#1893=CARTESIAN_POINT('Ctrl Pts',(0.0506948512917076,-0.117478503374552,
0.274067864932467));
#1894=CARTESIAN_POINT('Ctrl Pts',(0.0805370207942778,-0.091095089859172,
0.276690403647771));
#1895=CARTESIAN_POINT('Ctrl Pts',(0.110379190296848,-0.0647116763437919,
0.279312942363074));
#1896=CARTESIAN_POINT('Ctrl Pts',(0.126001442305118,-0.022244173180843,
0.281935481078378));
#1897=CARTESIAN_POINT('Ctrl Pts',(0.120370609486719,0.017188469539641,0.284558019793682));
#1898=CARTESIAN_POINT('Ctrl Pts',(0.114739776668319,0.0566211122601247,
0.287180558508985));
#1899=CARTESIAN_POINT('Ctrl Pts',(0.0878558590232497,0.0930188945381437,
0.289803097224289));
#1900=CARTESIAN_POINT('Ctrl Pts',(0.0518220470127357,0.109995466080554,
0.292425635939592));
#1901=CARTESIAN_POINT('Ctrl Pts',(0.0157882350022217,0.126972037622965,
0.295048174654896));
#1902=CARTESIAN_POINT('Ctrl Pts',(-0.0293954713737374,0.124527398429767,
0.297670713370199));
#1903=CARTESIAN_POINT('Ctrl Pts',(-0.0633872822185065,0.103762129720275,
0.300293252085503));
#1904=CARTESIAN_POINT('Ctrl Pts',(-0.0973790930632759,0.0829968610107837,
0.302915790800807));
#1905=CARTESIAN_POINT('Ctrl Pts',(-0.120179008376855,0.0439109627849988,
0.30553832951611));
#1906=CARTESIAN_POINT('Ctrl Pts',(-0.12152246325557,0.00410098011078728,
0.308160868231414));
#1907=CARTESIAN_POINT('Ctrl Pts',(-0.121568302386124,0.00274265016456446,
0.308250350130999));
#1908=CARTESIAN_POINT('Ctrl Pts',(-0.121589161964181,0.00138347724120912,
0.308339832030584));
#1909=CARTESIAN_POINT('Ctrl Pts',(-0.121585401676248,2.41862227925116E-5,
0.308429313930168));
#1910=CARTESIAN_POINT('Origin',(0.,0.,0.));
#1911=CARTESIAN_POINT('',(-0.121250806905815,6.82519298325678E-5,0.366570686069831));
#1912=CARTESIAN_POINT('',(-0.121246828688197,6.5344130758533E-5,0.358429313930168));
#1913=CARTESIAN_POINT('',(-0.1214,-1.48672121416489E-17,0.));
#1914=CARTESIAN_POINT('Ctrl Pts',(-0.121250806905815,6.82519298325678E-5,
0.366570686069831));
#1915=CARTESIAN_POINT('Ctrl Pts',(-0.12133103996168,0.0154515122090223,
0.365565177832304));
#1916=CARTESIAN_POINT('Ctrl Pts',(-0.118611405281538,0.0308074664451777,
0.364559669594776));
#1917=CARTESIAN_POINT('Ctrl Pts',(-0.112959843777984,0.0449955365358212,
0.363554161357248));
#1918=CARTESIAN_POINT('Ctrl Pts',(-0.0982195977095561,0.0820004676934617,
0.360931622641945));
#1919=CARTESIAN_POINT('Ctrl Pts',(-0.0635347357189541,0.11106079377507,
0.358309083926641));
#1920=CARTESIAN_POINT('Ctrl Pts',(-0.0245204527808123,0.119093533330052,
0.355686545211338));
#1921=CARTESIAN_POINT('Ctrl Pts',(0.0144938301573294,0.127126272885035,
0.353064006496034));
#1922=CARTESIAN_POINT('Ctrl Pts',(0.0578375340430111,0.114131425913391,
0.35044146778073));
#1923=CARTESIAN_POINT('Ctrl Pts',(0.0859972439907419,0.085959280301505,
0.347818929065427));
#1924=CARTESIAN_POINT('Ctrl Pts',(0.114156953938473,0.0577871346896185,
0.345196390350123));
#1925=CARTESIAN_POINT('Ctrl Pts',(0.127132669948253,0.0144376904374888,
0.34257385163482));
#1926=CARTESIAN_POINT('Ctrl Pts',(0.119082698926244,-0.0245730421222029,
0.339951312919516));
#1927=CARTESIAN_POINT('Ctrl Pts',(0.111032727904235,-0.0635837746818948,
0.337328774204213));
#1928=CARTESIAN_POINT('Ctrl Pts',(0.0819570698504363,-0.0982557955491482,
0.334706235488909));
#1929=CARTESIAN_POINT('Ctrl Pts',(0.0449456415525117,-0.112979700017449,
0.332083696773605));
#1930=CARTESIAN_POINT('Ctrl Pts',(0.00793421325458787,-0.127703604485749,
0.329461158058302));
#1931=CARTESIAN_POINT('Ctrl Pts',(-0.0370129852874626,-0.122479392555097,
0.326838619342998));
#1932=CARTESIAN_POINT('Ctrl Pts',(-0.0696606407934542,-0.0996590119412931,
0.324216080627694));
#1933=CARTESIAN_POINT('Ctrl Pts',(-0.10138616007444,-0.0774831952113658,
0.321667615775073));
#1934=CARTESIAN_POINT('Ctrl Pts',(-0.121497127515246,-0.0386911828423106,
0.319119150922452));
#1935=CARTESIAN_POINT('Ctrl Pts',(-0.121587305348377,2.00887809875779E-5,
0.316570686069831));
#1936=CARTESIAN_POINT('Ctrl Pts',(-0.121585401676248,2.41862227925116E-5,
0.308429313930168));
#1937=CARTESIAN_POINT('Ctrl Pts',(-0.121478955310868,-0.0384546725712516,
0.310962370745887));
#1938=CARTESIAN_POINT('Ctrl Pts',(-0.101643505138801,-0.0770281662391944,
0.313495427561606));
#1939=CARTESIAN_POINT('Ctrl Pts',(-0.0702383596440123,-0.0992527075613949,
0.316028484377325));
#1940=CARTESIAN_POINT('Ctrl Pts',(-0.0377238067098906,-0.122262345436729,
0.318651023092628));
#1941=CARTESIAN_POINT('Ctrl Pts',(0.00719229360220217,-0.127747554064758,
0.321273561807932));
#1942=CARTESIAN_POINT('Ctrl Pts',(0.0442886281418805,-0.113238882498819,
0.323896100523236));
#1943=CARTESIAN_POINT('Ctrl Pts',(0.0813849626815584,-0.0987302109328803,
0.326518639238539));
#1944=CARTESIAN_POINT('Ctrl Pts',(0.110661531448822,-0.0642276591729728,
0.329141177953843));
#1945=CARTESIAN_POINT('Ctrl Pts',(0.118937967950148,-0.0252643405060564,
0.331763716669147));
#1946=CARTESIAN_POINT('Ctrl Pts',(0.127214404451474,0.0136989781608601,
0.33438625538445));
#1947=CARTESIAN_POINT('Ctrl Pts',(0.114490708686863,0.0571230637347854,
0.337008794099754));
#1948=CARTESIAN_POINT('Ctrl Pts',(0.0864951124593936,0.0854583097022783,
0.339631332815057));
#1949=CARTESIAN_POINT('Ctrl Pts',(0.0584995162319247,0.113793555669771,
0.342253871530361));
#1950=CARTESIAN_POINT('Ctrl Pts',(0.0152320195415978,0.127039962030831,
0.344876410245665));
#1951=CARTESIAN_POINT('Ctrl Pts',(-0.0238282688483815,0.11923397399997,
0.347498948960968));
#1952=CARTESIAN_POINT('Ctrl Pts',(-0.0628885572383613,0.111427985969108,
0.350121487676272));
#1953=CARTESIAN_POINT('Ctrl Pts',(-0.0977416373279936,0.0825696035463243,
0.352744026391575));
#1954=CARTESIAN_POINT('Ctrl Pts',(-0.112696586845625,0.0456509204270364,
0.355366565106879));
#1955=CARTESIAN_POINT('Ctrl Pts',(-0.118518331728448,0.0312790126999719,
0.356387481381309));
#1956=CARTESIAN_POINT('Ctrl Pts',(-0.121324650342067,0.0156856212576418,
0.357408397655739));
#1957=CARTESIAN_POINT('Ctrl Pts',(-0.121246828688197,6.5344130758533E-5,
0.358429313930168));
#1958=CARTESIAN_POINT('Origin',(0.,0.,0.));
#1959=CARTESIAN_POINT('',(-0.1214,-1.48672121416489E-17,0.41));
#1960=CARTESIAN_POINT('',(-0.121373867806859,-0.000105650522312989,0.408429313930168));
#1961=CARTESIAN_POINT('',(-0.1214,-1.48672121416489E-17,0.));
#1962=CARTESIAN_POINT('',(-0.0824614147763975,0.0892969713252568,0.41));
#1963=CARTESIAN_POINT('Origin',(0.,0.,0.41));
#1964=CARTESIAN_POINT('Ctrl Pts',(-0.0824614147763975,0.0892969713252568,
0.41));
#1965=CARTESIAN_POINT('Ctrl Pts',(-0.0558283956266117,0.11355042296421,
0.407630747362267));
#1966=CARTESIAN_POINT('Ctrl Pts',(-0.0176512406636348,0.125570329906104,
0.405261494724535));
#1967=CARTESIAN_POINT('Ctrl Pts',(0.0179405115395647,0.120260566788523,
0.402892242086802));
#1968=CARTESIAN_POINT('Ctrl Pts',(0.0573372169021956,0.114383160925097,
0.400269703371499));
#1969=CARTESIAN_POINT('Ctrl Pts',(0.0935661840865457,0.0872727548040488,
0.397647164656195));
#1970=CARTESIAN_POINT('Ctrl Pts',(0.110317185632249,0.0511336581623642,
0.395024625940892));
#1971=CARTESIAN_POINT('Ctrl Pts',(0.127068187177952,0.0149945615206796,
0.392402087225588));
#1972=CARTESIAN_POINT('Ctrl Pts',(0.124341223085009,-0.0301732256416419,
0.389779548510284));
#1973=CARTESIAN_POINT('Ctrl Pts',(0.103363914312507,-0.0640346401611069,
0.387157009794981));
#1974=CARTESIAN_POINT('Ctrl Pts',(0.0823866055400056,-0.097896054680572,
0.384534471079677));
#1975=CARTESIAN_POINT('Ctrl Pts',(0.043158952087946,-0.120451096557181,
0.381911932364374));
#1976=CARTESIAN_POINT('Ctrl Pts',(0.00334135056611562,-0.121545672271381,
0.37928939364907));
#1977=CARTESIAN_POINT('Ctrl Pts',(-0.0364762509557151,-0.122640247985582,
0.376666854933767));
#1978=CARTESIAN_POINT('Ctrl Pts',(-0.0768838005473167,-0.102274357537374,
0.374044316218463));
#1979=CARTESIAN_POINT('Ctrl Pts',(-0.0996897602699909,-0.0696166441964337,
0.371421777503159));
#1980=CARTESIAN_POINT('Ctrl Pts',(-0.113751681160346,-0.0494802330545849,
0.369804747025383));
#1981=CARTESIAN_POINT('Ctrl Pts',(-0.121121778329203,-0.0246706808711269,
0.368187716547607));
#1982=CARTESIAN_POINT('Ctrl Pts',(-0.121250806905815,6.82519298325678E-5,
0.366570686069831));
#1983=CARTESIAN_POINT('Ctrl Pts',(-0.121246828688197,6.5344130758533E-5,
0.358429313930168));
#1984=CARTESIAN_POINT('Ctrl Pts',(-0.121124741392357,-0.0244398841682578,
0.360030936371042));
#1985=CARTESIAN_POINT('Ctrl Pts',(-0.113904320356056,-0.0490112824673776,
0.361632558811916));
#1986=CARTESIAN_POINT('Ctrl Pts',(-0.100092472799249,-0.0690363988768792,
0.36323418125279));
#1987=CARTESIAN_POINT('Ctrl Pts',(-0.0774765902896123,-0.101826051245716,
0.365856719968093));
#1988=CARTESIAN_POINT('Ctrl Pts',(-0.0371880063247091,-0.122426372167598,
0.368479258683397));
#1989=CARTESIAN_POINT('Ctrl Pts',(0.00263528192821917,-0.121563075080774,
0.371101797398701));
#1990=CARTESIAN_POINT('Ctrl Pts',(0.0424585701811472,-0.12069977799395,
0.373724336114004));
#1991=CARTESIAN_POINT('Ctrl Pts',(0.0818165627220998,-0.0983728628984199,
0.376346874829308));
#1992=CARTESIAN_POINT('Ctrl Pts',(0.102990218221297,-0.0646339167966418,
0.378969413544611));
#1993=CARTESIAN_POINT('Ctrl Pts',(0.124163873720494,-0.0308949706948637,
0.381591952259915));
#1994=CARTESIAN_POINT('Ctrl Pts',(0.127153192177935,0.0142560064131624,
0.384214490975218));
#1995=CARTESIAN_POINT('Ctrl Pts',(0.11061237447603,0.0504918972540515,0.386837029690522));
#1996=CARTESIAN_POINT('Ctrl Pts',(0.0940715567741252,0.0867277880949408,
0.389459568405826));
#1997=CARTESIAN_POINT('Ctrl Pts',(0.0580006029128736,0.114048592668693,
0.39208210712113));
#1998=CARTESIAN_POINT('Ctrl Pts',(0.0186387288384238,0.120154552754432,
0.394704645836433));
#1999=CARTESIAN_POINT('Ctrl Pts',(-0.0207231452360258,0.126260512840171,
0.397327184551737));
#2000=CARTESIAN_POINT('Ctrl Pts',(-0.0633759395236739,0.111151628437897,
0.39994972326704));
#2001=CARTESIAN_POINT('Ctrl Pts',(-0.0901172940624684,0.0816297178340643,
0.402572261982344));
#2002=CARTESIAN_POINT('Ctrl Pts',(-0.110024912810534,0.0596521123181226,
0.404524612631619));
#2003=CARTESIAN_POINT('Ctrl Pts',(-0.12111430394271,0.0296867101172028,
0.406476963280893));
#2004=CARTESIAN_POINT('Ctrl Pts',(-0.121373867806859,-0.000105650522312989,
0.408429313930168));
#2005=CARTESIAN_POINT('Origin',(0.,0.,-0.0430140617428053));
#2006=CARTESIAN_POINT('',(-0.0946742265584611,-8.28179775821778E-5,0.431985938257195));
#2007=CARTESIAN_POINT('',(-0.0947,-1.15974051879254E-17,0.4367));
#2008=CARTESIAN_POINT('',(-0.0947,-3.92302679492865E-15,-0.0430140617428053));
#2009=CARTESIAN_POINT('',(-0.0785297077779273,-0.0527688850779901,0.4367));
#2010=CARTESIAN_POINT('Ctrl Pts',(-0.094674226558461,-8.28179775821891E-5,
0.431985938257195));
#2011=CARTESIAN_POINT('Ctrl Pts',(-0.0947447020221515,-0.00824508266362801,
0.432671534360126));
#2012=CARTESIAN_POINT('Ctrl Pts',(-0.0925222377518653,-0.0269146449428039,
0.434242888274394));
#2013=CARTESIAN_POINT('Ctrl Pts',(-0.084487282867331,-0.0440467671676547,
0.435814242188662));
#2014=CARTESIAN_POINT('Ctrl Pts',(-0.0785297077779281,-0.052768885077989,
0.4367));
#2015=CARTESIAN_POINT('Origin',(0.,0.,0.4367));
#2016=CARTESIAN_POINT('Origin',(0.,0.,-0.0430140617428053));
#2017=CARTESIAN_POINT('',(-0.09458361955503,5.32410029218186E-5,0.381985938257195));
#2018=CARTESIAN_POINT('',(-0.0946796151672941,-8.24143695508458E-5,0.393014061742806));
#2019=CARTESIAN_POINT('',(-0.0947,-3.92302679492865E-15,-0.0430140617428053));
#2020=CARTESIAN_POINT('Ctrl Pts',(-0.0945836195550299,5.32410029218126E-5,
0.381985938257195));
#2021=CARTESIAN_POINT('Ctrl Pts',(-0.0944829687625651,-0.0192447568245144,
0.38360296873497));
#2022=CARTESIAN_POINT('Ctrl Pts',(-0.0794096796876642,-0.0699851396596706,
0.38784253792805));
#2023=CARTESIAN_POINT('Ctrl Pts',(0.00306667200015272,-0.111554211776605,
0.394704645836433));
#2024=CARTESIAN_POINT('Ctrl Pts',(0.09486713613302,-0.0587709547984781,
0.402572261982343));
#2025=CARTESIAN_POINT('Ctrl Pts',(0.101248771213787,0.0469305965426716,
0.410439878128255));
#2026=CARTESIAN_POINT('Ctrl Pts',(0.016465825768368,0.110374306419027,0.418307494274165));
#2027=CARTESIAN_POINT('Ctrl Pts',(-0.074463287715414,0.0775706217205841,
0.425489514317145));
#2028=CARTESIAN_POINT('Ctrl Pts',(-0.0944751196379794,0.0229771705729404,
0.430048995644822));
#2029=CARTESIAN_POINT('Ctrl Pts',(-0.094674226558461,-8.28179775821891E-5,
0.431985938257195));
#2030=CARTESIAN_POINT('',(-0.0663269138189837,0.067513408080864,0.4367));
#2031=CARTESIAN_POINT('Origin',(0.,0.,0.4367));
#2032=CARTESIAN_POINT('Ctrl Pts',(-0.0946796151672941,-8.24143695508594E-5,
0.393014061742806));
#2033=CARTESIAN_POINT('Ctrl Pts',(-0.0947491199023349,-0.00806006618671169,
0.393684249808834));
#2034=CARTESIAN_POINT('Ctrl Pts',(-0.0901996974781866,-0.0471772262658434,
0.396976976590167));
#2035=CARTESIAN_POINT('Ctrl Pts',(-0.036105815871539,-0.105593488270195,
0.402892242086803));
#2036=CARTESIAN_POINT('Ctrl Pts',(0.0683516250056083,-0.0882160531902334,
0.410759858232713));
#2037=CARTESIAN_POINT('Ctrl Pts',(0.111265191700189,0.00859648988549765,
0.418627474378624));
#2038=CARTESIAN_POINT('Ctrl Pts',(0.0539948000344928,0.0976590248603591,
0.426495090524535));
#2039=CARTESIAN_POINT('Ctrl Pts',(-0.0270819518475407,0.098538524440772,
0.43251926573166));
#2040=CARTESIAN_POINT('Ctrl Pts',(-0.0597620434079689,0.074078638136145,
0.435920902223482));
#2041=CARTESIAN_POINT('Ctrl Pts',(-0.0663269138189837,0.0675134080808641,
0.4367));
#2042=CARTESIAN_POINT('Origin',(0.,0.,-0.0430140617428053));
#2043=CARTESIAN_POINT('',(-0.0948461105147553,1.5670572973746E-5,0.331985938257195));
#2044=CARTESIAN_POINT('',(-0.0945805162831321,5.09727280250374E-5,0.343014061742806));
#2045=CARTESIAN_POINT('',(-0.0947,-3.92302679492865E-15,-0.0430140617428053));
#2046=CARTESIAN_POINT('Ctrl Pts',(-0.0948461105147553,1.56705729737391E-5,
0.331985938257195));
#2047=CARTESIAN_POINT('Ctrl Pts',(-0.0947757658623859,-0.0301816722830905,
0.334534403109816));
#2048=CARTESIAN_POINT('Ctrl Pts',(-0.0629440210707427,-0.0915818730104047,
0.33970540667774));
#2049=CARTESIAN_POINT('Ctrl Pts',(0.0412509859731608,-0.103692456463206,
0.347498948960968));
#2050=CARTESIAN_POINT('Ctrl Pts',(0.109293773889833,-0.0225530731980757,
0.355366565106879));
#2051=CARTESIAN_POINT('Ctrl Pts',(0.078928033211262,0.0788931962585135,
0.36323418125279));
#2052=CARTESIAN_POINT('Ctrl Pts',(-0.0225048026530072,0.109303707169913,
0.371101797398701));
#2053=CARTESIAN_POINT('Ctrl Pts',(-0.0869914898075493,0.0552742531348509,
0.377352383066836));
#2054=CARTESIAN_POINT('Ctrl Pts',(-0.0946462066257921,0.0120531977445968,
0.380980430019667));
#2055=CARTESIAN_POINT('Ctrl Pts',(-0.0945836195550299,5.32410029218126E-5,
0.381985938257195));
#2056=CARTESIAN_POINT('Ctrl Pts',(-0.0945805162831321,5.09727280250388E-5,
0.343014061742806));
#2057=CARTESIAN_POINT('Ctrl Pts',(-0.0944852801470846,-0.0190647201872689,
0.344615684183679));
#2058=CARTESIAN_POINT('Ctrl Pts',(-0.0796302291007794,-0.0696170874491507,
0.348839845339857));
#2059=CARTESIAN_POINT('Ctrl Pts',(0.0024186548807776,-0.111570245762552,
0.355686545211337));
#2060=CARTESIAN_POINT('Ctrl Pts',(0.0945241382488567,-0.0593208505513471,
0.363554161357249));
#2061=CARTESIAN_POINT('Ctrl Pts',(0.10151973440832,0.0463413619395113,0.371421777503159));
#2062=CARTESIAN_POINT('Ctrl Pts',(0.0171065713771707,0.110277445789618,
0.37928939364907));
#2063=CARTESIAN_POINT('Ctrl Pts',(-0.0742067639268952,0.0779315549626055,
0.386486821728952));
#2064=CARTESIAN_POINT('Ctrl Pts',(-0.094477138248556,0.0231575901820328,
0.391061711093531));
#2065=CARTESIAN_POINT('Ctrl Pts',(-0.0946796151672941,-8.24143695508594E-5,
0.393014061742806));
#2066=CARTESIAN_POINT('Origin',(0.,0.,-0.0430140617428053));
#2067=CARTESIAN_POINT('',(-0.0946202376470805,-7.1376862297785E-5,0.281985938257194));
#2068=CARTESIAN_POINT('',(-0.0948446255250467,1.88668475935565E-5,0.293014061742806));
#2069=CARTESIAN_POINT('',(-0.0947,-3.92302679492865E-15,-0.0430140617428053));
#2070=CARTESIAN_POINT('Ctrl Pts',(-0.0946202376470804,-7.13768622977679E-5,
0.281985938257194));
#2071=CARTESIAN_POINT('Ctrl Pts',(-0.0946936486631991,-0.0102933216555052,
0.282843298769357));
#2072=CARTESIAN_POINT('Ctrl Pts',(-0.0884867706665075,-0.0516959643202138,
0.286323197996822));
#2073=CARTESIAN_POINT('Ctrl Pts',(-0.0285711955068141,-0.107877043947715,
0.292425635939592));
#2074=CARTESIAN_POINT('Ctrl Pts',(0.0744010436104443,-0.0831760453667988,
0.300293252085503));
#2075=CARTESIAN_POINT('Ctrl Pts',(0.11038230221862,0.0164169783108363,0.308160868231414));
#2076=CARTESIAN_POINT('Ctrl Pts',(0.0469749191879432,0.101228093015849,
0.316028484377325));
#2077=CARTESIAN_POINT('Ctrl Pts',(-0.058728858330911,0.0948930501134586,
0.323896100523235));
#2078=CARTESIAN_POINT('Ctrl Pts',(-0.0944422601646692,0.0328442307542218,
0.329215251816526));
#2079=CARTESIAN_POINT('Ctrl Pts',(-0.09484815515748,0.000893388712113026,
0.331911864394512));
#2080=CARTESIAN_POINT('Ctrl Pts',(-0.0948461105147553,1.56705729737391E-5,
0.331985938257195));
#2081=CARTESIAN_POINT('Ctrl Pts',(-0.0948446255250467,1.88668475935629E-5,
0.293014061742806));
#2082=CARTESIAN_POINT('Ctrl Pts',(-0.0947615903454611,-0.0299971786861446,
0.295547118558524));
#2083=CARTESIAN_POINT('Ctrl Pts',(-0.0632690814133555,-0.0912398569889972,
0.300702714089547));
#2084=CARTESIAN_POINT('Ctrl Pts',(0.0406479810847104,-0.103930334654094,
0.308480848335873));
#2085=CARTESIAN_POINT('Ctrl Pts',(0.109160939789648,-0.0231875426031069,
0.316348464481783));
#2086=CARTESIAN_POINT('Ctrl Pts',(0.0793849763075545,0.0784334023025949,
0.324216080627694));
#2087=CARTESIAN_POINT('Ctrl Pts',(-0.0218695196539108,0.109432611916903,
0.332083696773606));
#2088=CARTESIAN_POINT('Ctrl Pts',(-0.0868286949486499,0.0556463549289051,
0.338349690478642));
#2089=CARTESIAN_POINT('Ctrl Pts',(-0.0946412223014317,0.0122358182298043,
0.341993145468376));
#2090=CARTESIAN_POINT('Ctrl Pts',(-0.0945805162831321,5.09727280250388E-5,
0.343014061742806));
#2091=CARTESIAN_POINT('Origin',(0.,0.,-0.0430140617428053));
#2092=CARTESIAN_POINT('',(-0.0946270595391541,7.3554946207827E-5,0.231985938257194));
#2093=CARTESIAN_POINT('',(-0.094624673193992,-7.28221090220533E-5,0.243014061742806));
#2094=CARTESIAN_POINT('',(-0.0947,-3.92302679492865E-15,-0.0430140617428053));
#2095=CARTESIAN_POINT('Ctrl Pts',(-0.0946270595391542,7.35549462078321E-5,
0.231985938257195));
#2096=CARTESIAN_POINT('Ctrl Pts',(-0.0944684060657135,-0.0212495966071557,
0.233774733144202));
#2097=CARTESIAN_POINT('Ctrl Pts',(-0.0768420905961289,-0.0740721628014812,
0.238186066746513));
#2098=CARTESIAN_POINT('Ctrl Pts',(0.0102787624479964,-0.111122080628583,
0.245219939064127));
#2099=CARTESIAN_POINT('Ctrl Pts',(0.0984712488106914,-0.0525088850196043,
0.253087555210038));
#2100=CARTESIAN_POINT('Ctrl Pts',(0.0979998507651621,0.0533835093446197,
0.260955171355949));
#2101=CARTESIAN_POINT('Ctrl Pts',(0.00928901728304877,0.111209190137768,
0.26882278750186));
#2102=CARTESIAN_POINT('Ctrl Pts',(-0.077207126960503,0.0735120858903233,
0.275833043135609));
#2103=CARTESIAN_POINT('Ctrl Pts',(-0.0944690952470225,0.0209740922101892,
0.280220760054053));
#2104=CARTESIAN_POINT('Ctrl Pts',(-0.0946202376470804,-7.13768622977679E-5,
0.281985938257194));
#2105=CARTESIAN_POINT('Ctrl Pts',(-0.094624673193992,-7.28221090220779E-5,
0.243014061742806));
#2106=CARTESIAN_POINT('Ctrl Pts',(-0.0946984699179071,-0.0101098777041625,
0.243856014218066));
#2107=CARTESIAN_POINT('Ctrl Pts',(-0.0886351188267369,-0.0513238368249498,
0.247320505408629));
#2108=CARTESIAN_POINT('Ctrl Pts',(-0.0291973382197883,-0.107709276854478,
0.253407535314497));
#2109=CARTESIAN_POINT('Ctrl Pts',(0.0739166561443857,-0.0836068228936428,
0.261275151460408));
#2110=CARTESIAN_POINT('Ctrl Pts',(0.110475814262585,0.0157755300601772,
0.269142767606319));
#2111=CARTESIAN_POINT('Ctrl Pts',(0.0475621321953344,0.10095353619844,0.277010383752229));
#2112=CARTESIAN_POINT('Ctrl Pts',(-0.058176673252853,0.0952325971968949,
0.28487799989814));
#2113=CARTESIAN_POINT('Ctrl Pts',(-0.0943543911221137,0.0332131300527802,
0.290212559228332));
#2114=CARTESIAN_POINT('Ctrl Pts',(-0.0948475587974295,0.0010792034163268,
0.292924579843221));
#2115=CARTESIAN_POINT('Ctrl Pts',(-0.0948446255250467,1.88668475935629E-5,
0.293014061742806));
#2116=CARTESIAN_POINT('Origin',(0.,0.,-0.0430140617428053));
#2117=CARTESIAN_POINT('',(-0.0948437185232905,-2.05449381408993E-5,0.181985938257195));
#2118=CARTESIAN_POINT('',(-0.0946225941393186,7.21602471939305E-5,0.193014061742806));
#2119=CARTESIAN_POINT('',(-0.0947,-3.92302679492865E-15,-0.0430140617428053));
#2120=CARTESIAN_POINT('Ctrl Pts',(-0.0948437185232905,-2.05449381409311E-5,
0.181985938257195));
#2121=CARTESIAN_POINT('Ctrl Pts',(-0.0948471830069542,-0.00117818064684624,
0.182083628803743));
#2122=CARTESIAN_POINT('Ctrl Pts',(-0.0943071245586357,-0.0334096690631101,
0.184803858065596));
#2123=CARTESIAN_POINT('Ctrl Pts',(-0.0578816688346634,-0.0954121867533167,
0.190146626042751));
#2124=CARTESIAN_POINT('Ctrl Pts',(0.0478743004687445,-0.100805842579512,
0.198014242188662));
#2125=CARTESIAN_POINT('Ctrl Pts',(0.11052409403772,-0.0154335828511611,
0.205881858334573));
#2126=CARTESIAN_POINT('Ctrl Pts',(0.0736575630465102,0.0838351568723352,
0.213749474480484));
#2127=CARTESIAN_POINT('Ctrl Pts',(-0.0295305089658931,0.107618392532815,
0.221617090626395));
#2128=CARTESIAN_POINT('Ctrl Pts',(-0.0887135905545382,0.0511255825067355,
0.227695911885298));
#2129=CARTESIAN_POINT('Ctrl Pts',(-0.0947010067285606,0.010012115334865,
0.231152194428898));
#2130=CARTESIAN_POINT('Ctrl Pts',(-0.0946270595391542,7.35549462078321E-5,
0.231985938257195));
#2131=CARTESIAN_POINT('Ctrl Pts',(-0.0946225941393186,7.21602471939277E-5,
0.193014061742806));
#2132=CARTESIAN_POINT('Ctrl Pts',(-0.0944688164620285,-0.0210698556687494,
0.194787448592911));
#2133=CARTESIAN_POINT('Ctrl Pts',(-0.0770806951628104,-0.0737068421645265,
0.19918337415832));
#2134=CARTESIAN_POINT('Ctrl Pts',(0.00963311928930293,-0.111179923788454,
0.206201838439032));
#2135=CARTESIAN_POINT('Ctrl Pts',(0.098164593628807,-0.0530799926319031,
0.214069454584943));
#2136=CARTESIAN_POINT('Ctrl Pts',(0.0983082961094346,0.0528133678512349,
0.221937070730853));
#2137=CARTESIAN_POINT('Ctrl Pts',(0.0099348382872511,0.111153370690146,
0.229804686876765));
#2138=CARTESIAN_POINT('Ctrl Pts',(-0.0769694175710071,0.0738775750523114,
0.236830350547415));
#2139=CARTESIAN_POINT('Ctrl Pts',(-0.0944686056782775,0.0211538428256423,
0.241233475502762));
#2140=CARTESIAN_POINT('Ctrl Pts',(-0.094624673193992,-7.28221090220779E-5,
0.243014061742806));
#2141=CARTESIAN_POINT('Origin',(0.,0.,-0.0430140617428053));
#2142=CARTESIAN_POINT('',(-0.0945786021087659,-5.02831626093353E-5,0.131985938257195));
#2143=CARTESIAN_POINT('',(-0.094845385464232,-1.7291384548993E-5,0.143014061742806));
#2144=CARTESIAN_POINT('',(-0.0947,-3.92302679492865E-15,-0.0430140617428053));
#2145=CARTESIAN_POINT('Ctrl Pts',(-0.0945786021087659,-5.0283162609347E-5,
0.131985938257195));
#2146=CARTESIAN_POINT('Ctrl Pts',(-0.0946384986516694,-0.0123331660308557,
0.133015063178588));
#2147=CARTESIAN_POINT('Ctrl Pts',(-0.0867422998400148,-0.0558429135825235,
0.136666726815285));
#2148=CARTESIAN_POINT('Ctrl Pts',(-0.021530074783634,-0.109501005239672,
0.142940929167287));
#2149=CARTESIAN_POINT('Ctrl Pts',(0.0796269464942973,-0.0781867017318792,
0.150808545313197));
#2150=CARTESIAN_POINT('Ctrl Pts',(0.109088834366855,0.0235248970376859,
0.158676161459108));
#2151=CARTESIAN_POINT('Ctrl Pts',(0.0403260635701329,0.104055789089043,
0.166543777605019));
#2152=CARTESIAN_POINT('Ctrl Pts',(-0.0634414444710651,0.0910572613360359,
0.174313703204381));
#2153=CARTESIAN_POINT('Ctrl Pts',(-0.0947541776665422,0.0298989764738146,
0.17946109008844));
#2154=CARTESIAN_POINT('Ctrl Pts',(-0.0948437185232905,-2.05449381409311E-5,
0.181985938257195));
#2155=CARTESIAN_POINT('Ctrl Pts',(-0.094845385464232,-1.72913845489872E-5,
0.143014061742806));
#2156=CARTESIAN_POINT('Ctrl Pts',(-0.0948478866892834,-0.000992293728469976,
0.143096344252452));
#2157=CARTESIAN_POINT('Ctrl Pts',(-0.0943956520200957,-0.0330405663629853,
0.145801165477402));
#2158=CARTESIAN_POINT('Ctrl Pts',(-0.0584348669598154,-0.0950745388411142,
0.151128525417656));
#2159=CARTESIAN_POINT('Ctrl Pts',(0.0472879259570793,-0.101082154175908,
0.158996141563567));
#2160=CARTESIAN_POINT('Ctrl Pts',(0.110432607999684,-0.0160753659719683,
0.166863757709478));
#2161=CARTESIAN_POINT('Ctrl Pts',(0.0741432925340136,0.0834059242142903,
0.174731373855389));
#2162=CARTESIAN_POINT('Ctrl Pts',(-0.0289048920182254,0.107788110885957,
0.182598990001299));
#2163=CARTESIAN_POINT('Ctrl Pts',(-0.0885659753764191,0.0514977165990052,
0.188693219297105));
#2164=CARTESIAN_POINT('Ctrl Pts',(-0.0946962275946976,0.0101956041240977,
0.192164909877607));
#2165=CARTESIAN_POINT('Ctrl Pts',(-0.0946225941393186,7.21602471939277E-5,
0.193014061742806));
#2166=CARTESIAN_POINT('Origin',(0.,0.,-0.0430140617428053));
#2167=CARTESIAN_POINT('',(-0.0945725572595391,-7.2215253534834E-6,0.0819859382571946));
#2168=CARTESIAN_POINT('',(-0.0945805899024438,-5.61221929117444E-5,0.0930140617428056));
#2169=CARTESIAN_POINT('',(-0.0947,-3.92302679492865E-15,-0.0430140617428053));
#2170=CARTESIAN_POINT('Ctrl Pts',(-0.0945725572595391,-7.22152535348196E-6,
0.0819859382571946));
#2171=CARTESIAN_POINT('Ctrl Pts',(-0.0944101884154192,-0.0233541682938234,
0.0839464975534333));
#2172=CARTESIAN_POINT('Ctrl Pts',(-0.0741357570538739,-0.0780094506349368,
0.0885295955649757));
#2173=CARTESIAN_POINT('Ctrl Pts',(0.017483515266564,-0.110288335693592,
0.0957352322918217));
#2174=CARTESIAN_POINT('Ctrl Pts',(0.101644427371963,-0.0459939145918911,
0.103602848437732));
#2175=CARTESIAN_POINT('Ctrl Pts',(0.0943495329958883,0.0595959236081224,
0.111470464583643));
#2176=CARTESIAN_POINT('Ctrl Pts',(0.00206847867424673,0.111586096228704,
0.119338080729554));
#2177=CARTESIAN_POINT('Ctrl Pts',(-0.0797454857864469,0.0694180628788154,
0.126176571954071));
#2178=CARTESIAN_POINT('Ctrl Pts',(-0.0944858631460939,0.0189675392459062,
0.130392524463285));
#2179=CARTESIAN_POINT('Ctrl Pts',(-0.0945786021087659,-5.0283162609347E-5,
0.131985938257195));
#2180=CARTESIAN_POINT('Ctrl Pts',(-0.0945805899024437,-5.61221929117376E-5,
0.0930140617428056));
#2181=CARTESIAN_POINT('Ctrl Pts',(-0.0946433397000576,-0.0121511249871451,
0.0940277786272972));
#2182=CARTESIAN_POINT('Ctrl Pts',(-0.0869091792034848,-0.0554597278132324,
0.0976640342270923));
#2183=CARTESIAN_POINT('Ctrl Pts',(-0.0221632548587727,-0.109382472030826,
0.103922828542191));
#2184=CARTESIAN_POINT('Ctrl Pts',(0.0791701466719203,-0.0786435721682816,
0.111790444688102));
#2185=CARTESIAN_POINT('Ctrl Pts',(0.109224334538893,0.0228885837693689,
0.119658060834013));
#2186=CARTESIAN_POINT('Ctrl Pts',(0.0409294601024793,0.103820980428278,
0.127525676979924));
#2187=CARTESIAN_POINT('Ctrl Pts',(-0.0631172042906028,0.0913990735416824,
0.135311010616188));
#2188=CARTESIAN_POINT('Ctrl Pts',(-0.0947681667152421,0.0300833431891235,
0.140473805537149));
#2189=CARTESIAN_POINT('Ctrl Pts',(-0.094845385464232,-1.72913845489872E-5,
0.143014061742806));
#2190=CARTESIAN_POINT('Origin',(0.,0.,0.455));
#2191=CARTESIAN_POINT('',(-0.0314,3.84539094932269E-18,0.5));
#2192=CARTESIAN_POINT('Origin',(0.,0.,0.5));
#2193=CARTESIAN_POINT('',(-0.0764,-9.35630154548578E-18,0.455));
#2194=CARTESIAN_POINT('',(-0.105824780848947,-9.25721249183388E-5,0.425546410161514));
#2195=CARTESIAN_POINT('Ctrl Pts',(-0.0785297077779273,-0.0527688850779901,
0.4367));
#2196=CARTESIAN_POINT('Ctrl Pts',(-0.0826128915363813,-0.0487605766028583,
0.435588013985548));
#2197=CARTESIAN_POINT('Ctrl Pts',(-0.0863256825508861,-0.0444056809255326,
0.434497728728981));
#2198=CARTESIAN_POINT('Ctrl Pts',(-0.0896179007868342,-0.0397635974416326,
0.433423491702872));
#2199=CARTESIAN_POINT('Ctrl Pts',(-0.0918677257204427,-0.036591306172502,
0.43268938324689));
#2200=CARTESIAN_POINT('Ctrl Pts',(-0.0939211962607949,-0.0332844973284166,
0.431962769372137));
#2201=CARTESIAN_POINT('Ctrl Pts',(-0.0957609201867331,-0.0298578466916172,
0.431241846134802));
#2202=CARTESIAN_POINT('Ctrl Pts',(-0.0964682386723814,-0.0285404026419451,
0.430964672845206));
#2203=CARTESIAN_POINT('Ctrl Pts',(-0.0971442949540532,-0.0272044516410087,
0.430688186682943));
#2204=CARTESIAN_POINT('Ctrl Pts',(-0.0977867683365559,-0.025853366420812,
0.430412823550324));
#2205=CARTESIAN_POINT('Ctrl Pts',(-0.101057027984131,-0.0189761951692453,
0.429011195147407));
#2206=CARTESIAN_POINT('Ctrl Pts',(-0.103452586340517,-0.0117285565135924,
0.427642240274687));
#2207=CARTESIAN_POINT('Ctrl Pts',(-0.105030458269475,-0.00426922603445292,
0.426294839834629));
#2208=CARTESIAN_POINT('Ctrl Pts',(-0.105323450072413,-0.00288411825372469,
0.426044643809866));
#2209=CARTESIAN_POINT('Ctrl Pts',(-0.105588149287523,-0.0014916049548834,
0.425795190982254));
#2210=CARTESIAN_POINT('Ctrl Pts',(-0.105824780848947,-9.25721249183438E-5,
0.425546410161514));
#2211=CARTESIAN_POINT('',(-0.0764,-9.35630154548578E-18,0.455));
#2212=CARTESIAN_POINT('',(-0.119186992773877,-0.0238701616700681,0.41));
#2213=CARTESIAN_POINT('Origin',(0.,0.,0.41));
#2214=CARTESIAN_POINT('Ctrl Pts',(-0.119207407624343,-0.0238791906189948,
0.41));
#2215=CARTESIAN_POINT('Ctrl Pts',(-0.118688611112537,-0.0260469909192103,
0.410092942462686));
#2216=CARTESIAN_POINT('Ctrl Pts',(-0.118106693152302,-0.0281965129081963,
0.410185887286628));
#2217=CARTESIAN_POINT('Ctrl Pts',(-0.117460929693373,-0.0303252373176946,
0.410278871558744));
#2218=CARTESIAN_POINT('Ctrl Pts',(-0.115571764678002,-0.0365527678881872,
0.410550894745302));
#2219=CARTESIAN_POINT('Ctrl Pts',(-0.113137174496249,-0.042602768225874,
0.410823255545317));
#2220=CARTESIAN_POINT('Ctrl Pts',(-0.110211345532244,-0.0484299425549517,
0.411096882518861));
#2221=CARTESIAN_POINT('Ctrl Pts',(-0.108587460145938,-0.0516641245091472,
0.411248750194349));
#2222=CARTESIAN_POINT('Ctrl Pts',(-0.106812004840293,-0.0548295665616199,
0.411401007907106));
#2223=CARTESIAN_POINT('Ctrl Pts',(-0.104892723467734,-0.0579174714733741,
0.41155381441283));
#2224=CARTESIAN_POINT('Ctrl Pts',(-0.103128705695015,-0.060755574954543,
0.411694259370895));
#2225=CARTESIAN_POINT('Ctrl Pts',(-0.101247759639869,-0.0635206504266232,
0.411834799076469));
#2226=CARTESIAN_POINT('Ctrl Pts',(-0.0992590619416975,-0.0662040442892355,
0.41197542410827));
#2227=CARTESIAN_POINT('Ctrl Pts',(-0.0948979644183837,-0.0720885697950854,
0.412283806563013));
#2228=CARTESIAN_POINT('Ctrl Pts',(-0.0900169071027169,-0.0775857813441576,
0.412592813884979));
#2229=CARTESIAN_POINT('Ctrl Pts',(-0.0846821834218968,-0.0826232527846952,
0.412903798254264));
#2230=CARTESIAN_POINT('Ctrl Pts',(-0.0817285401898028,-0.0854123182204,
0.413075979032985));
#2231=CARTESIAN_POINT('Ctrl Pts',(-0.0786319539524552,-0.0880623290083094,
0.413248944698985));
#2232=CARTESIAN_POINT('Ctrl Pts',(-0.0754249073724574,-0.090542713075767,
0.413421746974722));
#2233=CARTESIAN_POINT('Ctrl Pts',(-0.0697559638604581,-0.0949271698698087,
0.41372720132827));
#2234=CARTESIAN_POINT('Ctrl Pts',(-0.0637317535135626,-0.0987946114682992,
0.414032814123173));
#2235=CARTESIAN_POINT('Ctrl Pts',(-0.057413283845365,-0.102074747011625,
0.414339909180344));
#2236=CARTESIAN_POINT('Ctrl Pts',(-0.0531976884383392,-0.104263207993002,
0.414544798747045));
#2237=CARTESIAN_POINT('Ctrl Pts',(-0.0488508264091221,-0.10618990499788,
0.414750348124043));
#2238=CARTESIAN_POINT('Ctrl Pts',(-0.044389006129289,-0.107828526888291,
0.414956950472211));
#2239=CARTESIAN_POINT('Ctrl Pts',(-0.0421633070005733,-0.108645924068152,
0.415060010353038));
#2240=CARTESIAN_POINT('Ctrl Pts',(-0.0399071928981873,-0.109391970128823,
0.415163412528578));
#2241=CARTESIAN_POINT('Ctrl Pts',(-0.037632976569593,-0.110060233078427,
0.415266740328027));
#2242=CARTESIAN_POINT('Ctrl Pts',(-0.0293174754167149,-0.112503686349776,
0.415644550664115));
#2243=CARTESIAN_POINT('Ctrl Pts',(-0.0207394580606093,-0.113920863512313,
0.41602237190827));
#2244=CARTESIAN_POINT('Ctrl Pts',(-0.0120725367990289,-0.114367860744668,
0.416402712837157));
#2245=CARTESIAN_POINT('Ctrl Pts',(-0.00717033196939655,-0.114620692393317,
0.41661784218727));
#2246=CARTESIAN_POINT('Ctrl Pts',(-0.00223944509744993,-0.114562167218862,
0.416833777656852));
#2247=CARTESIAN_POINT('Ctrl Pts',(0.00268817780416504,-0.114195454383303,
0.417050973231219));
#2248=CARTESIAN_POINT('Ctrl Pts',(0.00571163314983133,-0.11397044936463,
0.417184238526369));
#2249=CARTESIAN_POINT('Ctrl Pts',(0.00872496753983515,-0.113629883809976,
0.417317589409552));
#2250=CARTESIAN_POINT('Ctrl Pts',(0.0117166448824389,-0.113176558488279,
0.417450944968228));
#2251=CARTESIAN_POINT('Ctrl Pts',(0.0203193411095637,-0.111873002125737,
0.417834414584137));
#2252=CARTESIAN_POINT('Ctrl Pts',(0.0287559000280869,-0.109639716895362,
0.418218431528476));
#2253=CARTESIAN_POINT('Ctrl Pts',(0.0368482053561971,-0.106502314222091,
0.418605620271688));
#2254=CARTESIAN_POINT('Ctrl Pts',(0.0396938557323207,-0.105399049980907,
0.418741774772547));
#2255=CARTESIAN_POINT('Ctrl Pts',(0.0424967512204884,-0.104183559835632,
0.418878321488408));
#2256=CARTESIAN_POINT('Ctrl Pts',(0.0452482884252709,-0.102855634674025,
0.419015374541309));
#2257=CARTESIAN_POINT('Ctrl Pts',(0.0478872398334112,-0.101582044780697,
0.419146819737221));
#2258=CARTESIAN_POINT('Ctrl Pts',(0.0504711469256605,-0.100208677344306,
0.419278345892032));
#2259=CARTESIAN_POINT('Ctrl Pts',(0.0529898535376494,-0.0987386720790184,
0.419409882300068));
#2260=CARTESIAN_POINT('Ctrl Pts',(0.0583690985593903,-0.0955991565564111,
0.419690806868548));
#2261=CARTESIAN_POINT('Ctrl Pts',(0.0634568622532422,-0.0920171309744937,
0.419972038048831));
#2262=CARTESIAN_POINT('Ctrl Pts',(0.0681828414762529,-0.0879971843800404,
0.42025460909731));
#2263=CARTESIAN_POINT('Ctrl Pts',(0.0717671570428601,-0.084948343816952,
0.420468918928129));
#2264=CARTESIAN_POINT('Ctrl Pts',(0.0751431969606022,-0.0816472383680812,
0.420683999468852));
#2265=CARTESIAN_POINT('Ctrl Pts',(0.0782989476079291,-0.0781219020546484,
0.420900301485729));
#2266=CARTESIAN_POINT('Ctrl Pts',(0.0801507559042122,-0.0760532192713833,
0.421027228456242));
#2267=CARTESIAN_POINT('Ctrl Pts',(0.0819253906086349,-0.073908208066873,
0.421154507857811));
#2268=CARTESIAN_POINT('Ctrl Pts',(0.0836134050728832,-0.0717025546981595,
0.421281679500607));
#2269=CARTESIAN_POINT('Ctrl Pts',(0.0879213024445156,-0.0660736169425551,
0.421606227895986));
#2270=CARTESIAN_POINT('Ctrl Pts',(0.0916813038504794,-0.0600347602811341,
0.421931060921515));
#2271=CARTESIAN_POINT('Ctrl Pts',(0.0948588328839642,-0.0536863686391786,
0.422257775007862));
#2272=CARTESIAN_POINT('Ctrl Pts',(0.0967317287483345,-0.0499445062277496,
0.422450346485479));
#2273=CARTESIAN_POINT('Ctrl Pts',(0.0984018624679988,-0.0460948150198833,
0.4226435714713));
#2274=CARTESIAN_POINT('Ctrl Pts',(0.0998582373535249,-0.0421566183819584,
0.422837776870933));
#2275=CARTESIAN_POINT('Ctrl Pts',(0.100831821953191,-0.0395239393683023,
0.422967602912383));
#2276=CARTESIAN_POINT('Ctrl Pts',(0.101709420700414,-0.0368517787622175,
0.42309785927131));
#2277=CARTESIAN_POINT('Ctrl Pts',(0.102484133359424,-0.0341595592649717,
0.423227996119257));
#2278=CARTESIAN_POINT('Ctrl Pts',(0.104466555640523,-0.027270403840851,
0.423561004989013));
#2279=CARTESIAN_POINT('Ctrl Pts',(0.105785893138673,-0.020228332862899,
0.423894311579598));
#2280=CARTESIAN_POINT('Ctrl Pts',(0.106393998746129,-0.0131333517573724,
0.42422964319433));
#2281=CARTESIAN_POINT('Ctrl Pts',(0.106719934920487,-0.00933054025501809,
0.424409376290534));
#2282=CARTESIAN_POINT('Ctrl Pts',(0.106841078963535,-0.00551245147025369,
0.424589691137978));
#2283=CARTESIAN_POINT('Ctrl Pts',(0.106746484775828,-0.00169478138613976,
0.424770853704592));
#2284=CARTESIAN_POINT('Ctrl Pts',(0.106673397890494,0.00125488838153385,
0.424910826445558));
#2285=CARTESIAN_POINT('Ctrl Pts',(0.10647094911644,0.00420509865800977,
0.425051346468899));
#2286=CARTESIAN_POINT('Ctrl Pts',(0.10613616869758,0.00713171998338608,
0.425191734953431));
#2287=CARTESIAN_POINT('Ctrl Pts',(0.10609583582911,0.00748430641415421,
0.425208648338929));
#2288=CARTESIAN_POINT('Ctrl Pts',(0.106053581874773,0.00783660868455298,
0.425225562567763));
#2289=CARTESIAN_POINT('Ctrl Pts',(0.106009400785816,0.00818861445834809,
0.425242477866593));
#2290=CARTESIAN_POINT('Ctrl Pts',(0.104947749850258,0.016647148819675,0.425648944598208));
#2291=CARTESIAN_POINT('Ctrl Pts',(0.102778455193131,0.0249360153297764,
0.426056029164969));
#2292=CARTESIAN_POINT('Ctrl Pts',(0.0996304257836817,0.0328955515062654,
0.426466876481398));
#2293=CARTESIAN_POINT('Ctrl Pts',(0.0985635538574498,0.0355930503501559,
0.426606113258078));
#2294=CARTESIAN_POINT('Ctrl Pts',(0.0973837772039714,0.0382525320434281,
0.426745782202491));
#2295=CARTESIAN_POINT('Ctrl Pts',(0.0960947722727464,0.0408669597331946,
0.426886005728152));
#2296=CARTESIAN_POINT('Ctrl Pts',(0.0948672621648912,0.0433566603834435,
0.427019539581234));
#2297=CARTESIAN_POINT('Ctrl Pts',(0.0935453063695967,0.0457961266613915,
0.427153075089038));
#2298=CARTESIAN_POINT('Ctrl Pts',(0.0921339252613048,0.0481796458931641,
0.42728669506675));
#2299=CARTESIAN_POINT('Ctrl Pts',(0.0879985810608333,0.0551633531100985,
0.427678201369795));
#2300=CARTESIAN_POINT('Ctrl Pts',(0.0830974185110444,0.0616709600333968,
0.428070515448362));
#2301=CARTESIAN_POINT('Ctrl Pts',(0.0775221495053079,0.0675528262922129,
0.428466450010853));
#2302=CARTESIAN_POINT('Ctrl Pts',(0.0755175929566096,0.0696676181552686,
0.428608806051302));
#2303=CARTESIAN_POINT('Ctrl Pts',(0.0734240118507859,0.0717025427048017,
0.428751732065132));
#2304=CARTESIAN_POINT('Ctrl Pts',(0.0712496744821865,0.0736448669405797,
0.428895034934342));
#2305=CARTESIAN_POINT('Ctrl Pts',(0.0653583896978498,0.0789075209250707,
0.429283308633319));
#2306=CARTESIAN_POINT('Ctrl Pts',(0.0589192691975951,0.0834568377042175,
0.429671581353675));
#2307=CARTESIAN_POINT('Ctrl Pts',(0.0520145459931985,0.0871486820399229,
0.430062606637396));
#2308=CARTESIAN_POINT('Ctrl Pts',(0.0510282674890343,0.0876760292776381,
0.430118461133008));
#2309=CARTESIAN_POINT('Ctrl Pts',(0.0500324467887684,0.0881858047715416,
0.430174371790794));
#2310=CARTESIAN_POINT('Ctrl Pts',(0.0490272860058783,0.0886775064181488,
0.430230346635876));
#2311=CARTESIAN_POINT('Ctrl Pts',(0.0456006279639724,0.0903537490951865,
0.430421168498714));
#2312=CARTESIAN_POINT('Ctrl Pts',(0.042065434058653,0.0918201487221822,
0.430612736328421));
#2313=CARTESIAN_POINT('Ctrl Pts',(0.0384412073334514,0.0930762467715728,
0.430805368073861));
#2314=CARTESIAN_POINT('Ctrl Pts',(0.0359097983644458,0.0939535919569795,
0.43093991532079));
#2315=CARTESIAN_POINT('Ctrl Pts',(0.0333440688973862,0.0947250979338019,
0.431074497843833));
#2316=CARTESIAN_POINT('Ctrl Pts',(0.0307524531853975,0.0953918870533322,
0.431209162874674));
#2317=CARTESIAN_POINT('Ctrl Pts',(0.0244477066768102,0.0970140165819793,
0.431536768884738));
#2318=CARTESIAN_POINT('Ctrl Pts',(0.0179873465427574,0.09801893382562,0.431864995119784));
#2319=CARTESIAN_POINT('Ctrl Pts',(0.0114706288103544,0.0984118728705565,
0.432195495243713));
#2320=CARTESIAN_POINT('Ctrl Pts',(0.00801980633987766,0.0986199473862061,
0.432370506238662));
#2321=CARTESIAN_POINT('Ctrl Pts',(0.00455313034120191,0.0986560122701544,
0.432546154845862));
#2322=CARTESIAN_POINT('Ctrl Pts',(0.00108573110191253,0.0985181489996816,
0.43272268660877));
#2323=CARTESIAN_POINT('Ctrl Pts',(-0.00180723824941978,0.0984031249748641,
0.432869973074615));
#2324=CARTESIAN_POINT('Ctrl Pts',(-0.00469364619680449,0.0981670589029731,
0.433017518024642));
#2325=CARTESIAN_POINT('Ctrl Pts',(-0.00755696461403059,0.0978112096768907,
0.433165066916295));
#2326=CARTESIAN_POINT('Ctrl Pts',(-0.0141307392462518,0.0969942301187521,
0.433503818329734));
#2327=CARTESIAN_POINT('Ctrl Pts',(-0.0205965816468175,0.0955471933815342,
0.433843254586588));
#2328=CARTESIAN_POINT('Ctrl Pts',(-0.0268471927340481,0.0934629958590517,
0.434185207410692));
#2329=CARTESIAN_POINT('Ctrl Pts',(-0.0300006725027089,0.0924115027123306,
0.434357725152974));
#2330=CARTESIAN_POINT('Ctrl Pts',(-0.0330992336039896,0.0911974209052414,
0.434530883431461));
#2331=CARTESIAN_POINT('Ctrl Pts',(-0.0361276244122011,0.0898173640674746,
0.434704917459906));
#2332=CARTESIAN_POINT('Ctrl Pts',(-0.0386083054102793,0.0886869020529838,
0.434847475978513));
#2333=CARTESIAN_POINT('Ctrl Pts',(-0.0410344530314296,0.0874482609008132,
0.434990200909979));
#2334=CARTESIAN_POINT('Ctrl Pts',(-0.0433942263439263,0.0861033532657428,
0.43513297373644));
#2335=CARTESIAN_POINT('Ctrl Pts',(-0.0438637651213349,0.0858357486261979,
0.435161382133987));
#2336=CARTESIAN_POINT('Ctrl Pts',(-0.0443307312985528,0.0855639087328068,
0.435189795662784));
#2337=CARTESIAN_POINT('Ctrl Pts',(-0.0447950648801655,0.0852878289975022,
0.435218215405159));
#2338=CARTESIAN_POINT('Ctrl Pts',(-0.0513348779984055,0.0813994393868385,
0.435618487561554));
#2339=CARTESIAN_POINT('Ctrl Pts',(-0.0573555607110735,0.0766732254171316,
0.436019992289804));
#2340=CARTESIAN_POINT('Ctrl Pts',(-0.0627700473103226,0.0712632790738486,
0.436425753473276));
#2341=CARTESIAN_POINT('Ctrl Pts',(-0.0639868766400028,0.0700474701025204,
0.436516942563847));
#2342=CARTESIAN_POINT('Ctrl Pts',(-0.0651729288624381,0.0687969942640443,
0.436608346631836));
#2343=CARTESIAN_POINT('Ctrl Pts',(-0.0663269138189837,0.067513408080864,
0.4367));
#2344=CARTESIAN_POINT('Origin',(0.,0.,0.455));
#2345=CARTESIAN_POINT('Ctrl Pts',(-0.105824780848947,-9.25721249183438E-5,
0.425546410161514));
#2346=CARTESIAN_POINT('Ctrl Pts',(-0.106494113526823,0.00386471229176737,
0.42484271226108));
#2347=CARTESIAN_POINT('Ctrl Pts',(-0.106938823268878,0.00787946789375325,
0.42414348657397));
#2348=CARTESIAN_POINT('Ctrl Pts',(-0.107161883072712,0.0119005563492379,
0.423452580866753));
#2349=CARTESIAN_POINT('Ctrl Pts',(-0.107622488250568,0.0202038639437804,
0.422025901829633));
#2350=CARTESIAN_POINT('Ctrl Pts',(-0.107146822071243,0.0285526116264437,
0.42063098663944));
#2351=CARTESIAN_POINT('Ctrl Pts',(-0.105785419046907,0.036775448005818,
0.419256176962779));
#2352=CARTESIAN_POINT('Ctrl Pts',(-0.105119379886878,0.0407983059966399,
0.418583578866642));
#2353=CARTESIAN_POINT('Ctrl Pts',(-0.104240638607613,0.04479148642488,0.417915792944004));
#2354=CARTESIAN_POINT('Ctrl Pts',(-0.103150856759865,0.0487363151145552,
0.417251454059771));
#2355=CARTESIAN_POINT('Ctrl Pts',(-0.102398934997228,0.051458146596489,
0.416793077123275));
#2356=CARTESIAN_POINT('Ctrl Pts',(-0.10154920402333,0.0541470213558072,
0.41633801098319));
#2357=CARTESIAN_POINT('Ctrl Pts',(-0.100603968491515,0.0567964998023837,
0.415885932610276));
#2358=CARTESIAN_POINT('Ctrl Pts',(-0.0977035894233258,0.0649262109372529,
0.414498766548648));
#2359=CARTESIAN_POINT('Ctrl Pts',(-0.0939073980775311,0.072685496648955,
0.413139595971864));
#2360=CARTESIAN_POINT('Ctrl Pts',(-0.0892484212566525,0.079904165103697,
0.411797843881875));
#2361=CARTESIAN_POINT('Ctrl Pts',(-0.0871564457804246,0.0831454942536224,
0.411195369867654));
#2362=CARTESIAN_POINT('Ctrl Pts',(-0.0848898657539347,0.0862778834754745,
0.410596407756354));
#2363=CARTESIAN_POINT('Ctrl Pts',(-0.0824614147763962,0.0892969713252579,
0.41));
#2364=CARTESIAN_POINT('Ctrl Pts',(-0.117639161097907,0.0299831248568374,
0.064584747812637));
#2365=CARTESIAN_POINT('Ctrl Pts',(-0.127520337794686,-0.00878579408738483,
0.0672072865279406));
#2366=CARTESIAN_POINT('Ctrl Pts',(-0.10582796782816,-0.0962021292597594,
0.0724523639585478));
#2367=CARTESIAN_POINT('Ctrl Pts',(0.0224128696236615,-0.141383357478374,
0.0803199801044586));
#2368=CARTESIAN_POINT('Ctrl Pts',(0.130302359904501,-0.0589615758337454,
0.0881875962503695));
#2369=CARTESIAN_POINT('Ctrl Pts',(0.12095072128512,0.0763985757764092,0.0960552123962803));
#2370=CARTESIAN_POINT('Ctrl Pts',(0.00265167171123209,0.14304701248326,
0.103922828542191));
#2371=CARTESIAN_POINT('Ctrl Pts',(-0.118012688493891,0.0808549551882358,
0.111790444688102));
#2372=CARTESIAN_POINT('Ctrl Pts',(-0.132429551505183,-0.0541181921118119,
0.119658060834013));
#2373=CARTESIAN_POINT('Ctrl Pts',(-0.0276003281809217,-0.140374044731744,
0.127525676979924));
#2374=CARTESIAN_POINT('Ctrl Pts',(0.102077204903987,-0.100230893244458,
0.135393293125834));
#2375=CARTESIAN_POINT('Ctrl Pts',(0.139845665175673,0.0301575765615095,
0.143260909271745));
#2376=CARTESIAN_POINT('Ctrl Pts',(0.0516957140170459,0.133393588124707,
0.151128525417656));
#2377=CARTESIAN_POINT('Ctrl Pts',(-0.0830008128862088,0.116520709742677,
0.158996141563567));
#2378=CARTESIAN_POINT('Ctrl Pts',(-0.142963323540337,-0.00526743966344736,
0.166863757709477));
#2379=CARTESIAN_POINT('Ctrl Pts',(-0.0742009989073732,-0.122312982807313,
0.174731373855389));
#2380=CARTESIAN_POINT('Ctrl Pts',(0.0613721233041761,-0.129227342018509,
0.182598990001299));
#2381=CARTESIAN_POINT('Ctrl Pts',(0.141685586232093,-0.0197849731587231,
0.19046660614721));
#2382=CARTESIAN_POINT('Ctrl Pts',(0.0944247957111557,0.107471890647322,
0.198334222293121));
#2383=CARTESIAN_POINT('Ctrl Pts',(-0.037856428600415,0.137960642592226,
0.206201838439032));
#2384=CARTESIAN_POINT('Ctrl Pts',(-0.136051586227007,0.0442291193870502,
0.214069454584943));
#2385=CARTESIAN_POINT('Ctrl Pts',(-0.111745379674448,-0.0893264741554337,
0.221937070730853));
#2386=CARTESIAN_POINT('Ctrl Pts',(0.0131767873409361,-0.142452170943083,
0.229804686876764));
#2387=CARTESIAN_POINT('Ctrl Pts',(0.126234525930495,-0.0673133964242879,
0.237672303022675));
#2388=CARTESIAN_POINT('Ctrl Pts',(0.12563022051627,0.0684346149359738,0.245539919168586));
#2389=CARTESIAN_POINT('Ctrl Pts',(0.0119079904768979,0.142563840366684,
0.253407535314497));
#2390=CARTESIAN_POINT('Ctrl Pts',(-0.112536239227298,0.0883280459138968,
0.261275151460408));
#2391=CARTESIAN_POINT('Ctrl Pts',(-0.135652414273295,-0.0454386545696772,
0.269142767606319));
#2392=CARTESIAN_POINT('Ctrl Pts',(-0.0366266434480185,-0.13829221895726,
0.277010383752229));
#2393=CARTESIAN_POINT('Ctrl Pts',(0.0953778953992381,-0.106626947281198,
0.284877999898141));
#2394=CARTESIAN_POINT('Ctrl Pts',(0.141503817205285,0.0210456300626757,
0.29274561604405));
#2395=CARTESIAN_POINT('Ctrl Pts',(0.0602191677868682,0.129768643000253,
0.300613232189962));
#2396=CARTESIAN_POINT('Ctrl Pts',(-0.0752870475329724,0.121647479237317,
0.308480848335872));
#2397=CARTESIAN_POINT('Ctrl Pts',(-0.143004521239314,0.0039944672664215,
0.316348464481783));
#2398=CARTESIAN_POINT('Ctrl Pts',(-0.0819601838295122,-0.117255180624445,
0.324216080627694));
#2399=CARTESIAN_POINT('Ctrl Pts',(0.0528814117966377,-0.132927816416402,
0.332083696773605));
#2400=CARTESIAN_POINT('Ctrl Pts',(0.140108385958033,-0.0289117538146411,
0.339951312919516));
#2401=CARTESIAN_POINT('Ctrl Pts',(0.101181237928694,0.101136578941747,0.347818929065426));
#2402=CARTESIAN_POINT('Ctrl Pts',(-0.0288498737283522,0.140121119856679,
0.355686545211338));
#2403=CARTESIAN_POINT('Ctrl Pts',(-0.132904459700159,0.0529401416118524,
0.363554161357248));
#2404=CARTESIAN_POINT('Ctrl Pts',(-0.117291350138918,-0.0819084670891667,
0.371421777503159));
#2405=CARTESIAN_POINT('Ctrl Pts',(0.00393129863588624,-0.143006138433789,
0.37928939364907));
#2406=CARTESIAN_POINT('Ctrl Pts',(0.121614258992065,-0.0753410128039634,
0.387157009794981));
#2407=CARTESIAN_POINT('Ctrl Pts',(0.129795151270896,0.0601623486830011,
0.395024625940892));
#2408=CARTESIAN_POINT('Ctrl Pts',(0.0211082497178456,0.141493567046144,
0.402892242086802));
#2409=CARTESIAN_POINT('Ctrl Pts',(-0.10658508090489,0.0954267838635582,
0.410759858232713));
#2410=CARTESIAN_POINT('Ctrl Pts',(-0.138307876825762,-0.0365690584683961,
0.418627474378624));
#2411=CARTESIAN_POINT('Ctrl Pts',(-0.0454995178606581,-0.135625632896202,
0.426495090524535));
#2412=CARTESIAN_POINT('Ctrl Pts',(0.0882802001293106,-0.112588122856627,
0.434362706670446));
#2413=CARTESIAN_POINT('Ctrl Pts',(0.142565515933118,0.0118698368471754,
0.442230322816356));
#2414=CARTESIAN_POINT('Ctrl Pts',(0.0684969319463602,0.12555215145674,0.450097938962268));
#2415=CARTESIAN_POINT('Ctrl Pts',(-0.0672706762399497,0.126357613996327,
0.457965555108178));
#2416=CARTESIAN_POINT('Ctrl Pts',(-0.142422538320181,0.0130471846459755,
0.46583317125409));
#2417=CARTESIAN_POINT('Ctrl Pts',(-0.107083456147795,-0.0697979953040192,
0.471078248684696));
#2418=CARTESIAN_POINT('Ctrl Pts',(-0.0758437068898171,-0.0947928906891835,
0.4737007874));
#2419=CARTESIAN_POINT('Ctrl Pts',(-0.109014873340317,0.0277850209752403,
0.0697231652084246));
#2420=CARTESIAN_POINT('Ctrl Pts',(-0.118171647462126,-0.00814169550931489,
0.0723457039237282));
#2421=CARTESIAN_POINT('Ctrl Pts',(-0.0980695747995717,-0.0891494196188053,
0.0775907813543354));
#2422=CARTESIAN_POINT('Ctrl Pts',(0.020769751504629,-0.13101835021678,0.0854583975002463));
#2423=CARTESIAN_POINT('Ctrl Pts',(0.120749715726988,-0.0546390220864606,
0.0933260136461571));
#2424=CARTESIAN_POINT('Ctrl Pts',(0.112083658522043,0.0707976917203136,
0.101193629792068));
#2425=CARTESIAN_POINT('Ctrl Pts',(0.00245727403223701,0.132560040398408,
0.109061245937979));
#2426=CARTESIAN_POINT('Ctrl Pts',(-0.109361016932148,0.0749273678638921,
0.11692886208389));
#2427=CARTESIAN_POINT('Ctrl Pts',(-0.122720960002744,-0.0501507134479315,
0.1247964782298));
#2428=CARTESIAN_POINT('Ctrl Pts',(-0.0255769103818258,-0.13008303156772,
0.132664094375711));
#2429=CARTESIAN_POINT('Ctrl Pts',(0.0945937854340908,-0.0928828294069322,
0.140531710521622));
#2430=CARTESIAN_POINT('Ctrl Pts',(0.1295933882394,0.0279466833869017,0.148399326667533));
#2431=CARTESIAN_POINT('Ctrl Pts',(0.0479058305347416,0.123614321779485,
0.156266942813444));
#2432=CARTESIAN_POINT('Ctrl Pts',(-0.0769159097998232,0.107978417183288,
0.164134558959355));
#2433=CARTESIAN_POINT('Ctrl Pts',(-0.132482486806326,-0.00488127645912573,
0.172002175105265));
#2434=CARTESIAN_POINT('Ctrl Pts',(-0.0687612222164699,-0.113346050789314,
0.179869791251176));
#2435=CARTESIAN_POINT('Ctrl Pts',(0.0568728490256988,-0.119753508872177,
0.187737407397087));
#2436=CARTESIAN_POINT('Ctrl Pts',(0.131298422167302,-0.0183345097228691,
0.195605023542998));
#2437=CARTESIAN_POINT('Ctrl Pts',(0.0875023848229405,0.0995929793889932,
0.203472639688909));
#2438=CARTESIAN_POINT('Ctrl Pts',(-0.0350811220555743,0.127846559239089,
0.21134025583482));
#2439=CARTESIAN_POINT('Ctrl Pts',(-0.126077458406411,0.0409866221667472,
0.21920787198073));
#2440=CARTESIAN_POINT('Ctrl Pts',(-0.103553173092054,-0.0827778281918149,
0.227075488126641));
#2441=CARTESIAN_POINT('Ctrl Pts',(0.0122107790432895,-0.132008807504916,
0.234943104272552));
#2442=CARTESIAN_POINT('Ctrl Pts',(0.116980100223894,-0.0623785592893934,
0.242810720418463));
#2443=CARTESIAN_POINT('Ctrl Pts',(0.116420097265901,0.0634175797388558,
0.250678336564374));
#2444=CARTESIAN_POINT('Ctrl Pts',(0.0110349994122816,0.132112290290379,
0.258545952710284));
#2445=CARTESIAN_POINT('Ctrl Pts',(-0.10428605364968,0.0818525960898959,
0.266413568856195));
#2446=CARTESIAN_POINT('Ctrl Pts',(-0.125707550294446,-0.0421074846712416,
0.274281185002106));
#2447=CARTESIAN_POINT('Ctrl Pts',(-0.0339414941342837,-0.128153827287412,
0.282148801148017));
#2448=CARTESIAN_POINT('Ctrl Pts',(0.0883856114696402,-0.0988099799763982,
0.290016417293928));
#2449=CARTESIAN_POINT('Ctrl Pts',(0.131129978876396,0.019502746145396,0.297884033439838));
#2450=CARTESIAN_POINT('Ctrl Pts',(0.0558044182538933,0.120255126338785,
0.30575164958575));
#2451=CARTESIAN_POINT('Ctrl Pts',(-0.0697676511322853,0.112729336196031,
0.31361926573166));
#2452=CARTESIAN_POINT('Ctrl Pts',(-0.132520664245657,0.00370162740916284,
0.321486881877571));
#2453=CARTESIAN_POINT('Ctrl Pts',(-0.0759515706822085,-0.108659043000412,
0.329354498023482));
#2454=CARTESIAN_POINT('Ctrl Pts',(0.0490046031888122,-0.123182696432003,
0.337222114169393));
#2455=CARTESIAN_POINT('Ctrl Pts',(0.129836848601966,-0.0267921936091193,
0.345089730315304));
#2456=CARTESIAN_POINT('Ctrl Pts',(0.0937635030228831,0.0937221180473358,
0.352957346461214));
#2457=CARTESIAN_POINT('Ctrl Pts',(-0.0267348500365706,0.12984864896109,
0.360824962607125));
#2458=CARTESIAN_POINT('Ctrl Pts',(-0.123161052028566,0.0490590274409666,
0.368692578753036));
#2459=CARTESIAN_POINT('Ctrl Pts',(-0.108692560878322,-0.0759036453668144,
0.376560194898947));
#2460=CARTESIAN_POINT('Ctrl Pts',(0.00364308975730842,-0.132522162881395,
0.384427811044858));
#2461=CARTESIAN_POINT('Ctrl Pts',(0.112698551372383,-0.0698176601354683,
0.392295427190768));
#2462=CARTESIAN_POINT('Ctrl Pts',(0.12027969125186,0.0557517646362247,0.40016304333668));
#2463=CARTESIAN_POINT('Ctrl Pts',(0.0195607750680198,0.131120480170438,
0.40803065948259));
#2464=CARTESIAN_POINT('Ctrl Pts',(-0.0987711828813853,0.0884309158537914,
0.415898275628501));
#2465=CARTESIAN_POINT('Ctrl Pts',(-0.128168337256163,-0.0338881307882587,
0.423765891774412));
#2466=CARTESIAN_POINT('Ctrl Pts',(-0.0421638859911369,-0.125682732296728,
0.431633507920322));
#2467=CARTESIAN_POINT('Ctrl Pts',(0.0818082579452017,-0.104334133619197,
0.439501124066234));
#2468=CARTESIAN_POINT('Ctrl Pts',(0.132113843018746,0.0109996428773252,
0.447368740212144));
#2469=CARTESIAN_POINT('Ctrl Pts',(0.0634753282039991,0.116347751555875,
0.455236356358056));
#2470=CARTESIAN_POINT('Ctrl Pts',(-0.0623389709801843,0.117094164535312,
0.463103972503965));
#2471=CARTESIAN_POINT('Ctrl Pts',(-0.131981347290119,0.012090677699112,
0.470971588649877));
#2472=CARTESIAN_POINT('Ctrl Pts',(-0.0992330215537639,-0.0646810088278599,
0.476216666080484));
#2473=CARTESIAN_POINT('Ctrl Pts',(-0.070283501030514,-0.0878434942548037,
0.478839204795788));
#2474=CARTESIAN_POINT('Ctrl Pts',(-0.100390585582728,0.0255869170936432,
0.0748615826042123));
#2475=CARTESIAN_POINT('Ctrl Pts',(-0.108822957129567,-0.00749759693124503,
0.0774841213195159));
#2476=CARTESIAN_POINT('Ctrl Pts',(-0.0903111817709831,-0.0820967099778512,
0.0827291987501232));
#2477=CARTESIAN_POINT('Ctrl Pts',(0.0191266333855965,-0.120653342955186,
0.0905968148960339));
#2478=CARTESIAN_POINT('Ctrl Pts',(0.111197071549475,-0.0503164683391758,
0.0984644310419449));
#2479=CARTESIAN_POINT('Ctrl Pts',(0.103216595758966,0.065196807664218,0.106332047187855));
#2480=CARTESIAN_POINT('Ctrl Pts',(0.00226287635324187,0.122073068313556,
0.114199663333767));
#2481=CARTESIAN_POINT('Ctrl Pts',(-0.100709345370405,0.0689997805395483,
0.122067279479677));
#2482=CARTESIAN_POINT('Ctrl Pts',(-0.113012368500305,-0.046183234784051,
0.129934895625588));
#2483=CARTESIAN_POINT('Ctrl Pts',(-0.0235534925827298,-0.119792018403696,
0.137802511771499));
#2484=CARTESIAN_POINT('Ctrl Pts',(0.0871103659641939,-0.0855347655694056,
0.14567012791741));
#2485=CARTESIAN_POINT('Ctrl Pts',(0.119341111303128,0.0257357902122937,
0.153537744063321));
#2486=CARTESIAN_POINT('Ctrl Pts',(0.0441159470524371,0.113835055434264,
0.161405360209231));
#2487=CARTESIAN_POINT('Ctrl Pts',(-0.0708310067134374,0.0994361246238984,
0.169272976355142));
#2488=CARTESIAN_POINT('Ctrl Pts',(-0.122001650072314,-0.00449511325480406,
0.177140592501053));
#2489=CARTESIAN_POINT('Ctrl Pts',(-0.0633214455255666,-0.104379118771316,
0.185008208646964));
#2490=CARTESIAN_POINT('Ctrl Pts',(0.0523735747472216,-0.110279675725844,
0.192875824792875));
#2491=CARTESIAN_POINT('Ctrl Pts',(0.120911258102511,-0.0168840462870151,
0.200743440938786));
#2492=CARTESIAN_POINT('Ctrl Pts',(0.0805799739347253,0.0917140681306642,
0.208611057084696));
#2493=CARTESIAN_POINT('Ctrl Pts',(-0.0323058155107336,0.117732475885952,
0.216478673230607));
#2494=CARTESIAN_POINT('Ctrl Pts',(-0.116103330585815,0.0377441249464442,
0.224346289376518));
#2495=CARTESIAN_POINT('Ctrl Pts',(-0.0953609665096603,-0.076229182228196,
0.232213905522429));
#2496=CARTESIAN_POINT('Ctrl Pts',(0.0112447707456429,-0.121565444066749,
0.240081521668339));
#2497=CARTESIAN_POINT('Ctrl Pts',(0.107725674517293,-0.0574437221544988,
0.247949137814251));
#2498=CARTESIAN_POINT('Ctrl Pts',(0.107209974015531,0.0584005445417377,
0.255816753960161));
#2499=CARTESIAN_POINT('Ctrl Pts',(0.0101620083476652,0.121660740214073,
0.263684370106072));
#2500=CARTESIAN_POINT('Ctrl Pts',(-0.0960358680720607,0.075377146265895,
0.271551986251983));
#2501=CARTESIAN_POINT('Ctrl Pts',(-0.115762686315596,-0.038776314772806,
0.279419602397894));
#2502=CARTESIAN_POINT('Ctrl Pts',(-0.0312563448205489,-0.118015435617563,
0.287287218543805));
#2503=CARTESIAN_POINT('Ctrl Pts',(0.0813933275400423,-0.0909930126715985,
0.295154834689715));
#2504=CARTESIAN_POINT('Ctrl Pts',(0.120756140547508,0.0179598622281161,
0.303022450835626));
#2505=CARTESIAN_POINT('Ctrl Pts',(0.0513896687209183,0.110741609677317,
0.310890066981537));
#2506=CARTESIAN_POINT('Ctrl Pts',(-0.0642482547315982,0.103811193154745,
0.318757683127448));
#2507=CARTESIAN_POINT('Ctrl Pts',(-0.122036807252001,0.00340878755190433,
0.326625299273359));
#2508=CARTESIAN_POINT('Ctrl Pts',(-0.0699429575349045,-0.10006290537638,
0.334492915419269));
#2509=CARTESIAN_POINT('Ctrl Pts',(0.0451277945809865,-0.113437576447605,
0.342360531565181));
#2510=CARTESIAN_POINT('Ctrl Pts',(0.1195653112459,-0.0246726334035975,0.350228147711091));
#2511=CARTESIAN_POINT('Ctrl Pts',(0.0863457681170726,0.0863076571529246,
0.358095763857002));
#2512=CARTESIAN_POINT('Ctrl Pts',(-0.0246198263447889,0.119576178065502,
0.365963380002913));
#2513=CARTESIAN_POINT('Ctrl Pts',(-0.113417644356973,0.0451779132700809,
0.373830996148824));
#2514=CARTESIAN_POINT('Ctrl Pts',(-0.100093771617725,-0.0698988236444624,
0.381698612294735));
#2515=CARTESIAN_POINT('Ctrl Pts',(0.00335488087873058,-0.122038187329,0.389566228440646));
#2516=CARTESIAN_POINT('Ctrl Pts',(0.103782843752702,-0.0642943074669732,
0.397433844586556));
#2517=CARTESIAN_POINT('Ctrl Pts',(0.110764231232823,0.0513411805894481,
0.405301460732467));
#2518=CARTESIAN_POINT('Ctrl Pts',(0.0180133004181938,0.120747393294733,
0.413169076878378));
#2519=CARTESIAN_POINT('Ctrl Pts',(-0.0909572848578804,0.0814350478440245,
0.421036693024289));
#2520=CARTESIAN_POINT('Ctrl Pts',(-0.118028797686564,-0.0312072031081213,
0.4289043091702));
#2521=CARTESIAN_POINT('Ctrl Pts',(-0.0388282541216155,-0.115739831697253,
0.43677192531611));
#2522=CARTESIAN_POINT('Ctrl Pts',(0.0753363157610928,-0.0960801443817668,
0.444639541462021));
#2523=CARTESIAN_POINT('Ctrl Pts',(0.121662170104374,0.0101294489074749,
0.452507157607932));
#2524=CARTESIAN_POINT('Ctrl Pts',(0.058453724461638,0.107143351655011,0.460374773753843));
#2525=CARTESIAN_POINT('Ctrl Pts',(-0.057407265720419,0.107830715074296,
0.468242389899754));
#2526=CARTESIAN_POINT('Ctrl Pts',(-0.121540156260056,0.0111341707522486,
0.476110006045665));
#2527=CARTESIAN_POINT('Ctrl Pts',(-0.0913825869597326,-0.0595640223517005,
0.481355083476272));
#2528=CARTESIAN_POINT('Ctrl Pts',(-0.0647232951712109,-0.0808940978204239,
0.483977622191575));
#2529=CARTESIAN_POINT('Ctrl Pts',(-0.0917662978251385,0.0233888132120461,
0.08));
#2530=CARTESIAN_POINT('Ctrl Pts',(-0.0994742667970075,-0.00685349835317507,
0.0826225387153036));
#2531=CARTESIAN_POINT('Ctrl Pts',(-0.0825527887423945,-0.0750440003368972,
0.0878676161459108));
#2532=CARTESIAN_POINT('Ctrl Pts',(0.017483515266564,-0.110288335693592,
0.0957352322918217));
#2533=CARTESIAN_POINT('Ctrl Pts',(0.101644427371963,-0.0459939145918911,
0.103602848437732));
#2534=CARTESIAN_POINT('Ctrl Pts',(0.0943495329958883,0.0595959236081224,
0.111470464583643));
#2535=CARTESIAN_POINT('Ctrl Pts',(0.00206847867424673,0.111586096228704,
0.119338080729554));
#2536=CARTESIAN_POINT('Ctrl Pts',(-0.0920576738086616,0.0630721932152046,
0.127205696875465));
#2537=CARTESIAN_POINT('Ctrl Pts',(-0.103303776997865,-0.0422157561201706,
0.135073313021376));
#2538=CARTESIAN_POINT('Ctrl Pts',(-0.021530074783634,-0.109501005239672,
0.142940929167287));
#2539=CARTESIAN_POINT('Ctrl Pts',(0.0796269464942973,-0.0781867017318792,
0.150808545313197));
#2540=CARTESIAN_POINT('Ctrl Pts',(0.109088834366855,0.0235248970376859,
0.158676161459108));
#2541=CARTESIAN_POINT('Ctrl Pts',(0.0403260635701329,0.104055789089043,
0.166543777605019));
#2542=CARTESIAN_POINT('Ctrl Pts',(-0.0647461036270517,0.0908938320645092,
0.17441139375093));
#2543=CARTESIAN_POINT('Ctrl Pts',(-0.111520813338303,-0.00410895005048249,
0.182279009896841));
#2544=CARTESIAN_POINT('Ctrl Pts',(-0.0578816688346634,-0.0954121867533167,
0.190146626042751));
#2545=CARTESIAN_POINT('Ctrl Pts',(0.0478743004687445,-0.100805842579512,
0.198014242188662));
#2546=CARTESIAN_POINT('Ctrl Pts',(0.11052409403772,-0.0154335828511611,
0.205881858334573));
#2547=CARTESIAN_POINT('Ctrl Pts',(0.0736575630465102,0.0838351568723352,
0.213749474480484));
#2548=CARTESIAN_POINT('Ctrl Pts',(-0.0295305089658931,0.107618392532815,
0.221617090626395));
#2549=CARTESIAN_POINT('Ctrl Pts',(-0.106129202765219,0.0345016277261412,
0.229484706772306));
#2550=CARTESIAN_POINT('Ctrl Pts',(-0.0871687599272665,-0.0696805362645772,
0.237352322918216));
#2551=CARTESIAN_POINT('Ctrl Pts',(0.0102787624479964,-0.111122080628583,
0.245219939064127));
#2552=CARTESIAN_POINT('Ctrl Pts',(0.0984712488106914,-0.0525088850196043,
0.253087555210038));
#2553=CARTESIAN_POINT('Ctrl Pts',(0.0979998507651621,0.0533835093446197,
0.260955171355949));
#2554=CARTESIAN_POINT('Ctrl Pts',(0.00928901728304877,0.111209190137768,
0.26882278750186));
#2555=CARTESIAN_POINT('Ctrl Pts',(-0.0877856824944419,0.0689016964418941,
0.276690403647771));
#2556=CARTESIAN_POINT('Ctrl Pts',(-0.105817822336747,-0.0354451448743704,
0.284558019793681));
#2557=CARTESIAN_POINT('Ctrl Pts',(-0.0285711955068141,-0.107877043947715,
0.292425635939592));
#2558=CARTESIAN_POINT('Ctrl Pts',(0.0744010436104443,-0.0831760453667988,
0.300293252085503));
#2559=CARTESIAN_POINT('Ctrl Pts',(0.11038230221862,0.0164169783108363,0.308160868231414));
#2560=CARTESIAN_POINT('Ctrl Pts',(0.0469749191879432,0.101228093015849,
0.316028484377325));
#2561=CARTESIAN_POINT('Ctrl Pts',(-0.058728858330911,0.0948930501134586,
0.323896100523235));
#2562=CARTESIAN_POINT('Ctrl Pts',(-0.111552950258345,0.00311594769464575,
0.331763716669146));
#2563=CARTESIAN_POINT('Ctrl Pts',(-0.0639343443876007,-0.0914667677523475,
0.339631332815058));
#2564=CARTESIAN_POINT('Ctrl Pts',(0.0412509859731608,-0.103692456463206,
0.347498948960968));
#2565=CARTESIAN_POINT('Ctrl Pts',(0.109293773889833,-0.0225530731980757,
0.355366565106879));
#2566=CARTESIAN_POINT('Ctrl Pts',(0.078928033211262,0.0788931962585135,
0.36323418125279));
#2567=CARTESIAN_POINT('Ctrl Pts',(-0.0225048026530072,0.109303707169913,
0.371101797398701));
#2568=CARTESIAN_POINT('Ctrl Pts',(-0.10367423668538,0.0412967990991953,
0.378969413544611));
#2569=CARTESIAN_POINT('Ctrl Pts',(-0.091494982357129,-0.0638940019221103,
0.386837029690522));
#2570=CARTESIAN_POINT('Ctrl Pts',(0.00306667200015272,-0.111554211776605,
0.394704645836433));
#2571=CARTESIAN_POINT('Ctrl Pts',(0.09486713613302,-0.0587709547984781,
0.402572261982343));
#2572=CARTESIAN_POINT('Ctrl Pts',(0.101248771213787,0.0469305965426716,
0.410439878128255));
#2573=CARTESIAN_POINT('Ctrl Pts',(0.016465825768368,0.110374306419027,0.418307494274165));
#2574=CARTESIAN_POINT('Ctrl Pts',(-0.0831433868343756,0.0744391798342576,
0.426175110420076));
#2575=CARTESIAN_POINT('Ctrl Pts',(-0.107889258116965,-0.0285262754279838,
0.434042726565987));
#2576=CARTESIAN_POINT('Ctrl Pts',(-0.0354926222520941,-0.105796931097779,
0.441910342711898));
#2577=CARTESIAN_POINT('Ctrl Pts',(0.0688643735769837,-0.0878261551443367,
0.449777958857809));
#2578=CARTESIAN_POINT('Ctrl Pts',(0.111210497190002,0.00925925493762468,
0.457645575003719));
#2579=CARTESIAN_POINT('Ctrl Pts',(0.0534321207192768,0.097938951754146,
0.465513191149631));
#2580=CARTESIAN_POINT('Ctrl Pts',(-0.0524755604606535,0.0985672656132798,
0.473380807295541));
#2581=CARTESIAN_POINT('Ctrl Pts',(-0.111098965229993,0.0101776638053851,
0.481248423441452));
#2582=CARTESIAN_POINT('Ctrl Pts',(-0.0835321523657013,-0.0544470358755413,
0.486493500872059));
#2583=CARTESIAN_POINT('Ctrl Pts',(-0.0591630893119078,-0.0739447013860441,
0.489116039587363));
#2584=CARTESIAN_POINT('',(-0.0917662978251384,0.0233888132120464,0.08));
#2585=CARTESIAN_POINT('Ctrl Pts',(-0.0917662978251385,0.0233888132120461,
0.08));
#2586=CARTESIAN_POINT('Ctrl Pts',(-0.0937119380524467,0.0157550697236086,
0.0806619794190648));
#2587=CARTESIAN_POINT('Ctrl Pts',(-0.0946273808159145,0.00787583423755087,
0.0813239588381297));
#2588=CARTESIAN_POINT('Ctrl Pts',(-0.0945725572595391,-7.22152535348196E-6,
0.0819859382571946));
#2589=CARTESIAN_POINT('Ctrl Pts',(0.0142036755597615,-0.120768419201417,
0.08));
#2590=CARTESIAN_POINT('Ctrl Pts',(0.00814386171647139,-0.120763830383387,
0.08));
#2591=CARTESIAN_POINT('Ctrl Pts',(0.00208729618758563,-0.120270086069066,
0.08));
#2592=CARTESIAN_POINT('Ctrl Pts',(-0.00391352371180113,-0.119311517968574,
0.0799999999999999));
#2593=CARTESIAN_POINT('Ctrl Pts',(-0.00881376606834917,-0.118528755598361,
0.0799999999999999));
#2594=CARTESIAN_POINT('Ctrl Pts',(-0.0136789537242959,-0.117434513746272,
0.0799999999999999));
#2595=CARTESIAN_POINT('Ctrl Pts',(-0.0184564436148078,-0.116045816486543,
0.0799999999999999));
#2596=CARTESIAN_POINT('Ctrl Pts',(-0.022223314359619,-0.114950881028602,
0.0799999999999999));
#2597=CARTESIAN_POINT('Ctrl Pts',(-0.0259387961009705,-0.113672509585874,
0.0799999999999999));
#2598=CARTESIAN_POINT('Ctrl Pts',(-0.0295875494956642,-0.112215888531287,
0.0799999999999999));
#2599=CARTESIAN_POINT('Ctrl Pts',(-0.0327178848946604,-0.110966225439031,
0.0799999999999999));
#2600=CARTESIAN_POINT('Ctrl Pts',(-0.0357995673387385,-0.109584678300632,
0.0799999999999999));
#2601=CARTESIAN_POINT('Ctrl Pts',(-0.0388085338991737,-0.108081742462847,
0.0799999999999999));
#2602=CARTESIAN_POINT('Ctrl Pts',(-0.0464385459041962,-0.104270660400368,
0.0799999999999999));
#2603=CARTESIAN_POINT('Ctrl Pts',(-0.053627322849944,-0.0996728051164795,
0.08));
#2604=CARTESIAN_POINT('Ctrl Pts',(-0.0602103343287752,-0.0943404402488835,
0.08));
#2605=CARTESIAN_POINT('Ctrl Pts',(-0.0628053981284461,-0.0922383890707816,
0.08));
#2606=CARTESIAN_POINT('Ctrl Pts',(-0.0653058742469691,-0.0900218556836176,
0.08));
#2607=CARTESIAN_POINT('Ctrl Pts',(-0.0676995890725628,-0.0876929505381022,
0.08));
#2608=CARTESIAN_POINT('Ctrl Pts',(-0.0696729793197107,-0.0857729897092041,
0.08));
#2609=CARTESIAN_POINT('Ctrl Pts',(-0.0715718397068463,-0.0837781547802311,
0.08));
#2610=CARTESIAN_POINT('Ctrl Pts',(-0.0733828025880623,-0.0817181318355614,
0.08));
#2611=CARTESIAN_POINT('Ctrl Pts',(-0.0758140842240321,-0.0789524782669532,
0.08));
#2612=CARTESIAN_POINT('Ctrl Pts',(-0.0780911117076621,-0.0760654938129685,
0.0799999999999999));
#2613=CARTESIAN_POINT('Ctrl Pts',(-0.0801991711601131,-0.0730612379437412,
0.0799999999999999));
#2614=CARTESIAN_POINT('Ctrl Pts',(-0.0833855192156435,-0.0685202821200813,
0.0799999999999999));
#2615=CARTESIAN_POINT('Ctrl Pts',(-0.0861863217271552,-0.0637113126498079,
0.0799999999999999));
#2616=CARTESIAN_POINT('Ctrl Pts',(-0.0885899909263666,-0.0586869138034926,
0.0799999999999999));
#2617=CARTESIAN_POINT('Ctrl Pts',(-0.0898297846487889,-0.0560953682818997,
0.0799999999999999));
#2618=CARTESIAN_POINT('Ctrl Pts',(-0.0909646345410039,-0.0534441053924979,
0.08));
#2619=CARTESIAN_POINT('Ctrl Pts',(-0.0919889307784206,-0.0507482362577252,
0.08));
#2620=CARTESIAN_POINT('Ctrl Pts',(-0.0948126484019253,-0.0433164280479064,
0.08));
#2621=CARTESIAN_POINT('Ctrl Pts',(-0.0967858594881124,-0.0355879263653839,
0.08));
#2622=CARTESIAN_POINT('Ctrl Pts',(-0.097880087347115,-0.0277226023944001,
0.08));
#2623=CARTESIAN_POINT('Ctrl Pts',(-0.0984611509165853,-0.0235459099587071,
0.08));
#2624=CARTESIAN_POINT('Ctrl Pts',(-0.0987934828172013,-0.0193306051646302,
0.08));
#2625=CARTESIAN_POINT('Ctrl Pts',(-0.0988670351102863,-0.0151023240978106,
0.08));
#2626=CARTESIAN_POINT('Ctrl Pts',(-0.0989126715016505,-0.0124788370320806,
0.08));
#2627=CARTESIAN_POINT('Ctrl Pts',(-0.0988582916716563,-0.00985254555611792,
0.08));
#2628=CARTESIAN_POINT('Ctrl Pts',(-0.0987026982615482,-0.00724064053354662,
0.08));
#2629=CARTESIAN_POINT('Ctrl Pts',(-0.0982640071358633,0.000123550236088655,
0.08));
#2630=CARTESIAN_POINT('Ctrl Pts',(-0.0970246381254753,0.00740054678482264,
0.08));
#2631=CARTESIAN_POINT('Ctrl Pts',(-0.0949359060493221,0.0144481104393304,
0.08));
#2632=CARTESIAN_POINT('Ctrl Pts',(-0.0940386882337319,0.0174754013683688,
0.08));
#2633=CARTESIAN_POINT('Ctrl Pts',(-0.0929842166344266,0.0204600396904297,
0.08));
#2634=CARTESIAN_POINT('Ctrl Pts',(-0.0917662978251386,0.0233888132120458,
0.08));
#2635=CARTESIAN_POINT('Origin',(0.,0.,-0.0430140617428053));
#2636=CARTESIAN_POINT('',(0.00609576323946214,0.0946605672456164,0.0799999999999999));
#2637=CARTESIAN_POINT('Ctrl Pts',(0.00609576323946213,0.0946605672456164,
0.08));
#2638=CARTESIAN_POINT('Ctrl Pts',(0.00483438223851872,0.0947471276640153,
0.0801066600348195));
#2639=CARTESIAN_POINT('Ctrl Pts',(-0.0274819973633112,0.0962650387932111,
0.0828358587849427));
#2640=CARTESIAN_POINT('Ctrl Pts',(-0.0795200409080571,0.0697669354909785,
0.087173879365878));
#2641=CARTESIAN_POINT('Ctrl Pts',(-0.0944810026845285,0.01913928121487,
0.0914052399119936));
#2642=CARTESIAN_POINT('Ctrl Pts',(-0.0945805899024437,-5.61221929117376E-5,
0.0930140617428056));
#2643=CARTESIAN_POINT('Origin',(0.,0.,0.08));
#2644=CARTESIAN_POINT('Ctrl Pts',(0.0860418976766115,-0.0395585874900447,
0.064584747812637));
#2645=CARTESIAN_POINT('Ctrl Pts',(0.0990787440603856,-0.0112027974138524,
0.0672072865279406));
#2646=CARTESIAN_POINT('Ctrl Pts',(0.094735344487034,0.0589216135114083,
0.0724523639585479));
#2647=CARTESIAN_POINT('Ctrl Pts',(0.00269798954216886,0.111632880399204,
0.0803199801044586));
#2648=CARTESIAN_POINT('Ctrl Pts',(-0.0916803897107002,0.0635748084082886,
0.0881875962503696));
#2649=CARTESIAN_POINT('Ctrl Pts',(-0.103552106147192,-0.0415988971632657,
0.0960552123962803));
#2650=CARTESIAN_POINT('Ctrl Pts',(-0.0221632548587727,-0.109382472030826,
0.103922828542191));
#2651=CARTESIAN_POINT('Ctrl Pts',(0.0791701466719203,-0.0786435721682816,
0.111790444688102));
#2652=CARTESIAN_POINT('Ctrl Pts',(0.109224334538893,0.0228885837693689,
0.119658060834013));
#2653=CARTESIAN_POINT('Ctrl Pts',(0.0409294601024793,0.103820980428278,
0.127525676979924));
#2654=CARTESIAN_POINT('Ctrl Pts',(-0.0642168643779672,0.0912677874952548,
0.135393293125834));
#2655=CARTESIAN_POINT('Ctrl Pts',(-0.111542908528791,-0.00346077725235499,
0.143260909271745));
#2656=CARTESIAN_POINT('Ctrl Pts',(-0.0584348669598154,-0.0950745388411142,
0.151128525417656));
#2657=CARTESIAN_POINT('Ctrl Pts',(0.0472879259570793,-0.101082154175908,
0.158996141563567));
#2658=CARTESIAN_POINT('Ctrl Pts',(0.110432607999684,-0.0160753659719683,
0.166863757709478));
#2659=CARTESIAN_POINT('Ctrl Pts',(0.0741432925340136,0.0834059242142903,
0.174731373855389));
#2660=CARTESIAN_POINT('Ctrl Pts',(-0.0289048920182254,0.107788110885957,
0.182598990001299));
#2661=CARTESIAN_POINT('Ctrl Pts',(-0.105927019005556,0.0351175247535134,
0.19046660614721));
#2662=CARTESIAN_POINT('Ctrl Pts',(-0.0875720497291987,-0.0691730387735,
0.198334222293121));
#2663=CARTESIAN_POINT('Ctrl Pts',(0.00963311928930293,-0.111179923788454,
0.206201838439032));
#2664=CARTESIAN_POINT('Ctrl Pts',(0.098164593628807,-0.0530799926319031,
0.214069454584943));
#2665=CARTESIAN_POINT('Ctrl Pts',(0.0983082961094346,0.0528133678512349,
0.221937070730853));
#2666=CARTESIAN_POINT('Ctrl Pts',(0.0099348382872511,0.111153370690146,
0.229804686876765));
#2667=CARTESIAN_POINT('Ctrl Pts',(-0.0873839857542467,0.0694104599332554,
0.237672303022675));
#2668=CARTESIAN_POINT('Ctrl Pts',(-0.106021938987656,-0.0348298914676915,
0.245539919168586));
#2669=CARTESIAN_POINT('Ctrl Pts',(-0.0291973382197883,-0.107709276854478,
0.253407535314497));
#2670=CARTESIAN_POINT('Ctrl Pts',(0.0739166561443857,-0.0836068228936428,
0.261275151460408));
#2671=CARTESIAN_POINT('Ctrl Pts',(0.110475814262585,0.0157755300601772,
0.269142767606319));
#2672=CARTESIAN_POINT('Ctrl Pts',(0.0475621321953344,0.10095353619844,0.277010383752229));
#2673=CARTESIAN_POINT('Ctrl Pts',(-0.058176673252853,0.0952325971968949,
0.28487799989814));
#2674=CARTESIAN_POINT('Ctrl Pts',(-0.111532982483395,0.00376386831760602,
0.292745616044051));
#2675=CARTESIAN_POINT('Ctrl Pts',(-0.0644645732700307,-0.0910938620740021,
0.300613232189962));
#2676=CARTESIAN_POINT('Ctrl Pts',(0.0406479810847104,-0.103930334654094,
0.308480848335873));
#2677=CARTESIAN_POINT('Ctrl Pts',(0.109160939789648,-0.0231875426031069,
0.316348464481783));
#2678=CARTESIAN_POINT('Ctrl Pts',(0.0793849763075545,0.0784334023025949,
0.324216080627694));
#2679=CARTESIAN_POINT('Ctrl Pts',(-0.0218695196539108,0.109432611916903,
0.332083696773606));
#2680=CARTESIAN_POINT('Ctrl Pts',(-0.103432617293651,0.0418982919308006,
0.339951312919515));
#2681=CARTESIAN_POINT('Ctrl Pts',(-0.0918645963912893,-0.0633614222542599,
0.347818929065427));
#2682=CARTESIAN_POINT('Ctrl Pts',(0.0024186548807776,-0.111570245762552,
0.355686545211337));
#2683=CARTESIAN_POINT('Ctrl Pts',(0.0945241382488567,-0.0593208505513471,
0.363554161357249));
#2684=CARTESIAN_POINT('Ctrl Pts',(0.10151973440832,0.0463413619395113,0.371421777503159));
#2685=CARTESIAN_POINT('Ctrl Pts',(0.0171065713771707,0.110277445789618,
0.37928939364907));
#2686=CARTESIAN_POINT('Ctrl Pts',(-0.0827093994393102,0.0749196693589241,
0.387157009794981));
#2687=CARTESIAN_POINT('Ctrl Pts',(-0.108053541052343,-0.0278967684204143,
0.395024625940892));
#2688=CARTESIAN_POINT('Ctrl Pts',(-0.036105815871539,-0.105593488270195,
0.402892242086803));
#2689=CARTESIAN_POINT('Ctrl Pts',(0.0683516250056083,-0.0882160531902334,
0.410759858232713));
#2690=CARTESIAN_POINT('Ctrl Pts',(0.111265191700189,0.00859648988549765,
0.418627474378624));
#2691=CARTESIAN_POINT('Ctrl Pts',(0.0539948000344928,0.0976590248603591,
0.426495090524535));
#2692=CARTESIAN_POINT('Ctrl Pts',(-0.0518920210212132,0.0988076576376717,
0.434362706670446));
#2693=CARTESIAN_POINT('Ctrl Pts',(-0.111056406198444,0.0109536101357223,
0.442230322816357));
#2694=CARTESIAN_POINT('Ctrl Pts',(-0.0702225782505134,-0.086693942265345,
0.450097938962267));
#2695=CARTESIAN_POINT('Ctrl Pts',(0.0338345721874313,-0.106416168220277,
0.457965555108179));
#2696=CARTESIAN_POINT('Ctrl Pts',(0.107440395527699,-0.0300516795323731,
0.465833171254088));
#2697=CARTESIAN_POINT('Ctrl Pts',(0.0919834063106518,0.0384857526621054,
0.471078248684696));
#2698=CARTESIAN_POINT('Ctrl Pts',(0.0715312267663531,0.0620594360053374,
0.4737007874));
#2699=CARTESIAN_POINT('Ctrl Pts',(0.0941282006261556,-0.0432763428085392,
0.0697231652084247));
#2700=CARTESIAN_POINT('Ctrl Pts',(0.108390262773558,-0.0122556474347956,
0.0723457039237283));
#2701=CARTESIAN_POINT('Ctrl Pts',(0.103638666197009,0.0644591252352889,
0.0775907813543355));
#2702=CARTESIAN_POINT('Ctrl Pts',(0.00295154927738896,0.122124249306838,
0.0854583975002462));
#2703=CARTESIAN_POINT('Ctrl Pts',(-0.100296603738422,0.0695496320073783,
0.0933260136461572));
#2704=CARTESIAN_POINT('Ctrl Pts',(-0.113284035869578,-0.0455084028100769,
0.101193629792068));
#2705=CARTESIAN_POINT('Ctrl Pts',(-0.0242461795498299,-0.119662345326226,
0.109061245937979));
#2706=CARTESIAN_POINT('Ctrl Pts',(0.0866106356410867,-0.0860345731429144,
0.116928862083889));
#2707=CARTESIAN_POINT('Ctrl Pts',(0.119489345915832,0.0250396755914104,
0.124796478229801));
#2708=CARTESIAN_POINT('Ctrl Pts',(0.04477605138983,0.113578179222488,0.132664094375711));
#2709=CARTESIAN_POINT('Ctrl Pts',(-0.0702520290343967,0.0998452247572167,
0.140531710521622));
#2710=CARTESIAN_POINT('Ctrl Pts',(-0.122025821790736,-0.00378602453372682,
0.148399326667533));
#2711=CARTESIAN_POINT('Ctrl Pts',(-0.0639266337596294,-0.104009738373172,
0.156266942813444));
#2712=CARTESIAN_POINT('Ctrl Pts',(0.0517320921769099,-0.110581955360339,
0.164134558959354));
#2713=CARTESIAN_POINT('Ctrl Pts',(0.120811174115811,-0.017586144822555,
0.172002175105265));
#2714=CARTESIAN_POINT('Ctrl Pts',(0.0811113527616032,0.0912444957613564,
0.179869791251176));
#2715=CARTESIAN_POINT('Ctrl Pts',(-0.0316214024613316,0.117918144538386,
0.187737407397087));
#2716=CARTESIAN_POINT('Ctrl Pts',(-0.11588214539573,0.0384179045877933,
0.195605023542998));
#2717=CARTESIAN_POINT('Ctrl Pts',(-0.0958021578874869,-0.0756739896191613,
0.203472639688909));
#2718=CARTESIAN_POINT('Ctrl Pts',(0.0105384494020248,-0.121628723384201,
0.211340255834819));
#2719=CARTESIAN_POINT('Ctrl Pts',(0.107390199577026,-0.0580685030270877,
0.219207871980731));
#2720=CARTESIAN_POINT('Ctrl Pts',(0.107547407359424,0.0577768205848776,
0.227075488126641));
#2721=CARTESIAN_POINT('Ctrl Pts',(0.0108685242508896,0.121599674799357,
0.234943104272552));
#2722=CARTESIAN_POINT('Ctrl Pts',(-0.0955964194734944,0.0759337238551774,
0.242810720418462));
#2723=CARTESIAN_POINT('Ctrl Pts',(-0.115985986051967,-0.038103239240262,
0.250678336564374));
#2724=CARTESIAN_POINT('Ctrl Pts',(-0.0319413330472028,-0.117831901606377,
0.258545952710284));
#2725=CARTESIAN_POINT('Ctrl Pts',(0.0808634168591164,-0.0914642750980087,
0.266413568856196));
#2726=CARTESIAN_POINT('Ctrl Pts',(0.120858440946186,0.0172581300341533,
0.274281185002106));
#2727=CARTESIAN_POINT('Ctrl Pts',(0.0520320685896163,0.110441249737681,
0.282148801148017));
#2728=CARTESIAN_POINT('Ctrl Pts',(-0.0636441747518007,0.104182651210119,
0.290016417293928));
#2729=CARTESIAN_POINT('Ctrl Pts',(-0.122014962885741,0.00411760039814188,
0.297884033439838));
#2730=CARTESIAN_POINT('Ctrl Pts',(-0.0705230178540148,-0.0996549536522345,
0.30575164958575));
#2731=CARTESIAN_POINT('Ctrl Pts',(0.0444681186945718,-0.113697810666992,
0.31361926573166));
#2732=CARTESIAN_POINT('Ctrl Pts',(0.119419993265127,-0.0253667308730931,
0.321486881877572));
#2733=CARTESIAN_POINT('Ctrl Pts',(0.0868456551791199,0.0858046513046336,
0.329354498023481));
#2734=CARTESIAN_POINT('Ctrl Pts',(-0.0239248388188501,0.119717197408566,
0.337222114169394));
#2735=CARTESIAN_POINT('Ctrl Pts',(-0.113153317334976,0.0458359349950472,
0.345089730315303));
#2736=CARTESIAN_POINT('Ctrl Pts',(-0.100498122345698,-0.0693161916107845,
0.352957346461215));
#2737=CARTESIAN_POINT('Ctrl Pts',(0.00264596246724934,-0.122055728204861,
0.360824962607125));
#2738=CARTESIAN_POINT('Ctrl Pts',(0.103407610586922,-0.0648958829685279,
0.368692578753036));
#2739=CARTESIAN_POINT('Ctrl Pts',(0.111060659817339,0.0506965691334037,
0.376560194898947));
#2740=CARTESIAN_POINT('Ctrl Pts',(0.0187142639353214,0.120641429607227,
0.384427811044858));
#2741=CARTESIAN_POINT('Ctrl Pts',(-0.0904825108966475,0.081960694251157,
0.392295427190768));
#2742=CARTESIAN_POINT('Ctrl Pts',(-0.118208520095277,-0.0305185344071265,
0.40016304333668));
#2743=CARTESIAN_POINT('Ctrl Pts',(-0.0394990762860769,-0.115517269110793,
0.408030659482589));
#2744=CARTESIAN_POINT('Ctrl Pts',(0.074775378570021,-0.0965066854330329,
0.415898275628502));
#2745=CARTESIAN_POINT('Ctrl Pts',(0.121722004858919,0.00940439653788299,
0.423765891774411));
#2746=CARTESIAN_POINT('Ctrl Pts',(0.0590692849374182,0.106837116953888,
0.431633507920323));
#2747=CARTESIAN_POINT('Ctrl Pts',(-0.056768884665234,0.108093699379755,
0.439501124066233));
#2748=CARTESIAN_POINT('Ctrl Pts',(-0.121493597488477,0.0119830412889215,
0.447368740212145));
#2749=CARTESIAN_POINT('Ctrl Pts',(-0.0768221658580066,-0.0948415250125629,
0.455236356358055));
#2750=CARTESIAN_POINT('Ctrl Pts',(0.0370143788660807,-0.116417265339184,
0.463103972503966));
#2751=CARTESIAN_POINT('Ctrl Pts',(0.117537750545613,-0.0328759662043705,
0.470971588649876));
#2752=CARTESIAN_POINT('Ctrl Pts',(0.100628098139214,0.0421026818985648,
0.476216666080484));
#2753=CARTESIAN_POINT('Ctrl Pts',(0.0782538024603401,0.067891843401826,
0.478839204795788));
#2754=CARTESIAN_POINT('Ctrl Pts',(0.1022145035757,-0.0469940981270337,0.0748615826042123));
#2755=CARTESIAN_POINT('Ctrl Pts',(0.11770178148673,-0.0133084974557388,
0.0774841213195159));
#2756=CARTESIAN_POINT('Ctrl Pts',(0.112541987906984,0.0699966369591696,
0.0827291987501232));
#2757=CARTESIAN_POINT('Ctrl Pts',(0.00320510901260898,0.132615618214472,
0.0905968148960339));
#2758=CARTESIAN_POINT('Ctrl Pts',(-0.108912817766143,0.0755244556064681,
0.0984644310419449));
#2759=CARTESIAN_POINT('Ctrl Pts',(-0.123015965591965,-0.0494179084568882,
0.106332047187856));
#2760=CARTESIAN_POINT('Ctrl Pts',(-0.0263291042408872,-0.129942218621626,
0.114199663333766));
#2761=CARTESIAN_POINT('Ctrl Pts',(0.0940511246102532,-0.0934255741175472,
0.122067279479677));
#2762=CARTESIAN_POINT('Ctrl Pts',(0.129754357292771,0.027190767413452,0.129934895625588));
#2763=CARTESIAN_POINT('Ctrl Pts',(0.0486226426771806,0.123335378016698,
0.137802511771499));
#2764=CARTESIAN_POINT('Ctrl Pts',(-0.0762871936908261,0.108422662019179,
0.14567012791741));
#2765=CARTESIAN_POINT('Ctrl Pts',(-0.132508735052682,-0.00411127181509874,
0.15353774406332));
#2766=CARTESIAN_POINT('Ctrl Pts',(-0.0694184005594435,-0.11294493790523,
0.161405360209231));
#2767=CARTESIAN_POINT('Ctrl Pts',(0.0561762583967407,-0.12008175654477,
0.169272976355142));
#2768=CARTESIAN_POINT('Ctrl Pts',(0.131189740231937,-0.0190969236731417,
0.177140592501053));
#2769=CARTESIAN_POINT('Ctrl Pts',(0.0880794129891931,0.0990830673084225,
0.185008208646964));
#2770=CARTESIAN_POINT('Ctrl Pts',(-0.0343379129044379,0.128048178190815,
0.192875824792875));
#2771=CARTESIAN_POINT('Ctrl Pts',(-0.125837271785903,0.0417182844220732,
0.200743440938785));
#2772=CARTESIAN_POINT('Ctrl Pts',(-0.104032266045775,-0.0821749404648226,
0.208611057084697));
#2773=CARTESIAN_POINT('Ctrl Pts',(0.0114437795147466,-0.132077522979948,
0.216478673230607));
#2774=CARTESIAN_POINT('Ctrl Pts',(0.116615805525246,-0.0630570134222722,
0.224346289376518));
#2775=CARTESIAN_POINT('Ctrl Pts',(0.116786518609413,0.0627402733185201,
0.232213905522429));
#2776=CARTESIAN_POINT('Ctrl Pts',(0.0118022102145282,0.132045978908568,
0.24008152166834));
#2777=CARTESIAN_POINT('Ctrl Pts',(-0.103808853192742,0.0824569877770993,
0.24794913781425));
#2778=CARTESIAN_POINT('Ctrl Pts',(-0.125950033116277,-0.0413765870128323,
0.255816753960162));
#2779=CARTESIAN_POINT('Ctrl Pts',(-0.0346853278746173,-0.127954526358276,
0.263684370106072));
#2780=CARTESIAN_POINT('Ctrl Pts',(0.0878101775738471,-0.0993217273023744,
0.271551986251983));
#2781=CARTESIAN_POINT('Ctrl Pts',(0.131241067629787,0.0187407300081293,
0.279419602397893));
#2782=CARTESIAN_POINT('Ctrl Pts',(0.0565020049838985,0.119928963276922,
0.287287218543805));
#2783=CARTESIAN_POINT('Ctrl Pts',(-0.0691116762507486,0.113132705223344,
0.295154834689715));
#2784=CARTESIAN_POINT('Ctrl Pts',(-0.132496943288088,0.00447133247867759,
0.303022450835626));
#2785=CARTESIAN_POINT('Ctrl Pts',(-0.0765814624379991,-0.108216045230467,
0.310890066981537));
#2786=CARTESIAN_POINT('Ctrl Pts',(0.0482882563044333,-0.12346528667989,
0.318757683127448));
#2787=CARTESIAN_POINT('Ctrl Pts',(0.129679046740606,-0.0275459191430793,
0.326625299273359));
#2788=CARTESIAN_POINT('Ctrl Pts',(0.0943063340506856,0.0931759003066724,
0.334492915419269));
#2789=CARTESIAN_POINT('Ctrl Pts',(-0.0259801579837896,0.130001782900229,
0.342360531565181));
#2790=CARTESIAN_POINT('Ctrl Pts',(-0.122874017376301,0.0497735780592939,
0.350228147711091));
#2791=CARTESIAN_POINT('Ctrl Pts',(-0.109131648300106,-0.075270960967309,
0.358095763857002));
#2792=CARTESIAN_POINT('Ctrl Pts',(0.00287327005372115,-0.132541210647171,
0.365963380002913));
#2793=CARTESIAN_POINT('Ctrl Pts',(0.112291082924988,-0.0704709153857086,
0.373830996148824));
#2794=CARTESIAN_POINT('Ctrl Pts',(0.120601585226358,0.0550517763272961,
0.381698612294734));
#2795=CARTESIAN_POINT('Ctrl Pts',(0.0203219564934719,0.131005413424836,
0.389566228440646));
#2796=CARTESIAN_POINT('Ctrl Pts',(-0.0982556223539847,0.0890017191433898,
0.397433844586556));
#2797=CARTESIAN_POINT('Ctrl Pts',(-0.128363499138211,-0.0331403003938386,
0.405301460732468));
#2798=CARTESIAN_POINT('Ctrl Pts',(-0.0428923367006149,-0.125441049951392,
0.413169076878378));
#2799=CARTESIAN_POINT('Ctrl Pts',(0.0811991321344339,-0.104797317675832,
0.421036693024289));
#2800=CARTESIAN_POINT('Ctrl Pts',(0.132178818017648,0.0102123031902682,
0.4289043091702));
#2801=CARTESIAN_POINT('Ctrl Pts',(0.0641437698403435,0.116015209047417,
0.43677192531611));
#2802=CARTESIAN_POINT('Ctrl Pts',(-0.0616457483092547,0.117379741121838,
0.444639541462022));
#2803=CARTESIAN_POINT('Ctrl Pts',(-0.13193078877851,0.0130124724421208,
0.452507157607932));
#2804=CARTESIAN_POINT('Ctrl Pts',(-0.0834217534654998,-0.102989107759781,
0.460374773753843));
#2805=CARTESIAN_POINT('Ctrl Pts',(0.0401941855447302,-0.12641836245809,
0.468242389899754));
#2806=CARTESIAN_POINT('Ctrl Pts',(0.127635105563528,-0.035700252876368,
0.476110006045664));
#2807=CARTESIAN_POINT('Ctrl Pts',(0.109272789967776,0.0457196111350241,
0.481355083476272));
#2808=CARTESIAN_POINT('Ctrl Pts',(0.084976378154327,0.0737242507983147,
0.483977622191575));
#2809=CARTESIAN_POINT('Ctrl Pts',(0.110300806525244,-0.0507118534455282,
0.08));
#2810=CARTESIAN_POINT('Ctrl Pts',(0.127013300199903,-0.0143613474766821,
0.0826225387153036));
#2811=CARTESIAN_POINT('Ctrl Pts',(0.121445309616959,0.0755341486830503,
0.0878676161459109));
#2812=CARTESIAN_POINT('Ctrl Pts',(0.00345866874782921,0.143106987122106,
0.0957352322918216));
#2813=CARTESIAN_POINT('Ctrl Pts',(-0.117529031793864,0.0814992792055578,
0.103602848437732));
#2814=CARTESIAN_POINT('Ctrl Pts',(-0.132747895314352,-0.0533274141036994,
0.111470464583643));
#2815=CARTESIAN_POINT('Ctrl Pts',(-0.0284120289319445,-0.140222091917025,
0.119338080729554));
#2816=CARTESIAN_POINT('Ctrl Pts',(0.10149161357942,-0.10081657509218,0.127205696875465));
#2817=CARTESIAN_POINT('Ctrl Pts',(0.14001936866971,0.0293418592354937,0.135073313021376));
#2818=CARTESIAN_POINT('Ctrl Pts',(0.0524692339645313,0.133092576810908,
0.142940929167287));
#2819=CARTESIAN_POINT('Ctrl Pts',(-0.0823223583472557,0.11700009928114,
0.150808545313197));
#2820=CARTESIAN_POINT('Ctrl Pts',(-0.142991648314627,-0.00443651909647064,
0.158676161459108));
#2821=CARTESIAN_POINT('Ctrl Pts',(-0.0749101673592575,-0.121880137437288,
0.166543777605019));
#2822=CARTESIAN_POINT('Ctrl Pts',(0.0606204246165713,-0.129581557729201,
0.17441139375093));
#2823=CARTESIAN_POINT('Ctrl Pts',(0.141568306348064,-0.0206077025237283,
0.182279009896841));
#2824=CARTESIAN_POINT('Ctrl Pts',(0.0950474732167828,0.106921638855488,
0.190146626042752));
#2825=CARTESIAN_POINT('Ctrl Pts',(-0.0370544233475441,0.138178211843244,
0.198014242188662));
#2826=CARTESIAN_POINT('Ctrl Pts',(-0.135792398176077,0.045018664256353,
0.205881858334573));
#2827=CARTESIAN_POINT('Ctrl Pts',(-0.112262374204063,-0.0886758913104837,
0.213749474480484));
#2828=CARTESIAN_POINT('Ctrl Pts',(0.0123491096274683,-0.142526322575695,
0.221617090626395));
#2829=CARTESIAN_POINT('Ctrl Pts',(0.125841411473465,-0.0680455238174567,
0.229484706772306));
#2830=CARTESIAN_POINT('Ctrl Pts',(0.126025629859403,0.0677037260521628,
0.237352322918216));
#2831=CARTESIAN_POINT('Ctrl Pts',(0.0127358961781669,0.142492283017779,
0.245219939064127));
#2832=CARTESIAN_POINT('Ctrl Pts',(-0.11202128691199,0.0889802516990213,
0.253087555210038));
#2833=CARTESIAN_POINT('Ctrl Pts',(-0.135914080180587,-0.0446499347854027,
0.260955171355949));
#2834=CARTESIAN_POINT('Ctrl Pts',(-0.0374293227020318,-0.138077151110175,
0.26882278750186));
#2835=CARTESIAN_POINT('Ctrl Pts',(0.0947569382885778,-0.10717917950674,
0.276690403647771));
#2836=CARTESIAN_POINT('Ctrl Pts',(0.141623694313389,0.0202233299821055,
0.284558019793682));
#2837=CARTESIAN_POINT('Ctrl Pts',(0.0609719413781805,0.129416676816163,
0.292425635939592));
#2838=CARTESIAN_POINT('Ctrl Pts',(-0.0745791777496962,0.122082759236569,
0.300293252085503));
#2839=CARTESIAN_POINT('Ctrl Pts',(-0.142978923690434,0.00482506455921329,
0.308160868231414));
#2840=CARTESIAN_POINT('Ctrl Pts',(-0.0826399070219832,-0.116777136808699,
0.316028484377325));
#2841=CARTESIAN_POINT('Ctrl Pts',(0.0521083939142948,-0.133232762692788,
0.323896100523235));
#2842=CARTESIAN_POINT('Ctrl Pts',(0.139938100216085,-0.0297251074130654,
0.331763716669147));
#2843=CARTESIAN_POINT('Ctrl Pts',(0.101767012922251,0.100547149308711,0.339631332815057));
#2844=CARTESIAN_POINT('Ctrl Pts',(-0.028035477148729,0.140286368391891,
0.347498948960968));
#2845=CARTESIAN_POINT('Ctrl Pts',(-0.132594717417626,0.0537112211235406,
0.355366565106879));
#2846=CARTESIAN_POINT('Ctrl Pts',(-0.117765174254515,-0.0812257303238337,
0.36323418125279));
#2847=CARTESIAN_POINT('Ctrl Pts',(0.00310057764019295,-0.14302669308948,
0.3711017973987));
#2848=CARTESIAN_POINT('Ctrl Pts',(0.121174555263053,-0.0760459478028896,
0.378969413544612));
#2849=CARTESIAN_POINT('Ctrl Pts',(0.130142510635376,0.0594069835211887,
0.386837029690522));
#2850=CARTESIAN_POINT('Ctrl Pts',(0.0219296490516225,0.141369397242445,
0.394704645836434));
#2851=CARTESIAN_POINT('Ctrl Pts',(-0.106028733811322,0.0960427440356227,
0.402572261982344));
#2852=CARTESIAN_POINT('Ctrl Pts',(-0.138518478181145,-0.0357620663805508,
0.410439878128255));
#2853=CARTESIAN_POINT('Ctrl Pts',(-0.0462855971151527,-0.135364830791991,
0.418307494274166));
#2854=CARTESIAN_POINT('Ctrl Pts',(0.0876228856988465,-0.113087949918632,
0.426175110420076));
#2855=CARTESIAN_POINT('Ctrl Pts',(0.142635631176378,0.0110202098426535,
0.434042726565988));
#2856=CARTESIAN_POINT('Ctrl Pts',(0.0692182547432688,0.125193301140945,
0.441910342711897));
#2857=CARTESIAN_POINT('Ctrl Pts',(-0.0665226119532755,0.126665782863922,
0.449777958857809));
#2858=CARTESIAN_POINT('Ctrl Pts',(-0.142367980068544,0.01404190359532,0.45764557500372));
#2859=CARTESIAN_POINT('Ctrl Pts',(-0.0900213410729929,-0.111136690506999,
0.46551319114963));
#2860=CARTESIAN_POINT('Ctrl Pts',(0.0433739922233796,-0.136419459576997,
0.473380807295542));
#2861=CARTESIAN_POINT('Ctrl Pts',(0.137732460581442,-0.0385245395483654,
0.481248423441452));
#2862=CARTESIAN_POINT('Ctrl Pts',(0.117917481796338,0.0493365403714835,
0.486493500872059));
#2863=CARTESIAN_POINT('Ctrl Pts',(0.091698953848314,0.0795566581948034,
0.489116039587363));
#2864=CARTESIAN_POINT('Ctrl Pts',(-0.121373867806859,-0.000105650522312989,
0.408429313930168));
#2865=CARTESIAN_POINT('Ctrl Pts',(-0.121443475068205,-0.00809507015880137,
0.408952875953446));
#2866=CARTESIAN_POINT('Ctrl Pts',(-0.12073425324375,-0.016072045478521,
0.409476437976723));
#2867=CARTESIAN_POINT('Ctrl Pts',(-0.119207407624343,-0.0238791906189956,
0.41));
#2868=CARTESIAN_POINT('Ctrl Pts',(0.00609576323946195,0.0946605672456164,
0.08));
#2869=CARTESIAN_POINT('Ctrl Pts',(0.0112342895209979,0.0950564810157723,
0.08));
#2870=CARTESIAN_POINT('Ctrl Pts',(0.0163976159209392,0.0949962006586663,
0.08));
#2871=CARTESIAN_POINT('Ctrl Pts',(0.0215382773179599,0.0945158061921448,
0.08));
#2872=CARTESIAN_POINT('Ctrl Pts',(0.0253080762460009,0.0941635187324067,
0.08));
#2873=CARTESIAN_POINT('Ctrl Pts',(0.0290663208974494,0.0935843823550724,
0.08));
#2874=CARTESIAN_POINT('Ctrl Pts',(0.0327799573721639,0.0927935380096772,
0.08));
#2875=CARTESIAN_POINT('Ctrl Pts',(0.0367680204099163,0.0919442526464058,
0.08));
#2876=CARTESIAN_POINT('Ctrl Pts',(0.0407088557977463,0.0908506470048228,
0.08));
#2877=CARTESIAN_POINT('Ctrl Pts',(0.0445810575794112,0.0895262785198647,
0.08));
#2878=CARTESIAN_POINT('Ctrl Pts',(0.0476103734854012,0.0884901934336298,
0.08));
#2879=CARTESIAN_POINT('Ctrl Pts',(0.050589395345558,0.0873155234796003,
0.08));
#2880=CARTESIAN_POINT('Ctrl Pts',(0.0535055231759754,0.0860110743764588,
0.08));
#2881=CARTESIAN_POINT('Ctrl Pts',(0.0608284621096099,0.082735360251481,
0.08));
#2882=CARTESIAN_POINT('Ctrl Pts',(0.0677608163989469,0.0786430123789981,
0.08));
#2883=CARTESIAN_POINT('Ctrl Pts',(0.0741490682140569,0.0738206741451121,
0.08));
#2884=CARTESIAN_POINT('Ctrl Pts',(0.0761228104531815,0.0723307434192986,
0.08));
#2885=CARTESIAN_POINT('Ctrl Pts',(0.0780456313254676,0.0707698093390899,
0.08));
#2886=CARTESIAN_POINT('Ctrl Pts',(0.0799092638610513,0.069142476866098,
0.08));
#2887=CARTESIAN_POINT('Ctrl Pts',(0.0841469420829546,0.0654421168171499,
0.08));
#2888=CARTESIAN_POINT('Ctrl Pts',(0.0880574419234567,0.0614184028998707,
0.08));
#2889=CARTESIAN_POINT('Ctrl Pts',(0.0915917460140521,0.0571022440856064,
0.08));
#2890=CARTESIAN_POINT('Ctrl Pts',(0.0952413853249431,0.0526452357250343,
0.08));
#2891=CARTESIAN_POINT('Ctrl Pts',(0.0984903828466206,0.0478763775741074,
0.08));
#2892=CARTESIAN_POINT('Ctrl Pts',(0.101340798033776,0.0428537964024891,
0.08));
#2893=CARTESIAN_POINT('Ctrl Pts',(0.103458364621272,0.0391225329290367,
0.08));
#2894=CARTESIAN_POINT('Ctrl Pts',(0.105357968493802,0.0352440779517455,
0.08));
#2895=CARTESIAN_POINT('Ctrl Pts',(0.107023812236164,0.0312752527645747,
0.08));
#2896=CARTESIAN_POINT('Ctrl Pts',(0.109716549961711,0.0248598819612845,
0.08));
#2897=CARTESIAN_POINT('Ctrl Pts',(0.111807976085943,0.0181985265739774,
0.08));
#2898=CARTESIAN_POINT('Ctrl Pts',(0.11330197749837,0.0113880296222552,0.08));
#2899=CARTESIAN_POINT('Ctrl Pts',(0.114293251214904,0.00686924766621312,
0.08));
#2900=CARTESIAN_POINT('Ctrl Pts',(0.11502118374439,0.00228437205951487,
0.08));
#2901=CARTESIAN_POINT('Ctrl Pts',(0.115482218539854,-0.00234139760035034,
0.08));
#2902=CARTESIAN_POINT('Ctrl Pts',(0.115773302494222,-0.00526197395995876,
0.08));
#2903=CARTESIAN_POINT('Ctrl Pts',(0.11595756467392,-0.00819912730327109,
0.08));
#2904=CARTESIAN_POINT('Ctrl Pts',(0.116033911027789,-0.0111314552329397,
0.08));
#2905=CARTESIAN_POINT('Ctrl Pts',(0.11626635302609,-0.0200591397798217,
0.08));
#2906=CARTESIAN_POINT('Ctrl Pts',(0.115506257105421,-0.028973973063593,
0.08));
#2907=CARTESIAN_POINT('Ctrl Pts',(0.113740852197291,-0.037698828292087,
0.08));
#2908=CARTESIAN_POINT('Ctrl Pts',(0.112851989746642,-0.0420916993916575,
0.08));
#2909=CARTESIAN_POINT('Ctrl Pts',(0.11170752609626,-0.0464367335526877,
0.08));
#2910=CARTESIAN_POINT('Ctrl Pts',(0.110300806525244,-0.0507118534455279,
0.08));
#2911=CARTESIAN_POINT('Origin',(0.,0.,0.5));
#2912=CARTESIAN_POINT('Origin',(-2.72565555930229E-18,0.,0.08));
#2913=CARTESIAN_POINT('Origin',(0.,0.,0.));
#2914=CARTESIAN_POINT('Origin',(0.,0.,0.));
#2915=CARTESIAN_POINT('',(-0.19,2.32682891837997E-17,-0.425));
#2916=CARTESIAN_POINT('Origin',(0.,0.,-0.425));
#2917=CARTESIAN_POINT('',(-0.19,-2.32682891837997E-17,0.));
#2918=CARTESIAN_POINT('',(-0.19,2.32682891837997E-17,0.));
#2919=CARTESIAN_POINT('Origin',(0.,0.,0.));
#2920=CARTESIAN_POINT('Origin',(0.,0.,0.));
#2921=CARTESIAN_POINT('Origin',(1.21635088345995,0.211800477419109,-0.03));
#2922=CARTESIAN_POINT('',(1.21635088345995,0.211800477419109,0.));
#2923=CARTESIAN_POINT('',(1.21635088345995,0.241686318361861,-0.0326146722824298));
#2924=CARTESIAN_POINT('Origin',(1.21635088345995,0.211800477419109,-0.03));
#2925=CARTESIAN_POINT('',(1.2462367244027,0.211800477419109,-0.0326146722824298));
#2926=CARTESIAN_POINT('Origin',(1.21635088345995,0.211800477419109,-0.03));
#2927=CARTESIAN_POINT('Origin',(1.21635088345995,0.211800477419109,-0.03));
#2928=CARTESIAN_POINT('Origin',(1.21635088345979,-0.0153666354326553,-0.03));
#2929=CARTESIAN_POINT('',(1.21635088345995,-0.0153666354326411,0.));
#2930=CARTESIAN_POINT('',(1.2462367244027,-0.0153666354324756,-0.0326146722824298));
#2931=CARTESIAN_POINT('Origin',(1.21635088345995,-0.0153666354326408,-0.03));
#2932=CARTESIAN_POINT('',(1.21903303823516,-0.0451318758081544,-0.0326146722834215));
#2933=CARTESIAN_POINT('Origin',(1.21635088345979,-0.0153666354326553,-0.03));
#2934=CARTESIAN_POINT('Origin',(1.21635088345986,-0.0153666354325577,-0.0300000000010408));
#2935=CARTESIAN_POINT('Origin',(1.45375686949629,-2.64998202230303,-0.03));
#2936=CARTESIAN_POINT('',(0.235390213298558,-0.335695468368667,-0.0326146722824298));
#2937=CARTESIAN_POINT('',(0.315126688814868,-0.262288333702774,0.));
#2938=CARTESIAN_POINT('Ctrl Pts',(0.235390213298557,-0.335695468368669,
-0.0326146722824203));
#2939=CARTESIAN_POINT('Ctrl Pts',(0.235388619177821,-0.335696586168745,
-0.03261185482269));
#2940=CARTESIAN_POINT('Ctrl Pts',(0.235387027109798,-0.335697702512517,
-0.0326090365978763));
#2941=CARTESIAN_POINT('Ctrl Pts',(0.235081450605598,-0.33591196677346,-0.0320672684018875));
#2942=CARTESIAN_POINT('Ctrl Pts',(0.234843139598394,-0.336078443725186,
-0.0314820660415984));
#2943=CARTESIAN_POINT('Ctrl Pts',(0.234630092071158,-0.336227205119476,
-0.0303578803369575));
#2944=CARTESIAN_POINT('Ctrl Pts',(0.234619053121525,-0.336234898640868,
-0.0298592826419133));
#2945=CARTESIAN_POINT('Ctrl Pts',(0.234762985056877,-0.336134421209788,
-0.0288311455716121));
#2946=CARTESIAN_POINT('Ctrl Pts',(0.234925332613485,-0.336021062577267,
-0.0283363098337497));
#2947=CARTESIAN_POINT('Ctrl Pts',(0.235471137270897,-0.335638958483869,
-0.0271542594041458));
#2948=CARTESIAN_POINT('Ctrl Pts',(0.235936736979347,-0.335312087669019,
-0.0265063290025398));
#2949=CARTESIAN_POINT('Ctrl Pts',(0.237418141677302,-0.334266569009281,
-0.024775114627429));
#2950=CARTESIAN_POINT('Ctrl Pts',(0.238739497392022,-0.333326206576967,
-0.023694278132565));
#2951=CARTESIAN_POINT('Ctrl Pts',(0.243602978196,-0.329812122538579,-0.0202681372675989));
#2952=CARTESIAN_POINT('Ctrl Pts',(0.24843236293888,-0.326226484244967,-0.0178330720465758));
#2953=CARTESIAN_POINT('Ctrl Pts',(0.266789057391095,-0.311781234420031,
-0.00975541926059721));
#2954=CARTESIAN_POINT('Ctrl Pts',(0.287292350777967,-0.293803297241268,
-0.00263976665486807));
#2955=CARTESIAN_POINT('Ctrl Pts',(0.309018433677409,-0.269505790401991,
-0.000186042893486449));
#2956=CARTESIAN_POINT('Ctrl Pts',(0.312176723037253,-0.265832574250927,
1.24927892032494E-17));
#2957=CARTESIAN_POINT('Ctrl Pts',(0.315126688814868,-0.262288333702774,
6.53082410985363E-18));
#2958=CARTESIAN_POINT('Origin',(1.45375686949629,-2.64998202230303,-0.0326146722824298));
#2959=CARTESIAN_POINT('Origin',(1.45375686949629,-2.64998202230303,0.));
#2960=CARTESIAN_POINT('Origin',(1.18004308809669,0.17549268205585,-0.445));
#2961=CARTESIAN_POINT('',(1.18004308809669,0.205378522998603,-0.44761467228243));
#2962=CARTESIAN_POINT('',(1.18004308809669,0.17549268205585,-0.475));
#2963=CARTESIAN_POINT('Origin',(1.18004308809669,0.17549268205585,-0.445));
#2964=CARTESIAN_POINT('',(1.20992892903944,0.17549268205585,-0.44761467228243));
#2965=CARTESIAN_POINT('Origin',(1.18004308809669,0.17549268205585,-0.445));
#2966=CARTESIAN_POINT('Origin',(1.18004308809669,0.17549268205585,-0.445));
#2967=CARTESIAN_POINT('Origin',(1.21833646831918,0.213786062278343,-0.00730466120738063));
#2968=CARTESIAN_POINT('',(1.21833646831918,0.243671903221095,-0.00991933348981037));
#2969=CARTESIAN_POINT('',(1.24822230926194,0.213786062278343,-0.00991933348981039));
#2970=CARTESIAN_POINT('Origin',(1.18004308809661,0.0176101815012712,-0.44500000000094));
#2971=CARTESIAN_POINT('',(1.20992892903936,0.0176101815012749,-0.447614672283417));
#2972=CARTESIAN_POINT('',(1.18004308809669,0.0176101815011971,-0.475));
#2973=CARTESIAN_POINT('Origin',(1.18004308809669,0.017610181501352,-0.445));
#2974=CARTESIAN_POINT('',(1.18309357022751,-0.012119568710083,-0.44761467228243));
#2975=CARTESIAN_POINT('Origin',(1.18004308809661,0.0176101815012712,-0.44500000000094));
#2976=CARTESIAN_POINT('Origin',(1.18004308809669,0.0176101815011969,-0.445));
#2977=CARTESIAN_POINT('Ctrl Pts',(1.21903303823525,-0.0451318758082327,
-0.0326146722824428));
#2978=CARTESIAN_POINT('Ctrl Pts',(1.207055368492,-0.0340600269304043,-0.170942603388799));
#2979=CARTESIAN_POINT('Ctrl Pts',(1.19507551548831,-0.0230567449166952,
-0.30927602503319));
#2980=CARTESIAN_POINT('Ctrl Pts',(1.18309357022756,-0.0121195687099896,
-0.447614672283417));
#2981=CARTESIAN_POINT('Ctrl Pts',(1.22634546460785,-0.0444217407410266,
-0.0331976446382743));
#2982=CARTESIAN_POINT('Ctrl Pts',(1.2143444349633,-0.0333209129768019,-0.17152143736078));
#2983=CARTESIAN_POINT('Ctrl Pts',(1.20234137931914,-0.0222910610979787,
-0.309850997056168));
#2984=CARTESIAN_POINT('Ctrl Pts',(1.19033634593124,-0.0113261899103946,
-0.448185679090769));
#2985=CARTESIAN_POINT('Ctrl Pts',(1.2404149541947,-0.0373597865014377,-0.0338638950519092));
#2986=CARTESIAN_POINT('Ctrl Pts',(1.22834752928786,-0.0262386250848547,
-0.172182646741552));
#2987=CARTESIAN_POINT('Ctrl Pts',(1.21627838289066,-0.0151866113053156,
-0.310506955792401));
#2988=CARTESIAN_POINT('Ctrl Pts',(1.204208792916,-0.0042028292088765,-0.448836821642265));
#2989=CARTESIAN_POINT('Ctrl Pts',(1.24618572093042,-0.0227132856838921,
-0.0331976446382743));
#2990=CARTESIAN_POINT('Ctrl Pts',(1.23408339796609,-0.0116319972087583,
-0.17152143736078));
#2991=CARTESIAN_POINT('Ctrl Pts',(1.22198221996049,-0.000620623753732376,
-0.309850997056168));
#2992=CARTESIAN_POINT('Ctrl Pts',(1.20987897241692,0.0103242529983824,-0.448185679090769));
#2993=CARTESIAN_POINT('Ctrl Pts',(1.2462367244027,-0.0153666354326399,-0.0326146722824428));
#2994=CARTESIAN_POINT('Ctrl Pts',(1.2341345985819,-0.00430600132944473,
-0.170942603388799));
#2995=CARTESIAN_POINT('Ctrl Pts',(1.22203199240126,0.00668543286630125,
-0.30927602503319));
#2996=CARTESIAN_POINT('Ctrl Pts',(1.20992892903936,0.0176101815012749,-0.447614672283417));
#2997=CARTESIAN_POINT('Ctrl Pts',(1.20992892903936,0.0176101815012749,-0.447614672283417));
#2998=CARTESIAN_POINT('Ctrl Pts',(1.22203199240126,0.00668543286630125,
-0.30927602503319));
#2999=CARTESIAN_POINT('Ctrl Pts',(1.2341345985819,-0.00430600132944473,
-0.170942603388799));
#3000=CARTESIAN_POINT('Ctrl Pts',(1.2462367244027,-0.0153666354326399,-0.0326146722824428));
#3001=CARTESIAN_POINT('Ctrl Pts',(1.21903303823525,-0.0451318758082327,
-0.0326146722824428));
#3002=CARTESIAN_POINT('Ctrl Pts',(1.207055368492,-0.0340600269304043,-0.170942603388799));
#3003=CARTESIAN_POINT('Ctrl Pts',(1.19507551548831,-0.0230567449166952,
-0.30927602503319));
#3004=CARTESIAN_POINT('Ctrl Pts',(1.18309357022756,-0.0121195687099896,
-0.447614672283417));
#3005=CARTESIAN_POINT('Origin',(0.624545069246014,0.17549268205585,-0.445));
#3006=CARTESIAN_POINT('',(0.308773494434968,0.205378522998602,-0.44761467228243));
#3007=CARTESIAN_POINT('',(0.624545069246014,0.205378522998603,-0.44761467228243));
#3008=CARTESIAN_POINT('',(0.292320427594386,0.17549268205585,-0.475));
#3009=CARTESIAN_POINT('',(0.624545069246014,0.17549268205585,-0.475));
#3010=CARTESIAN_POINT('Ctrl Pts',(0.292320427594386,0.17549268205585,-0.475));
#3011=CARTESIAN_POINT('Ctrl Pts',(0.292349428875652,0.175543918930214,-0.475));
#3012=CARTESIAN_POINT('Ctrl Pts',(0.292378426886409,0.175595157651486,-0.474999868739135));
#3013=CARTESIAN_POINT('Ctrl Pts',(0.293778062911125,0.178068645497156,-0.47498719477895));
#3014=CARTESIAN_POINT('Ctrl Pts',(0.295140235960237,0.180493197305858,-0.474681399450888));
#3015=CARTESIAN_POINT('Ctrl Pts',(0.297767403170549,0.185200438854765,-0.473487907327191));
#3016=CARTESIAN_POINT('Ctrl Pts',(0.29903185261879,0.187481618433416,-0.472610294459414));
#3017=CARTESIAN_POINT('Ctrl Pts',(0.302047774343927,0.192954018354187,-0.469680496182881));
#3018=CARTESIAN_POINT('Ctrl Pts',(0.303696514214559,0.195976370548878,-0.467267057137913));
#3019=CARTESIAN_POINT('Ctrl Pts',(0.306273471132348,0.20072756633954,-0.461591825181365));
#3020=CARTESIAN_POINT('Ctrl Pts',(0.307241387676748,0.202525183524664,-0.45850298404574));
#3021=CARTESIAN_POINT('Ctrl Pts',(0.308357180145631,0.204601498609327,-0.452693432435444));
#3022=CARTESIAN_POINT('Ctrl Pts',(0.308653259188056,0.205154146126172,-0.450179311669835));
#3023=CARTESIAN_POINT('Ctrl Pts',(0.30877349443497,0.205378522998602,-0.44761467228243));
#3024=CARTESIAN_POINT('Origin',(-1.21635088345974,0.0153666354326552,-0.03));
#3025=CARTESIAN_POINT('',(-1.2163508834599,0.0153666354326413,0.));
#3026=CARTESIAN_POINT('',(-1.24623672440265,0.0153666354324819,-0.0326146722824298));
#3027=CARTESIAN_POINT('Origin',(-1.2163508834599,0.0153666354326408,-0.03));
#3028=CARTESIAN_POINT('',(-1.21903303823511,0.0451318758081544,-0.0326146722834214));
#3029=CARTESIAN_POINT('Origin',(-1.21635088345974,0.0153666354326552,-0.03));
#3030=CARTESIAN_POINT('Origin',(-1.2163508834598,0.0153666354325578,-0.0300000000010408));
#3031=CARTESIAN_POINT('Origin',(-1.45375686949629,2.64998202230304,-0.03));
#3032=CARTESIAN_POINT('',(-0.235390213298598,0.33569546836864,-0.0326146722824297));
#3033=CARTESIAN_POINT('',(-0.315126688814876,0.262288333702764,0.));
#3034=CARTESIAN_POINT('Ctrl Pts',(-0.235390213298595,0.335695468368642,
-0.0326146722824213));
#3035=CARTESIAN_POINT('Ctrl Pts',(-0.235388619177859,0.335696586168718,
-0.0326118548226912));
#3036=CARTESIAN_POINT('Ctrl Pts',(-0.235387027109834,0.335697702512491,
-0.0326090365978794));
#3037=CARTESIAN_POINT('Ctrl Pts',(-0.235081450605629,0.335911966773438,
-0.0320672684018802));
#3038=CARTESIAN_POINT('Ctrl Pts',(-0.234843139598431,0.336078443725161,
-0.0314820660415957));
#3039=CARTESIAN_POINT('Ctrl Pts',(-0.234630092071197,0.336227205119449,
-0.0303578803369637));
#3040=CARTESIAN_POINT('Ctrl Pts',(-0.234619053121561,0.336234898640843,
-0.0298592826419156));
#3041=CARTESIAN_POINT('Ctrl Pts',(-0.234762985056914,0.336134421209762,
-0.0288311455716047));
#3042=CARTESIAN_POINT('Ctrl Pts',(-0.23492533261353,0.336021062577236,-0.0283363098337348));
#3043=CARTESIAN_POINT('Ctrl Pts',(-0.235471137270936,0.335638958483843,
-0.0271542594041447));
#3044=CARTESIAN_POINT('Ctrl Pts',(-0.235936736979379,0.335312087668997,
-0.0265063290025436));
#3045=CARTESIAN_POINT('Ctrl Pts',(-0.237418141677302,0.33426656900928,-0.0247751146274695));
#3046=CARTESIAN_POINT('Ctrl Pts',(-0.238739497391979,0.333326206576998,
-0.0236942781326182));
#3047=CARTESIAN_POINT('Ctrl Pts',(-0.243602978196044,0.329812122538547,
-0.0202681372675906));
#3048=CARTESIAN_POINT('Ctrl Pts',(-0.248432362938923,0.326226484244934,
-0.0178330720465676));
#3049=CARTESIAN_POINT('Ctrl Pts',(-0.266789057391163,0.311781234419975,
-0.00975541926057676));
#3050=CARTESIAN_POINT('Ctrl Pts',(-0.287292350778037,0.293803297241193,
-0.0026397666548599));
#3051=CARTESIAN_POINT('Ctrl Pts',(-0.309018433677425,0.269505790401972,
-0.000186042893485941));
#3052=CARTESIAN_POINT('Ctrl Pts',(-0.312176723037265,0.265832574250912,
7.23599973780158E-18));
#3053=CARTESIAN_POINT('Ctrl Pts',(-0.315126688814876,0.262288333702764,
7.68332248218074E-19));
#3054=CARTESIAN_POINT('Origin',(-1.45375686949629,2.64998202230304,-0.0326146722824297));
#3055=CARTESIAN_POINT('Origin',(-1.45375686949629,2.64998202230304,0.));
#3056=CARTESIAN_POINT('Ctrl Pts',(-1.2190330382352,0.0451318758082328,-0.0326146722824428));
#3057=CARTESIAN_POINT('Ctrl Pts',(-1.20626513661009,0.0333295569673883,
-0.180068847779806));
#3058=CARTESIAN_POINT('Ctrl Pts',(-1.19349475420707,0.0216051489827983,
-0.327529261944235));
#3059=CARTESIAN_POINT('Ctrl Pts',(-1.18072200104294,0.00995567678685434,
-0.474995594648298));
#3060=CARTESIAN_POINT('Ctrl Pts',(-1.2263454646078,0.0444217407410266,-0.0331976446382741));
#3061=CARTESIAN_POINT('Ctrl Pts',(-1.21355266190191,0.0325885311193672,
-0.180647408720142));
#3062=CARTESIAN_POINT('Ctrl Pts',(-1.2007575561616,0.0208358434717423,-0.328103712050954));
#3063=CARTESIAN_POINT('Ctrl Pts',(-1.18796021105904,0.00915693674097807,
-0.475565829693711));
#3064=CARTESIAN_POINT('Ctrl Pts',(-1.24041486564337,0.0373597055707609,
-0.0338638808334983));
#3065=CARTESIAN_POINT('Ctrl Pts',(-1.22755128721939,0.0255048207753361,
-0.181308271298205));
#3066=CARTESIAN_POINT('Ctrl Pts',(-1.21468579890848,0.0137285688317265,
-0.328758986947501));
#3067=CARTESIAN_POINT('Ctrl Pts',(-1.20181976452716,0.00202959998024772,
-0.476215985899438));
#3068=CARTESIAN_POINT('Ctrl Pts',(-1.24618572093036,0.0227132856838973,
-0.0331976446382741));
#3069=CARTESIAN_POINT('Ctrl Pts',(-1.23328494203463,0.0109009044642797,
-0.180647408720142));
#3070=CARTESIAN_POINT('Ctrl Pts',(-1.22038534745406,-0.000832066395073682,
-0.328103712050954));
#3071=CARTESIAN_POINT('Ctrl Pts',(-1.20748351963348,-0.0124896296732998,
-0.475565829693711));
#3072=CARTESIAN_POINT('Ctrl Pts',(-1.24623672440265,0.0153666354326462,
-0.0326146722824428));
#3073=CARTESIAN_POINT('Ctrl Pts',(-1.23333615565707,0.00357627126598579,
-0.180068847779806));
#3074=CARTESIAN_POINT('Ctrl Pts',(-1.22043504109885,-0.00813546277442954,
-0.327529261944235));
#3075=CARTESIAN_POINT('Ctrl Pts',(-1.2075334087355,-0.0197716061203543,
-0.474995594648298));
#3076=CARTESIAN_POINT('',(-1.2075334087355,-0.0197716061203543,-0.474995594648298));
#3077=CARTESIAN_POINT('Ctrl Pts',(-1.2075334087355,-0.0197716061203543,
-0.474995594648298));
#3078=CARTESIAN_POINT('Ctrl Pts',(-1.22043504109885,-0.00813546277442954,
-0.327529261944235));
#3079=CARTESIAN_POINT('Ctrl Pts',(-1.23333615565707,0.00357627126598579,
-0.180068847779806));
#3080=CARTESIAN_POINT('Ctrl Pts',(-1.24623672440265,0.0153666354326462,
-0.0326146722824428));
#3081=CARTESIAN_POINT('',(-1.1830935702276,0.0121195687100678,-0.44761467228243));
#3082=CARTESIAN_POINT('Ctrl Pts',(-1.2190330382352,0.0451318758082328,-0.0326146722824428));
#3083=CARTESIAN_POINT('Ctrl Pts',(-1.20705536849198,0.0340600269304307,
-0.17094260338847));
#3084=CARTESIAN_POINT('Ctrl Pts',(-1.19507551554887,0.0230567432278405,
-0.309276024811522));
#3085=CARTESIAN_POINT('Ctrl Pts',(-1.1830935702334,0.0121195685483553,-0.447614672261246));
#3086=CARTESIAN_POINT('Ctrl Pts',(-1.1830935702276,0.0121195687100678,-0.44761467228243));
#3087=CARTESIAN_POINT('Ctrl Pts',(-1.18313989879067,0.0121103347282111,
-0.447665615385766));
#3088=CARTESIAN_POINT('Ctrl Pts',(-1.18318621431102,0.0121009723915804,
-0.447716547220555));
#3089=CARTESIAN_POINT('Ctrl Pts',(-1.18731052847223,0.0112556049274519,
-0.452252208886785));
#3090=CARTESIAN_POINT('Ctrl Pts',(-1.19132965594511,0.00941538767538107,
-0.456695846664534));
#3091=CARTESIAN_POINT('Ctrl Pts',(-1.19780554919526,0.00433497641333795,
-0.463893163574332));
#3092=CARTESIAN_POINT('Ctrl Pts',(-1.20045787195908,0.00142851807432214,
-0.466855463922901));
#3093=CARTESIAN_POINT('Ctrl Pts',(-1.20421253783817,-0.00477917583378629,
-0.471084275241518));
#3094=CARTESIAN_POINT('Ctrl Pts',(-1.20553675704657,-0.0077938936683396,
-0.472589644713511));
#3095=CARTESIAN_POINT('Ctrl Pts',(-1.20713955801939,-0.0138758377494158,
-0.474455624167313));
#3096=CARTESIAN_POINT('Ctrl Pts',(-1.20753785913293,-0.0167914864272137,
-0.47494472637314));
#3097=CARTESIAN_POINT('Ctrl Pts',(-1.2075334087358,-0.0197716061202495,
-0.474995594644814));
#3098=CARTESIAN_POINT('Origin',(-1.21635088345994,-0.211800477419109,-0.03));
#3099=CARTESIAN_POINT('',(-1.21635088345994,-0.211800477419109,0.));
#3100=CARTESIAN_POINT('',(-1.21635088345994,-0.241686318361861,-0.0326146722824298));
#3101=CARTESIAN_POINT('Origin',(-1.21635088345994,-0.211800477419109,-0.03));
#3102=CARTESIAN_POINT('',(-1.2462367244027,-0.211800477419102,-0.0326146722824298));
#3103=CARTESIAN_POINT('Origin',(-1.21635088345994,-0.211800477419109,-0.03));
#3104=CARTESIAN_POINT('Origin',(-1.21635088345994,-0.211800477419109,-0.03));
#3105=CARTESIAN_POINT('Origin',(-1.21635088345989,0.0227301337745294,-0.03));
#3106=CARTESIAN_POINT('',(-1.24623672440265,0.0227301337745356,-0.0326146722824298));
#3107=CARTESIAN_POINT('',(-1.21635088345989,0.0227301337745294,0.));
#3108=CARTESIAN_POINT('Origin',(-1.21833646831918,-0.213786062278343,-0.00730466120738211));
#3109=CARTESIAN_POINT('',(-1.18004308809668,-0.205378522998602,-0.44761467228243));
#3110=CARTESIAN_POINT('',(-1.21833646831918,-0.243671903221095,-0.00991933348981185));
#3111=CARTESIAN_POINT('',(-1.2075330233172,-0.173096776333614,-0.475));
#3112=CARTESIAN_POINT('',(-1.24822230926193,-0.213786062278337,-0.00991933348981187));
#3113=CARTESIAN_POINT('',(-1.2074374999028,-0.17549268205585,-0.475));
#3114=CARTESIAN_POINT('Origin',(-1.1774184281909,-0.172868022150072,-0.475));
#3115=CARTESIAN_POINT('Origin',(-1.18004308809668,-0.17549268205585,-0.445));
#3116=CARTESIAN_POINT('Origin',(-0.624545069246014,-0.211800477419109,-0.03));
#3117=CARTESIAN_POINT('',(-0.327652355302699,-0.241686318361861,-0.0326146722824298));
#3118=CARTESIAN_POINT('',(-0.351056345570106,-0.211800477419109,0.));
#3119=CARTESIAN_POINT('Ctrl Pts',(-0.351056345570161,-0.211800477419018,
7.2564712331707E-18));
#3120=CARTESIAN_POINT('Ctrl Pts',(-0.350779138736027,-0.212259943891162,
1.39566616402356E-15));
#3121=CARTESIAN_POINT('Ctrl Pts',(-0.350502472908973,-0.212714682104261,
-1.05646141228008E-5));
#3122=CARTESIAN_POINT('Ctrl Pts',(-0.347916228993764,-0.216931593824722,
-0.000202377813951074));
#3123=CARTESIAN_POINT('Ctrl Pts',(-0.345323649024067,-0.220884711569269,
-0.00113054998097784));
#3124=CARTESIAN_POINT('Ctrl Pts',(-0.340227698894908,-0.228124819766408,
-0.00451501836554279));
#3125=CARTESIAN_POINT('Ctrl Pts',(-0.337726512524471,-0.231413849188662,
-0.00697024014515266));
#3126=CARTESIAN_POINT('Ctrl Pts',(-0.33366143963531,-0.236402293875896,
-0.0124695641440794));
#3127=CARTESIAN_POINT('Ctrl Pts',(-0.331765382121457,-0.238542127819462,
-0.0158228982190188));
#3128=CARTESIAN_POINT('Ctrl Pts',(-0.328927866811977,-0.241328219509146,
-0.0233503048894153));
#3129=CARTESIAN_POINT('Ctrl Pts',(-0.327996463213649,-0.241969195048422,
-0.0275301171997577));
#3130=CARTESIAN_POINT('Ctrl Pts',(-0.327688282119323,-0.241741844025815,
-0.0319074552823196));
#3131=CARTESIAN_POINT('Ctrl Pts',(-0.327668002814819,-0.241717304315626,
-0.0322605012102427));
#3132=CARTESIAN_POINT('Ctrl Pts',(-0.327652355302701,-0.241686318361861,
-0.0326146722824284));
#3133=CARTESIAN_POINT('',(-0.624545069246014,-0.211800477419109,0.));
#3134=CARTESIAN_POINT('',(-0.624545069246014,-0.241686318361861,-0.0326146722824298));
#3135=CARTESIAN_POINT('Origin',(-0.624545069246014,-0.17549268205585,-0.445));
#3136=CARTESIAN_POINT('',(-0.308773494434972,-0.205378522998603,-0.44761467228243));
#3137=CARTESIAN_POINT('',(-0.624545069246014,-0.205378522998602,-0.44761467228243));
#3138=CARTESIAN_POINT('',(-0.292320427594385,-0.17549268205585,-0.475));
#3139=CARTESIAN_POINT('',(-0.624545069246014,-0.17549268205585,-0.475));
#3140=CARTESIAN_POINT('Ctrl Pts',(-0.292320427594385,-0.17549268205585,
-0.475));
#3141=CARTESIAN_POINT('Ctrl Pts',(-0.292349428875653,-0.175543918930215,
-0.475));
#3142=CARTESIAN_POINT('Ctrl Pts',(-0.292378426886409,-0.175595157651485,
-0.474999868739135));
#3143=CARTESIAN_POINT('Ctrl Pts',(-0.293778062911137,-0.17806864549718,
-0.47498719477895));
#3144=CARTESIAN_POINT('Ctrl Pts',(-0.29514023596024,-0.180493197305862,
-0.474681399450887));
#3145=CARTESIAN_POINT('Ctrl Pts',(-0.297767403170549,-0.185200438854765,
-0.473487907327191));
#3146=CARTESIAN_POINT('Ctrl Pts',(-0.299031852618789,-0.187481618433416,
-0.472610294459414));
#3147=CARTESIAN_POINT('Ctrl Pts',(-0.302047774343927,-0.192954018354187,
-0.469680496182881));
#3148=CARTESIAN_POINT('Ctrl Pts',(-0.303696514214559,-0.195976370548878,
-0.467267057137913));
#3149=CARTESIAN_POINT('Ctrl Pts',(-0.306273471132348,-0.20072756633954,
-0.461591825181365));
#3150=CARTESIAN_POINT('Ctrl Pts',(-0.307241387676748,-0.202525183524664,
-0.45850298404574));
#3151=CARTESIAN_POINT('Ctrl Pts',(-0.308357180145631,-0.204601498609327,
-0.452693432435445));
#3152=CARTESIAN_POINT('Ctrl Pts',(-0.308653259188056,-0.205154146126172,
-0.450179311669835));
#3153=CARTESIAN_POINT('Ctrl Pts',(-0.30877349443497,-0.205378522998602,
-0.44761467228243));
#3154=CARTESIAN_POINT('Origin',(0.,0.,-0.445));
#3155=CARTESIAN_POINT('',(-0.163988205389241,0.298926048275048,-0.475));
#3156=CARTESIAN_POINT('Origin',(0.,0.,-0.475));
#3157=CARTESIAN_POINT('',(-0.178362404024071,0.325128069236441,-0.44761467228243));
#3158=CARTESIAN_POINT('Origin',(-0.163988205389241,0.298926048275048,-0.445));
#3159=CARTESIAN_POINT('Origin',(-1.63910879619856E-17,0.,-0.44761467228243));
#3160=CARTESIAN_POINT('Origin',(-1.45375686949629,2.64998202230304,-0.445));
#3161=CARTESIAN_POINT('Origin',(-1.45375686949628,2.64998202230304,-0.44761467228243));
#3162=CARTESIAN_POINT('',(-1.20753302331717,-0.0202878549749107,-0.475));
#3163=CARTESIAN_POINT('Origin',(-1.45375686949629,2.64998202230304,-0.475));
#3164=CARTESIAN_POINT('Ctrl Pts',(-1.20753302331717,-0.0202878549749107,
-0.475));
#3165=CARTESIAN_POINT('Ctrl Pts',(-1.20753302331717,-0.0201171154918393,
-0.475));
#3166=CARTESIAN_POINT('Ctrl Pts',(-1.20753314982758,-0.0199449788483509,
-0.474998553979317));
#3167=CARTESIAN_POINT('Ctrl Pts',(-1.2075334087358,-0.0197716061204142,
-0.474995594644817));
#3168=CARTESIAN_POINT('Origin',(0.,0.,-0.445));
#3169=CARTESIAN_POINT('',(0.163988205389242,-0.298926048275047,-0.475));
#3170=CARTESIAN_POINT('Origin',(0.,0.,-0.475));
#3171=CARTESIAN_POINT('',(0.178362404024075,-0.325128069236446,-0.44761467228243));
#3172=CARTESIAN_POINT('Origin',(0.163988205389242,-0.298926048275047,-0.445));
#3173=CARTESIAN_POINT('Origin',(-1.09273919746571E-17,0.,-0.44761467228243));
#3174=CARTESIAN_POINT('Origin',(1.45375686949629,-2.64998202230303,-0.445));
#3175=CARTESIAN_POINT('Origin',(1.45375686949629,-2.64998202230303,-0.44761467228243));
#3176=CARTESIAN_POINT('Origin',(1.45375686949629,-2.64998202230303,-0.475));
#3177=CARTESIAN_POINT('Origin',(1.18004308809669,-0.0227301337744066,-0.445));
#3178=CARTESIAN_POINT('',(1.20992892903944,-0.0227301337744066,-0.44761467228243));
#3179=CARTESIAN_POINT('',(1.18004308809669,-0.0227301337744066,-0.475));
#3180=CARTESIAN_POINT('Origin',(1.21635088345995,-0.0227301337744066,-0.03));
#3181=CARTESIAN_POINT('',(1.2462367244027,-0.0227301337744066,-0.0326146722824298));
#3182=CARTESIAN_POINT('',(1.21635088345995,-0.0227301337744066,0.));
#3183=CARTESIAN_POINT('Origin',(0.624545069246014,0.211800477419109,-0.03));
#3184=CARTESIAN_POINT('',(0.327652355302703,0.241686318361861,-0.0326146722824297));
#3185=CARTESIAN_POINT('',(0.351056345570106,0.211800477419109,0.));
#3186=CARTESIAN_POINT('Ctrl Pts',(0.351056345570161,0.211800477419018,6.91499023396267E-18));
#3187=CARTESIAN_POINT('Ctrl Pts',(0.350779138736027,0.212259943891162,1.39615855393335E-15));
#3188=CARTESIAN_POINT('Ctrl Pts',(0.350502472908973,0.212714682104261,-1.05646141228051E-5));
#3189=CARTESIAN_POINT('Ctrl Pts',(0.347916228993764,0.216931593824722,-0.000202377813951075));
#3190=CARTESIAN_POINT('Ctrl Pts',(0.345323649024066,0.220884711569269,-0.00113054998097783));
#3191=CARTESIAN_POINT('Ctrl Pts',(0.340227698894908,0.228124819766408,-0.0045150183655428));
#3192=CARTESIAN_POINT('Ctrl Pts',(0.337726512524471,0.231413849188662,-0.00697024014515266));
#3193=CARTESIAN_POINT('Ctrl Pts',(0.33366143963531,0.236402293875896,-0.0124695641440794));
#3194=CARTESIAN_POINT('Ctrl Pts',(0.331765382121457,0.238542127819462,-0.0158228982190188));
#3195=CARTESIAN_POINT('Ctrl Pts',(0.328927866811977,0.241328219509146,-0.0233503048894153));
#3196=CARTESIAN_POINT('Ctrl Pts',(0.327996463213649,0.241969195048422,-0.0275301171997577));
#3197=CARTESIAN_POINT('Ctrl Pts',(0.327688282119323,0.241741844025815,-0.0319074552823195));
#3198=CARTESIAN_POINT('Ctrl Pts',(0.327668002814819,0.241717304315626,-0.0322605012102426));
#3199=CARTESIAN_POINT('Ctrl Pts',(0.327652355302701,0.241686318361861,-0.0326146722824282));
#3200=CARTESIAN_POINT('',(0.624545069246014,0.211800477419109,0.));
#3201=CARTESIAN_POINT('',(0.624545069246014,0.241686318361861,-0.0326146722824298));
#3202=CARTESIAN_POINT('Origin',(-1.24909013849197,0.0454602675488133,0.));
#3203=CARTESIAN_POINT('',(-1.20753302331721,-0.244539732451195,-0.475));
#3204=CARTESIAN_POINT('Origin',(-1.24909013849203,-0.244539732451187,0.));
#3205=CARTESIAN_POINT('Ctrl Pts',(-0.327652355302699,-0.241686318361861,
-0.0326146722824304));
#3206=CARTESIAN_POINT('Ctrl Pts',(-0.318212924868707,-0.222993905613887,
-0.24626992765658));
#3207=CARTESIAN_POINT('Ctrl Pts',(-0.308773494434972,-0.205378522998602,
-0.44761467228243));
#3208=CARTESIAN_POINT('Origin',(0.,0.,0.));
#3209=CARTESIAN_POINT('',(0.197197778425287,-0.35946214847203,0.));
#3210=CARTESIAN_POINT('',(0.197197778425287,-0.35946214847203,0.));
#3211=CARTESIAN_POINT('',(-0.329090138492028,-0.244539732451187,0.));
#3212=CARTESIAN_POINT('Origin',(0.,0.,0.));
#3213=CARTESIAN_POINT('Origin',(0.,0.,0.));
#3214=CARTESIAN_POINT('Origin',(1.45375686949629,-2.64998202230303,0.));
#3215=CARTESIAN_POINT('Ctrl Pts',(0.197197778425289,-0.359462148472034,
5.31938184855072E-14));
#3216=CARTESIAN_POINT('Ctrl Pts',(0.200787541019577,-0.357492836232409,
5.32126833958438E-14));
#3217=CARTESIAN_POINT('Ctrl Pts',(0.204558818175521,-0.355348095302581,
-0.000879439272597824));
#3218=CARTESIAN_POINT('Ctrl Pts',(0.211575698592778,-0.351215464438519,
-0.00416290023752999));
#3219=CARTESIAN_POINT('Ctrl Pts',(0.214833853098402,-0.349223452914611,
-0.00653482017767857));
#3220=CARTESIAN_POINT('Ctrl Pts',(0.224391110368804,-0.34323890834625,-0.0151292381634649));
#3221=CARTESIAN_POINT('Ctrl Pts',(0.230290783999205,-0.339271196561571,
-0.0236019065780183));
#3222=CARTESIAN_POINT('Ctrl Pts',(0.235390213298562,-0.335695468368665,
-0.0326146722824268));
#3223=CARTESIAN_POINT('Origin',(0.,0.,0.));
#3224=CARTESIAN_POINT('Origin',(0.,0.,0.));
#3225=CARTESIAN_POINT('Origin',(1.24909013849203,-0.0454602675488133,0.));
#3226=CARTESIAN_POINT('Origin',(-1.24909013849203,-0.194729997546599,0.00435778713738291));
#3227=CARTESIAN_POINT('',(-0.305793660053238,-0.189974307397723,-0.05));
#3228=CARTESIAN_POINT('',(-0.302909710141192,-0.194539732451187,0.00218304714542558));
#3229=CARTESIAN_POINT('Origin',(0.,0.,-2.22141626973684));
#3230=CARTESIAN_POINT('',(-0.281756235673047,-0.15716605857539,-0.425));
#3231=CARTESIAN_POINT('Ctrl Pts',(-0.302909710141193,-0.194539732451187,
0.00218304714542655));
#3232=CARTESIAN_POINT('Ctrl Pts',(-0.292332972906709,-0.175176797425159,
-0.219136312937045));
#3233=CARTESIAN_POINT('Ctrl Pts',(-0.281756235672222,-0.157166058575096,
-0.425000000004641));
#3234=CARTESIAN_POINT('',(-1.16171646461632,-0.157166058575502,-0.425));
#3235=CARTESIAN_POINT('',(-0.624545069246014,-0.157166058575502,-0.425));
#3236=CARTESIAN_POINT('',(-1.19452471343855,-0.189974307397723,-0.05));
#3237=CARTESIAN_POINT('',(-1.19856277775281,-0.19401237171198,-0.0038447136861289));
#3238=CARTESIAN_POINT('',(-0.624545069246014,-0.189974307397723,-0.05));
#3239=CARTESIAN_POINT('Origin',(1.24909013849203,0.1947299975466,0.00435778713738291));
#3240=CARTESIAN_POINT('',(0.305793660053238,0.189974307397723,-0.05));
#3241=CARTESIAN_POINT('',(1.19452471343856,0.189974307397723,-0.05));
#3242=CARTESIAN_POINT('',(0.624545069246014,0.189974307397723,-0.05));
#3243=CARTESIAN_POINT('',(0.302909710141192,0.194539732451185,0.0021830471454112));
#3244=CARTESIAN_POINT('Origin',(0.,0.,-2.22141626973684));
#3245=CARTESIAN_POINT('',(0.281756235673047,0.15716605857539,-0.425));
#3246=CARTESIAN_POINT('Ctrl Pts',(0.302909710141192,0.194539732451186,0.00218304714541248));
#3247=CARTESIAN_POINT('Ctrl Pts',(0.292332972906709,0.175176797425158,-0.219136312937052));
#3248=CARTESIAN_POINT('Ctrl Pts',(0.281756235672222,0.157166058575096,-0.425000000004641));
#3249=CARTESIAN_POINT('',(1.16171646461634,0.157166058575502,-0.425));
#3250=CARTESIAN_POINT('',(0.624545069246014,0.157166058575502,-0.425));
#3251=CARTESIAN_POINT('',(1.19856277775282,0.19401237171198,-0.00384471368612813));
#3252=CARTESIAN_POINT('Origin',(0.,0.,0.));
#3253=CARTESIAN_POINT('',(0.17314926886123,-0.315625301097396,0.00218304714547725));
#3254=CARTESIAN_POINT('',(0.21827928522438,-0.286276358859641,-0.05));
#3255=CARTESIAN_POINT('Ctrl Pts',(0.17314926886123,-0.315625301097396,0.00218304714547813));
#3256=CARTESIAN_POINT('Ctrl Pts',(0.177423557038481,-0.313280464133375,
0.0021830471454781));
#3257=CARTESIAN_POINT('Ctrl Pts',(0.181760932574695,-0.310779598445541,
0.000801704403705157));
#3258=CARTESIAN_POINT('Ctrl Pts',(0.189611905708258,-0.306052805847286,
-0.0039735901628931));
#3259=CARTESIAN_POINT('Ctrl Pts',(0.193151070799513,-0.303817380209856,
-0.0073159262720827));
#3260=CARTESIAN_POINT('Ctrl Pts',(0.204235974009978,-0.296617373271248,
-0.0200395546270909));
#3261=CARTESIAN_POINT('Ctrl Pts',(0.210617044461881,-0.292043098526045,
-0.032243703364129));
#3262=CARTESIAN_POINT('Ctrl Pts',(0.216906278922458,-0.287319424434236,
-0.0467081900230513));
#3263=CARTESIAN_POINT('Ctrl Pts',(0.217600089388877,-0.286794230408977,
-0.0483502157430665));
#3264=CARTESIAN_POINT('Ctrl Pts',(0.218279285224379,-0.286276358859641,
-0.0500000000000002));
#3265=CARTESIAN_POINT('',(-0.288957194773488,-0.214717813859579,0.00218304714542558));
#3266=CARTESIAN_POINT('Origin',(0.,0.,0.00218304714542558));
#3267=CARTESIAN_POINT('',(-0.288957194773488,-0.214717813859579,0.105));
#3268=CARTESIAN_POINT('',(-0.288957194773488,-0.214717813859579,0.));
#3269=CARTESIAN_POINT('Origin',(0.,0.,0.105));
#3270=CARTESIAN_POINT('Origin',(0.,0.,0.00218304714542558));
#3271=CARTESIAN_POINT('',(-0.218279285224404,0.286276358859622,-0.05));
#3272=CARTESIAN_POINT('Origin',(0.,0.,-0.05));
#3273=CARTESIAN_POINT('',(-0.173149268861224,0.315625301097387,0.00218304714542649));
#3274=CARTESIAN_POINT('Ctrl Pts',(-0.173149268861229,0.315625301097396,
0.00218304714554571));
#3275=CARTESIAN_POINT('Ctrl Pts',(-0.177423557038481,0.313280464133375,
0.00218304714554574));
#3276=CARTESIAN_POINT('Ctrl Pts',(-0.181760932574694,0.310779598445541,
0.000801704403769848));
#3277=CARTESIAN_POINT('Ctrl Pts',(-0.189611905708258,0.306052805847286,
-0.00397359016282854));
#3278=CARTESIAN_POINT('Ctrl Pts',(-0.193151070799513,0.303817380209856,
-0.00731592627201553));
#3279=CARTESIAN_POINT('Ctrl Pts',(-0.204235974009979,0.296617373271247,
-0.0200395546270246));
#3280=CARTESIAN_POINT('Ctrl Pts',(-0.21061704446188,0.292043098526046,-0.0322437033640649));
#3281=CARTESIAN_POINT('Ctrl Pts',(-0.216906278922466,0.287319424434229,
-0.0467081900230088));
#3282=CARTESIAN_POINT('Ctrl Pts',(-0.217600089388895,0.286794230408963,
-0.0483502157430444));
#3283=CARTESIAN_POINT('Ctrl Pts',(-0.218279285224405,0.286276358859621,
-0.0499999999999991));
#3284=CARTESIAN_POINT('Origin',(0.,0.,0.00218304714542558));
#3285=CARTESIAN_POINT('Origin',(0.,0.,-0.05));
#3286=CARTESIAN_POINT('Origin',(0.,0.,-0.05));
#3287=CARTESIAN_POINT('',(1.19452471343856,0.00450625491696127,-0.05));
#3288=CARTESIAN_POINT('',(1.19452471343856,-0.0227301337744066,-0.05));
#3289=CARTESIAN_POINT('Origin',(1.45375686949629,-2.64998202230303,-0.05));
#3290=CARTESIAN_POINT('Origin',(1.45375686949629,-2.64998202230303,0.00435778713738291));
#3291=CARTESIAN_POINT('',(0.155173645788358,-0.282858420347033,-0.425));
#3292=CARTESIAN_POINT('',(1.16171646461634,0.0341016086128104,-0.425));
#3293=CARTESIAN_POINT('Origin',(1.45375686949629,-2.64998202230303,-0.425));
#3294=CARTESIAN_POINT('',(0.173240780700562,-0.315792113536358,0.00435778713738291));
#3295=CARTESIAN_POINT('Ctrl Pts',(1.16171646461631,0.0341016086128367,-0.425000000000326));
#3296=CARTESIAN_POINT('Ctrl Pts',(1.17821152830353,0.0193039317647905,-0.236460559318111));
#3297=CARTESIAN_POINT('Ctrl Pts',(1.19452471343881,0.00450625491673815,
-0.0499999999971824));
#3298=CARTESIAN_POINT('Origin',(1.19928040358744,-0.0454602675488133,0.00435778713738292));
#3299=CARTESIAN_POINT('',(1.16171646461634,-0.0227301337744066,-0.425));
#3300=CARTESIAN_POINT('Origin',(0.,0.,0.00435778713738291));
#3301=CARTESIAN_POINT('Origin',(0.,0.,-0.425));
#3302=CARTESIAN_POINT('Origin',(0.,0.,0.00435778713738291));
#3303=CARTESIAN_POINT('',(-0.155173645788354,0.282858420347028,-0.425));
#3304=CARTESIAN_POINT('',(-0.173240780700558,0.315792113536353,0.00435778713738291));
#3305=CARTESIAN_POINT('Origin',(0.,0.,-0.425));
#3306=CARTESIAN_POINT('Origin',(-1.45375686949629,2.64998202230304,0.00435778713738291));
#3307=CARTESIAN_POINT('',(-1.1617164646163,-0.0341016086128105,-0.425));
#3308=CARTESIAN_POINT('Origin',(-1.45375686949629,2.64998202230304,-0.425));
#3309=CARTESIAN_POINT('',(-1.19452471343851,-0.00450625491696139,-0.05));
#3310=CARTESIAN_POINT('Origin',(-1.45375686949629,2.64998202230304,-0.05));
#3311=CARTESIAN_POINT('Ctrl Pts',(-1.16171646461627,-0.0341016086128392,
-0.425000000000325));
#3312=CARTESIAN_POINT('Ctrl Pts',(-1.17821152830345,-0.0193039317648138,
-0.236460559318394));
#3313=CARTESIAN_POINT('Ctrl Pts',(-1.19452471343876,-0.00450625491673711,
-0.0499999999971826));
#3314=CARTESIAN_POINT('Origin',(-1.19928040358738,0.0454602675488029,0.00435778713738292));
#3315=CARTESIAN_POINT('',(-1.16171646461629,0.022730133774518,-0.425));
#3316=CARTESIAN_POINT('',(-1.19452471343851,0.0227301337745248,-0.05));
#3317=CARTESIAN_POINT('Origin',(0.,0.,-0.425));
#3318=CARTESIAN_POINT('Origin',(0.,0.,-0.05));
#3319=CARTESIAN_POINT('Origin',(0.,0.,0.));
#3320=CARTESIAN_POINT('',(-0.329090138492028,-0.244539732451187,0.105));
#3321=CARTESIAN_POINT('Origin',(0.,0.,0.105));
#3322=CARTESIAN_POINT('',(-0.329090138492028,-0.244539732451187,0.));
#3323=CARTESIAN_POINT('',(-0.197197778425283,0.359462148472025,0.));
#3324=CARTESIAN_POINT('Origin',(0.,0.,0.));
#3325=CARTESIAN_POINT('Ctrl Pts',(-0.197197778425288,0.359462148472034,
1.1912223176373E-13));
#3326=CARTESIAN_POINT('Ctrl Pts',(-0.200787541019577,0.357492836232409,
1.19130243668421E-13));
#3327=CARTESIAN_POINT('Ctrl Pts',(-0.204558818175519,0.355348095302582,
-0.000879439272531604));
#3328=CARTESIAN_POINT('Ctrl Pts',(-0.211575698592777,0.35121546443852,-0.00416290023746394));
#3329=CARTESIAN_POINT('Ctrl Pts',(-0.214833853098401,0.349223452914611,
-0.00653482017761195));
#3330=CARTESIAN_POINT('Ctrl Pts',(-0.224391110368821,0.34323890834624,-0.0151292381634139));
#3331=CARTESIAN_POINT('Ctrl Pts',(-0.230290783999234,0.339271196561552,
-0.0236019065779944));
#3332=CARTESIAN_POINT('Ctrl Pts',(-0.2353902132986,0.335695468368639,-0.0326146722824283));
#3333=CARTESIAN_POINT('Origin',(0.,0.,0.));
#3334=CARTESIAN_POINT('Origin',(0.,0.,0.105));
#3335=CARTESIAN_POINT('Origin',(1.24909013849203,0.244539732451187,0.));
#3336=CARTESIAN_POINT('Ctrl Pts',(0.327652355302703,0.241686318361861,-0.0326146722824305));
#3337=CARTESIAN_POINT('Ctrl Pts',(0.318212924869041,0.222993905614528,-0.246269927649251));
#3338=CARTESIAN_POINT('Ctrl Pts',(0.308773494434968,0.205378522998602,-0.44761467228243));
#3339=CARTESIAN_POINT('Origin',(0.,0.,0.));
#3340=CARTESIAN_POINT('',(-0.197197778425283,0.359462148472025,0.));
#3341=CARTESIAN_POINT('Origin',(-1.45375686949629,2.64998202230304,0.));
#3342=CARTESIAN_POINT('Origin',(0.,0.,-0.475));
#3343=CARTESIAN_POINT('Origin',(0.,0.,0.));
#3344=UNCERTAINTY_MEASURE_WITH_UNIT(LENGTH_MEASURE(0.000393700787401575),
#3349,'DISTANCE_ACCURACY_VALUE',
'Maximum model space distance between geometric entities at asserted c
onnectivities');
#3345=UNCERTAINTY_MEASURE_WITH_UNIT(LENGTH_MEASURE(0.000393700787401575),
#3349,'DISTANCE_ACCURACY_VALUE',
'Maximum model space distance between geometric entities at asserted c
onnectivities');
#3346=(
GEOMETRIC_REPRESENTATION_CONTEXT(3)
GLOBAL_UNCERTAINTY_ASSIGNED_CONTEXT((#3344))
GLOBAL_UNIT_ASSIGNED_CONTEXT((#3349,#3353,#3354))
REPRESENTATION_CONTEXT('','3D')
);
#3347=(
GEOMETRIC_REPRESENTATION_CONTEXT(3)
GLOBAL_UNCERTAINTY_ASSIGNED_CONTEXT((#3345))
GLOBAL_UNIT_ASSIGNED_CONTEXT((#3349,#3353,#3354))
REPRESENTATION_CONTEXT('','3D')
);
#3348=DIMENSIONAL_EXPONENTS(1.,0.,0.,0.,0.,0.,0.);
#3349=(
CONVERSION_BASED_UNIT('inch',#3352)
LENGTH_UNIT()
NAMED_UNIT(#3348)
);
#3350=(
LENGTH_UNIT()
NAMED_UNIT(*)
SI_UNIT(.MILLI.,.METRE.)
);
#3351=(
LENGTH_UNIT()
NAMED_UNIT(*)
SI_UNIT($,.METRE.)
);
#3352=LENGTH_MEASURE_WITH_UNIT(LENGTH_MEASURE(25.4),#3350);
#3353=(
NAMED_UNIT(*)
PLANE_ANGLE_UNIT()
SI_UNIT($,.RADIAN.)
);
#3354=(
NAMED_UNIT(*)
SI_UNIT($,.STERADIAN.)
SOLID_ANGLE_UNIT()
);
#3355=SHAPE_DEFINITION_REPRESENTATION(#3356,#3357);
#3356=PRODUCT_DEFINITION_SHAPE('',$,#3359);
#3357=SHAPE_REPRESENTATION('',(#1202),#3346);
#3358=PRODUCT_DEFINITION_CONTEXT('part definition',#3363,'design');
#3359=PRODUCT_DEFINITION('Wing Screw','Wing Screw',#3360,#3358);
#3360=PRODUCT_DEFINITION_FORMATION('',$,#3365);
#3361=PRODUCT_RELATED_PRODUCT_CATEGORY('Wing Screw','Wing Screw',(#3365));
#3362=APPLICATION_PROTOCOL_DEFINITION('international standard',
'automotive_design',2009,#3363);
#3363=APPLICATION_CONTEXT(
'Core Data for Automotive Mechanical Design Process');
#3364=PRODUCT_CONTEXT('part definition',#3363,'mechanical');
#3365=PRODUCT('Wing Screw','Wing Screw',$,(#3364));
#3366=PRESENTATION_STYLE_ASSIGNMENT((#3367));
#3367=SURFACE_STYLE_USAGE(.BOTH.,#3368);
#3368=SURFACE_SIDE_STYLE('',(#3369));
#3369=SURFACE_STYLE_FILL_AREA(#3370);
#3370=FILL_AREA_STYLE('Steel - Satin',(#3371));
#3371=FILL_AREA_STYLE_COLOUR('Steel - Satin',#3372);
#3372=COLOUR_RGB('Steel - Satin',0.627450980392157,0.627450980392157,0.627450980392157);
ENDSEC;
END-ISO-10303-21;
