ISO-10303-21;
HEADER;
/* Generated by software containing ST-Developer
 * from STEP Tools, Inc. (www.steptools.com) 
 */

FILE_DESCRIPTION(
/* description */ (''),
/* implementation_level */ '2;1');

FILE_NAME(
/* name */ 'Ball & Post.step',
/* time_stamp */ '2026-09-18T21:22:57-04:00',
/* author */ (''),
/* organization */ (''),
/* preprocessor_version */ 'ST-DEVELOPER v20.2',
/* originating_system */ 'Autodesk Translation Framework v15.15.0.0',
/* authorisation */ '');

FILE_SCHEMA (('AUTOMOTIVE_DESIGN { 1 0 10303 214 3 1 1 }'));
ENDSEC;

DATA;
#10=MECHANICAL_DESIGN_GEOMETRIC_PRESENTATION_REPRESENTATION('',(#13),#2273);
#11=SHAPE_REPRESENTATION_RELATIONSHIP('SRR','None',#2283,#12);
#12=ADVANCED_BREP_SHAPE_REPRESENTATION('',(#14),#2272);
#13=STYLED_ITEM('',(#2292),#14);
#14=MANIFOLD_SOLID_BREP('Body2',#547);
#15=(
BOUNDED_SURFACE()
B_SPLINE_SURFACE(2,2,((#2213,#2214,#2215,#2216,#2217,#2218,#2219,#2220,
#2221),(#2222,#2223,#2224,#2225,#2226,#2227,#2228,#2229,#2230),(#2231,#2232,
#2233,#2234,#2235,#2236,#2237,#2238,#2239),(#2240,#2241,#2242,#2243,#2244,
#2245,#2246,#2247,#2248),(#2249,#2250,#2251,#2252,#2253,#2254,#2255,#2256,
#2257)),.UNSPECIFIED.,.F.,.T.,.F.)
B_SPLINE_SURFACE_WITH_KNOTS((3,2,3),(3,2,2,2,3),(-1.5707963267949,-0.153146746263841,
1.26450283426721),(-3.14159265358979,-1.5707963267949,0.,1.5707963267949,
3.14159265358979),.UNSPECIFIED.)
GEOMETRIC_REPRESENTATION_ITEM()
RATIONAL_B_SPLINE_SURFACE(((1.,0.707106781186548,1.,0.707106781186548,1.,
0.707106781186548,1.,0.707106781186548,1.),(0.75912739351361,0.536784127737943,
0.75912739351361,0.536784127737943,0.75912739351361,0.536784127737943,0.75912739351361,
0.536784127737943,0.75912739351361),(1.,0.707106781186548,1.,0.707106781186548,
1.,0.707106781186548,1.,0.707106781186548,1.),(0.75912739351361,0.536784127737942,
0.75912739351361,0.536784127737942,0.75912739351361,0.536784127737942,0.75912739351361,
0.536784127737942,0.75912739351361),(1.,0.707106781186548,1.,0.707106781186548,
1.,0.707106781186548,1.,0.707106781186548,1.)))
REPRESENTATION_ITEM('')
SURFACE()
);
#16=PLANE('',#583);
#17=PLANE('',#588);
#18=PLANE('',#591);
#19=PLANE('',#597);
#20=B_SPLINE_SURFACE_WITH_KNOTS('',3,3,((#1413,#1414,#1415,#1416,#1417,
#1418,#1419,#1420,#1421,#1422,#1423,#1424,#1425,#1426,#1427,#1428,#1429,
#1430,#1431,#1432,#1433,#1434,#1435,#1436,#1437,#1438,#1439,#1440,#1441,
#1442,#1443,#1444,#1445,#1446,#1447,#1448,#1449,#1450,#1451,#1452,#1453,
#1454,#1455,#1456,#1457,#1458,#1459,#1460,#1461,#1462,#1463,#1464,#1465,
#1466,#1467,#1468,#1469,#1470,#1471,#1472,#1473,#1474,#1475,#1476,#1477,
#1478,#1479,#1480),(#1481,#1482,#1483,#1484,#1485,#1486,#1487,#1488,#1489,
#1490,#1491,#1492,#1493,#1494,#1495,#1496,#1497,#1498,#1499,#1500,#1501,
#1502,#1503,#1504,#1505,#1506,#1507,#1508,#1509,#1510,#1511,#1512,#1513,
#1514,#1515,#1516,#1517,#1518,#1519,#1520,#1521,#1522,#1523,#1524,#1525,
#1526,#1527,#1528,#1529,#1530,#1531,#1532,#1533,#1534,#1535,#1536,#1537,
#1538,#1539,#1540,#1541,#1542,#1543,#1544,#1545,#1546,#1547,#1548),(#1549,
#1550,#1551,#1552,#1553,#1554,#1555,#1556,#1557,#1558,#1559,#1560,#1561,
#1562,#1563,#1564,#1565,#1566,#1567,#1568,#1569,#1570,#1571,#1572,#1573,
#1574,#1575,#1576,#1577,#1578,#1579,#1580,#1581,#1582,#1583,#1584,#1585,
#1586,#1587,#1588,#1589,#1590,#1591,#1592,#1593,#1594,#1595,#1596,#1597,
#1598,#1599,#1600,#1601,#1602,#1603,#1604,#1605,#1606,#1607,#1608,#1609,
#1610,#1611,#1612,#1613,#1614,#1615,#1616),(#1617,#1618,#1619,#1620,#1621,
#1622,#1623,#1624,#1625,#1626,#1627,#1628,#1629,#1630,#1631,#1632,#1633,
#1634,#1635,#1636,#1637,#1638,#1639,#1640,#1641,#1642,#1643,#1644,#1645,
#1646,#1647,#1648,#1649,#1650,#1651,#1652,#1653,#1654,#1655,#1656,#1657,
#1658,#1659,#1660,#1661,#1662,#1663,#1664,#1665,#1666,#1667,#1668,#1669,
#1670,#1671,#1672,#1673,#1674,#1675,#1676,#1677,#1678,#1679,#1680,#1681,
#1682,#1683,#1684)),.UNSPECIFIED.,.F.,.F.,.F.,(4,4),(4,1,1,1,1,1,1,1,1,
1,1,1,1,1,1,1,1,1,1,1,1,1,1,1,1,1,1,1,1,1,1,1,1,1,1,1,1,1,1,1,1,1,1,1,1,
1,1,1,1,1,1,1,1,1,1,1,1,1,1,1,1,1,1,1,1,4),(0.,0.0783094811118039),(8.36551913205656,
9.36196514425345,10.3584111564503,11.3548571686472,12.3513031808441,13.347749193041,
14.3441952052379,15.3406412174348,16.3370872296317,17.3335332418286,18.3299792540255,
19.3264252662224,20.3228712784193,21.3193172906162,22.315763302813,23.3122093150099,
24.3086553272068,25.3051013394037,26.3015473516006,27.2979933637975,28.2944393759944,
29.2908853881913,30.2873314003882,31.2837774125851,32.280223424782,33.2766694369789,
34.2731154491757,35.2695614613726,36.2660074735695,37.2624534857664,38.2588994979633,
39.2553455101602,40.2517915223571,41.248237534554,42.2446835467509,43.2411295589478,
44.2375755711447,45.2340215833416,46.2304675955385,47.2269136077353,48.2233596199322,
49.2198056321291,50.216251644326,51.2126976565229,52.2091436687198,53.2055896809167,
54.2020356931136,55.1984817053105,56.1949277175074,57.1913737297043,58.1878197419012,
59.184265754098,60.1807117662949,61.1771577784918,62.1736037906887,63.1700498028856,
64.1664958150825,65.1629418272794,66.1593878394763,67.1558338516732,68.1522798638701,
69.148725876067,70.1451718882639,71.1416179004608,72.1380639126576,73.1345099248545),
 .UNSPECIFIED.);
#21=B_SPLINE_SURFACE_WITH_KNOTS('',3,3,((#1869,#1870,#1871,#1872,#1873,
#1874,#1875,#1876,#1877,#1878,#1879,#1880,#1881,#1882,#1883,#1884,#1885,
#1886,#1887,#1888,#1889,#1890,#1891,#1892,#1893,#1894,#1895,#1896,#1897,
#1898,#1899,#1900,#1901,#1902,#1903,#1904,#1905,#1906,#1907,#1908,#1909,
#1910,#1911,#1912,#1913,#1914,#1915,#1916,#1917,#1918,#1919,#1920,#1921,
#1922,#1923,#1924,#1925,#1926,#1927,#1928,#1929,#1930,#1931,#1932,#1933,
#1934,#1935,#1936),(#1937,#1938,#1939,#1940,#1941,#1942,#1943,#1944,#1945,
#1946,#1947,#1948,#1949,#1950,#1951,#1952,#1953,#1954,#1955,#1956,#1957,
#1958,#1959,#1960,#1961,#1962,#1963,#1964,#1965,#1966,#1967,#1968,#1969,
#1970,#1971,#1972,#1973,#1974,#1975,#1976,#1977,#1978,#1979,#1980,#1981,
#1982,#1983,#1984,#1985,#1986,#1987,#1988,#1989,#1990,#1991,#1992,#1993,
#1994,#1995,#1996,#1997,#1998,#1999,#2000,#2001,#2002,#2003,#2004),(#2005,
#2006,#2007,#2008,#2009,#2010,#2011,#2012,#2013,#2014,#2015,#2016,#2017,
#2018,#2019,#2020,#2021,#2022,#2023,#2024,#2025,#2026,#2027,#2028,#2029,
#2030,#2031,#2032,#2033,#2034,#2035,#2036,#2037,#2038,#2039,#2040,#2041,
#2042,#2043,#2044,#2045,#2046,#2047,#2048,#2049,#2050,#2051,#2052,#2053,
#2054,#2055,#2056,#2057,#2058,#2059,#2060,#2061,#2062,#2063,#2064,#2065,
#2066,#2067,#2068,#2069,#2070,#2071,#2072),(#2073,#2074,#2075,#2076,#2077,
#2078,#2079,#2080,#2081,#2082,#2083,#2084,#2085,#2086,#2087,#2088,#2089,
#2090,#2091,#2092,#2093,#2094,#2095,#2096,#2097,#2098,#2099,#2100,#2101,
#2102,#2103,#2104,#2105,#2106,#2107,#2108,#2109,#2110,#2111,#2112,#2113,
#2114,#2115,#2116,#2117,#2118,#2119,#2120,#2121,#2122,#2123,#2124,#2125,
#2126,#2127,#2128,#2129,#2130,#2131,#2132,#2133,#2134,#2135,#2136,#2137,
#2138,#2139,#2140)),.UNSPECIFIED.,.F.,.F.,.F.,(4,4),(4,1,1,1,1,1,1,1,1,
1,1,1,1,1,1,1,1,1,1,1,1,1,1,1,1,1,1,1,1,1,1,1,1,1,1,1,1,1,1,1,1,1,1,1,1,
1,1,1,1,1,1,1,1,1,1,1,1,1,1,1,1,1,1,1,1,4),(0.,0.078309481111804),(11.6884917220698,
12.6849377342667,13.6813837464635,14.6778297586604,15.6742757708573,16.6707217830542,
17.6671677952511,18.663613807448,19.6600598196449,20.6565058318418,21.6529518440387,
22.6493978562356,23.6458438684325,24.6422898806294,25.6387358928263,26.6351819050231,
27.63162791722,28.6280739294169,29.6245199416138,30.6209659538107,31.6174119660076,
32.6138579782045,33.6103039904014,34.6067500025983,35.6031960147952,36.5996420269921,
37.596088039189,38.5925340513859,39.5889800635827,40.5854260757796,41.5818720879765,
42.5783181001734,43.5747641123703,44.5712101245672,45.5676561367641,46.564102148961,
47.5605481611579,48.5569941733548,49.5534401855517,50.5498861977486,51.5463322099455,
52.5427782221423,53.5392242343392,54.5356702465361,55.532116258733,56.5285622709299,
57.5250082831268,58.5214542953237,59.5179003075206,60.5143463197175,61.5107923319144,
62.5072383441113,63.5036843563082,64.5001303685051,65.496576380702,66.4930223928988,
67.4894684050957,68.4859144172926,69.4823604294895,70.4788064416864,71.4752524538833,
72.4716984660802,73.4681444782771,74.464590490474,75.4610365026709,76.4574825148678),
 .UNSPECIFIED.);
#22=FACE_OUTER_BOUND('',#53,.T.);
#23=FACE_OUTER_BOUND('',#54,.T.);
#24=FACE_OUTER_BOUND('',#55,.T.);
#25=FACE_OUTER_BOUND('',#56,.T.);
#26=FACE_OUTER_BOUND('',#57,.T.);
#27=FACE_OUTER_BOUND('',#58,.T.);
#28=FACE_OUTER_BOUND('',#59,.T.);
#29=FACE_OUTER_BOUND('',#60,.T.);
#30=FACE_OUTER_BOUND('',#61,.T.);
#31=FACE_OUTER_BOUND('',#62,.T.);
#32=FACE_OUTER_BOUND('',#63,.T.);
#33=FACE_OUTER_BOUND('',#64,.T.);
#34=FACE_OUTER_BOUND('',#65,.T.);
#35=FACE_OUTER_BOUND('',#66,.T.);
#36=FACE_OUTER_BOUND('',#67,.T.);
#37=FACE_OUTER_BOUND('',#68,.T.);
#38=FACE_OUTER_BOUND('',#69,.T.);
#39=FACE_OUTER_BOUND('',#70,.T.);
#40=FACE_OUTER_BOUND('',#71,.T.);
#41=FACE_OUTER_BOUND('',#72,.T.);
#42=FACE_OUTER_BOUND('',#73,.T.);
#43=FACE_OUTER_BOUND('',#74,.T.);
#44=FACE_OUTER_BOUND('',#75,.T.);
#45=FACE_OUTER_BOUND('',#76,.T.);
#46=FACE_OUTER_BOUND('',#77,.T.);
#47=FACE_OUTER_BOUND('',#78,.T.);
#48=FACE_OUTER_BOUND('',#79,.T.);
#49=FACE_OUTER_BOUND('',#80,.T.);
#50=FACE_OUTER_BOUND('',#81,.T.);
#51=FACE_OUTER_BOUND('',#82,.T.);
#52=FACE_OUTER_BOUND('',#83,.T.);
#53=EDGE_LOOP('',(#326,#327,#328,#329));
#54=EDGE_LOOP('',(#330,#331,#332,#333));
#55=EDGE_LOOP('',(#334,#335,#336,#337));
#56=EDGE_LOOP('',(#338,#339,#340,#341));
#57=EDGE_LOOP('',(#342,#343,#344,#345));
#58=EDGE_LOOP('',(#346,#347,#348,#349));
#59=EDGE_LOOP('',(#350,#351,#352,#353));
#60=EDGE_LOOP('',(#354,#355,#356,#357));
#61=EDGE_LOOP('',(#358,#359,#360,#361));
#62=EDGE_LOOP('',(#362,#363,#364,#365));
#63=EDGE_LOOP('',(#366,#367,#368,#369));
#64=EDGE_LOOP('',(#370,#371,#372,#373));
#65=EDGE_LOOP('',(#374,#375,#376,#377));
#66=EDGE_LOOP('',(#378,#379,#380,#381));
#67=EDGE_LOOP('',(#382,#383,#384,#385));
#68=EDGE_LOOP('',(#386,#387,#388,#389));
#69=EDGE_LOOP('',(#390,#391,#392,#393));
#70=EDGE_LOOP('',(#394,#395,#396,#397));
#71=EDGE_LOOP('',(#398,#399,#400,#401));
#72=EDGE_LOOP('',(#402,#403,#404,#405));
#73=EDGE_LOOP('',(#406,#407,#408,#409,#410,#411,#412,#413,#414,#415,#416,
#417,#418,#419,#420,#421,#422,#423,#424,#425,#426,#427,#428,#429,#430));
#74=EDGE_LOOP('',(#431,#432,#433,#434,#435));
#75=EDGE_LOOP('',(#436,#437,#438,#439));
#76=EDGE_LOOP('',(#440,#441,#442,#443,#444,#445,#446,#447,#448,#449,#450,
#451,#452,#453,#454,#455,#456,#457,#458,#459,#460,#461,#462,#463,#464));
#77=EDGE_LOOP('',(#465,#466,#467,#468));
#78=EDGE_LOOP('',(#469,#470,#471,#472));
#79=EDGE_LOOP('',(#473,#474,#475,#476));
#80=EDGE_LOOP('',(#477,#478,#479,#480));
#81=EDGE_LOOP('',(#481,#482,#483,#484,#485,#486));
#82=EDGE_LOOP('',(#487));
#83=EDGE_LOOP('',(#488,#489,#490,#491));
#84=CIRCLE('',#562,0.1214);
#85=CIRCLE('',#573,0.0947);
#86=CIRCLE('',#584,0.118695773697675);
#87=CIRCLE('',#585,0.118695773697675);
#88=CIRCLE('',#586,0.0947);
#89=CIRCLE('',#589,0.1214);
#90=CIRCLE('',#592,0.118695773697675);
#91=CIRCLE('',#593,0.118695773697675);
#92=CIRCLE('',#594,0.393);
#93=CIRCLE('',#595,0.000195773697675977);
#94=CIRCLE('',#598,0.00019577369767541);
#95=B_SPLINE_CURVE_WITH_KNOTS('',3,(#708,#709,#710,#711,#712,#713,#714,
#715,#716,#717,#718,#719,#720),.UNSPECIFIED.,.F.,.F.,(4,3,3,3,4),(-4.01947154587916,
-3.98578404878757,-2.98933803659068,-1.99289202439378,-1.93713772100216),
 .UNSPECIFIED.);
#96=B_SPLINE_CURVE_WITH_KNOTS('',3,(#723,#724,#725,#726,#727,#728,#729),
 .UNSPECIFIED.,.F.,.F.,(4,3,4),(0.,0.99644601219689,1.05925882871274),
 .UNSPECIFIED.);
#97=B_SPLINE_CURVE_WITH_KNOTS('',3,(#734,#735,#736,#737,#738,#739,#740,
#741,#742,#743,#744,#745,#746,#747,#748,#749,#750,#751,#752,#753,#754,#755),
 .UNSPECIFIED.,.F.,.F.,(4,3,3,3,3,3,3,4),(-10.3026568530588,-9.96446012196893,
-8.96801410977204,-7.97156809757514,-6.97512208537825,-5.97867607318135,
-4.98223006098446,-4.01947154587916),.UNSPECIFIED.);
#98=B_SPLINE_CURVE_WITH_KNOTS('',3,(#756,#757,#758,#759,#760,#761,#762,
#763,#764,#765,#766,#767,#768,#769,#770,#771,#772,#773,#774,#775,#776,#777),
 .UNSPECIFIED.,.F.,.F.,(4,3,3,3,3,3,3,4),(1.05925882871274,1.99289202439378,
2.98933803659068,3.98578404878757,4.98223006098446,5.97867607318135,6.97512208537824,
7.34244413589232),.UNSPECIFIED.);
#99=B_SPLINE_CURVE_WITH_KNOTS('',3,(#782,#783,#784,#785,#786,#787,#788,
#789,#790,#791,#792,#793,#794,#795,#796,#797,#798,#799,#800,#801,#802,#803),
 .UNSPECIFIED.,.F.,.F.,(4,3,3,3,3,3,3,4),(-16.5858421602383,-15.9431361951503,
-14.9466901829534,-13.9502441707565,-12.9537981585596,-11.9573521463627,
-10.9609061341658,-10.3026568530588),.UNSPECIFIED.);
#100=B_SPLINE_CURVE_WITH_KNOTS('',3,(#804,#805,#806,#807,#808,#809,#810,
#811,#812,#813,#814,#815,#816,#817,#818,#819,#820,#821,#822,#823,#824,#825),
 .UNSPECIFIED.,.F.,.F.,(4,3,3,3,3,3,3,4),(7.34244413589232,7.97156809757513,
8.96801410977203,9.96446012196892,10.9609061341658,11.9573521463627,12.9537981585596,
13.6256294430719),.UNSPECIFIED.);
#101=B_SPLINE_CURVE_WITH_KNOTS('',3,(#830,#831,#832,#833,#834,#835,#836,
#837,#838,#839,#840,#841,#842,#843,#844,#845,#846,#847,#848,#849,#850,#851),
 .UNSPECIFIED.,.F.,.F.,(4,3,3,3,3,3,3,4),(-22.8690274674179,-21.9218122683316,
-20.9253662561347,-19.9289202439378,-18.932474231741,-17.9360282195441,
-16.9395822073472,-16.5858421602383),.UNSPECIFIED.);
#102=B_SPLINE_CURVE_WITH_KNOTS('',3,(#852,#853,#854,#855,#856,#857,#858,
#859,#860,#861,#862,#863,#864,#865,#866,#867,#868,#869,#870,#871,#872,#873),
 .UNSPECIFIED.,.F.,.F.,(4,3,3,3,3,3,3,4),(13.6256294430719,13.9502441707565,
14.9466901829534,15.9431361951503,16.9395822073472,17.9360282195441,18.9324742317409,
19.9088147502515),.UNSPECIFIED.);
#103=B_SPLINE_CURVE_WITH_KNOTS('',3,(#878,#879,#880,#881,#882,#883,#884,
#885,#886,#887,#888,#889,#890,#891,#892,#893,#894,#895,#896,#897,#898,#899,
#900,#901,#902),.UNSPECIFIED.,.F.,.F.,(4,3,3,3,3,3,3,3,4),(-29.1522127745975,
-28.8969343537099,-27.900488341513,-26.9040423293161,-25.9075963171192,
-24.9111503049223,-23.9147042927254,-22.9182582805285,-22.8690274674179),
 .UNSPECIFIED.);
#104=B_SPLINE_CURVE_WITH_KNOTS('',3,(#903,#904,#905,#906,#907,#908,#909,
#910,#911,#912,#913,#914,#915,#916,#917,#918,#919,#920,#921,#922,#923,#924,
#925,#926,#927),.UNSPECIFIED.,.F.,.F.,(4,3,3,3,3,3,3,3,4),(19.9088147502515,
19.9289202439378,20.9253662561347,21.9218122683316,22.9182582805285,23.9147042927254,
24.9111503049223,25.9075963171192,26.1920000574311),.UNSPECIFIED.);
#105=B_SPLINE_CURVE_WITH_KNOTS('',3,(#932,#933,#934,#935,#936,#937,#938,
#939,#940,#941,#942,#943,#944,#945,#946,#947,#948,#949,#950,#951,#952,#953),
 .UNSPECIFIED.,.F.,.F.,(4,3,3,3,3,3,3,4),(-35.4353980817771,-34.8756104268912,
-33.8791644146943,-32.8827184024974,-31.8862723903006,-30.8898263781037,
-29.8933803659068,-29.1522127745975),.UNSPECIFIED.);
#106=B_SPLINE_CURVE_WITH_KNOTS('',3,(#954,#955,#956,#957,#958,#959,#960,
#961,#962,#963,#964,#965,#966,#967,#968,#969,#970,#971,#972,#973,#974,#975),
 .UNSPECIFIED.,.F.,.F.,(4,3,3,3,3,3,3,4),(26.1920000574311,26.9040423293161,
27.900488341513,28.8969343537099,29.8933803659068,30.8898263781037,31.8862723903005,
32.4751853646107),.UNSPECIFIED.);
#107=B_SPLINE_CURVE_WITH_KNOTS('',3,(#980,#981,#982,#983,#984,#985,#986,
#987,#988,#989,#990,#991,#992,#993,#994,#995,#996,#997,#998,#999,#1000,
#1001),.UNSPECIFIED.,.F.,.F.,(4,3,3,3,3,3,3,4),(-41.7185833889567,-40.8542865000726,
-39.8578404878757,-38.8613944756788,-37.8649484634819,-36.868502451285,
-35.8720564390881,-35.4353980817771),.UNSPECIFIED.);
#108=B_SPLINE_CURVE_WITH_KNOTS('',3,(#1002,#1003,#1004,#1005,#1006,#1007,
#1008,#1009,#1010,#1011,#1012,#1013,#1014,#1015,#1016,#1017,#1018,#1019,
#1020,#1021,#1022,#1023),.UNSPECIFIED.,.F.,.F.,(4,3,3,3,3,3,3,4),(32.4751853646107,
32.8827184024974,33.8791644146943,34.8756104268912,35.8720564390881,36.868502451285,
37.8649484634819,38.7583706717903),.UNSPECIFIED.);
#109=B_SPLINE_CURVE_WITH_KNOTS('',3,(#1028,#1029,#1030,#1031,#1032,#1033,
#1034,#1035,#1036,#1037,#1038,#1039,#1040,#1041,#1042,#1043,#1044,#1045,
#1046,#1047,#1048,#1049,#1050,#1051,#1052),.UNSPECIFIED.,.F.,.F.,(4,3,3,
3,3,3,3,3,4),(-48.0017686961363,-47.8294085854508,-46.8329625732539,-45.8365165610571,
-44.8400705488602,-43.8436245366633,-42.8471785244664,-41.8507325122695,
-41.7185833889567),.UNSPECIFIED.);
#110=B_SPLINE_CURVE_WITH_KNOTS('',3,(#1053,#1054,#1055,#1056,#1057,#1058,
#1059,#1060,#1061,#1062,#1063,#1064,#1065,#1066,#1067,#1068,#1069,#1070,
#1071,#1072,#1073,#1074,#1075,#1076,#1077),.UNSPECIFIED.,.F.,.F.,(4,3,3,
3,3,3,3,3,4),(38.7583706717903,38.8613944756788,39.8578404878757,40.8542865000726,
41.8507325122695,42.8471785244664,43.8436245366632,44.8400705488601,45.0415559789699),
 .UNSPECIFIED.);
#111=B_SPLINE_CURVE_WITH_KNOTS('',3,(#1082,#1083,#1084,#1085,#1086,#1087,
#1088,#1089,#1090,#1091,#1092,#1093,#1094,#1095,#1096,#1097,#1098,#1099,
#1100,#1101,#1102,#1103),.UNSPECIFIED.,.F.,.F.,(4,3,3,3,3,3,3,4),(-54.2849540033159,
-53.8080846586322,-52.8116386464353,-51.8151926342384,-50.8187466220415,
-49.8223006098446,-48.8258545976477,-48.0017686961363),.UNSPECIFIED.);
#112=B_SPLINE_CURVE_WITH_KNOTS('',3,(#1104,#1105,#1106,#1107,#1108,#1109,
#1110,#1111,#1112,#1113,#1114,#1115,#1116,#1117,#1118,#1119,#1120,#1121,
#1122,#1123,#1124,#1125),.UNSPECIFIED.,.F.,.F.,(4,3,3,3,3,3,3,4),(45.0415559789699,
45.836516561057,46.8329625732539,47.8294085854508,48.8258545976477,49.8223006098446,
50.8187466220415,51.3247412861494),.UNSPECIFIED.);
#113=B_SPLINE_CURVE_WITH_KNOTS('',3,(#1130,#1131,#1132,#1133,#1134,#1135,
#1136,#1137,#1138,#1139,#1140,#1141,#1142,#1143,#1144,#1145,#1146,#1147,
#1148,#1149,#1150,#1151),.UNSPECIFIED.,.F.,.F.,(4,3,3,3,3,3,3,4),(-60.5681393104955,
-59.7867607318136,-58.7903147196167,-57.7938687074198,-56.7974226952229,
-55.800976683026,-54.8045306708291,-54.2849540033159),.UNSPECIFIED.);
#114=B_SPLINE_CURVE_WITH_KNOTS('',3,(#1152,#1153,#1154,#1155,#1156,#1157,
#1158,#1159,#1160,#1161,#1162,#1163,#1164,#1165,#1166,#1167,#1168,#1169,
#1170,#1171,#1172,#1173),.UNSPECIFIED.,.F.,.F.,(4,3,3,3,3,3,3,4),(51.3247412861494,
51.8151926342384,52.8116386464353,53.8080846586322,54.8045306708291,55.800976683026,
56.7974226952228,57.6079265933291),.UNSPECIFIED.);
#115=B_SPLINE_CURVE_WITH_KNOTS('',3,(#1179,#1180,#1181,#1182,#1183,#1184,
#1185),.UNSPECIFIED.,.F.,.F.,(4,1,1,1,4),(72.2566310325652,72.4716984660802,
73.4681444782771,74.464590490474,74.5203447938656),.UNSPECIFIED.);
#116=B_SPLINE_CURVE_WITH_KNOTS('',3,(#1188,#1189,#1190,#1191),
 .UNSPECIFIED.,.F.,.F.,(4,4),(72.2566310325652,73.1345099248545),
 .UNSPECIFIED.);
#117=B_SPLINE_CURVE_WITH_KNOTS('',3,(#1196,#1197,#1198,#1199,#1200,#1201,
#1202,#1203,#1204,#1205),.UNSPECIFIED.,.F.,.F.,(4,1,1,1,1,1,1,4),(65.9734457253856,
66.4930223928988,67.4894684050957,68.4859144172926,69.4823604294895,70.4788064416864,
71.4752524538833,72.2566310325652),.UNSPECIFIED.);
#118=B_SPLINE_CURVE_WITH_KNOTS('',3,(#1206,#1207,#1208,#1209,#1210,#1211,
#1212,#1213,#1214,#1215,#1216),.UNSPECIFIED.,.F.,.F.,(4,1,1,1,1,1,1,1,4),
(65.9734457253856,66.1593878394763,67.1558338516732,68.1522798638701,69.148725876067,
70.1451718882639,71.1416179004608,72.1380639126576,72.2566310325652),
 .UNSPECIFIED.);
#119=B_SPLINE_CURVE_WITH_KNOTS('',3,(#1221,#1222,#1223,#1224,#1225,#1226,
#1227,#1228,#1229,#1230),.UNSPECIFIED.,.F.,.F.,(4,1,1,1,1,1,1,4),(59.6902604182061,
60.5143463197175,61.5107923319144,62.5072383441113,63.5036843563082,64.5001303685051,
65.496576380702,65.9734457253856),.UNSPECIFIED.);
#120=B_SPLINE_CURVE_WITH_KNOTS('',3,(#1231,#1232,#1233,#1234,#1235,#1236,
#1237,#1238,#1239,#1240),.UNSPECIFIED.,.F.,.F.,(4,1,1,1,1,1,1,4),(59.6902604182061,
60.1807117662949,61.1771577784918,62.1736037906887,63.1700498028856,64.1664958150825,
65.1629418272794,65.9734457253856),.UNSPECIFIED.);
#121=B_SPLINE_CURVE_WITH_KNOTS('',3,(#1245,#1246,#1247,#1248,#1249,#1250,
#1251,#1252,#1253,#1254,#1255),.UNSPECIFIED.,.F.,.F.,(4,1,1,1,1,1,1,1,4),
(53.4070751110265,53.5392242343392,54.5356702465361,55.532116258733,56.5285622709299,
57.5250082831268,58.5214542953237,59.5179003075206,59.6902604182061),
 .UNSPECIFIED.);
#122=B_SPLINE_CURVE_WITH_KNOTS('',3,(#1256,#1257,#1258,#1259,#1260,#1261,
#1262,#1263,#1264,#1265),.UNSPECIFIED.,.F.,.F.,(4,1,1,1,1,1,1,4),(53.4070751110265,
54.2020356931136,55.1984817053105,56.1949277175074,57.1913737297043,58.1878197419012,
59.184265754098,59.6902604182061),.UNSPECIFIED.);
#123=B_SPLINE_CURVE_WITH_KNOTS('',3,(#1270,#1271,#1272,#1273,#1274,#1275,
#1276,#1277,#1278,#1279),.UNSPECIFIED.,.F.,.F.,(4,1,1,1,1,1,1,4),(47.1238898038469,
47.5605481611579,48.5569941733548,49.5534401855517,50.5498861977486,51.5463322099455,
52.5427782221423,53.4070751110265),.UNSPECIFIED.);
#124=B_SPLINE_CURVE_WITH_KNOTS('',3,(#1280,#1281,#1282,#1283,#1284,#1285,
#1286,#1287,#1288,#1289,#1290),.UNSPECIFIED.,.F.,.F.,(4,1,1,1,1,1,1,1,4),
(47.1238898038469,47.2269136077353,48.2233596199322,49.2198056321291,50.216251644326,
51.2126976565229,52.2091436687198,53.2055896809167,53.4070751110265),
 .UNSPECIFIED.);
#125=B_SPLINE_CURVE_WITH_KNOTS('',3,(#1295,#1296,#1297,#1298,#1299,#1300,
#1301,#1302,#1303,#1304),.UNSPECIFIED.,.F.,.F.,(4,1,1,1,1,1,1,4),(40.8407044966673,
41.5818720879765,42.5783181001734,43.5747641123703,44.5712101245672,45.5676561367641,
46.564102148961,47.1238898038469),.UNSPECIFIED.);
#126=B_SPLINE_CURVE_WITH_KNOTS('',3,(#1305,#1306,#1307,#1308,#1309,#1310,
#1311,#1312,#1313,#1314),.UNSPECIFIED.,.F.,.F.,(4,1,1,1,1,1,1,4),(40.8407044966673,
41.248237534554,42.2446835467509,43.2411295589478,44.2375755711447,45.2340215833416,
46.2304675955385,47.1238898038469),.UNSPECIFIED.);
#127=B_SPLINE_CURVE_WITH_KNOTS('',3,(#1319,#1320,#1321,#1322,#1323,#1324,
#1325,#1326,#1327,#1328,#1329),.UNSPECIFIED.,.F.,.F.,(4,1,1,1,1,1,1,1,4),
(34.5575191894877,34.6067500025983,35.6031960147952,36.5996420269921,37.596088039189,
38.5925340513859,39.5889800635827,40.5854260757796,40.8407044966673),
 .UNSPECIFIED.);
#128=B_SPLINE_CURVE_WITH_KNOTS('',3,(#1330,#1331,#1332,#1333,#1334,#1335,
#1336,#1337,#1338,#1339),.UNSPECIFIED.,.F.,.F.,(4,1,1,1,1,1,1,4),(34.5575191894877,
35.2695614613726,36.2660074735695,37.2624534857664,38.2588994979633,39.2553455101602,
40.2517915223571,40.8407044966673),.UNSPECIFIED.);
#129=B_SPLINE_CURVE_WITH_KNOTS('',3,(#1344,#1345,#1346,#1347,#1348,#1349,
#1350,#1351,#1352,#1353),.UNSPECIFIED.,.F.,.F.,(4,1,1,1,1,1,1,4),(28.2743338823081,
28.6280739294169,29.6245199416138,30.6209659538107,31.6174119660076,32.6138579782045,
33.6103039904014,34.5575191894877),.UNSPECIFIED.);
#130=B_SPLINE_CURVE_WITH_KNOTS('',3,(#1354,#1355,#1356,#1357,#1358,#1359,
#1360,#1361,#1362,#1363,#1364),.UNSPECIFIED.,.F.,.F.,(4,1,1,1,1,1,1,1,4),
(28.2743338823081,28.2944393759944,29.2908853881913,30.2873314003882,31.2837774125851,
32.280223424782,33.2766694369789,34.2731154491757,34.5575191894877),
 .UNSPECIFIED.);
#131=B_SPLINE_CURVE_WITH_KNOTS('',3,(#1369,#1370,#1371,#1372,#1373,#1374,
#1375,#1376,#1377,#1378),.UNSPECIFIED.,.F.,.F.,(4,1,1,1,1,1,1,4),(21.9911485751285,
22.6493978562356,23.6458438684325,24.6422898806294,25.6387358928263,26.6351819050231,
27.63162791722,28.2743338823081),.UNSPECIFIED.);
#132=B_SPLINE_CURVE_WITH_KNOTS('',3,(#1379,#1380,#1381,#1382,#1383,#1384,
#1385,#1386,#1387,#1388),.UNSPECIFIED.,.F.,.F.,(4,1,1,1,1,1,1,4),(21.9911485751285,
22.315763302813,23.3122093150099,24.3086553272068,25.3051013394037,26.3015473516006,
27.2979933637975,28.2743338823081),.UNSPECIFIED.);
#133=B_SPLINE_CURVE_WITH_KNOTS('',3,(#1393,#1394,#1395,#1396,#1397,#1398,
#1399,#1400,#1401,#1402),.UNSPECIFIED.,.F.,.F.,(4,1,1,1,1,1,1,4),(15.7079632679489,
16.6707217830542,17.6671677952511,18.663613807448,19.6600598196449,20.6565058318418,
21.6529518440387,21.9911485751285),.UNSPECIFIED.);
#134=B_SPLINE_CURVE_WITH_KNOTS('',3,(#1403,#1404,#1405,#1406,#1407,#1408,
#1409,#1410,#1411,#1412),.UNSPECIFIED.,.F.,.F.,(4,1,1,1,1,1,1,4),(15.7079632679489,
16.3370872296317,17.3335332418286,18.3299792540255,19.3264252662224,20.3228712784193,
21.3193172906162,21.9911485751285),.UNSPECIFIED.);
#135=B_SPLINE_CURVE_WITH_KNOTS('',3,(#1686,#1687,#1688,#1689,#1690,#1691,
#1692,#1693,#1694,#1695,#1696,#1697,#1698,#1699,#1700,#1701,#1702,#1703,
#1704,#1705,#1706,#1707,#1708,#1709,#1710,#1711,#1712,#1713,#1714,#1715,
#1716,#1717,#1718,#1719,#1720,#1721,#1722,#1723,#1724,#1725,#1726,#1727,
#1728,#1729,#1730,#1731),.UNSPECIFIED.,.F.,.F.,(4,3,3,3,3,3,3,3,3,3,3,3,
3,3,3,4),(0.,0.0694383543444096,0.11285120696718,0.134545303118457,0.199598418806154,
0.226339511038642,0.248027800502364,0.277753417377639,0.335117063583223,
0.356140644538758,0.402409436577691,0.432365370743038,0.453954318674225,
0.486733945598199,0.516787454343461,0.53873541327224),.UNSPECIFIED.);
#136=B_SPLINE_CURVE_WITH_KNOTS('',3,(#1732,#1733,#1734,#1735,#1736,#1737,
#1738,#1739,#1740,#1741,#1742,#1743,#1744,#1745,#1746,#1747,#1748,#1749,
#1750,#1751,#1752,#1753),.UNSPECIFIED.,.F.,.F.,(4,3,3,3,3,3,3,4),(57.6079265933291,
57.7938687074197,58.7903147196166,59.7867607318135,60.7832067440104,61.7796527562073,
62.7760987684042,62.8318530717958),.UNSPECIFIED.);
#137=B_SPLINE_CURVE_WITH_KNOTS('',3,(#1755,#1756,#1757,#1758),
 .UNSPECIFIED.,.F.,.F.,(4,4),(0.478635563427615,0.535871457672931),
 .UNSPECIFIED.);
#138=B_SPLINE_CURVE_WITH_KNOTS('',3,(#1760,#1761,#1762,#1763,#1764,#1765,
#1766,#1767,#1768,#1769,#1770,#1771,#1772,#1773,#1774,#1775,#1776,#1777,
#1778,#1779,#1780,#1781,#1782,#1783,#1784,#1785,#1786,#1787,#1788,#1789,
#1790,#1791,#1792,#1793,#1794,#1795,#1796,#1797,#1798,#1799),
 .UNSPECIFIED.,.F.,.F.,(4,3,3,3,3,3,3,3,3,3,3,3,3,4),(-0.538735413272177,
-0.500314970620189,-0.470156738235766,-0.43945819192401,-0.414543963243925,
-0.353235958762245,-0.33220481749536,-0.293291291864239,-0.233727687310733,
-0.212420136863299,-0.147002810999249,-0.120978152794233,-0.0997750425942673,
-0.0576351193016373),.UNSPECIFIED.);
#139=B_SPLINE_CURVE_WITH_KNOTS('',3,(#1800,#1801,#1802,#1803,#1804,#1805,
#1806,#1807,#1808,#1809),.UNSPECIFIED.,.F.,.F.,(4,1,1,1,1,1,1,4),(10.3026568530587,
10.3584111564503,11.3548571686472,12.3513031808441,13.347749193041,14.3441952052379,
15.3406412174348,15.7079632679489),.UNSPECIFIED.);
#140=B_SPLINE_CURVE_WITH_KNOTS('',3,(#1816,#1817,#1818,#1819,#1820,#1821,
#1822,#1823,#1824,#1825,#1826,#1827,#1828,#1829,#1830,#1831,#1832,#1833,
#1834,#1835,#1836,#1837,#1838,#1839,#1840,#1841,#1842,#1843,#1844,#1845,
#1846,#1847,#1848,#1849,#1850,#1851,#1852,#1853,#1854,#1855,#1856,#1857,
#1858),.UNSPECIFIED.,.F.,.F.,(4,3,3,3,3,3,3,3,3,3,3,3,3,3,4),(-0.473054138847334,
-0.423739897751628,-0.398356675248399,-0.333736705032391,-0.302434397852387,
-0.280667907685866,-0.259860890365372,-0.225036165000138,-0.199582924679204,
-0.179715807810012,-0.134786855857509,-0.107857345707059,-0.0815604193626588,
-0.0252783216826406,0.),.UNSPECIFIED.);
#141=B_SPLINE_CURVE_WITH_KNOTS('',3,(#1861,#1862,#1863,#1864,#1865,#1866,
#1867,#1868),.UNSPECIFIED.,.F.,.F.,(4,1,1,1,1,4),(11.6884917220698,12.6849377342667,
13.6813837464635,14.6778297586604,15.6742757708573,15.7079632679489),
 .UNSPECIFIED.);
#142=B_SPLINE_CURVE_WITH_KNOTS('',3,(#2142,#2143,#2144,#2145,#2146,#2147,
#2148,#2149,#2150,#2151,#2152,#2153,#2154,#2155,#2156,#2157,#2158,#2159,
#2160,#2161,#2162,#2163,#2164,#2165,#2166,#2167,#2168,#2169,#2170,#2171,
#2172,#2173,#2174,#2175,#2176,#2177,#2178,#2179,#2180,#2181,#2182,#2183,
#2184,#2185,#2186,#2187),.UNSPECIFIED.,.F.,.F.,(4,3,3,3,3,3,3,3,3,3,3,3,
3,3,3,4),(0.,0.0556754261510289,0.0888747002063705,0.109424791236539,0.170168042350812,
0.195502773157368,0.216044638041822,0.244406543925263,0.287706796510746,
0.317042804811855,0.371749968027123,0.410968975079218,0.43744651671465,
0.469685036746818,0.503466798590178,0.535871457672927),.UNSPECIFIED.);
#143=B_SPLINE_CURVE_WITH_KNOTS('',3,(#2188,#2189,#2190,#2191),
 .UNSPECIFIED.,.F.,.F.,(4,4),(0.,0.063270381175981),.UNSPECIFIED.);
#144=B_SPLINE_CURVE_WITH_KNOTS('',3,(#2192,#2193,#2194,#2195,#2196,#2197,
#2198,#2199,#2200,#2201,#2202,#2203,#2204,#2205,#2206,#2207),
 .UNSPECIFIED.,.F.,.F.,(4,3,3,3,3,4),(-64.768990792798,-63.7725447806011,
-62.7760987684042,-61.7796527562073,-60.7832067440104,-60.5681393104955),
 .UNSPECIFIED.);
#145=LINE('',#706,#167);
#146=LINE('',#733,#168);
#147=LINE('',#781,#169);
#148=LINE('',#829,#170);
#149=LINE('',#877,#171);
#150=LINE('',#931,#172);
#151=LINE('',#979,#173);
#152=LINE('',#1027,#174);
#153=LINE('',#1081,#175);
#154=LINE('',#1129,#176);
#155=LINE('',#1177,#177);
#156=LINE('',#1195,#178);
#157=LINE('',#1220,#179);
#158=LINE('',#1244,#180);
#159=LINE('',#1269,#181);
#160=LINE('',#1294,#182);
#161=LINE('',#1318,#183);
#162=LINE('',#1343,#184);
#163=LINE('',#1368,#185);
#164=LINE('',#1392,#186);
#165=LINE('',#2264,#187);
#166=LINE('',#2269,#188);
#167=VECTOR('',#604,0.1185);
#168=VECTOR('',#609,0.1185);
#169=VECTOR('',#612,0.1185);
#170=VECTOR('',#615,0.1185);
#171=VECTOR('',#618,0.1185);
#172=VECTOR('',#621,0.1185);
#173=VECTOR('',#624,0.1185);
#174=VECTOR('',#627,0.1185);
#175=VECTOR('',#630,0.1185);
#176=VECTOR('',#633,0.1185);
#177=VECTOR('',#636,0.0947);
#178=VECTOR('',#641,0.0947);
#179=VECTOR('',#644,0.0947);
#180=VECTOR('',#647,0.0947);
#181=VECTOR('',#650,0.0947);
#182=VECTOR('',#653,0.0947);
#183=VECTOR('',#656,0.0947);
#184=VECTOR('',#659,0.0947);
#185=VECTOR('',#662,0.0947);
#186=VECTOR('',#665,0.0947);
#187=VECTOR('',#694,0.118695773697675);
#188=VECTOR('',#701,0.00019577369767567);
#189=VERTEX_POINT('',#704);
#190=VERTEX_POINT('',#705);
#191=VERTEX_POINT('',#707);
#192=VERTEX_POINT('',#721);
#193=VERTEX_POINT('',#731);
#194=VERTEX_POINT('',#732);
#195=VERTEX_POINT('',#779);
#196=VERTEX_POINT('',#780);
#197=VERTEX_POINT('',#827);
#198=VERTEX_POINT('',#828);
#199=VERTEX_POINT('',#875);
#200=VERTEX_POINT('',#876);
#201=VERTEX_POINT('',#929);
#202=VERTEX_POINT('',#930);
#203=VERTEX_POINT('',#977);
#204=VERTEX_POINT('',#978);
#205=VERTEX_POINT('',#1025);
#206=VERTEX_POINT('',#1026);
#207=VERTEX_POINT('',#1079);
#208=VERTEX_POINT('',#1080);
#209=VERTEX_POINT('',#1127);
#210=VERTEX_POINT('',#1128);
#211=VERTEX_POINT('',#1175);
#212=VERTEX_POINT('',#1176);
#213=VERTEX_POINT('',#1178);
#214=VERTEX_POINT('',#1186);
#215=VERTEX_POINT('',#1193);
#216=VERTEX_POINT('',#1194);
#217=VERTEX_POINT('',#1218);
#218=VERTEX_POINT('',#1219);
#219=VERTEX_POINT('',#1242);
#220=VERTEX_POINT('',#1243);
#221=VERTEX_POINT('',#1267);
#222=VERTEX_POINT('',#1268);
#223=VERTEX_POINT('',#1292);
#224=VERTEX_POINT('',#1293);
#225=VERTEX_POINT('',#1316);
#226=VERTEX_POINT('',#1317);
#227=VERTEX_POINT('',#1341);
#228=VERTEX_POINT('',#1342);
#229=VERTEX_POINT('',#1366);
#230=VERTEX_POINT('',#1367);
#231=VERTEX_POINT('',#1390);
#232=VERTEX_POINT('',#1391);
#233=VERTEX_POINT('',#1685);
#234=VERTEX_POINT('',#1754);
#235=VERTEX_POINT('',#1759);
#236=VERTEX_POINT('',#1811);
#237=VERTEX_POINT('',#1813);
#238=VERTEX_POINT('',#1815);
#239=VERTEX_POINT('',#2141);
#240=VERTEX_POINT('',#2258);
#241=VERTEX_POINT('',#2260);
#242=VERTEX_POINT('',#2266);
#243=EDGE_CURVE('',#189,#190,#145,.T.);
#244=EDGE_CURVE('',#189,#191,#95,.T.);
#245=EDGE_CURVE('',#192,#191,#84,.T.);
#246=EDGE_CURVE('',#192,#190,#96,.T.);
#247=EDGE_CURVE('',#193,#194,#146,.T.);
#248=EDGE_CURVE('',#193,#189,#97,.T.);
#249=EDGE_CURVE('',#190,#194,#98,.T.);
#250=EDGE_CURVE('',#195,#196,#147,.T.);
#251=EDGE_CURVE('',#195,#193,#99,.T.);
#252=EDGE_CURVE('',#194,#196,#100,.T.);
#253=EDGE_CURVE('',#197,#198,#148,.T.);
#254=EDGE_CURVE('',#197,#195,#101,.T.);
#255=EDGE_CURVE('',#196,#198,#102,.T.);
#256=EDGE_CURVE('',#199,#200,#149,.T.);
#257=EDGE_CURVE('',#199,#197,#103,.T.);
#258=EDGE_CURVE('',#198,#200,#104,.T.);
#259=EDGE_CURVE('',#201,#202,#150,.T.);
#260=EDGE_CURVE('',#201,#199,#105,.T.);
#261=EDGE_CURVE('',#200,#202,#106,.T.);
#262=EDGE_CURVE('',#203,#204,#151,.T.);
#263=EDGE_CURVE('',#203,#201,#107,.T.);
#264=EDGE_CURVE('',#202,#204,#108,.T.);
#265=EDGE_CURVE('',#205,#206,#152,.T.);
#266=EDGE_CURVE('',#205,#203,#109,.T.);
#267=EDGE_CURVE('',#204,#206,#110,.T.);
#268=EDGE_CURVE('',#207,#208,#153,.T.);
#269=EDGE_CURVE('',#207,#205,#111,.T.);
#270=EDGE_CURVE('',#206,#208,#112,.T.);
#271=EDGE_CURVE('',#209,#210,#154,.T.);
#272=EDGE_CURVE('',#209,#207,#113,.T.);
#273=EDGE_CURVE('',#208,#210,#114,.T.);
#274=EDGE_CURVE('',#211,#212,#155,.T.);
#275=EDGE_CURVE('',#211,#213,#115,.T.);
#276=EDGE_CURVE('',#214,#213,#85,.T.);
#277=EDGE_CURVE('',#212,#214,#116,.T.);
#278=EDGE_CURVE('',#215,#216,#156,.T.);
#279=EDGE_CURVE('',#215,#211,#117,.T.);
#280=EDGE_CURVE('',#216,#212,#118,.T.);
#281=EDGE_CURVE('',#217,#218,#157,.T.);
#282=EDGE_CURVE('',#217,#215,#119,.T.);
#283=EDGE_CURVE('',#218,#216,#120,.T.);
#284=EDGE_CURVE('',#219,#220,#158,.T.);
#285=EDGE_CURVE('',#219,#217,#121,.T.);
#286=EDGE_CURVE('',#220,#218,#122,.T.);
#287=EDGE_CURVE('',#221,#222,#159,.T.);
#288=EDGE_CURVE('',#221,#219,#123,.T.);
#289=EDGE_CURVE('',#222,#220,#124,.T.);
#290=EDGE_CURVE('',#223,#224,#160,.T.);
#291=EDGE_CURVE('',#223,#221,#125,.T.);
#292=EDGE_CURVE('',#224,#222,#126,.T.);
#293=EDGE_CURVE('',#225,#226,#161,.T.);
#294=EDGE_CURVE('',#225,#223,#127,.T.);
#295=EDGE_CURVE('',#226,#224,#128,.T.);
#296=EDGE_CURVE('',#227,#228,#162,.T.);
#297=EDGE_CURVE('',#227,#225,#129,.T.);
#298=EDGE_CURVE('',#228,#226,#130,.T.);
#299=EDGE_CURVE('',#229,#230,#163,.T.);
#300=EDGE_CURVE('',#229,#227,#131,.T.);
#301=EDGE_CURVE('',#230,#228,#132,.T.);
#302=EDGE_CURVE('',#231,#232,#164,.T.);
#303=EDGE_CURVE('',#231,#229,#133,.T.);
#304=EDGE_CURVE('',#232,#230,#134,.T.);
#305=EDGE_CURVE('',#233,#214,#135,.T.);
#306=EDGE_CURVE('',#210,#233,#136,.T.);
#307=EDGE_CURVE('',#234,#192,#137,.T.);
#308=EDGE_CURVE('',#235,#234,#138,.T.);
#309=EDGE_CURVE('',#235,#232,#139,.T.);
#310=EDGE_CURVE('',#234,#236,#86,.T.);
#311=EDGE_CURVE('',#236,#237,#87,.T.);
#312=EDGE_CURVE('',#237,#238,#140,.T.);
#313=EDGE_CURVE('',#238,#235,#88,.T.);
#314=EDGE_CURVE('',#238,#231,#141,.T.);
#315=EDGE_CURVE('',#213,#239,#142,.T.);
#316=EDGE_CURVE('',#191,#237,#143,.T.);
#317=EDGE_CURVE('',#239,#209,#144,.T.);
#318=EDGE_CURVE('',#239,#233,#89,.F.);
#319=EDGE_CURVE('',#237,#234,#90,.T.);
#320=EDGE_CURVE('',#240,#240,#91,.T.);
#321=EDGE_CURVE('',#240,#241,#92,.T.);
#322=EDGE_CURVE('',#241,#241,#93,.T.);
#323=EDGE_CURVE('',#236,#240,#165,.T.);
#324=EDGE_CURVE('',#242,#242,#94,.T.);
#325=EDGE_CURVE('',#242,#241,#166,.T.);
#326=ORIENTED_EDGE('',*,*,#243,.F.);
#327=ORIENTED_EDGE('',*,*,#244,.T.);
#328=ORIENTED_EDGE('',*,*,#245,.F.);
#329=ORIENTED_EDGE('',*,*,#246,.T.);
#330=ORIENTED_EDGE('',*,*,#247,.F.);
#331=ORIENTED_EDGE('',*,*,#248,.T.);
#332=ORIENTED_EDGE('',*,*,#243,.T.);
#333=ORIENTED_EDGE('',*,*,#249,.T.);
#334=ORIENTED_EDGE('',*,*,#250,.F.);
#335=ORIENTED_EDGE('',*,*,#251,.T.);
#336=ORIENTED_EDGE('',*,*,#247,.T.);
#337=ORIENTED_EDGE('',*,*,#252,.T.);
#338=ORIENTED_EDGE('',*,*,#253,.F.);
#339=ORIENTED_EDGE('',*,*,#254,.T.);
#340=ORIENTED_EDGE('',*,*,#250,.T.);
#341=ORIENTED_EDGE('',*,*,#255,.T.);
#342=ORIENTED_EDGE('',*,*,#256,.F.);
#343=ORIENTED_EDGE('',*,*,#257,.T.);
#344=ORIENTED_EDGE('',*,*,#253,.T.);
#345=ORIENTED_EDGE('',*,*,#258,.T.);
#346=ORIENTED_EDGE('',*,*,#259,.F.);
#347=ORIENTED_EDGE('',*,*,#260,.T.);
#348=ORIENTED_EDGE('',*,*,#256,.T.);
#349=ORIENTED_EDGE('',*,*,#261,.T.);
#350=ORIENTED_EDGE('',*,*,#262,.F.);
#351=ORIENTED_EDGE('',*,*,#263,.T.);
#352=ORIENTED_EDGE('',*,*,#259,.T.);
#353=ORIENTED_EDGE('',*,*,#264,.T.);
#354=ORIENTED_EDGE('',*,*,#265,.F.);
#355=ORIENTED_EDGE('',*,*,#266,.T.);
#356=ORIENTED_EDGE('',*,*,#262,.T.);
#357=ORIENTED_EDGE('',*,*,#267,.T.);
#358=ORIENTED_EDGE('',*,*,#268,.F.);
#359=ORIENTED_EDGE('',*,*,#269,.T.);
#360=ORIENTED_EDGE('',*,*,#265,.T.);
#361=ORIENTED_EDGE('',*,*,#270,.T.);
#362=ORIENTED_EDGE('',*,*,#271,.F.);
#363=ORIENTED_EDGE('',*,*,#272,.T.);
#364=ORIENTED_EDGE('',*,*,#268,.T.);
#365=ORIENTED_EDGE('',*,*,#273,.T.);
#366=ORIENTED_EDGE('',*,*,#274,.F.);
#367=ORIENTED_EDGE('',*,*,#275,.T.);
#368=ORIENTED_EDGE('',*,*,#276,.F.);
#369=ORIENTED_EDGE('',*,*,#277,.F.);
#370=ORIENTED_EDGE('',*,*,#278,.F.);
#371=ORIENTED_EDGE('',*,*,#279,.T.);
#372=ORIENTED_EDGE('',*,*,#274,.T.);
#373=ORIENTED_EDGE('',*,*,#280,.F.);
#374=ORIENTED_EDGE('',*,*,#281,.F.);
#375=ORIENTED_EDGE('',*,*,#282,.T.);
#376=ORIENTED_EDGE('',*,*,#278,.T.);
#377=ORIENTED_EDGE('',*,*,#283,.F.);
#378=ORIENTED_EDGE('',*,*,#284,.F.);
#379=ORIENTED_EDGE('',*,*,#285,.T.);
#380=ORIENTED_EDGE('',*,*,#281,.T.);
#381=ORIENTED_EDGE('',*,*,#286,.F.);
#382=ORIENTED_EDGE('',*,*,#287,.F.);
#383=ORIENTED_EDGE('',*,*,#288,.T.);
#384=ORIENTED_EDGE('',*,*,#284,.T.);
#385=ORIENTED_EDGE('',*,*,#289,.F.);
#386=ORIENTED_EDGE('',*,*,#290,.F.);
#387=ORIENTED_EDGE('',*,*,#291,.T.);
#388=ORIENTED_EDGE('',*,*,#287,.T.);
#389=ORIENTED_EDGE('',*,*,#292,.F.);
#390=ORIENTED_EDGE('',*,*,#293,.F.);
#391=ORIENTED_EDGE('',*,*,#294,.T.);
#392=ORIENTED_EDGE('',*,*,#290,.T.);
#393=ORIENTED_EDGE('',*,*,#295,.F.);
#394=ORIENTED_EDGE('',*,*,#296,.F.);
#395=ORIENTED_EDGE('',*,*,#297,.T.);
#396=ORIENTED_EDGE('',*,*,#293,.T.);
#397=ORIENTED_EDGE('',*,*,#298,.F.);
#398=ORIENTED_EDGE('',*,*,#299,.F.);
#399=ORIENTED_EDGE('',*,*,#300,.T.);
#400=ORIENTED_EDGE('',*,*,#296,.T.);
#401=ORIENTED_EDGE('',*,*,#301,.F.);
#402=ORIENTED_EDGE('',*,*,#302,.F.);
#403=ORIENTED_EDGE('',*,*,#303,.T.);
#404=ORIENTED_EDGE('',*,*,#299,.T.);
#405=ORIENTED_EDGE('',*,*,#304,.F.);
#406=ORIENTED_EDGE('',*,*,#305,.F.);
#407=ORIENTED_EDGE('',*,*,#306,.F.);
#408=ORIENTED_EDGE('',*,*,#273,.F.);
#409=ORIENTED_EDGE('',*,*,#270,.F.);
#410=ORIENTED_EDGE('',*,*,#267,.F.);
#411=ORIENTED_EDGE('',*,*,#264,.F.);
#412=ORIENTED_EDGE('',*,*,#261,.F.);
#413=ORIENTED_EDGE('',*,*,#258,.F.);
#414=ORIENTED_EDGE('',*,*,#255,.F.);
#415=ORIENTED_EDGE('',*,*,#252,.F.);
#416=ORIENTED_EDGE('',*,*,#249,.F.);
#417=ORIENTED_EDGE('',*,*,#246,.F.);
#418=ORIENTED_EDGE('',*,*,#307,.F.);
#419=ORIENTED_EDGE('',*,*,#308,.F.);
#420=ORIENTED_EDGE('',*,*,#309,.T.);
#421=ORIENTED_EDGE('',*,*,#304,.T.);
#422=ORIENTED_EDGE('',*,*,#301,.T.);
#423=ORIENTED_EDGE('',*,*,#298,.T.);
#424=ORIENTED_EDGE('',*,*,#295,.T.);
#425=ORIENTED_EDGE('',*,*,#292,.T.);
#426=ORIENTED_EDGE('',*,*,#289,.T.);
#427=ORIENTED_EDGE('',*,*,#286,.T.);
#428=ORIENTED_EDGE('',*,*,#283,.T.);
#429=ORIENTED_EDGE('',*,*,#280,.T.);
#430=ORIENTED_EDGE('',*,*,#277,.T.);
#431=ORIENTED_EDGE('',*,*,#310,.T.);
#432=ORIENTED_EDGE('',*,*,#311,.T.);
#433=ORIENTED_EDGE('',*,*,#312,.T.);
#434=ORIENTED_EDGE('',*,*,#313,.T.);
#435=ORIENTED_EDGE('',*,*,#308,.T.);
#436=ORIENTED_EDGE('',*,*,#302,.T.);
#437=ORIENTED_EDGE('',*,*,#309,.F.);
#438=ORIENTED_EDGE('',*,*,#313,.F.);
#439=ORIENTED_EDGE('',*,*,#314,.T.);
#440=ORIENTED_EDGE('',*,*,#315,.F.);
#441=ORIENTED_EDGE('',*,*,#275,.F.);
#442=ORIENTED_EDGE('',*,*,#279,.F.);
#443=ORIENTED_EDGE('',*,*,#282,.F.);
#444=ORIENTED_EDGE('',*,*,#285,.F.);
#445=ORIENTED_EDGE('',*,*,#288,.F.);
#446=ORIENTED_EDGE('',*,*,#291,.F.);
#447=ORIENTED_EDGE('',*,*,#294,.F.);
#448=ORIENTED_EDGE('',*,*,#297,.F.);
#449=ORIENTED_EDGE('',*,*,#300,.F.);
#450=ORIENTED_EDGE('',*,*,#303,.F.);
#451=ORIENTED_EDGE('',*,*,#314,.F.);
#452=ORIENTED_EDGE('',*,*,#312,.F.);
#453=ORIENTED_EDGE('',*,*,#316,.F.);
#454=ORIENTED_EDGE('',*,*,#244,.F.);
#455=ORIENTED_EDGE('',*,*,#248,.F.);
#456=ORIENTED_EDGE('',*,*,#251,.F.);
#457=ORIENTED_EDGE('',*,*,#254,.F.);
#458=ORIENTED_EDGE('',*,*,#257,.F.);
#459=ORIENTED_EDGE('',*,*,#260,.F.);
#460=ORIENTED_EDGE('',*,*,#263,.F.);
#461=ORIENTED_EDGE('',*,*,#266,.F.);
#462=ORIENTED_EDGE('',*,*,#269,.F.);
#463=ORIENTED_EDGE('',*,*,#272,.F.);
#464=ORIENTED_EDGE('',*,*,#317,.F.);
#465=ORIENTED_EDGE('',*,*,#305,.T.);
#466=ORIENTED_EDGE('',*,*,#276,.T.);
#467=ORIENTED_EDGE('',*,*,#315,.T.);
#468=ORIENTED_EDGE('',*,*,#318,.T.);
#469=ORIENTED_EDGE('',*,*,#271,.T.);
#470=ORIENTED_EDGE('',*,*,#306,.T.);
#471=ORIENTED_EDGE('',*,*,#318,.F.);
#472=ORIENTED_EDGE('',*,*,#317,.T.);
#473=ORIENTED_EDGE('',*,*,#307,.T.);
#474=ORIENTED_EDGE('',*,*,#245,.T.);
#475=ORIENTED_EDGE('',*,*,#316,.T.);
#476=ORIENTED_EDGE('',*,*,#319,.T.);
#477=ORIENTED_EDGE('',*,*,#320,.F.);
#478=ORIENTED_EDGE('',*,*,#321,.T.);
#479=ORIENTED_EDGE('',*,*,#322,.T.);
#480=ORIENTED_EDGE('',*,*,#321,.F.);
#481=ORIENTED_EDGE('',*,*,#310,.F.);
#482=ORIENTED_EDGE('',*,*,#319,.F.);
#483=ORIENTED_EDGE('',*,*,#311,.F.);
#484=ORIENTED_EDGE('',*,*,#323,.T.);
#485=ORIENTED_EDGE('',*,*,#320,.T.);
#486=ORIENTED_EDGE('',*,*,#323,.F.);
#487=ORIENTED_EDGE('',*,*,#324,.F.);
#488=ORIENTED_EDGE('',*,*,#324,.T.);
#489=ORIENTED_EDGE('',*,*,#325,.T.);
#490=ORIENTED_EDGE('',*,*,#322,.F.);
#491=ORIENTED_EDGE('',*,*,#325,.F.);
#492=CYLINDRICAL_SURFACE('',#561,0.1214);
#493=CYLINDRICAL_SURFACE('',#563,0.1214);
#494=CYLINDRICAL_SURFACE('',#564,0.1214);
#495=CYLINDRICAL_SURFACE('',#565,0.1214);
#496=CYLINDRICAL_SURFACE('',#566,0.1214);
#497=CYLINDRICAL_SURFACE('',#567,0.1214);
#498=CYLINDRICAL_SURFACE('',#568,0.1214);
#499=CYLINDRICAL_SURFACE('',#569,0.1214);
#500=CYLINDRICAL_SURFACE('',#570,0.1214);
#501=CYLINDRICAL_SURFACE('',#571,0.1214);
#502=CYLINDRICAL_SURFACE('',#572,0.0947);
#503=CYLINDRICAL_SURFACE('',#574,0.0947);
#504=CYLINDRICAL_SURFACE('',#575,0.0947);
#505=CYLINDRICAL_SURFACE('',#576,0.0947);
#506=CYLINDRICAL_SURFACE('',#577,0.0947);
#507=CYLINDRICAL_SURFACE('',#578,0.0947);
#508=CYLINDRICAL_SURFACE('',#579,0.0947);
#509=CYLINDRICAL_SURFACE('',#580,0.0947);
#510=CYLINDRICAL_SURFACE('',#581,0.0947);
#511=CYLINDRICAL_SURFACE('',#582,0.0947);
#512=CYLINDRICAL_SURFACE('',#587,0.0947);
#513=CYLINDRICAL_SURFACE('',#590,0.1214);
#514=CYLINDRICAL_SURFACE('',#596,0.118695773697675);
#515=CYLINDRICAL_SURFACE('',#599,0.00019577369767567);
#516=ADVANCED_FACE('',(#22),#492,.T.);
#517=ADVANCED_FACE('',(#23),#493,.T.);
#518=ADVANCED_FACE('',(#24),#494,.T.);
#519=ADVANCED_FACE('',(#25),#495,.T.);
#520=ADVANCED_FACE('',(#26),#496,.T.);
#521=ADVANCED_FACE('',(#27),#497,.T.);
#522=ADVANCED_FACE('',(#28),#498,.T.);
#523=ADVANCED_FACE('',(#29),#499,.T.);
#524=ADVANCED_FACE('',(#30),#500,.T.);
#525=ADVANCED_FACE('',(#31),#501,.T.);
#526=ADVANCED_FACE('',(#32),#502,.T.);
#527=ADVANCED_FACE('',(#33),#503,.T.);
#528=ADVANCED_FACE('',(#34),#504,.T.);
#529=ADVANCED_FACE('',(#35),#505,.T.);
#530=ADVANCED_FACE('',(#36),#506,.T.);
#531=ADVANCED_FACE('',(#37),#507,.T.);
#532=ADVANCED_FACE('',(#38),#508,.T.);
#533=ADVANCED_FACE('',(#39),#509,.T.);
#534=ADVANCED_FACE('',(#40),#510,.T.);
#535=ADVANCED_FACE('',(#41),#511,.T.);
#536=ADVANCED_FACE('',(#42),#20,.F.);
#537=ADVANCED_FACE('',(#43),#16,.T.);
#538=ADVANCED_FACE('',(#44),#512,.T.);
#539=ADVANCED_FACE('',(#45),#21,.F.);
#540=ADVANCED_FACE('',(#46),#17,.T.);
#541=ADVANCED_FACE('',(#47),#513,.T.);
#542=ADVANCED_FACE('',(#48),#18,.F.);
#543=ADVANCED_FACE('',(#49),#15,.F.);
#544=ADVANCED_FACE('',(#50),#514,.T.);
#545=ADVANCED_FACE('',(#51),#19,.T.);
#546=ADVANCED_FACE('',(#52),#515,.F.);
#547=CLOSED_SHELL('',(#516,#517,#518,#519,#520,#521,#522,#523,#524,#525,
#526,#527,#528,#529,#530,#531,#532,#533,#534,#535,#536,#537,#538,#539,#540,
#541,#542,#543,#544,#545,#546));
#548=DERIVED_UNIT_ELEMENT(#550,1.);
#549=DERIVED_UNIT_ELEMENT(#2277,-3.);
#550=(
MASS_UNIT()
NAMED_UNIT(*)
SI_UNIT(.KILO.,.GRAM.)
);
#551=DERIVED_UNIT((#548,#549));
#552=MEASURE_REPRESENTATION_ITEM('density measure',
POSITIVE_RATIO_MEASURE(7850.),#551);
#553=PROPERTY_DEFINITION_REPRESENTATION(#558,#555);
#554=PROPERTY_DEFINITION_REPRESENTATION(#559,#556);
#555=REPRESENTATION('material name',(#557),#2272);
#556=REPRESENTATION('density',(#552),#2272);
#557=DESCRIPTIVE_REPRESENTATION_ITEM('Steel','Steel');
#558=PROPERTY_DEFINITION('material property','material name',#2285);
#559=PROPERTY_DEFINITION('material property','density of part',#2285);
#560=AXIS2_PLACEMENT_3D('',#702,#600,#601);
#561=AXIS2_PLACEMENT_3D('',#703,#602,#603);
#562=AXIS2_PLACEMENT_3D('',#722,#605,#606);
#563=AXIS2_PLACEMENT_3D('',#730,#607,#608);
#564=AXIS2_PLACEMENT_3D('',#778,#610,#611);
#565=AXIS2_PLACEMENT_3D('',#826,#613,#614);
#566=AXIS2_PLACEMENT_3D('',#874,#616,#617);
#567=AXIS2_PLACEMENT_3D('',#928,#619,#620);
#568=AXIS2_PLACEMENT_3D('',#976,#622,#623);
#569=AXIS2_PLACEMENT_3D('',#1024,#625,#626);
#570=AXIS2_PLACEMENT_3D('',#1078,#628,#629);
#571=AXIS2_PLACEMENT_3D('',#1126,#631,#632);
#572=AXIS2_PLACEMENT_3D('',#1174,#634,#635);
#573=AXIS2_PLACEMENT_3D('',#1187,#637,#638);
#574=AXIS2_PLACEMENT_3D('',#1192,#639,#640);
#575=AXIS2_PLACEMENT_3D('',#1217,#642,#643);
#576=AXIS2_PLACEMENT_3D('',#1241,#645,#646);
#577=AXIS2_PLACEMENT_3D('',#1266,#648,#649);
#578=AXIS2_PLACEMENT_3D('',#1291,#651,#652);
#579=AXIS2_PLACEMENT_3D('',#1315,#654,#655);
#580=AXIS2_PLACEMENT_3D('',#1340,#657,#658);
#581=AXIS2_PLACEMENT_3D('',#1365,#660,#661);
#582=AXIS2_PLACEMENT_3D('',#1389,#663,#664);
#583=AXIS2_PLACEMENT_3D('',#1810,#666,#667);
#584=AXIS2_PLACEMENT_3D('',#1812,#668,#669);
#585=AXIS2_PLACEMENT_3D('',#1814,#670,#671);
#586=AXIS2_PLACEMENT_3D('',#1859,#672,#673);
#587=AXIS2_PLACEMENT_3D('',#1860,#674,#675);
#588=AXIS2_PLACEMENT_3D('',#2208,#676,#677);
#589=AXIS2_PLACEMENT_3D('',#2209,#678,#679);
#590=AXIS2_PLACEMENT_3D('',#2210,#680,#681);
#591=AXIS2_PLACEMENT_3D('',#2211,#682,#683);
#592=AXIS2_PLACEMENT_3D('',#2212,#684,#685);
#593=AXIS2_PLACEMENT_3D('',#2259,#686,#687);
#594=AXIS2_PLACEMENT_3D('',#2261,#688,#689);
#595=AXIS2_PLACEMENT_3D('',#2262,#690,#691);
#596=AXIS2_PLACEMENT_3D('',#2263,#692,#693);
#597=AXIS2_PLACEMENT_3D('',#2265,#695,#696);
#598=AXIS2_PLACEMENT_3D('',#2267,#697,#698);
#599=AXIS2_PLACEMENT_3D('',#2268,#699,#700);
#600=DIRECTION('axis',(0.,0.,1.));
#601=DIRECTION('refdir',(1.,0.,0.));
#602=DIRECTION('center_axis',(0.,0.,1.));
#603=DIRECTION('ref_axis',(1.,0.,0.));
#604=DIRECTION('',(0.,0.,-1.));
#605=DIRECTION('center_axis',(-6.76116464585068E-16,0.,-1.));
#606=DIRECTION('ref_axis',(1.,0.,0.));
#607=DIRECTION('center_axis',(0.,0.,1.));
#608=DIRECTION('ref_axis',(1.,0.,0.));
#609=DIRECTION('',(0.,0.,-1.));
#610=DIRECTION('center_axis',(0.,0.,1.));
#611=DIRECTION('ref_axis',(1.,0.,0.));
#612=DIRECTION('',(0.,0.,-1.));
#613=DIRECTION('center_axis',(0.,0.,1.));
#614=DIRECTION('ref_axis',(1.,0.,0.));
#615=DIRECTION('',(0.,0.,-1.));
#616=DIRECTION('center_axis',(0.,0.,1.));
#617=DIRECTION('ref_axis',(1.,0.,0.));
#618=DIRECTION('',(0.,0.,-1.));
#619=DIRECTION('center_axis',(0.,0.,1.));
#620=DIRECTION('ref_axis',(1.,0.,0.));
#621=DIRECTION('',(0.,0.,-1.));
#622=DIRECTION('center_axis',(0.,0.,1.));
#623=DIRECTION('ref_axis',(1.,0.,0.));
#624=DIRECTION('',(0.,0.,-1.));
#625=DIRECTION('center_axis',(0.,0.,1.));
#626=DIRECTION('ref_axis',(1.,0.,0.));
#627=DIRECTION('',(0.,0.,-1.));
#628=DIRECTION('center_axis',(0.,0.,1.));
#629=DIRECTION('ref_axis',(1.,0.,0.));
#630=DIRECTION('',(0.,0.,-1.));
#631=DIRECTION('center_axis',(0.,0.,1.));
#632=DIRECTION('ref_axis',(1.,0.,0.));
#633=DIRECTION('',(0.,0.,-1.));
#634=DIRECTION('center_axis',(0.,0.,1.));
#635=DIRECTION('ref_axis',(-0.425276096473485,-0.905063667245722,0.));
#636=DIRECTION('',(0.,0.,1.));
#637=DIRECTION('center_axis',(0.,0.,1.));
#638=DIRECTION('ref_axis',(1.,5.95208780587777E-14,0.));
#639=DIRECTION('center_axis',(0.,0.,1.));
#640=DIRECTION('ref_axis',(1.,5.95208780587777E-14,0.));
#641=DIRECTION('',(0.,0.,1.));
#642=DIRECTION('center_axis',(0.,0.,1.));
#643=DIRECTION('ref_axis',(1.,5.95208780587777E-14,0.));
#644=DIRECTION('',(0.,0.,1.));
#645=DIRECTION('center_axis',(0.,0.,1.));
#646=DIRECTION('ref_axis',(1.,5.95208780587777E-14,0.));
#647=DIRECTION('',(0.,0.,1.));
#648=DIRECTION('center_axis',(0.,0.,1.));
#649=DIRECTION('ref_axis',(1.,5.95208780587777E-14,0.));
#650=DIRECTION('',(0.,0.,1.));
#651=DIRECTION('center_axis',(0.,0.,1.));
#652=DIRECTION('ref_axis',(1.,5.95208780587777E-14,0.));
#653=DIRECTION('',(0.,0.,1.));
#654=DIRECTION('center_axis',(0.,0.,1.));
#655=DIRECTION('ref_axis',(1.,5.95208780587777E-14,0.));
#656=DIRECTION('',(0.,0.,1.));
#657=DIRECTION('center_axis',(0.,0.,1.));
#658=DIRECTION('ref_axis',(1.,5.95208780587777E-14,0.));
#659=DIRECTION('',(0.,0.,1.));
#660=DIRECTION('center_axis',(0.,0.,1.));
#661=DIRECTION('ref_axis',(1.,5.95208780587777E-14,0.));
#662=DIRECTION('',(0.,0.,1.));
#663=DIRECTION('center_axis',(0.,0.,1.));
#664=DIRECTION('ref_axis',(1.,5.95208780587777E-14,0.));
#665=DIRECTION('',(0.,0.,1.));
#666=DIRECTION('center_axis',(0.,0.,1.));
#667=DIRECTION('ref_axis',(1.,0.,0.));
#668=DIRECTION('center_axis',(6.76116464585068E-16,0.,1.));
#669=DIRECTION('ref_axis',(1.,0.,-6.76116464585068E-16));
#670=DIRECTION('center_axis',(6.76116464585068E-16,0.,1.));
#671=DIRECTION('ref_axis',(1.,0.,-6.76116464585068E-16));
#672=DIRECTION('center_axis',(0.,0.,-1.));
#673=DIRECTION('ref_axis',(1.,5.95208780587777E-14,0.));
#674=DIRECTION('center_axis',(0.,0.,1.));
#675=DIRECTION('ref_axis',(1.,5.95208780587777E-14,0.));
#676=DIRECTION('center_axis',(0.,0.,1.));
#677=DIRECTION('ref_axis',(1.,0.,0.));
#678=DIRECTION('center_axis',(0.,0.,-1.));
#679=DIRECTION('ref_axis',(1.,0.,0.));
#680=DIRECTION('center_axis',(0.,0.,1.));
#681=DIRECTION('ref_axis',(1.,0.,0.));
#682=DIRECTION('center_axis',(6.76116464585068E-16,0.,1.));
#683=DIRECTION('ref_axis',(1.,0.,-6.76116464585068E-16));
#684=DIRECTION('center_axis',(6.76116464585068E-16,0.,1.));
#685=DIRECTION('ref_axis',(1.,0.,-6.76116464585068E-16));
#686=DIRECTION('center_axis',(6.76116464585068E-16,0.,1.));
#687=DIRECTION('ref_axis',(1.,0.,-6.76116464585068E-16));
#688=DIRECTION('center_axis',(1.22464679914735E-16,-1.,-8.28003864204928E-32));
#689=DIRECTION('ref_axis',(-1.,-1.22464679914735E-16,6.76116464585068E-16));
#690=DIRECTION('center_axis',(6.76116464585068E-16,0.,1.));
#691=DIRECTION('ref_axis',(1.,0.,-6.76116464585068E-16));
#692=DIRECTION('center_axis',(6.76116464585068E-16,0.,1.));
#693=DIRECTION('ref_axis',(1.,0.,0.));
#694=DIRECTION('',(-6.76116464585068E-16,0.,-1.));
#695=DIRECTION('center_axis',(-6.76116464585068E-16,0.,-1.));
#696=DIRECTION('ref_axis',(-1.,0.,6.76116464585068E-16));
#697=DIRECTION('center_axis',(6.76116464585068E-16,0.,1.));
#698=DIRECTION('ref_axis',(1.,0.,-6.76116464585068E-16));
#699=DIRECTION('center_axis',(6.76116464585068E-16,0.,1.));
#700=DIRECTION('ref_axis',(1.,0.,0.));
#701=DIRECTION('',(-6.76116464585068E-16,0.,-1.));
#702=CARTESIAN_POINT('',(0.,0.,0.));
#703=CARTESIAN_POINT('Origin',(5.63881131584757E-16,0.,1.08400000017868));
#704=CARTESIAN_POINT('',(-0.121591490206088,3.16628086497264E-5,0.850570686248514));
#705=CARTESIAN_POINT('',(-0.121560323881937,8.31980360877944E-5,0.842429314108851));
#706=CARTESIAN_POINT('',(-0.121399999999999,-1.48672121416489E-17,1.08400000017868));
#707=CARTESIAN_POINT('',(0.0594275474004863,0.105859938645188,0.834000000178683));
#708=CARTESIAN_POINT('Ctrl Pts',(-0.121591490206088,3.16628086497264E-5,
0.850570686248514));
#709=CARTESIAN_POINT('Ctrl Pts',(-0.121595335149553,0.00138873957490403,
0.850481327387138));
#710=CARTESIAN_POINT('Ctrl Pts',(-0.121574601050485,0.00274567724256893,
0.850391968525763));
#711=CARTESIAN_POINT('Ctrl Pts',(-0.121528926806569,0.00410175380939964,
0.850302609664388));
#712=CARTESIAN_POINT('Ctrl Pts',(-0.12017792355197,0.0442132849088571,0.847659454524965));
#713=CARTESIAN_POINT('Ctrl Pts',(-0.0970062027232419,0.0835714186956359,
0.845016299385543));
#714=CARTESIAN_POINT('Ctrl Pts',(-0.0625895520644944,0.10424313760523,0.842373144246121));
#715=CARTESIAN_POINT('Ctrl Pts',(-0.0281729014057468,0.124914856514825,
0.839729989106699));
#716=CARTESIAN_POINT('Ctrl Pts',(0.01748867908302,0.126900160547235,0.837086833967276));
#717=CARTESIAN_POINT('Ctrl Pts',(0.0535278437754465,0.109207594569766,0.834443678827854));
#718=CARTESIAN_POINT('Ctrl Pts',(0.0555443489324217,0.10821763959056,0.834295785944796));
#719=CARTESIAN_POINT('Ctrl Pts',(0.057530728652052,0.107166077998981,0.83414789306174));
#720=CARTESIAN_POINT('Ctrl Pts',(0.0594848732900257,0.106055932994153,0.834000000178682));
#721=CARTESIAN_POINT('',(-0.0594275474004888,0.105859938645186,0.834000000178683));
#722=CARTESIAN_POINT('Origin',(5.63881131584757E-16,0.,0.834000000178683));
#723=CARTESIAN_POINT('Ctrl Pts',(-0.059427547400488,0.105859938645187,0.834000000178683));
#724=CARTESIAN_POINT('Ctrl Pts',(-0.0945887853052888,0.086121157771234,
0.836643155318105));
#725=CARTESIAN_POINT('Ctrl Pts',(-0.118839521932218,0.0476545636297637,
0.839286310457527));
#726=CARTESIAN_POINT('Ctrl Pts',(-0.121343791059961,0.00766000876687719,
0.84192946559695));
#727=CARTESIAN_POINT('Ctrl Pts',(-0.121501652294089,0.00513887806286941,
0.842096081767584));
#728=CARTESIAN_POINT('Ctrl Pts',(-0.121573100801704,0.00261167578645808,
0.842262697938217));
#729=CARTESIAN_POINT('Ctrl Pts',(-0.121560323881937,8.31980360877944E-5,
0.842429314108851));
#730=CARTESIAN_POINT('Origin',(5.63881131584757E-16,0.,1.08400000017868));
#731=CARTESIAN_POINT('',(-0.121282628031609,9.09785217723627E-5,0.900570686248514));
#732=CARTESIAN_POINT('',(-0.12125696617111,7.92250071659053E-5,0.892429314108851));
#733=CARTESIAN_POINT('',(-0.121399999999999,-1.48672121416489E-17,1.08400000017868));
#734=CARTESIAN_POINT('Ctrl Pts',(-0.121282628031609,9.09785217723627E-5,
0.900570686248514));
#735=CARTESIAN_POINT('Ctrl Pts',(-0.121378281983331,0.0138065781536735,
0.899673591557006));
#736=CARTESIAN_POINT('Ctrl Pts',(-0.119231044041764,0.0274930984101772,
0.898776496865498));
#737=CARTESIAN_POINT('Ctrl Pts',(-0.114710902419889,0.0403450063968489,
0.89787940217399));
#738=CARTESIAN_POINT('Ctrl Pts',(-0.101392982169247,0.078211228288387,0.895236247034568));
#739=CARTESIAN_POINT('Ctrl Pts',(-0.0674759334675158,0.108832198088237,
0.892593091895146));
#740=CARTESIAN_POINT('Ctrl Pts',(-0.0284499008458711,0.118223766334905,
0.889949936755724));
#741=CARTESIAN_POINT('Ctrl Pts',(0.0105761317757737,0.127615334581573,0.887306781616301));
#742=CARTESIAN_POINT('Ctrl Pts',(0.0547111483173325,0.115777501275059,0.884663626476879));
#743=CARTESIAN_POINT('Ctrl Pts',(0.0837979707224592,0.0881152302440869,
0.882020471337457));
#744=CARTESIAN_POINT('Ctrl Pts',(0.112884793127586,0.0604529592131144,0.879377316198034));
#745=CARTESIAN_POINT('Ctrl Pts',(0.126923421396281,0.0169662504576838,0.876734161058612));
#746=CARTESIAN_POINT('Ctrl Pts',(0.119502754895843,-0.0224811385679046,
0.874091005919189));
#747=CARTESIAN_POINT('Ctrl Pts',(0.112082088395404,-0.0619285275934931,
0.871447850779766));
#748=CARTESIAN_POINT('Ctrl Pts',(0.0832021271258331,-0.0973365968892392,
0.868804695640344));
#749=CARTESIAN_POINT('Ctrl Pts',(0.0460517019446528,-0.11253979285867,0.866161540500922));
#750=CARTESIAN_POINT('Ctrl Pts',(0.00890127676347272,-0.1277429888281,0.8635183853615));
#751=CARTESIAN_POINT('Ctrl Pts',(-0.0365196123293164,-0.122741311471215,
0.860875230222078));
#752=CARTESIAN_POINT('Ctrl Pts',(-0.0694649140354764,-0.0998080085867042,
0.858232075082655));
#753=CARTESIAN_POINT('Ctrl Pts',(-0.101296412543247,-0.0776500267579919,
0.855678278804608));
#754=CARTESIAN_POINT('Ctrl Pts',(-0.121481605163237,-0.0387523765282816,
0.853124482526561));
#755=CARTESIAN_POINT('Ctrl Pts',(-0.121591490206088,3.16628086497264E-5,
0.850570686248514));
#756=CARTESIAN_POINT('Ctrl Pts',(-0.121560323881937,8.31980360877944E-5,
0.842429314108851));
#757=CARTESIAN_POINT('Ctrl Pts',(-0.121370411104672,-0.0374994306889094,
0.844905853077639));
#758=CARTESIAN_POINT('Ctrl Pts',(-0.10257251715566,-0.0753638507464231,
0.847382392046428));
#759=CARTESIAN_POINT('Ctrl Pts',(-0.0723494165418358,-0.0977603673976774,
0.849858931015216));
#760=CARTESIAN_POINT('Ctrl Pts',(-0.0400929712674119,-0.121663673115042,
0.852502086154639));
#761=CARTESIAN_POINT('Ctrl Pts',(0.00517772090999117,-0.127947768965467,
0.855145241294062));
#762=CARTESIAN_POINT('Ctrl Pts',(0.0427587142077295,-0.113823485756591,
0.857788396433484));
#763=CARTESIAN_POINT('Ctrl Pts',(0.0803397075054677,-0.0996992025477155,
0.860431551572907));
#764=CARTESIAN_POINT('Ctrl Pts',(0.110231001923541,-0.0651665402795392,
0.863074706712329));
#765=CARTESIAN_POINT('Ctrl Pts',(0.118795440915835,-0.0259566999945645,
0.865717861851751));
#766=CARTESIAN_POINT('Ctrl Pts',(0.127359879908128,0.0132531402904103,0.868361016991173));
#767=CARTESIAN_POINT('Ctrl Pts',(0.114597463474642,0.0571401585921836,0.871004172130596));
#768=CARTESIAN_POINT('Ctrl Pts',(0.0863294747282825,0.0856401606839511,
0.873647327270018));
#769=CARTESIAN_POINT('Ctrl Pts',(0.0580614859819231,0.114140162775719,0.876290482409441));
#770=CARTESIAN_POINT('Ctrl Pts',(0.0142879249226909,0.12725314865748,0.878933637548863));
#771=CARTESIAN_POINT('Ctrl Pts',(-0.024995539086835,0.119000808007672,0.881576792688285));
#772=CARTESIAN_POINT('Ctrl Pts',(-0.064279003096361,0.110748467357864,0.884219947827708));
#773=CARTESIAN_POINT('Ctrl Pts',(-0.0990723700561806,0.0811308001764858,
0.886863102967129));
#774=CARTESIAN_POINT('Ctrl Pts',(-0.113487105344409,0.0436691029409569,
0.889506258106552));
#775=CARTESIAN_POINT('Ctrl Pts',(-0.118800840417738,0.0298595163945129,
0.890480610107318));
#776=CARTESIAN_POINT('Ctrl Pts',(-0.121345329899584,0.0149840071699923,
0.891454962108084));
#777=CARTESIAN_POINT('Ctrl Pts',(-0.12125696617111,7.92250071659053E-5,
0.892429314108851));
#778=CARTESIAN_POINT('Origin',(5.63881131584757E-16,0.,1.08400000017868));
#779=CARTESIAN_POINT('',(-0.121268594926797,-8.45163973618778E-5,0.950570686248514));
#780=CARTESIAN_POINT('',(-0.121295815580657,-9.5730168023999E-5,0.942429314108851));
#781=CARTESIAN_POINT('',(-0.121399999999999,-1.48672121416489E-17,1.08400000017868));
#782=CARTESIAN_POINT('Ctrl Pts',(-0.121268594926797,-8.45163973618778E-5,
0.950570686248514));
#783=CARTESIAN_POINT('Ctrl Pts',(-0.121100755182805,0.0259880469240884,
0.948865855726874));
#784=CARTESIAN_POINT('Ctrl Pts',(-0.112854842396411,0.0521574296679527,
0.947161025205234));
#785=CARTESIAN_POINT('Ctrl Pts',(-0.0973371461598257,0.0728820011699063,
0.945456194683594));
#786=CARTESIAN_POINT('Ctrl Pts',(-0.0732786382676357,0.105013205405395,
0.942813039544171));
#787=CARTESIAN_POINT('Ctrl Pts',(-0.0317408389672014,0.12405663784293,0.940169884404748));
#788=CARTESIAN_POINT('Ctrl Pts',(0.00830550356451971,0.121314976395791,
0.937526729265326));
#789=CARTESIAN_POINT('Ctrl Pts',(0.0483518460962409,0.118573314948652,0.934883574125903));
#790=CARTESIAN_POINT('Ctrl Pts',(0.086906731859249,0.0940465596168386,0.932240418986481));
#791=CARTESIAN_POINT('Ctrl Pts',(0.106361733741557,0.0589363104364442,0.929597263847059));
#792=CARTESIAN_POINT('Ctrl Pts',(0.125816735623864,0.0238260612560497,0.926954108707637));
#793=CARTESIAN_POINT('Ctrl Pts',(0.126171853625472,-0.0218676817729254,
0.924310953568215));
#794=CARTESIAN_POINT('Ctrl Pts',(0.107264910583714,-0.0572760512503114,
0.921667798428792));
#795=CARTESIAN_POINT('Ctrl Pts',(0.0883579675419554,-0.0926844207276974,
0.91902464328937));
#796=CARTESIAN_POINT('Ctrl Pts',(0.0501889634568318,-0.117807416653494,
0.916381488149947));
#797=CARTESIAN_POINT('Ctrl Pts',(0.0101900671407116,-0.121171206430034,
0.913738333010525));
#798=CARTESIAN_POINT('Ctrl Pts',(-0.0298088291754084,-0.124534996206574,
0.911095177871102));
#799=CARTESIAN_POINT('Ctrl Pts',(-0.0716376177225248,-0.106139579833858,
0.90845202273168));
#800=CARTESIAN_POINT('Ctrl Pts',(-0.0961926160963057,-0.0743861346558865,
0.905808867592258));
#801=CARTESIAN_POINT('Ctrl Pts',(-0.112413575214292,-0.0534099029230809,
0.904062807144343));
#802=CARTESIAN_POINT('Ctrl Pts',(-0.121096451941871,-0.0266043818046204,
0.902316746696428));
#803=CARTESIAN_POINT('Ctrl Pts',(-0.121282628031609,9.09785217723627E-5,
0.900570686248514));
#804=CARTESIAN_POINT('Ctrl Pts',(-0.12125696617111,7.92250071659053E-5,
0.892429314108851));
#805=CARTESIAN_POINT('Ctrl Pts',(-0.121105622850313,-0.0254486614596917,
0.894098117247507));
#806=CARTESIAN_POINT('Ctrl Pts',(-0.1132309404934,-0.0510624185805732,0.895766920386164));
#807=CARTESIAN_POINT('Ctrl Pts',(-0.0983181829020245,-0.0715537016106808,
0.89743572352482));
#808=CARTESIAN_POINT('Ctrl Pts',(-0.0746984215547736,-0.10400908163711,
0.900078878664242));
#809=CARTESIAN_POINT('Ctrl Pts',(-0.0334227952436338,-0.12361411440029,
0.902722033803664));
#810=CARTESIAN_POINT('Ctrl Pts',(0.00665716535517334,-0.121416399240434,
0.905365188943086));
#811=CARTESIAN_POINT('Ctrl Pts',(0.0467371259539801,-0.119218684080579,
0.908008344082509));
#812=CARTESIAN_POINT('Ctrl Pts',(0.0856214208404543,-0.0952182209976896,
0.910651499221931));
#813=CARTESIAN_POINT('Ctrl Pts',(0.105551448472746,-0.0603755430740505,
0.913294654361354));
#814=CARTESIAN_POINT('Ctrl Pts',(0.125481476105038,-0.0255328651504112,
0.915937809500776));
#815=CARTESIAN_POINT('Ctrl Pts',(0.126457236483146,0.0201520276139781,0.918580964640199));
#816=CARTESIAN_POINT('Ctrl Pts',(0.108032953214317,0.0558139879775869,0.921224119779621));
#817=CARTESIAN_POINT('Ctrl Pts',(0.0896086699454868,0.0914759483411957,
0.923867274919043));
#818=CARTESIAN_POINT('Ctrl Pts',(0.0517843430297183,0.117114976304024,0.926510430058465));
#819=CARTESIAN_POINT('Ctrl Pts',(0.011834811051218,0.121021650429026,0.929153585197888));
#820=CARTESIAN_POINT('Ctrl Pts',(-0.0281147209272822,0.124928324554028,
0.93179674033731));
#821=CARTESIAN_POINT('Ctrl Pts',(-0.0701894579685138,0.107102644841204,
0.934439895476733));
#822=CARTESIAN_POINT('Ctrl Pts',(-0.0951734603450417,0.0756856880564536,
0.937083050616155));
#823=CARTESIAN_POINT('Ctrl Pts',(-0.112018361326556,0.0545035124304686,
0.938865138447054));
#824=CARTESIAN_POINT('Ctrl Pts',(-0.121094110070887,0.0271429774336833,
0.940647226277952));
#825=CARTESIAN_POINT('Ctrl Pts',(-0.121295815580657,-9.5730168023999E-5,
0.942429314108851));
#826=CARTESIAN_POINT('Origin',(5.63881131584757E-16,0.,1.08400000017868));
#827=CARTESIAN_POINT('',(-0.121585789699623,-3.60730109575808E-5,1.00057068624851));
#828=CARTESIAN_POINT('',(-0.121596657253271,-1.50057470388267E-5,0.99242931410885));
#829=CARTESIAN_POINT('',(-0.121399999999999,-1.48672121416489E-17,1.08400000017868));
#830=CARTESIAN_POINT('Ctrl Pts',(-0.121585789699623,-3.60730109575808E-5,
1.00057068624851));
#831=CARTESIAN_POINT('Ctrl Pts',(-0.121435948081783,0.0381319119891901,
0.998058119896741));
#832=CARTESIAN_POINT('Ctrl Pts',(-0.101982716191025,0.0764315440334936,
0.995545553544969));
#833=CARTESIAN_POINT('Ctrl Pts',(-0.0710072272311094,0.0987131175132349,
0.993032987193196));
#834=CARTESIAN_POINT('Ctrl Pts',(-0.0384218100210284,0.122152759382133,
0.990389832053774));
#835=CARTESIAN_POINT('Ctrl Pts',(0.00691471127808842,0.127866019099073,
0.987746676914351));
#836=CARTESIAN_POINT('Ctrl Pts',(0.044296669810274,0.113243591021218,0.985103521774929));
#837=CARTESIAN_POINT('Ctrl Pts',(0.0816786283424596,0.0986211629433625,
0.982460366635506));
#838=CARTESIAN_POINT('Ctrl Pts',(0.111106024107714,0.0636630470707132,0.979817211496084));
#839=CARTESIAN_POINT('Ctrl Pts',(0.119139055356708,0.024334982702557,0.977174056356662));
#840=CARTESIAN_POINT('Ctrl Pts',(0.127172086605703,-0.0149930816655988,
0.97453090121724));
#841=CARTESIAN_POINT('Ctrl Pts',(0.113810753338437,-0.0586910945292611,
0.971887746077818));
#842=CARTESIAN_POINT('Ctrl Pts',(0.0851573173848607,-0.0868017120701553,
0.969244590938395));
#843=CARTESIAN_POINT('Ctrl Pts',(0.0565038814312835,-0.11491232961105,0.966601435798973));
#844=CARTESIAN_POINT('Ctrl Pts',(0.0125583427913938,-0.127435551829176,
0.96395828065955));
#845=CARTESIAN_POINT('Ctrl Pts',(-0.026608908390453,-0.1186518931191,0.961315125520127));
#846=CARTESIAN_POINT('Ctrl Pts',(-0.0657761595722993,-0.109868234409023,
0.958671970380705));
#847=CARTESIAN_POINT('Ctrl Pts',(-0.100165123296103,-0.0797776947707444,
0.956028815241282));
#848=CARTESIAN_POINT('Ctrl Pts',(-0.114069996916032,-0.0421229369348842,
0.95338566010186));
#849=CARTESIAN_POINT('Ctrl Pts',(-0.119006250952025,-0.0287554331788481,
0.952447335484078));
#850=CARTESIAN_POINT('Ctrl Pts',(-0.121360972533621,-0.0144346395929891,
0.951509010866296));
#851=CARTESIAN_POINT('Ctrl Pts',(-0.121268594926797,-8.45163973618778E-5,
0.950570686248514));
#852=CARTESIAN_POINT('Ctrl Pts',(-0.121295815580657,-9.5730168023999E-5,
0.942429314108851));
#853=CARTESIAN_POINT('Ctrl Pts',(-0.121393275434992,-0.0132569000248676,
0.943290381417375));
#854=CARTESIAN_POINT('Ctrl Pts',(-0.119418984403935,-0.0263896278280783,
0.944151448725898));
#855=CARTESIAN_POINT('Ctrl Pts',(-0.115248306509963,-0.0387832281453212,
0.945012516034422));
#856=CARTESIAN_POINT('Ctrl Pts',(-0.102445882586532,-0.0768269537056683,
0.947655671173845));
#857=CARTESIAN_POINT('Ctrl Pts',(-0.068947767027848,-0.107906170969686,
0.950298826313267));
#858=CARTESIAN_POINT('Ctrl Pts',(-0.0300529115860888,-0.117826700073909,
0.95294198145269));
#859=CARTESIAN_POINT('Ctrl Pts',(0.00884194385567031,-0.127747229178133,
0.955585136592112));
#860=CARTESIAN_POINT('Ctrl Pts',(0.0531335391805044,-0.116509070122563,
0.958228291731534));
#861=CARTESIAN_POINT('Ctrl Pts',(0.0825934410529982,-0.0892447951519874,
0.960871446870956));
#862=CARTESIAN_POINT('Ctrl Pts',(0.112053342925492,-0.0619805201814121,
0.963514602010379));
#863=CARTESIAN_POINT('Ctrl Pts',(0.126681551345646,-0.0186901292958323,
0.966157757149802));
#864=CARTESIAN_POINT('Ctrl Pts',(0.119797206922466,0.0208551930467217,0.968800912289224));
#865=CARTESIAN_POINT('Ctrl Pts',(0.112912862499286,0.0604005153892757,0.971444067428646));
#866=CARTESIAN_POINT('Ctrl Pts',(0.0845159652327736,0.0962007691888037,
0.974087222568068));
#867=CARTESIAN_POINT('Ctrl Pts',(0.0475756785488229,0.111905604907338,0.97673037770749));
#868=CARTESIAN_POINT('Ctrl Pts',(0.0106353918648721,0.127610440625872,0.979373532846912));
#869=CARTESIAN_POINT('Ctrl Pts',(-0.0348482842365168,0.123219858263412,
0.982016687986335));
#870=CARTESIAN_POINT('Ctrl Pts',(-0.0681024763655648,0.100739081227874,
0.984659843125758));
#871=CARTESIAN_POINT('Ctrl Pts',(-0.100685691902092,0.078711903399136,0.987249666786789));
#872=CARTESIAN_POINT('Ctrl Pts',(-0.121527958171297,0.0393171850942043,
0.98983949044782));
#873=CARTESIAN_POINT('Ctrl Pts',(-0.121596657253271,-1.50057470388267E-5,
0.99242931410885));
#874=CARTESIAN_POINT('Origin',(5.63881131584757E-16,0.,1.08400000017868));
#875=CARTESIAN_POINT('',(-0.121372724818049,0.000109888118041299,1.05057068624851));
#876=CARTESIAN_POINT('',(-0.121338783640089,0.000106259916786852,1.04242931410885));
#877=CARTESIAN_POINT('',(-0.121399999999999,-1.48672121416489E-17,1.08400000017868));
#878=CARTESIAN_POINT('Ctrl Pts',(-0.121372724818049,0.000109888118041299,
1.05057068624851));
#879=CARTESIAN_POINT('Ctrl Pts',(-0.12146502613218,0.0104432651417128,1.04989353920603));
#880=CARTESIAN_POINT('Ctrl Pts',(-0.120255023148936,0.0207553490000735,
1.04921639216355));
#881=CARTESIAN_POINT('Ctrl Pts',(-0.117658301142508,0.0307055378368837,
1.04853924512107));
#882=CARTESIAN_POINT('Ctrl Pts',(-0.107522335559941,0.0695448018552474,
1.04589608998164));
#883=CARTESIAN_POINT('Ctrl Pts',(-0.0762579115743962,0.102870127014161,
1.04325293484222));
#884=CARTESIAN_POINT('Ctrl Pts',(-0.038143820992443,0.11546148622745,1.0406097797028));
#885=CARTESIAN_POINT('Ctrl Pts',(-2.97304104898732E-5,0.12805284544074,
1.03796662456338));
#886=CARTESIAN_POINT('Ctrl Pts',(0.0449340267678717,0.119910238708406,1.03532346942395));
#887=CARTESIAN_POINT('Ctrl Pts',(0.0762120289450862,0.0947524803125593,
1.03268031428453));
#888=CARTESIAN_POINT('Ctrl Pts',(0.107490031122301,0.0695947219167127,1.03003715914511));
#889=CARTESIAN_POINT('Ctrl Pts',(0.125082278298368,0.0274218118573536,1.02739400400569));
#890=CARTESIAN_POINT('Ctrl Pts',(0.120954205851396,-0.0125054375573716,
1.02475084886626));
#891=CARTESIAN_POINT('Ctrl Pts',(0.116826133404424,-0.0524326869720968,
1.02210769372684));
#892=CARTESIAN_POINT('Ctrl Pts',(0.090977741334412,-0.0901142757421882,
1.01946453858742));
#893=CARTESIAN_POINT('Ctrl Pts',(0.0552142626166062,-0.108340625281247,
1.016821383448));
#894=CARTESIAN_POINT('Ctrl Pts',(0.0194507838988001,-0.126566974820307,
1.01417822830857));
#895=CARTESIAN_POINT('Ctrl Pts',(-0.0262277814668001,-0.125338085128334,
1.01153507316915));
#896=CARTESIAN_POINT('Ctrl Pts',(-0.0609595514580802,-0.105215203109183,
1.00889191802973));
#897=CARTESIAN_POINT('Ctrl Pts',(-0.0956913214493602,-0.0850923210900332,
1.00624876289031));
#898=CARTESIAN_POINT('Ctrl Pts',(-0.11947629606632,-0.0460754467437059,
1.00360560775089));
#899=CARTESIAN_POINT('Ctrl Pts',(-0.121451626814278,-0.00598399756011346,
1.00096245261146));
#900=CARTESIAN_POINT('Ctrl Pts',(-0.121549220801001,-0.00400322327035676,
1.00083186382381));
#901=CARTESIAN_POINT('Ctrl Pts',(-0.121593577607472,-0.00201982595132702,
1.00070127503616));
#902=CARTESIAN_POINT('Ctrl Pts',(-0.121585789699623,-3.60730109575808E-5,
1.00057068624851));
#903=CARTESIAN_POINT('Ctrl Pts',(-0.121596657253271,-1.50057470388267E-5,
0.99242931410885));
#904=CARTESIAN_POINT('Ctrl Pts',(-0.121598071953299,-0.000824962006802534,
0.992482645587242));
#905=CARTESIAN_POINT('Ctrl Pts',(-0.121590677423594,-0.00163489175119759,
0.992535977065633));
#906=CARTESIAN_POINT('Ctrl Pts',(-0.121574394786512,-0.00244464277156298,
0.992589308544025));
#907=CARTESIAN_POINT('Ctrl Pts',(-0.120767412921705,-0.0425766180268451,
0.995232463683447));
#908=CARTESIAN_POINT('Ctrl Pts',(-0.0981287410353815,-0.0822695968287925,
0.99787561882287));
#909=CARTESIAN_POINT('Ctrl Pts',(-0.0639976992508029,-0.103395378069023,
1.00051877396229));
#910=CARTESIAN_POINT('Ctrl Pts',(-0.0298666574662243,-0.124521159309253,
1.00316192910171));
#911=CARTESIAN_POINT('Ctrl Pts',(0.0157567542166093,-0.127079742987766,
1.00580508424114));
#912=CARTESIAN_POINT('Ctrl Pts',(0.0520358431267212,-0.109902596738606,
1.00844823938056));
#913=CARTESIAN_POINT('Ctrl Pts',(0.0883149320368329,-0.0927254504894458,
1.01109139451998));
#914=CARTESIAN_POINT('Ctrl Pts',(0.115249698174223,-0.0558125743126122,
1.0137345496594));
#915=CARTESIAN_POINT('Ctrl Pts',(0.12053875003938,-0.0160224677625862,1.01637770479883));
#916=CARTESIAN_POINT('Ctrl Pts',(0.125827801904537,0.0237676387874401,1.01902085993825));
#917=CARTESIAN_POINT('Ctrl Pts',(0.109471139497461,0.0664349757106588,1.02166401507767));
#918=CARTESIAN_POINT('Ctrl Pts',(0.0789390228810329,0.0924929207967526,
1.02430717021709));
#919=CARTESIAN_POINT('Ctrl Pts',(0.0484069062646049,0.118550865882846,1.02695032535652));
#920=CARTESIAN_POINT('Ctrl Pts',(0.00369933543882464,0.127999419131815,
1.02959348049594));
#921=CARTESIAN_POINT('Ctrl Pts',(-0.0347652710161654,0.116523326700785,
1.03223663563536));
#922=CARTESIAN_POINT('Ctrl Pts',(-0.0732298774711556,0.105047234269755,
1.03487979077478));
#923=CARTESIAN_POINT('Ctrl Pts',(-0.105451519555355,0.0726464961587259,
1.03752294591421));
#924=CARTESIAN_POINT('Ctrl Pts',(-0.116714233866428,0.0341188708231217,
1.04016610105363));
#925=CARTESIAN_POINT('Ctrl Pts',(-0.11992881653014,0.02312238870903,1.04092050540537));
#926=CARTESIAN_POINT('Ctrl Pts',(-0.121436011599726,0.011626788922933,1.04167490975711));
#927=CARTESIAN_POINT('Ctrl Pts',(-0.121338783640089,0.000106259916786852,
1.04242931410885));
#928=CARTESIAN_POINT('Origin',(5.63881131584757E-16,0.,1.08400000017868));
#929=CARTESIAN_POINT('',(-0.121215149958905,-3.99557655068238E-5,1.10057068624851));
#930=CARTESIAN_POINT('',(-0.121229447716015,-5.73256609657514E-5,1.09242931410885));
#931=CARTESIAN_POINT('',(-0.121399999999999,-1.48672121416489E-17,1.08400000017868));
#932=CARTESIAN_POINT('Ctrl Pts',(-0.121215149958905,-3.99557655068238E-5,
1.10057068624851));
#933=CARTESIAN_POINT('Ctrl Pts',(-0.121147860768251,0.0226939726538878,
1.0990858033759));
#934=CARTESIAN_POINT('Ctrl Pts',(-0.115013275816441,0.0454616070366912,
1.09760092050328));
#935=CARTESIAN_POINT('Ctrl Pts',(-0.103039049609203,0.0645698082481082,
1.09611603763067));
#936=CARTESIAN_POINT('Ctrl Pts',(-0.0817244138733032,0.0985832251771662,
1.09347288249125));
#937=CARTESIAN_POINT('Ctrl Pts',(-0.0419065679739572,0.121001535816723,
1.09082972735182));
#938=CARTESIAN_POINT('Ctrl Pts',(-0.00177074161579191,0.121586061519227,
1.0881865722124));
#939=CARTESIAN_POINT('Ctrl Pts',(0.0383650847423734,0.122170587221732,1.08554341707298));
#940=CARTESIAN_POINT('Ctrl Pts',(0.0788188915593573,0.100921327987185,1.08290026193356));
#941=CARTESIAN_POINT('Ctrl Pts',(0.101114999079261,0.0675430443702091,1.08025710679413));
#942=CARTESIAN_POINT('Ctrl Pts',(0.123411106599165,0.0341647607532331,1.07761395165471));
#943=CARTESIAN_POINT('Ctrl Pts',(0.127549514821987,-0.0113425472461726,
1.07497079651529));
#944=CARTESIAN_POINT('Ctrl Pts',(0.111640169114099,-0.0481952126436887,
1.07232764137587));
#945=CARTESIAN_POINT('Ctrl Pts',(0.0957308234062108,-0.0850478780412049,
1.06968448623644));
#946=CARTESIAN_POINT('Ctrl Pts',(0.0597737237676115,-0.113245900836832,
1.06704133109702));
#947=CARTESIAN_POINT('Ctrl Pts',(0.0201908564127674,-0.119910946952087,
1.0643981759576));
#948=CARTESIAN_POINT('Ctrl Pts',(-0.019392010942077,-0.126575993067342,
1.06175502081818));
#949=CARTESIAN_POINT('Ctrl Pts',(-0.0626006460131664,-0.111708062502225,
1.05911186567876));
#950=CARTESIAN_POINT('Ctrl Pts',(-0.089701209958916,-0.0820974957807595,
1.05646871053933));
#951=CARTESIAN_POINT('Ctrl Pts',(-0.109858909881373,-0.0600728279657265,
1.05450270244239));
#952=CARTESIAN_POINT('Ctrl Pts',(-0.121104739994141,-0.0298917239731602,
1.05253669434545));
#953=CARTESIAN_POINT('Ctrl Pts',(-0.121372724818049,0.000109888118041299,
1.05057068624851));
#954=CARTESIAN_POINT('Ctrl Pts',(-0.121338783640089,0.000106259916786852,
1.04242931410885));
#955=CARTESIAN_POINT('Ctrl Pts',(-0.121095360620422,-0.0287369038118526,
1.04431806489653));
#956=CARTESIAN_POINT('Ctrl Pts',(-0.110795137121344,-0.057736328194681,
1.04620681568421));
#957=CARTESIAN_POINT('Ctrl Pts',(-0.0920539563215581,-0.0794504805428436,
1.04809556647189));
#958=CARTESIAN_POINT('Ctrl Pts',(-0.0658271779276712,-0.109837694013024,
1.05073872161132));
#959=CARTESIAN_POINT('Ctrl Pts',(-0.0230698346019525,-0.125957608393208,
1.05338187675074));
#960=CARTESIAN_POINT('Ctrl Pts',(0.0166903445100383,-0.12044808895752,1.05602503189016));
#961=CARTESIAN_POINT('Ctrl Pts',(0.0564505236220298,-0.114938569521833,
1.05866818702958));
#962=CARTESIAN_POINT('Ctrl Pts',(0.0932135385202933,-0.087799616270274,
1.06131134216901));
#963=CARTESIAN_POINT('Ctrl Pts',(0.110189333000115,-0.0514258750651133,
1.06395449730843));
#964=CARTESIAN_POINT('Ctrl Pts',(0.127165127479936,-0.0150521338599528,
1.06659765244785));
#965=CARTESIAN_POINT('Ctrl Pts',(0.124353701541314,0.0305563952988099,1.06924080758727));
#966=CARTESIAN_POINT('Ctrl Pts',(0.10303906302933,0.0645698166578823,1.0718839627267));
#967=CARTESIAN_POINT('Ctrl Pts',(0.0817244245173464,0.0985832380169544,
1.07452711786612));
#968=CARTESIAN_POINT('Ctrl Pts',(0.0419065734320008,0.121001551576337,1.07717027300554));
#969=CARTESIAN_POINT('Ctrl Pts',(0.00177074184642132,0.121586077354971,
1.07981342814496));
#970=CARTESIAN_POINT('Ctrl Pts',(-0.0383650897391583,0.122170603133606,
1.08245658328439));
#971=CARTESIAN_POINT('Ctrl Pts',(-0.0788189018249717,0.100921341131493,
1.08509973842381));
#972=CARTESIAN_POINT('Ctrl Pts',(-0.10111501224879,0.0675430531672268,1.08774289356323));
#973=CARTESIAN_POINT('Ctrl Pts',(-0.11429231291989,0.0478160367490687,1.0893050337451));
#974=CARTESIAN_POINT('Ctrl Pts',(-0.121127185178597,0.0238523894891321,
1.09086717392698));
#975=CARTESIAN_POINT('Ctrl Pts',(-0.121229447716015,-5.73256609657514E-5,
1.09242931410885));
#976=CARTESIAN_POINT('Origin',(5.63881131584757E-16,0.,1.08400000017868));
#977=CARTESIAN_POINT('',(-0.121518341898946,-8.51594711483347E-5,1.15057068624851));
#978=CARTESIAN_POINT('',(-0.121546967006405,-7.03231747686546E-5,1.14242931410885));
#979=CARTESIAN_POINT('',(-0.121399999999999,-1.48672121416489E-17,1.08400000017868));
#980=CARTESIAN_POINT('Ctrl Pts',(-0.121518341898946,-8.51594711483347E-5,
1.15057068624851));
#981=CARTESIAN_POINT('Ctrl Pts',(-0.121240009587809,0.0347926284543289,
1.14827806754577));
#982=CARTESIAN_POINT('Ctrl Pts',(-0.105421942575551,0.0698907831360946,
1.14598544884302));
#983=CARTESIAN_POINT('Ctrl Pts',(-0.0789390125997471,0.0924929087500982,
1.14369283014027));
#984=CARTESIAN_POINT('Ctrl Pts',(-0.0484068999598987,0.118550850442247,
1.14104967500085));
#985=CARTESIAN_POINT('Ctrl Pts',(-0.00369933495701133,0.127999402460784,
1.13840651986143));
#986=CARTESIAN_POINT('Ctrl Pts',(0.0347652664882203,0.116523311524477,1.135763364722));
#987=CARTESIAN_POINT('Ctrl Pts',(0.073229867933452,0.105047220588169,1.13312020958258));
#988=CARTESIAN_POINT('Ctrl Pts',(0.105451505821028,0.0726464866970169,1.13047705444316));
#989=CARTESIAN_POINT('Ctrl Pts',(0.116714218665214,0.0341188663793471,1.12783389930374));
#990=CARTESIAN_POINT('Ctrl Pts',(0.127976931509401,-0.0044087539383227,
1.12519074416431));
#991=CARTESIAN_POINT('Ctrl Pts',(0.118280719310198,-0.0490632606825101,
1.12254758902489));
#992=CARTESIAN_POINT('Ctrl Pts',(0.0920539443321643,-0.0794504701949549,
1.11990443388547));
#993=CARTESIAN_POINT('Ctrl Pts',(0.0658271693541306,-0.1098376797074,1.11726127874605));
#994=CARTESIAN_POINT('Ctrl Pts',(0.0230698315972663,-0.125957591988102,
1.11461812360663));
#995=CARTESIAN_POINT('Ctrl Pts',(-0.016690342336235,-0.120448073269997,
1.1119749684672));
#996=CARTESIAN_POINT('Ctrl Pts',(-0.0564505162697366,-0.114938554551892,
1.10933181332778));
#997=CARTESIAN_POINT('Ctrl Pts',(-0.0932135263798751,-0.0877996048349793,
1.10668865818836));
#998=CARTESIAN_POINT('Ctrl Pts',(-0.110189318648717,-0.0514258683672434,
1.10404550304894));
#999=CARTESIAN_POINT('Ctrl Pts',(-0.117628378543013,-0.0354863234035899,
1.10288723078213));
#1000=CARTESIAN_POINT('Ctrl Pts',(-0.121267638410909,-0.0177733940651838,
1.10172895851532));
#1001=CARTESIAN_POINT('Ctrl Pts',(-0.121215149958905,-3.99557655068238E-5,
1.10057068624851));
#1002=CARTESIAN_POINT('Ctrl Pts',(-0.121229447716015,-5.73256609657514E-5,
1.09242931410885));
#1003=CARTESIAN_POINT('Ctrl Pts',(-0.12130021430523,-0.0166030620858442,
1.0935103290664));
#1004=CARTESIAN_POINT('Ctrl Pts',(-0.118146893252579,-0.033122971698234,
1.09459134402395));
#1005=CARTESIAN_POINT('Ctrl Pts',(-0.11164018365446,-0.0481952189207819,
1.0956723589815));
#1006=CARTESIAN_POINT('Ctrl Pts',(-0.0957308358744899,-0.0850478891181037,
1.09831551412092));
#1007=CARTESIAN_POINT('Ctrl Pts',(-0.0597737315527265,-0.113245915586327,
1.10095866926034));
#1008=CARTESIAN_POINT('Ctrl Pts',(-0.0201908590424868,-0.119910962569659,
1.10360182439976));
#1009=CARTESIAN_POINT('Ctrl Pts',(0.0193920134677524,-0.126576009552991,
1.10624497953919));
#1010=CARTESIAN_POINT('Ctrl Pts',(0.062600654166468,-0.111708077051434,
1.10888813467861));
#1011=CARTESIAN_POINT('Ctrl Pts',(0.0897012216418792,-0.0820975064733958,
1.11153128981803));
#1012=CARTESIAN_POINT('Ctrl Pts',(0.116801789117291,-0.0524869358953567,
1.11417444495745));
#1013=CARTESIAN_POINT('Ctrl Pts',(0.127794283369398,-0.00813372724083641,
1.11681760009688));
#1014=CARTESIAN_POINT('Ctrl Pts',(0.117658316466691,0.0307055418360705,
1.1194607552363));
#1015=CARTESIAN_POINT('Ctrl Pts',(0.107522349563985,0.0695448109129764,
1.12210391037572));
#1016=CARTESIAN_POINT('Ctrl Pts',(0.0762579215064664,0.102870140412269,
1.12474706551514));
#1017=CARTESIAN_POINT('Ctrl Pts',(0.0381438259604165,0.115461501265504,
1.12739022065457));
#1018=CARTESIAN_POINT('Ctrl Pts',(2.97304143657098E-5,0.128052862118738,
1.13003337579399));
#1019=CARTESIAN_POINT('Ctrl Pts',(-0.0449340326202162,0.119910254325914,
1.13267653093341));
#1020=CARTESIAN_POINT('Ctrl Pts',(-0.0762120388711748,0.0947524926534318,
1.13531968607283));
#1021=CARTESIAN_POINT('Ctrl Pts',(-0.104256172797311,0.0721958235369883,
1.13768956208484));
#1022=CARTESIAN_POINT('Ctrl Pts',(-0.121298227741812,0.0359605490040942,
1.14005943809684));
#1023=CARTESIAN_POINT('Ctrl Pts',(-0.121546967006405,-7.03231747686546E-5,
1.14242931410885));
#1024=CARTESIAN_POINT('Origin',(5.63881131584757E-16,0.,1.08400000017868));
#1025=CARTESIAN_POINT('',(-0.121473236914191,0.000100317328340624,1.20057068624851));
#1026=CARTESIAN_POINT('',(-0.121438234795308,0.000107079885370521,1.19242931410885));
#1027=CARTESIAN_POINT('',(-0.121399999999999,-1.48672121416489E-17,1.08400000017868));
#1028=CARTESIAN_POINT('Ctrl Pts',(-0.121473236914191,0.000100317328340624,
1.20057068624851));
#1029=CARTESIAN_POINT('Ctrl Pts',(-0.121535166045673,0.00706244525820754,
1.20011348685506));
#1030=CARTESIAN_POINT('Ctrl Pts',(-0.120988009687097,0.0140148445830469,
1.1996562874616));
#1031=CARTESIAN_POINT('Ctrl Pts',(-0.119797191321082,0.0208551903377549,
1.19919908806814));
#1032=CARTESIAN_POINT('Ctrl Pts',(-0.112912847795496,0.0604005075356888,
1.19655593292872));
#1033=CARTESIAN_POINT('Ctrl Pts',(-0.084515954224932,0.096200756658593,
1.1939127777893));
#1034=CARTESIAN_POINT('Ctrl Pts',(-0.047575672351644,0.111905590328485,
1.19126962264987));
#1035=CARTESIAN_POINT('Ctrl Pts',(-0.010635390478356,0.127610423998377,
1.18862646751045));
#1036=CARTESIAN_POINT('Ctrl Pts',(0.0348482796976562,0.123219842215258,
1.18598331237103));
#1037=CARTESIAN_POINT('Ctrl Pts',(0.0681024674952588,0.100739068109414,
1.18334015723161));
#1038=CARTESIAN_POINT('Ctrl Pts',(0.101356655292861,0.0782582940035712,
1.18069700209218));
#1039=CARTESIAN_POINT('Ctrl Pts',(0.122381360712054,0.0376873275750045,
1.17805384695276));
#1040=CARTESIAN_POINT('Ctrl Pts',(0.121574378952529,-0.00244464245429921,
1.17541069181334));
#1041=CARTESIAN_POINT('Ctrl Pts',(0.120767397193004,-0.042576612483603,
1.17276753667392));
#1042=CARTESIAN_POINT('Ctrl Pts',(0.0981287282547605,-0.0822695861136437,
1.1701243815345));
#1043=CARTESIAN_POINT('Ctrl Pts',(0.0639976909154135,-0.103395364601884,
1.16748122639507));
#1044=CARTESIAN_POINT('Ctrl Pts',(0.0298666535760662,-0.124521143090124,
1.16483807125565));
#1045=CARTESIAN_POINT('Ctrl Pts',(-0.0157567521643849,-0.127079726436563,
1.16219491611623));
#1046=CARTESIAN_POINT('Ctrl Pts',(-0.0520358363493403,-0.109902582424877,
1.15955176097681));
#1047=CARTESIAN_POINT('Ctrl Pts',(-0.0883149205342955,-0.092725438413191,
1.15690860583738));
#1048=CARTESIAN_POINT('Ctrl Pts',(-0.115249683163755,-0.0558125670433808,
1.15426545069796));
#1049=CARTESIAN_POINT('Ctrl Pts',(-0.12053873434008,-0.0160224656755956,
1.15162229555854));
#1050=CARTESIAN_POINT('Ctrl Pts',(-0.1212401707125,-0.0107454843359972,
1.15127175912186));
#1051=CARTESIAN_POINT('Ctrl Pts',(-0.121560898306796,-0.00541789774282304,
1.15092122268519));
#1052=CARTESIAN_POINT('Ctrl Pts',(-0.121518341898946,-8.51594711483347E-5,
1.15057068624851));
#1053=CARTESIAN_POINT('Ctrl Pts',(-0.121546967006405,-7.03231747686546E-5,
1.14242931410885));
#1054=CARTESIAN_POINT('Ctrl Pts',(-0.121575650046715,-0.00422517568992599,
1.14270259323627));
#1055=CARTESIAN_POINT('Ctrl Pts',(-0.121381028252068,-0.00837731021687885,
1.14297587236368));
#1056=CARTESIAN_POINT('Ctrl Pts',(-0.120954221604844,-0.012505439186143,
1.1432491514911));
#1057=CARTESIAN_POINT('Ctrl Pts',(-0.116826148620221,-0.0524326938010946,
1.14589230663052));
#1058=CARTESIAN_POINT('Ctrl Pts',(-0.0909777531836397,-0.0901142874788562,
1.14853546176994));
#1059=CARTESIAN_POINT('Ctrl Pts',(-0.0552142698078858,-0.108340639391815,
1.15117861690937));
#1060=CARTESIAN_POINT('Ctrl Pts',(-0.0194507864321324,-0.126566991304773,
1.15382177204879));
#1061=CARTESIAN_POINT('Ctrl Pts',(0.0262277848827931,-0.125338101452929,
1.15646492718821));
#1062=CARTESIAN_POINT('Ctrl Pts',(0.0609595593976439,-0.105215216812834,
1.15910808232763));
#1063=CARTESIAN_POINT('Ctrl Pts',(0.0956913339124953,-0.0850923321727386,
1.16175123746706));
#1064=CARTESIAN_POINT('Ctrl Pts',(0.119476311627271,-0.0460754527443919,
1.16439439260648));
#1065=CARTESIAN_POINT('Ctrl Pts',(0.121451642632507,-0.00598399833931279,
1.1670375477459));
#1066=CARTESIAN_POINT('Ctrl Pts',(0.123426973637743,0.034107456065766,1.16968070288532));
#1067=CARTESIAN_POINT('Ctrl Pts',(0.103592657933439,0.0752734854475776,
1.17232385802475));
#1068=CARTESIAN_POINT('Ctrl Pts',(0.0710072364793259,0.0987131303696042,
1.17496701316417));
#1069=CARTESIAN_POINT('Ctrl Pts',(0.0384218150252135,0.122152775291631,
1.17761016830359));
#1070=CARTESIAN_POINT('Ctrl Pts',(-0.00691471217870608,0.127866035753873,
1.18025332344301));
#1071=CARTESIAN_POINT('Ctrl Pts',(-0.0442966755796257,0.113243605771036,
1.18289647858244));
#1072=CARTESIAN_POINT('Ctrl Pts',(-0.0816786389805459,0.0986211757881981,
1.18553963372186));
#1073=CARTESIAN_POINT('Ctrl Pts',(-0.111106038578465,0.0636630553602793,
1.18818278886128));
#1074=CARTESIAN_POINT('Ctrl Pts',(-0.119139070873715,0.0243349858708651,
1.1908259440007));
#1075=CARTESIAN_POINT('Ctrl Pts',(-0.120763382624961,0.0163826905136995,
1.19136040070342));
#1076=CARTESIAN_POINT('Ctrl Pts',(-0.121512953957565,0.00825172331186467,
1.19189485740614));
#1077=CARTESIAN_POINT('Ctrl Pts',(-0.121438234795308,0.000107079885370521,
1.19242931410885));
#1078=CARTESIAN_POINT('Origin',(5.63881131584757E-16,0.,1.08400000017868));
#1079=CARTESIAN_POINT('',(-0.121204193082948,1.40554140887883E-5,1.25057068624851));
#1080=CARTESIAN_POINT('',(-0.121202927299256,-5.16758821597749E-6,1.24242931410885));
#1081=CARTESIAN_POINT('',(-0.121399999999999,-1.48672121416489E-17,1.08400000017868));
#1082=CARTESIAN_POINT('Ctrl Pts',(-0.121204193082948,1.40554140887883E-5,
1.25057068624851));
#1083=CARTESIAN_POINT('Ctrl Pts',(-0.121224381811531,0.0193849376364333,
1.24930575102492));
#1084=CARTESIAN_POINT('Ctrl Pts',(-0.116850250531329,0.0387472324160235,
1.24804081580133));
#1085=CARTESIAN_POINT('Ctrl Pts',(-0.108032939175704,0.0558139809864304,
1.24677588057774));
#1086=CARTESIAN_POINT('Ctrl Pts',(-0.0896086583185668,0.0914759369157421,
1.24413272543832));
#1087=CARTESIAN_POINT('Ctrl Pts',(-0.0517843362747072,0.117114961015099,
1.2414895702989));
#1088=CARTESIAN_POINT('Ctrl Pts',(-0.011834809489734,0.121021634513767,
1.23884641515948));
#1089=CARTESIAN_POINT('Ctrl Pts',(0.028114717295239,0.124928308012435,1.23620326002005));
#1090=CARTESIAN_POINT('Ctrl Pts',(0.0701894488213259,0.107102630910415,
1.23356010488063));
#1091=CARTESIAN_POINT('Ctrl Pts',(0.0951734479371567,0.0756856782827088,
1.23091694974121));
#1092=CARTESIAN_POINT('Ctrl Pts',(0.120157447052987,0.0442687256550029,
1.22827379460179));
#1093=CARTESIAN_POINT('Ctrl Pts',(0.128050713758562,-0.000739502498388492,
1.22563063946237));
#1094=CARTESIAN_POINT('Ctrl Pts',(0.115248291506906,-0.0387832231397803,
1.22298748432294));
#1095=CARTESIAN_POINT('Ctrl Pts',(0.102445869255249,-0.0768269437811725,
1.22034432918352));
#1096=CARTESIAN_POINT('Ctrl Pts',(0.0689477580463609,-0.107906156910564,
1.2177011740441));
#1097=CARTESIAN_POINT('Ctrl Pts',(0.0300529076676907,-0.117826684702952,
1.21505801890468));
#1098=CARTESIAN_POINT('Ctrl Pts',(-0.00884194271097954,-0.12774721249534,
1.21241486376525));
#1099=CARTESIAN_POINT('Ctrl Pts',(-0.0531335322594317,-0.116509054950723,
1.20977170862583));
#1100=CARTESIAN_POINT('Ctrl Pts',(-0.0825934302933537,-0.0892447835419328,
1.20712855348641));
#1101=CARTESIAN_POINT('Ctrl Pts',(-0.106957506552934,-0.0666965456966834,
1.20494259774044));
#1102=CARTESIAN_POINT('Ctrl Pts',(-0.121177142162666,-0.0331869174541509,
1.20275664199448));
#1103=CARTESIAN_POINT('Ctrl Pts',(-0.121473236914191,0.000100317328340624,
1.20057068624851));
#1104=CARTESIAN_POINT('Ctrl Pts',(-0.121438234795308,0.000107079885370521,
1.19242931410885));
#1105=CARTESIAN_POINT('Ctrl Pts',(-0.12114343040827,-0.0320276033802748,
1.19453801254556));
#1106=CARTESIAN_POINT('Ctrl Pts',(-0.10801692629908,-0.0643751839306214,
1.19664671098226));
#1107=CARTESIAN_POINT('Ctrl Pts',(-0.0851573284760581,-0.0868017233733248,
1.19875540941897));
#1108=CARTESIAN_POINT('Ctrl Pts',(-0.0565038887905697,-0.114912344577192,
1.20139856455839));
#1109=CARTESIAN_POINT('Ctrl Pts',(-0.0125583444270117,-0.127435568434017,
1.20404171969781));
#1110=CARTESIAN_POINT('Ctrl Pts',(0.0266089118561309,-0.118651908576688,
1.20668487483724));
#1111=CARTESIAN_POINT('Ctrl Pts',(0.065776168139273,-0.109868248719359,
1.20932802997666));
#1112=CARTESIAN_POINT('Ctrl Pts',(0.100165136342,-0.0797777051478759,1.21197118511608));
#1113=CARTESIAN_POINT('Ctrl Pts',(0.114070011772823,-0.0421229424137046,
1.2146143402555));
#1114=CARTESIAN_POINT('Ctrl Pts',(0.127974887203646,-0.00446817967953275,
1.21725749539493));
#1115=CARTESIAN_POINT('Ctrl Pts',(0.121395669862564,0.0407508022173279,
1.21990065053435));
#1116=CARTESIAN_POINT('Ctrl Pts',(0.0973371588372717,0.0728820106486025,
1.22254380567377));
#1117=CARTESIAN_POINT('Ctrl Pts',(0.0732786478119797,0.105013219079877,
1.22518696081319));
#1118=CARTESIAN_POINT('Ctrl Pts',(0.0317408431024784,0.124056654045566,
1.22783011595262));
#1119=CARTESIAN_POINT('Ctrl Pts',(-0.00830550464591365,0.121314992221428,
1.23047327109204));
#1120=CARTESIAN_POINT('Ctrl Pts',(-0.048351852394306,0.118573330397289,
1.23311642623146));
#1121=CARTESIAN_POINT('Ctrl Pts',(-0.0869067431815886,0.0940465717833239,
1.23575958137088));
#1122=CARTESIAN_POINT('Ctrl Pts',(-0.106361747595563,0.0589363180662329,
1.23840273651031));
#1123=CARTESIAN_POINT('Ctrl Pts',(-0.116240986714563,0.0411073531058978,
1.23974492904315));
#1124=CARTESIAN_POINT('Ctrl Pts',(-0.121195125176229,0.0205493259055832,
1.241087121576));
#1125=CARTESIAN_POINT('Ctrl Pts',(-0.121202927299256,-5.16758821597749E-6,
1.24242931410885));
#1126=CARTESIAN_POINT('Origin',(5.63881131584757E-16,0.,1.08400000017868));
#1127=CARTESIAN_POINT('',(-0.121418958271982,-0.000116290395386494,1.30057068624851));
#1128=CARTESIAN_POINT('',(-0.121456898805199,-0.00010496532616087,1.29242931410885));
#1129=CARTESIAN_POINT('',(-0.121399999999999,-1.48672121416489E-17,1.08400000017868));
#1130=CARTESIAN_POINT('Ctrl Pts',(-0.121418958271982,-0.000116290395386494,
1.30057068624851));
#1131=CARTESIAN_POINT('Ctrl Pts',(-0.121128408294081,0.0314809920736344,
1.29849801519479));
#1132=CARTESIAN_POINT('Ctrl Pts',(-0.108496242526526,0.0632914386345389,
1.29642534414107));
#1133=CARTESIAN_POINT('Ctrl Pts',(-0.0863294628770813,0.0856401582165422,
1.29435267308735));
#1134=CARTESIAN_POINT('Ctrl Pts',(-0.0580614762857468,0.114140162072239,
1.29170951794792));
#1135=CARTESIAN_POINT('Ctrl Pts',(-0.0142879225741065,0.127253130379069,
1.2890663628085));
#1136=CARTESIAN_POINT('Ctrl Pts',(0.0249955357210874,0.119000787487677,
1.28642320766908));
#1137=CARTESIAN_POINT('Ctrl Pts',(0.0642789940162818,0.110748444596285,
1.28378005252966));
#1138=CARTESIAN_POINT('Ctrl Pts',(0.0990723568950297,0.0811307905066699,
1.28113689739024));
#1139=CARTESIAN_POINT('Ctrl Pts',(0.113487090516871,0.0436691001169101,
1.27849374225081));
#1140=CARTESIAN_POINT('Ctrl Pts',(0.127901824138712,0.00620740972715087,
1.27585058711139));
#1141=CARTESIAN_POINT('Ctrl Pts',(0.121937928503647,-0.0390983169627529,
1.27320743197197));
#1142=CARTESIAN_POINT('Ctrl Pts',(0.0983181701736894,-0.071553693907918,
1.27056427683255));
#1143=CARTESIAN_POINT('Ctrl Pts',(0.0746984118437319,-0.104009070853084,
1.26792112169312));
#1144=CARTESIAN_POINT('Ctrl Pts',(0.033422790818882,-0.12361409805351,1.2652779665537));
#1145=CARTESIAN_POINT('Ctrl Pts',(-0.00665716455482671,-0.121416382521636,
1.26263481141428));
#1146=CARTESIAN_POINT('Ctrl Pts',(-0.0467371199285354,-0.119218666989762,
1.25999165627486));
#1147=CARTESIAN_POINT('Ctrl Pts',(-0.0856214096511029,-0.0952182087255869,
1.25734850113543));
#1148=CARTESIAN_POINT('Ctrl Pts',(-0.105551434677179,-0.0603755357138664,
1.25470534599601));
#1149=CARTESIAN_POINT('Ctrl Pts',(-0.115943544093798,-0.0422075269014584,
1.25332712608018));
#1150=CARTESIAN_POINT('Ctrl Pts',(-0.12118219629822,-0.0210916385125208,
1.25194890616435));
#1151=CARTESIAN_POINT('Ctrl Pts',(-0.121204193082948,1.40554140887883E-5,
1.25057068624851));
#1152=CARTESIAN_POINT('Ctrl Pts',(-0.121202927299256,-5.16758821597749E-6,
1.24242931410885));
#1153=CARTESIAN_POINT('Ctrl Pts',(-0.121210489754016,-0.0199282611668646,
1.24373027671543));
#1154=CARTESIAN_POINT('Ctrl Pts',(-0.116570934906686,-0.0398480348037293,
1.245031239322));
#1155=CARTESIAN_POINT('Ctrl Pts',(-0.107264924551115,-0.0572760586255,1.24633220192857));
#1156=CARTESIAN_POINT('Ctrl Pts',(-0.088357979052027,-0.0926844327799247,
1.248975357068));
#1157=CARTESIAN_POINT('Ctrl Pts',(-0.050188970013186,-0.117807432268559,
1.25161851220742));
#1158=CARTESIAN_POINT('Ctrl Pts',(-0.0101900684757528,-0.121171222365886,
1.25426166734684));
#1159=CARTESIAN_POINT('Ctrl Pts',(0.029808833061681,-0.124535012463213,
1.25690482248626));
#1160=CARTESIAN_POINT('Ctrl Pts',(0.0716376270977071,-0.106139593169232,
1.25954797762568));
#1161=CARTESIAN_POINT('Ctrl Pts',(0.0961926286435094,-0.0743861440647437,
1.26219113276511));
#1162=CARTESIAN_POINT('Ctrl Pts',(0.120747630189311,-0.0426326949602555,
1.26483428790453));
#1163=CARTESIAN_POINT('Ctrl Pts',(0.12802883924489,0.00247878395474064,
1.26747744304395));
#1164=CARTESIAN_POINT('Ctrl Pts',(0.114710917316833,0.0403450111477488,
1.27012059818337));
#1165=CARTESIAN_POINT('Ctrl Pts',(0.101392995388776,0.0782112383407576,
1.2727637533228));
#1166=CARTESIAN_POINT('Ctrl Pts',(0.0674759424770821,0.108832213811778,
1.27540690846222));
#1167=CARTESIAN_POINT('Ctrl Pts',(0.0284499046489456,0.118223782635071,
1.27805006360164));
#1168=CARTESIAN_POINT('Ctrl Pts',(-0.0105761331791905,0.127615351458364,
1.28069321874106));
#1169=CARTESIAN_POINT('Ctrl Pts',(-0.0547111559237694,0.11577751363393,
1.28333637388049));
#1170=CARTESIAN_POINT('Ctrl Pts',(-0.0837979818525137,0.0881152401165207,
1.28597952901991));
#1171=CARTESIAN_POINT('Ctrl Pts',(-0.107457051696958,0.0656148936432485,
1.28812945738289));
#1172=CARTESIAN_POINT('Ctrl Pts',(-0.121160070104271,0.032644927610173,
1.29027938574587));
#1173=CARTESIAN_POINT('Ctrl Pts',(-0.121456898805199,-0.00010496532616087,
1.29242931410885));
#1174=CARTESIAN_POINT('Origin',(5.63881131584757E-16,0.,0.740985938435877));
#1175=CARTESIAN_POINT('',(-0.0947147887014551,-9.07141716907073E-5,1.31598593843588));
#1176=CARTESIAN_POINT('',(-0.0947963758134618,6.20869188053108E-5,1.32701406192149));
#1177=CARTESIAN_POINT('',(-0.0946999999999994,-5.64822455735417E-15,0.740985938435877));
#1178=CARTESIAN_POINT('',(0.0605644584875476,-0.073003137823075,1.33400000017868));
#1179=CARTESIAN_POINT('Ctrl Pts',(-0.0947147887014551,-9.07141716907197E-5,
1.31598593843588));
#1180=CARTESIAN_POINT('Ctrl Pts',(-0.094777171562756,-0.00687484440635081,
1.31655642252158));
#1181=CARTESIAN_POINT('Ctrl Pts',(-0.0910200862461517,-0.0450201054956603,
1.3197700617467));
#1182=CARTESIAN_POINT('Ctrl Pts',(-0.0393530614414827,-0.10470962150928,
1.32562685611124));
#1183=CARTESIAN_POINT('Ctrl Pts',(0.0332510662657523,-0.0946314408908954,
1.33106105927315));
#1184=CARTESIAN_POINT('Ctrl Pts',(0.0592213156724358,-0.074129893272349,
1.33385210729562));
#1185=CARTESIAN_POINT('Ctrl Pts',(0.0605644584875476,-0.073003137823075,
1.33400000017868));
#1186=CARTESIAN_POINT('',(-0.0604928949767452,-0.0728608238859018,1.33400000017868));
#1187=CARTESIAN_POINT('Origin',(5.63881131584757E-16,0.,1.33400000017868));
#1188=CARTESIAN_POINT('Ctrl Pts',(-0.0947963758134618,6.20869188053121E-5,
1.32701406192149));
#1189=CARTESIAN_POINT('Ctrl Pts',(-0.0945918279922248,-0.0274957072890802,
1.32934270800722));
#1190=CARTESIAN_POINT('Ctrl Pts',(-0.0818138880981594,-0.0551590120080486,
1.33167135409295));
#1191=CARTESIAN_POINT('Ctrl Pts',(-0.0604928949767452,-0.0728608238859018,
1.33400000017868));
#1192=CARTESIAN_POINT('Origin',(5.63881131584757E-16,0.,0.740985938435877));
#1193=CARTESIAN_POINT('',(-0.0945472577014429,1.09641492083402E-5,1.26598593843588));
#1194=CARTESIAN_POINT('',(-0.0947443848175646,-8.18798713995841E-5,1.27701406192149));
#1195=CARTESIAN_POINT('',(-0.0946999999999994,-5.64822455735417E-15,0.740985938435877));
#1196=CARTESIAN_POINT('Ctrl Pts',(-0.0945472577014429,1.09641492083407E-5,
1.26598593843588));
#1197=CARTESIAN_POINT('Ctrl Pts',(-0.0945300987598137,-0.0164528679335748,
1.26736415835171));
#1198=CARTESIAN_POINT('Ctrl Pts',(-0.082606511974765,-0.0645143001348444,
1.27138553340696));
#1199=CARTESIAN_POINT('Ctrl Pts',(-0.00612572504534577,-0.111720355531695,
1.27805006360164));
#1200=CARTESIAN_POINT('Ctrl Pts',(0.0904673880778811,-0.0658407160947819,
1.28597952901991));
#1201=CARTESIAN_POINT('Ctrl Pts',(0.104424082887781,0.0401836410106698,
1.29390899443818));
#1202=CARTESIAN_POINT('Ctrl Pts',(0.0230007353272187,0.109494806800286,
1.30183845985644));
#1203=CARTESIAN_POINT('Ctrl Pts',(-0.0720680936849884,0.0810156353348657,
1.30919744118901));
#1204=CARTESIAN_POINT('Ctrl Pts',(-0.0944881405720719,0.024557248347389,
1.31391326738215));
#1205=CARTESIAN_POINT('Ctrl Pts',(-0.0947147887014551,-9.07141716907197E-5,
1.31598593843588));
#1206=CARTESIAN_POINT('Ctrl Pts',(-0.0947443848175647,-8.18798713995868E-5,
1.27701406192149));
#1207=CARTESIAN_POINT('Ctrl Pts',(-0.0947975050345225,-0.0059427734194104,
1.27750728869793));
#1208=CARTESIAN_POINT('Ctrl Pts',(-0.0916353219031032,-0.0431541804146866,
1.28064367061379));
#1209=CARTESIAN_POINT('Ctrl Pts',(-0.0423748779629203,-0.103549614019238,
1.28642320766908));
#1210=CARTESIAN_POINT('Ctrl Pts',(0.0639190062640026,-0.091844662852249,
1.29435267308735));
#1211=CARTESIAN_POINT('Ctrl Pts',(0.111822168602509,0.00378730107362895,
1.30228213850561));
#1212=CARTESIAN_POINT('Ctrl Pts',(0.0575958003930245,0.0958932245326276,
1.31021160392388));
#1213=CARTESIAN_POINT('Ctrl Pts',(-0.0492614360013641,0.100539070775299,
1.31814106934215));
#1214=CARTESIAN_POINT('Ctrl Pts',(-0.0929269153593914,0.0387677235391501,
1.32374188867468));
#1215=CARTESIAN_POINT('Ctrl Pts',(-0.0948240022278345,0.00378406761447282,
1.3266995528678));
#1216=CARTESIAN_POINT('Ctrl Pts',(-0.0947963758134618,6.20869188053121E-5,
1.32701406192149));
#1217=CARTESIAN_POINT('Origin',(5.63881131584757E-16,0.,0.740985938435877));
#1218=CARTESIAN_POINT('',(-0.094757129619225,7.82541267975096E-5,1.21598593843588));
#1219=CARTESIAN_POINT('',(-0.0945462703067503,-4.03105934810881E-6,1.22701406192149));
#1220=CARTESIAN_POINT('',(-0.0946999999999994,-5.64822455735417E-15,0.740985938435877));
#1221=CARTESIAN_POINT('Ctrl Pts',(-0.094757129619225,7.82541267975046E-5,
1.21598593843588));
#1222=CARTESIAN_POINT('Ctrl Pts',(-0.0945261562010233,-0.0258879825610261,
1.21817189418184));
#1223=CARTESIAN_POINT('Ctrl Pts',(-0.0700216716380685,-0.0836346218221241,
1.22300100506723));
#1224=CARTESIAN_POINT('Ctrl Pts',(0.0276530605890345,-0.10841774746939,
1.23047327109204));
#1225=CARTESIAN_POINT('Ctrl Pts',(0.106045263179192,-0.0356862445858598,
1.23840273651031));
#1226=CARTESIAN_POINT('Ctrl Pts',(0.0875734586400319,0.0696419071306019,
1.24633220192857));
#1227=CARTESIAN_POINT('Ctrl Pts',(-0.0108897310351026,0.111357515571161,
1.25426166734684));
#1228=CARTESIAN_POINT('Ctrl Pts',(-0.0840210935173406,0.0617857938909478,
1.26081291284927));
#1229=CARTESIAN_POINT('Ctrl Pts',(-0.0945630062401317,0.0151215287822898,
1.26472100321229));
#1230=CARTESIAN_POINT('Ctrl Pts',(-0.0945472577014429,1.09641492083407E-5,
1.26598593843588));
#1231=CARTESIAN_POINT('Ctrl Pts',(-0.0945462703067503,-4.03105934810881E-6,
1.22701406192149));
#1232=CARTESIAN_POINT('Ctrl Pts',(-0.0945521695198117,-0.0155453569398902,
1.22831502452806));
#1233=CARTESIAN_POINT('Ctrl Pts',(-0.0835799960976943,-0.0626540167283948,
1.23225914227406));
#1234=CARTESIAN_POINT('Ctrl Pts',(-0.00937636164967243,-0.111495155579952,
1.23884641515948));
#1235=CARTESIAN_POINT('Ctrl Pts',(0.0885112856784564,-0.0684462377758341,
1.24677588057774));
#1236=CARTESIAN_POINT('Ctrl Pts',(0.105550754316757,0.0371235411347966,
1.25470534599601));
#1237=CARTESIAN_POINT('Ctrl Pts',(0.0261781453199521,0.108782677307093,
1.26263481141428));
#1238=CARTESIAN_POINT('Ctrl Pts',(-0.0706820434010613,0.0828029647246548,
1.2700710500561));
#1239=CARTESIAN_POINT('Ctrl Pts',(-0.0945128388704664,0.0254651947667465,
1.27486413355851));
#1240=CARTESIAN_POINT('Ctrl Pts',(-0.0947443848175647,-8.18798713995868E-5,
1.27701406192149));
#1241=CARTESIAN_POINT('Origin',(5.63881131584757E-16,0.,0.740985938435877));
#1242=CARTESIAN_POINT('',(-0.0947923144796556,-6.6429999327068E-5,1.16598593843588));
#1243=CARTESIAN_POINT('',(-0.0947298256599311,8.35293669181976E-5,1.17701406192149));
#1244=CARTESIAN_POINT('',(-0.0946999999999994,-5.64822455735417E-15,0.740985938435877));
#1245=CARTESIAN_POINT('Ctrl Pts',(-0.0947923144796556,-6.64299993270928E-5,
1.16598593843588));
#1246=CARTESIAN_POINT('Ctrl Pts',(-0.0948255112821541,-0.00422631726726332,
1.16633647487255));
#1247=CARTESIAN_POINT('Ctrl Pts',(-0.0926888213350959,-0.0397187442307742,
1.16933016644865));
#1248=CARTESIAN_POINT('Ctrl Pts',(-0.0478805679867197,-0.101126424517713,
1.17496701316417));
#1249=CARTESIAN_POINT('Ctrl Pts',(0.0588872209001181,-0.0951388336715557,
1.18289647858244));
#1250=CARTESIAN_POINT('Ctrl Pts',(0.111866181735001,-0.00224942833140166,
1.1908259440007));
#1251=CARTESIAN_POINT('Ctrl Pts',(0.0626642146049116,0.0926946537308366,
1.19875540941897));
#1252=CARTESIAN_POINT('Ctrl Pts',(-0.0437765654363165,0.102969483093144,
1.20668487483724));
#1253=CARTESIAN_POINT('Ctrl Pts',(-0.0919111056875816,0.0422857844297771,
1.21242838450954));
#1254=CARTESIAN_POINT('Ctrl Pts',(-0.0948054384227777,0.00550917270141497,
1.21552873904242));
#1255=CARTESIAN_POINT('Ctrl Pts',(-0.094757129619225,7.82541267975046E-5,
1.21598593843588));
#1256=CARTESIAN_POINT('Ctrl Pts',(-0.0947298256599311,8.35293669182017E-5,
1.17701406192149));
#1257=CARTESIAN_POINT('Ctrl Pts',(-0.094499858811062,-0.0249836411870886,
1.17912276035819));
#1258=CARTESIAN_POINT('Ctrl Pts',(-0.0714255370248879,-0.0818455806961976,
1.18387461393432));
#1259=CARTESIAN_POINT('Ctrl Pts',(0.0244840842997616,-0.109177080971522,
1.19126962264987));
#1260=CARTESIAN_POINT('Ctrl Pts',(0.104961068372206,-0.0387592603071186,
1.19919908806814));
#1261=CARTESIAN_POINT('Ctrl Pts',(0.0895643991250764,0.0670620968337209,
1.20712855348641));
#1262=CARTESIAN_POINT('Ctrl Pts',(-0.00764227565226813,0.11162749941817,
1.21505801890468));
#1263=CARTESIAN_POINT('Ctrl Pts',(-0.0830652334322289,0.0636470579839884,
1.22168652171637));
#1264=CARTESIAN_POINT('Ctrl Pts',(-0.0945401841366478,0.0160298283629172,
1.22567186938864));
#1265=CARTESIAN_POINT('Ctrl Pts',(-0.0945462703067503,-4.03105934810881E-6,
1.22701406192149));
#1266=CARTESIAN_POINT('Origin',(5.63881131584757E-16,0.,0.740985938435877));
#1267=CARTESIAN_POINT('',(-0.0945558047867243,-3.11681300965966E-5,1.11598593843588));
#1268=CARTESIAN_POINT('',(-0.0948146439498069,-5.48567104707176E-5,1.12701406192149));
#1269=CARTESIAN_POINT('',(-0.0946999999999994,-5.64822455735417E-15,0.740985938435877));
#1270=CARTESIAN_POINT('Ctrl Pts',(-0.0945558047867243,-3.11681300966003E-5,
1.11598593843588));
#1271=CARTESIAN_POINT('Ctrl Pts',(-0.0945967492381637,-0.013864418599449,
1.11714421070268));
#1272=CARTESIAN_POINT('Ctrl Pts',(-0.0852796568052496,-0.0592123755726338,
1.12094563810891));
#1273=CARTESIAN_POINT('Ctrl Pts',(-0.015357552168977,-0.110829815932914,
1.12739022065457));
#1274=CARTESIAN_POINT('Ctrl Pts',(0.0847030710330424,-0.0731060343929832,
1.13531968607283));
#1275=CARTESIAN_POINT('Ctrl Pts',(0.107394124458029,0.0313943392974922,
1.1432491514911));
#1276=CARTESIAN_POINT('Ctrl Pts',(0.0319891217903156,0.107218462019702,
1.15117861690937));
#1277=CARTESIAN_POINT('Ctrl Pts',(-0.068010300666746,0.0860844605403487,
1.15875754589096));
#1278=CARTESIAN_POINT('Ctrl Pts',(-0.0945751969354668,0.0271405429540734,
1.16369331973313));
#1279=CARTESIAN_POINT('Ctrl Pts',(-0.0947923144796556,-6.64299993270928E-5,
1.16598593843588));
#1280=CARTESIAN_POINT('Ctrl Pts',(-0.0948146439498069,-5.48567104707036E-5,
1.12701406192149));
#1281=CARTESIAN_POINT('Ctrl Pts',(-0.0948370186113995,-0.00329591546817469,
1.12728734104891));
#1282=CARTESIAN_POINT('Ctrl Pts',(-0.0932168191059089,-0.0378618607647645,
1.13020377531574));
#1283=CARTESIAN_POINT('Ctrl Pts',(-0.0508051909278936,-0.0996892087770326,
1.135763364722));
#1284=CARTESIAN_POINT('Ctrl Pts',(0.0560916963090955,-0.0968133635800876,
1.14369283014027));
#1285=CARTESIAN_POINT('Ctrl Pts',(0.111753246298945,-0.00550615233137799,
1.15162229555854));
#1286=CARTESIAN_POINT('Ctrl Pts',(0.0653370264340933,0.0908304946815746,
1.15955176097681));
#1287=CARTESIAN_POINT('Ctrl Pts',(-0.0407594099632211,0.104200653638106,
1.16748122639507));
#1288=CARTESIAN_POINT('Ctrl Pts',(-0.0913116888216129,0.0441473469788793,
1.17330199337663));
#1289=CARTESIAN_POINT('Ctrl Pts',(-0.0947881115303245,0.00643688795414379,
1.17647960521877));
#1290=CARTESIAN_POINT('Ctrl Pts',(-0.0947298256599311,8.35293669182017E-5,
1.17701406192149));
#1291=CARTESIAN_POINT('Origin',(5.63881131584757E-16,0.,0.740985938435877));
#1292=CARTESIAN_POINT('',(-0.0946787235607019,8.5719973461231E-5,1.06598593843588));
#1293=CARTESIAN_POINT('',(-0.0945669579794616,-4.47177931975351E-5,1.07701406192149));
#1294=CARTESIAN_POINT('',(-0.0946999999999994,-5.64822455735417E-15,0.740985938435877));
#1295=CARTESIAN_POINT('Ctrl Pts',(-0.0946787235607019,8.5719973461217E-5,
1.06598593843588));
#1296=CARTESIAN_POINT('Ctrl Pts',(-0.0944696777384268,-0.0233175144996585,
1.06795194653282));
#1297=CARTESIAN_POINT('Ctrl Pts',(-0.0739032152483196,-0.0785129546716019,
1.07256110976918));
#1298=CARTESIAN_POINT('Ctrl Pts',(0.0185785362851534,-0.110335581284958,
1.07981342814496));
#1299=CARTESIAN_POINT('Ctrl Pts',(0.102725257927048,-0.0443466333752559,
1.08774289356323));
#1300=CARTESIAN_POINT('Ctrl Pts',(0.0930405645489249,0.0621494638457579,
1.0956723589815));
#1301=CARTESIAN_POINT('Ctrl Pts',(-0.00162934086050945,0.111876931296619,
1.10360182439976));
#1302=CARTESIAN_POINT('Ctrl Pts',(-0.0811997518924615,0.0670770645047086,
1.11037301755122));
#1303=CARTESIAN_POINT('Ctrl Pts',(-0.0945033147838008,0.0177027941542257,
1.11450105556326));
#1304=CARTESIAN_POINT('Ctrl Pts',(-0.0945558047867243,-3.11681300966003E-5,
1.11598593843588));
#1305=CARTESIAN_POINT('Ctrl Pts',(-0.0945669579794616,-4.4717793197546E-5,
1.07701406192149));
#1306=CARTESIAN_POINT('Ctrl Pts',(-0.0946221605824146,-0.0129514825331959,
1.07809507687904));
#1307=CARTESIAN_POINT('Ctrl Pts',(-0.0861479883198301,-0.0573467589672257,
1.08181924697601));
#1308=CARTESIAN_POINT('Ctrl Pts',(-0.0185785387048771,-0.110335595655402,
1.0881865722124));
#1309=CARTESIAN_POINT('Ctrl Pts',(0.0825382226007667,-0.0755416943070281,
1.09611603763067));
#1310=CARTESIAN_POINT('Ctrl Pts',(0.108262832296181,0.0282535822889294,
1.10404550304894));
#1311=CARTESIAN_POINT('Ctrl Pts',(0.0350978898650346,0.106241441520799,
1.1119749684672));
#1312=CARTESIAN_POINT('Ctrl Pts',(-0.0664997876138951,0.0878428470851742,
1.11963115475805));
#1313=CARTESIAN_POINT('Ctrl Pts',(-0.0946206109320405,0.0280515979463532,
1.12464418590948));
#1314=CARTESIAN_POINT('Ctrl Pts',(-0.0948146439498069,-5.48567104707036E-5,
1.12701406192149));
#1315=CARTESIAN_POINT('Origin',(5.63881131584757E-16,0.,0.740985938435877));
#1316=CARTESIAN_POINT('',(-0.094844928208849,-2.81393256823183E-5,1.01598593843588));
#1317=CARTESIAN_POINT('',(-0.0946522472052421,8.28897373900926E-5,1.02701406192149));
#1318=CARTESIAN_POINT('',(-0.0946999999999994,-5.64822455735417E-15,0.740985938435877));
#1319=CARTESIAN_POINT('Ctrl Pts',(-0.094844928208849,-2.81393256822954E-5,
1.01598593843588));
#1320=CARTESIAN_POINT('Ctrl Pts',(-0.0948510032901779,-0.00157559734424067,
1.01611652722353));
#1321=CARTESIAN_POINT('Ctrl Pts',(-0.094116063031976,-0.0344381646414422,
1.0188902711506));
#1322=CARTESIAN_POINT('Ctrl Pts',(-0.0560916890035264,-0.0968133509705393,
1.02430717021709));
#1323=CARTESIAN_POINT('Ctrl Pts',(0.0508051843108636,-0.0996891957933509,
1.03223663563536));
#1324=CARTESIAN_POINT('Ctrl Pts',(0.111295531815726,-0.0115068286633422,
1.04016610105363));
#1325=CARTESIAN_POINT('Ctrl Pts',(0.0701261955494907,0.0871861181889135,
1.04809556647189));
#1326=CARTESIAN_POINT('Ctrl Pts',(-0.0350978852937758,0.106241427683608,
1.05602503189016));
#1327=CARTESIAN_POINT('Ctrl Pts',(-0.0901225221089194,0.0475896542025538,
1.06198848921149));
#1328=CARTESIAN_POINT('Ctrl Pts',(-0.0947507246681833,0.00814643499934049,
1.06530879139339));
#1329=CARTESIAN_POINT('Ctrl Pts',(-0.0946787235607019,8.5719973461217E-5,
1.06598593843588));
#1330=CARTESIAN_POINT('Ctrl Pts',(-0.0946522472052421,8.28897373900953E-5,
1.02701406192149));
#1331=CARTESIAN_POINT('Ctrl Pts',(-0.0944623612088456,-0.0224166786736644,
1.02890281270917));
#1332=CARTESIAN_POINT('Ctrl Pts',(-0.0751833760784052,-0.0766950612270013,
1.03343471863627));
#1333=CARTESIAN_POINT('Ctrl Pts',(0.0153575541692001,-0.110829830367711,
1.0406097797028));
#1334=CARTESIAN_POINT('Ctrl Pts',(0.101390276842977,-0.047319314562374,
1.04853924512107));
#1335=CARTESIAN_POINT('Ctrl Pts',(0.0948109843457574,0.0594136601823079,
1.05646871053933));
#1336=CARTESIAN_POINT('Ctrl Pts',(0.00162934107271876,0.111876945867814,
1.0643981759576));
#1337=CARTESIAN_POINT('Ctrl Pts',(-0.0801343349836638,0.0689287616251897,
1.07124662641832));
#1338=CARTESIAN_POINT('Ctrl Pts',(-0.0944871864613945,0.0186064356229018,
1.07545192173961));
#1339=CARTESIAN_POINT('Ctrl Pts',(-0.0945669579794616,-4.4717793197546E-5,
1.07701406192149));
#1340=CARTESIAN_POINT('Origin',(5.63881131584757E-16,0.,0.740985938435877));
#1341=CARTESIAN_POINT('',(-0.0945974953835886,-6.59283593944382E-5,0.965985938435878));
#1342=CARTESIAN_POINT('',(-0.094853405616843,-1.17054715404935E-5,0.977014061921488));
#1343=CARTESIAN_POINT('',(-0.0946999999999994,-5.64822455735417E-15,0.740985938435877));
#1344=CARTESIAN_POINT('Ctrl Pts',(-0.0945974953835887,-6.59283593944472E-5,
0.965985938435878));
#1345=CARTESIAN_POINT('Ctrl Pts',(-0.0946695560043976,-0.0112599700943684,
0.96692426305366));
#1346=CARTESIAN_POINT('Ctrl Pts',(-0.0876585514899474,-0.0538990443975445,
0.970505742810865));
#1347=CARTESIAN_POINT('Ctrl Pts',(-0.0244840811108095,-0.109177066740359,
0.976730377707489));
#1348=CARTESIAN_POINT('Ctrl Pts',(0.0783571670571676,-0.0798702509893721,
0.984659843125759));
#1349=CARTESIAN_POINT('Ctrl Pts',(0.109625328352307,0.02239173792798,0.992589308544024));
#1350=CARTESIAN_POINT('Ctrl Pts',(0.0407594046545404,0.10420064006488,1.00051877396229));
#1351=CARTESIAN_POINT('Ctrl Pts',(-0.063589737058919,0.0910506733103645,
1.00831765059291));
#1352=CARTESIAN_POINT('Ctrl Pts',(-0.0947280418726927,0.0297454041629008,
1.0134733720841));
#1353=CARTESIAN_POINT('Ctrl Pts',(-0.094844928208849,-2.81393256822954E-5,
1.01598593843588));
#1354=CARTESIAN_POINT('Ctrl Pts',(-0.094853405616843,-1.17054715404965E-5,
0.977014061921488));
#1355=CARTESIAN_POINT('Ctrl Pts',(-0.0948545091760905,-0.00064352472853837,
0.977067393399879));
#1356=CARTESIAN_POINT('Ctrl Pts',(-0.0945628628589216,-0.0325878182179542,
0.979763880017693));
#1357=CARTESIAN_POINT('Ctrl Pts',(-0.0588872285701454,-0.0951388460645066,
0.985103521774928));
#1358=CARTESIAN_POINT('Ctrl Pts',(0.0478805742230432,-0.101126437687781,
0.993032987193197));
#1359=CARTESIAN_POINT('Ctrl Pts',(0.110913251814742,-0.0147430099955361,
1.00096245261146));
#1360=CARTESIAN_POINT('Ctrl Pts',(0.0726354281751182,0.0851069934631659,
1.00889191802973));
#1361=CARTESIAN_POINT('Ctrl Pts',(-0.0319891259567121,0.107218475984021,
1.016821383448));
#1362=CARTESIAN_POINT('Ctrl Pts',(-0.0894331197359536,0.0494551939753276,
1.02286209807858));
#1363=CARTESIAN_POINT('Ctrl Pts',(-0.0947280914208742,0.00906966154037347,
1.02625965756975));
#1364=CARTESIAN_POINT('Ctrl Pts',(-0.0946522472052421,8.28897373900953E-5,
1.02701406192149));
#1365=CARTESIAN_POINT('Origin',(5.63881131584757E-16,0.,0.740985938435877));
#1366=CARTESIAN_POINT('',(-0.0946084421300932,7.09692422695801E-5,0.915985938435877));
#1367=CARTESIAN_POINT('',(-0.094618729287382,-7.46758394763943E-5,0.927014061921488));
#1368=CARTESIAN_POINT('',(-0.0946999999999994,-5.64822455735417E-15,0.740985938435877));
#1369=CARTESIAN_POINT('Ctrl Pts',(-0.0946084421300932,7.09692422695745E-5,
0.915985938435877));
#1370=CARTESIAN_POINT('Ctrl Pts',(-0.0944632125114915,-0.0207531709793889,
0.917731998883791));
#1371=CARTESIAN_POINT('Ctrl Pts',(-0.0774368229538202,-0.0733165389942364,
0.922121214471128));
#1372=CARTESIAN_POINT('Ctrl Pts',(0.00937636039951371,-0.111495140619925,
0.929153585197889));
#1373=CARTESIAN_POINT('Ctrl Pts',(0.0986993757255724,-0.0527023634986806,
0.937083050616155));
#1374=CARTESIAN_POINT('Ctrl Pts',(0.0978683293972627,0.0542300285485338,
0.945012516034422));
#1375=CARTESIAN_POINT('Ctrl Pts',(0.00764227465862425,0.11162748480692,
0.95294198145269));
#1376=CARTESIAN_POINT('Ctrl Pts',(-0.0780615434138931,0.0723356856122093,
0.959933122253173));
#1377=CARTESIAN_POINT('Ctrl Pts',(-0.0944665693229959,0.020272389157421,
0.964281107914237));
#1378=CARTESIAN_POINT('Ctrl Pts',(-0.0945974953835887,-6.59283593944472E-5,
0.965985938435878));
#1379=CARTESIAN_POINT('Ctrl Pts',(-0.094618729287382,-7.46758394763957E-5,
0.927014061921488));
#1380=CARTESIAN_POINT('Ctrl Pts',(-0.0946947543961586,-0.0103412556207198,
0.927875129230012));
#1381=CARTESIAN_POINT('Ctrl Pts',(-0.0884272155961124,-0.0520321105971562,
0.931379351677958));
#1382=CARTESIAN_POINT('Ctrl Pts',(-0.0276530642020561,-0.108417761661711,
0.937526729265326));
#1383=CARTESIAN_POINT('Ctrl Pts',(0.0759980250218756,-0.0821182477598355,
0.945456194683594));
#1384=CARTESIAN_POINT('Ctrl Pts',(0.110230924627852,0.0191898251445578,
0.95338566010186));
#1385=CARTESIAN_POINT('Ctrl Pts',(0.0437765711400715,0.10296949651561,0.961315125520128));
#1386=CARTESIAN_POINT('Ctrl Pts',(-0.0619483302578331,0.0927637715800144,
0.969191259460003));
#1387=CARTESIAN_POINT('Ctrl Pts',(-0.094799815805782,0.0306699952917694,
0.974424238260457));
#1388=CARTESIAN_POINT('Ctrl Pts',(-0.094853405616843,-1.17054715404965E-5,
0.977014061921488));
#1389=CARTESIAN_POINT('Origin',(5.63881131584757E-16,0.,0.740985938435877));
#1390=CARTESIAN_POINT('',(-0.0948493749795428,2.46990772554884E-5,0.865985938435877));
#1391=CARTESIAN_POINT('',(-0.0945884241878428,6.1800726341736E-5,0.877014061921488));
#1392=CARTESIAN_POINT('',(-0.0946999999999994,-5.64822455735417E-15,0.740985938435877));
#1393=CARTESIAN_POINT('Ctrl Pts',(-0.0948493749795428,2.46990772554949E-5,
0.865985938435877));
#1394=CARTESIAN_POINT('Ctrl Pts',(-0.0947636574049294,-0.0302294073906798,
0.868539734713924));
#1395=CARTESIAN_POINT('Ctrl Pts',(-0.0627211423084631,-0.0919765786050949,
0.873736686131394));
#1396=CARTESIAN_POINT('Ctrl Pts',(0.0423748690822749,-0.103549587213493,
0.881576792688284));
#1397=CARTESIAN_POINT('Ctrl Pts',(0.109959687835859,-0.0206877051136448,
0.889506258106553));
#1398=CARTESIAN_POINT('Ctrl Pts',(0.0771065223405013,0.0810797904169799,
0.897435723524819));
#1399=CARTESIAN_POINT('Ctrl Pts',(-0.0261781415759471,0.108782660617808,
0.905365188943086));
#1400=CARTESIAN_POINT('Ctrl Pts',(-0.0880729728378691,0.0529028057546849,
0.91154859391344));
#1401=CARTESIAN_POINT('Ctrl Pts',(-0.0946830585158278,0.0107700407837942,
0.915088843744369));
#1402=CARTESIAN_POINT('Ctrl Pts',(-0.0946084421300932,7.09692422695745E-5,
0.915985938435877));
#1403=CARTESIAN_POINT('Ctrl Pts',(-0.0945884241878428,6.18007263417401E-5,
0.877014061921488));
#1404=CARTESIAN_POINT('Ctrl Pts',(-0.094470366424419,-0.0198516329508513,
0.878682865060144));
#1405=CARTESIAN_POINT('Ctrl Pts',(-0.0785982887937537,-0.0714782920349078,
0.882994823338224));
#1406=CARTESIAN_POINT('Ctrl Pts',(0.00612572571740484,-0.111720372622573,
0.889949936755723));
#1407=CARTESIAN_POINT('Ctrl Pts',(0.0971226629270203,-0.0555545442712639,
0.897879402173991));
#1408=CARTESIAN_POINT('Ctrl Pts',(0.0994061351133509,0.051357136407179,
0.905808867592258));
#1409=CARTESIAN_POINT('Ctrl Pts',(0.010889732504044,0.111357530511293,0.913738333010524));
#1410=CARTESIAN_POINT('Ctrl Pts',(-0.0768812682249826,0.0741718495755687,
0.920806731120269));
#1411=CARTESIAN_POINT('Ctrl Pts',(-0.0944613856978017,0.0211733110623507,
0.92523197409059));
#1412=CARTESIAN_POINT('Ctrl Pts',(-0.094618729287382,-7.46758394763957E-5,
0.927014061921488));
#1413=CARTESIAN_POINT('Ctrl Pts',(-0.0463574031204795,0.0825777280864841,
0.81858474799132));
#1414=CARTESIAN_POINT('Ctrl Pts',(-0.0737854857364982,0.0671801782614154,
0.821227903130742));
#1415=CARTESIAN_POINT('Ctrl Pts',(-0.111619831017722,0.00716722166837898,
0.826514213409587));
#1416=CARTESIAN_POINT('Ctrl Pts',(-0.0665892827695534,-0.0900036735334375,
0.834443678827853));
#1417=CARTESIAN_POINT('Ctrl Pts',(0.0393530866505468,-0.104709700148805,
0.842373144246121));
#1418=CARTESIAN_POINT('Ctrl Pts',(0.109304624905692,-0.0238964435558148,
0.850302609664389));
#1419=CARTESIAN_POINT('Ctrl Pts',(0.0794380474036022,0.0788078554518769,
0.858232075082654));
#1420=CARTESIAN_POINT('Ctrl Pts',(-0.0230007392267762,0.109494834768255,
0.866161540500924));
#1421=CARTESIAN_POINT('Ctrl Pts',(-0.104424096337852,0.0401836383413227,
0.874091005919188));
#1422=CARTESIAN_POINT('Ctrl Pts',(-0.090467399776786,-0.0658407201677221,
0.882020471337458));
#1423=CARTESIAN_POINT('Ctrl Pts',(0.00612572571740484,-0.111720372622573,
0.889949936755723));
#1424=CARTESIAN_POINT('Ctrl Pts',(0.0971226629270203,-0.0555545442712639,
0.897879402173991));
#1425=CARTESIAN_POINT('Ctrl Pts',(0.0994061351133509,0.051357136407179,
0.905808867592258));
#1426=CARTESIAN_POINT('Ctrl Pts',(0.010889732504044,0.111357530511293,0.913738333010524));
#1427=CARTESIAN_POINT('Ctrl Pts',(-0.0875734700776202,0.0696419159609341,
0.921667798428793));
#1428=CARTESIAN_POINT('Ctrl Pts',(-0.106045276971597,-0.0356862491023436,
0.929597263847059));
#1429=CARTESIAN_POINT('Ctrl Pts',(-0.0276530642020561,-0.108417761661711,
0.937526729265326));
#1430=CARTESIAN_POINT('Ctrl Pts',(0.0759980250218756,-0.0821182477598355,
0.945456194683594));
#1431=CARTESIAN_POINT('Ctrl Pts',(0.110230924627852,0.0191898251445578,
0.95338566010186));
#1432=CARTESIAN_POINT('Ctrl Pts',(0.0437765711400715,0.10296949651561,0.961315125520128));
#1433=CARTESIAN_POINT('Ctrl Pts',(-0.0626642227677081,0.0926946657975296,
0.969244590938394));
#1434=CARTESIAN_POINT('Ctrl Pts',(-0.11186619630412,-0.00224942862107149,
0.977174056356663));
#1435=CARTESIAN_POINT('Ctrl Pts',(-0.0588872285701454,-0.0951388460645066,
0.985103521774928));
#1436=CARTESIAN_POINT('Ctrl Pts',(0.0478805742230432,-0.101126437687781,
0.993032987193197));
#1437=CARTESIAN_POINT('Ctrl Pts',(0.110913251814742,-0.0147430099955361,
1.00096245261146));
#1438=CARTESIAN_POINT('Ctrl Pts',(0.0726354281751182,0.0851069934631659,
1.00889191802973));
#1439=CARTESIAN_POINT('Ctrl Pts',(-0.0319891259567121,0.107218475984021,
1.016821383448));
#1440=CARTESIAN_POINT('Ctrl Pts',(-0.107394138445354,0.0313943433864638,
1.02475084886627));
#1441=CARTESIAN_POINT('Ctrl Pts',(-0.0847030820650407,-0.0731060439145817,
1.03268031428453));
#1442=CARTESIAN_POINT('Ctrl Pts',(0.0153575541692001,-0.110829830367711,
1.0406097797028));
#1443=CARTESIAN_POINT('Ctrl Pts',(0.101390276842977,-0.047319314562374,
1.04853924512107));
#1444=CARTESIAN_POINT('Ctrl Pts',(0.0948109843457574,0.0594136601823079,
1.05646871053933));
#1445=CARTESIAN_POINT('Ctrl Pts',(0.00162934107271876,0.111876945867814,
1.0643981759576));
#1446=CARTESIAN_POINT('Ctrl Pts',(-0.0930405766668156,0.0621494719402982,
1.07232764137587));
#1447=CARTESIAN_POINT('Ctrl Pts',(-0.102725271306302,-0.0443466391511031,
1.08025710679413));
#1448=CARTESIAN_POINT('Ctrl Pts',(-0.0185785387048771,-0.110335595655402,
1.0881865722124));
#1449=CARTESIAN_POINT('Ctrl Pts',(0.0825382226007667,-0.0755416943070281,
1.09611603763067));
#1450=CARTESIAN_POINT('Ctrl Pts',(0.108262832296181,0.0282535822889294,
1.10404550304894));
#1451=CARTESIAN_POINT('Ctrl Pts',(0.0350978898650346,0.106241441520799,
1.1119749684672));
#1452=CARTESIAN_POINT('Ctrl Pts',(-0.0701262046829457,0.0871861295443453,
1.11990443388547));
#1453=CARTESIAN_POINT('Ctrl Pts',(-0.111295546311195,-0.0115068301621074,
1.12783389930374));
#1454=CARTESIAN_POINT('Ctrl Pts',(-0.0508051909278936,-0.0996892087770326,
1.135763364722));
#1455=CARTESIAN_POINT('Ctrl Pts',(0.0560916963090955,-0.0968133635800876,
1.14369283014027));
#1456=CARTESIAN_POINT('Ctrl Pts',(0.111753246298945,-0.00550615233137799,
1.15162229555854));
#1457=CARTESIAN_POINT('Ctrl Pts',(0.0653370264340933,0.0908304946815746,
1.15955176097681));
#1458=CARTESIAN_POINT('Ctrl Pts',(-0.0407594099632211,0.104200653638106,
1.16748122639507));
#1459=CARTESIAN_POINT('Ctrl Pts',(-0.109625342630178,0.0223917408409757,
1.17541069181334));
#1460=CARTESIAN_POINT('Ctrl Pts',(-0.0783571772627322,-0.0798702613856584,
1.18334015723161));
#1461=CARTESIAN_POINT('Ctrl Pts',(0.0244840842997616,-0.109177080971522,
1.19126962264987));
#1462=CARTESIAN_POINT('Ctrl Pts',(0.104961068372206,-0.0387592603071186,
1.19919908806814));
#1463=CARTESIAN_POINT('Ctrl Pts',(0.0895643991250764,0.0670620968337209,
1.20712855348641));
#1464=CARTESIAN_POINT('Ctrl Pts',(-0.00764227565226813,0.11162749941817,
1.21505801890468));
#1465=CARTESIAN_POINT('Ctrl Pts',(-0.0978683421486998,0.054230035478897,
1.22298748432294));
#1466=CARTESIAN_POINT('Ctrl Pts',(-0.0986993885684114,-0.0527023701209669,
1.23091694974121));
#1467=CARTESIAN_POINT('Ctrl Pts',(-0.00937636164967243,-0.111495155579952,
1.23884641515948));
#1468=CARTESIAN_POINT('Ctrl Pts',(0.0885112856784564,-0.0684462377758341,
1.24677588057774));
#1469=CARTESIAN_POINT('Ctrl Pts',(0.105550754316757,0.0371235411347966,
1.25470534599601));
#1470=CARTESIAN_POINT('Ctrl Pts',(0.0261781453199521,0.108782677307093,
1.26263481141428));
#1471=CARTESIAN_POINT('Ctrl Pts',(-0.0771065331127904,0.0810797965334355,
1.27056427683255));
#1472=CARTESIAN_POINT('Ctrl Pts',(-0.109959700583774,-0.0206877000618702,
1.27849374225081));
#1473=CARTESIAN_POINT('Ctrl Pts',(-0.0423748779629203,-0.103549614019238,
1.28642320766908));
#1474=CARTESIAN_POINT('Ctrl Pts',(0.0639190062640026,-0.091844662852249,
1.29435267308735));
#1475=CARTESIAN_POINT('Ctrl Pts',(0.111822168602509,0.00378730107362895,
1.30228213850561));
#1476=CARTESIAN_POINT('Ctrl Pts',(0.0575958003930245,0.0958932245326276,
1.31021160392388));
#1477=CARTESIAN_POINT('Ctrl Pts',(-0.0492614360013641,0.100539070775299,
1.31814106934215));
#1478=CARTESIAN_POINT('Ctrl Pts',(-0.111081660504977,0.0130851229388756,
1.32607053476042));
#1479=CARTESIAN_POINT('Ctrl Pts',(-0.0846935207789077,-0.0527681892306271,
1.33135684503926));
#1480=CARTESIAN_POINT('Ctrl Pts',(-0.0604928949767452,-0.0728608238859018,
1.33400000017868));
#1481=CARTESIAN_POINT('Ctrl Pts',(-0.0507141178804819,0.0903384649393852,
0.823723165387107));
#1482=CARTESIAN_POINT('Ctrl Pts',(-0.0807199189260949,0.0734938380980219,
0.82636632052653));
#1483=CARTESIAN_POINT('Ctrl Pts',(-0.122109973531531,0.00784080427501717,
0.831652630805375));
#1484=CARTESIAN_POINT('Ctrl Pts',(-0.0728474096613071,-0.0984623081104973,
0.839582096223641));
#1485=CARTESIAN_POINT('Ctrl Pts',(0.0430515287961625,-0.1145504217045,0.847511561641908));
#1486=CARTESIAN_POINT('Ctrl Pts',(0.119577182051,-0.0261422550409976,0.855441027060176));
#1487=CARTESIAN_POINT('Ctrl Pts',(0.0869037139494532,0.0862142959325702,
0.863370492478442));
#1488=CARTESIAN_POINT('Ctrl Pts',(-0.0251623715300313,0.119785268025251,
0.871299957896711));
#1489=CARTESIAN_POINT('Ctrl Pts',(-0.114237976563901,0.0439601365592511,
0.879229423314976));
#1490=CARTESIAN_POINT('Ctrl Pts',(-0.098969615806495,-0.0720284964031252,
0.887158888733245));
#1491=CARTESIAN_POINT('Ctrl Pts',(0.00670142750077167,-0.122219964136205,
0.895088354151511));
#1492=CARTESIAN_POINT('Ctrl Pts',(0.106250347193656,-0.060775615485776,
0.903017819569778));
#1493=CARTESIAN_POINT('Ctrl Pts',(0.108748422362652,0.0561837310642417,
0.910947284988046));
#1494=CARTESIAN_POINT('Ctrl Pts',(0.0119131603740129,0.121823021763146,
0.918876750406312));
#1495=CARTESIAN_POINT('Ctrl Pts',(-0.0958037117216623,0.0761869323500825,
0.92680621582458));
#1496=CARTESIAN_POINT('Ctrl Pts',(-0.116011517362804,-0.039040078215446,
0.934735681242847));
#1497=CARTESIAN_POINT('Ctrl Pts',(-0.0302519266244253,-0.118606970519042,
0.942665146661114));
#1498=CARTESIAN_POINT('Ctrl Pts',(0.0831403948496965,-0.0898358021955544,
0.950594612079381));
#1499=CARTESIAN_POINT('Ctrl Pts',(0.120590536340501,0.0209933039596213,
0.958524077497648));
#1500=CARTESIAN_POINT('Ctrl Pts',(0.047890736748801,0.112646672006518,0.966453542915915));
#1501=CARTESIAN_POINT('Ctrl Pts',(-0.0685534686244405,0.10140620249867,
0.974383008334183));
#1502=CARTESIAN_POINT('Ctrl Pts',(-0.122379492472089,-0.00246083215568049,
0.98231247375245));
#1503=CARTESIAN_POINT('Ctrl Pts',(-0.0644215087631163,-0.104080089253251,
0.990241939170715));
#1504=CARTESIAN_POINT('Ctrl Pts',(0.0523804381151765,-0.110630400680613,
0.998171404588985));
#1505=CARTESIAN_POINT('Ctrl Pts',(0.121336989313699,-0.0161285727089503,
1.00610087000725));
#1506=CARTESIAN_POINT('Ctrl Pts',(0.0794617778135404,0.0931054331867364,
1.01403033542552));
#1507=CARTESIAN_POINT('Ctrl Pts',(-0.0349954957667932,0.117294974782942,
1.02195980084378));
#1508=CARTESIAN_POINT('Ctrl Pts',(-0.117487146176754,0.0343448149402079,
1.02988926626205));
#1509=CARTESIAN_POINT('Ctrl Pts',(-0.0926635617944905,-0.0799766224873347,
1.03781873168032));
#1510=CARTESIAN_POINT('Ctrl Pts',(0.0168008723540556,-0.121245727836271,
1.04574819709859));
#1511=CARTESIAN_POINT('Ctrl Pts',(0.110919035701504,-0.0517664307144878,
1.05367766251686));
#1512=CARTESIAN_POINT('Ctrl Pts',(0.103721414764736,0.0649974149407289,
1.06160712793512));
#1513=CARTESIAN_POINT('Ctrl Pts',(0.00178246816403089,0.122391252290449,
1.06953659335339));
#1514=CARTESIAN_POINT('Ctrl Pts',(-0.101784622414806,0.0679903410033256,
1.07746605877166));
#1515=CARTESIAN_POINT('Ctrl Pts',(-0.112379494269619,-0.0485143803173624,
1.08539552418992));
#1516=CARTESIAN_POINT('Ctrl Pts',(-0.0203245682135727,-0.120705044455118,
1.09332498960819));
#1517=CARTESIAN_POINT('Ctrl Pts',(0.0902952466889059,-0.082641177721311,
1.10125445502646));
#1518=CARTESIAN_POINT('Ctrl Pts',(0.118437480737956,0.0309088819971808,
1.10918392044472));
#1519=CARTESIAN_POINT('Ctrl Pts',(0.0383964243930057,0.116226117651053,
1.11711338586299));
#1520=CARTESIAN_POINT('Ctrl Pts',(-0.0767167350068969,0.0953799685405936,
1.12504285128126));
#1521=CARTESIAN_POINT('Ctrl Pts',(-0.121755212226397,-0.012588253482516,
1.13297231669953));
#1522=CARTESIAN_POINT('Ctrl Pts',(-0.0555799132009487,-0.109058099570228,
1.14090178211779));
#1523=CARTESIAN_POINT('Ctrl Pts',(0.0613632496053035,-0.105911979587087,
1.14883124753606));
#1524=CARTESIAN_POINT('Ctrl Pts',(0.122255927313312,-0.0060236259929336,
1.15676071295433));
#1525=CARTESIAN_POINT('Ctrl Pts',(0.0714774650324405,0.0993668347308457,
1.16469017837259));
#1526=CARTESIAN_POINT('Ctrl Pts',(-0.0445900197696901,0.113993534497442,
1.17261964379086));
#1527=CARTESIAN_POINT('Ctrl Pts',(-0.11992804114558,0.0244961388714376,
1.18054910920913));
#1528=CARTESIAN_POINT('Ctrl Pts',(-0.0857212625598637,-0.0873765478305614,
1.18847857462739));
#1529=CARTESIAN_POINT('Ctrl Pts',(0.0267851228453562,-0.119437651411295,
1.19640804004566));
#1530=CARTESIAN_POINT('Ctrl Pts',(0.114825413763046,-0.0424018940635433,
1.20433750546393));
#1531=CARTESIAN_POINT('Ctrl Pts',(0.0979817502572116,0.0733646592605431,
1.2122669708822));
#1532=CARTESIAN_POINT('Ctrl Pts',(-0.00836050430385344,0.122118362615865,
1.22019643630046));
#1533=CARTESIAN_POINT('Ctrl Pts',(-0.107066106088757,0.0593266280423841,
1.22812590171873));
#1534=CARTESIAN_POINT('Ctrl Pts',(-0.107975255075897,-0.0576553911777413,
1.236055367137));
#1535=CARTESIAN_POINT('Ctrl Pts',(-0.0102575614245631,-0.121973580972366,
1.24398483255526));
#1536=CARTESIAN_POINT('Ctrl Pts',(0.0968296641635484,-0.0748788831423067,
1.25191429797353));
#1537=CARTESIAN_POINT('Ctrl Pts',(0.115470518977995,0.0406124483797768,
1.2598437633918));
#1538=CARTESIAN_POINT('Ctrl Pts',(0.0286383934017644,0.119006181298995,
1.26777322881007));
#1539=CARTESIAN_POINT('Ctrl Pts',(-0.0843530816313097,0.0886997562921219,
1.27570269422833));
#1540=CARTESIAN_POINT('Ctrl Pts',(-0.120293822391542,-0.0226319506484656,
1.2836321596466));
#1541=CARTESIAN_POINT('Ctrl Pts',(-0.0463573110555289,-0.113281309528966,
1.29156162506487));
#1542=CARTESIAN_POINT('Ctrl Pts',(0.069926177919225,-0.100476315432873,
1.29949109048313));
#1543=CARTESIAN_POINT('Ctrl Pts',(0.122331327003378,0.00414323538783424,
1.3074205559014));
#1544=CARTESIAN_POINT('Ctrl Pts',(0.0630087108840272,0.104905364958608,
1.31535002131967));
#1545=CARTESIAN_POINT('Ctrl Pts',(-0.0538910746540789,0.109987832442672,
1.32327948673793));
#1546=CARTESIAN_POINT('Ctrl Pts',(-0.121521225219806,0.0143148757810725,
1.3312089521562));
#1547=CARTESIAN_POINT('Ctrl Pts',(-0.0926531019291961,-0.0577273960326602,
1.33649526243505));
#1548=CARTESIAN_POINT('Ctrl Pts',(-0.066178077292406,-0.0797083564369525,
1.33913841757447));
#1549=CARTESIAN_POINT('Ctrl Pts',(-0.0550708326404843,0.0980992017922863,
0.828861582782895));
#1550=CARTESIAN_POINT('Ctrl Pts',(-0.0876543521156915,0.0798074979346285,
0.831504737922317));
#1551=CARTESIAN_POINT('Ctrl Pts',(-0.13260011604534,0.00851438688165526,
0.836791048201162));
#1552=CARTESIAN_POINT('Ctrl Pts',(-0.0791055365530609,-0.106920942687557,
0.844720513619429));
#1553=CARTESIAN_POINT('Ctrl Pts',(0.0467499709417782,-0.124391143260196,
0.852649979037695));
#1554=CARTESIAN_POINT('Ctrl Pts',(0.129849739196307,-0.0283880665261804,
0.860579444455964));
#1555=CARTESIAN_POINT('Ctrl Pts',(0.0943693804953043,0.0936207364132637,
0.868508909874229));
#1556=CARTESIAN_POINT('Ctrl Pts',(-0.0273240038332864,0.130075701282246,
0.876438375292499));
#1557=CARTESIAN_POINT('Ctrl Pts',(-0.124051856789951,0.0477366347771797,
0.884367840710763));
#1558=CARTESIAN_POINT('Ctrl Pts',(-0.107471831836204,-0.0782162726385284,
0.892297306129032));
#1559=CARTESIAN_POINT('Ctrl Pts',(0.00727712928413854,-0.132719555649837,
0.900226771547299));
#1560=CARTESIAN_POINT('Ctrl Pts',(0.115378031460293,-0.0659966867002881,
0.908156236965565));
#1561=CARTESIAN_POINT('Ctrl Pts',(0.118090709611954,0.0610103257213044,
0.916085702383835));
#1562=CARTESIAN_POINT('Ctrl Pts',(0.0129365882439817,0.132288513014999,
0.924015167802099));
#1563=CARTESIAN_POINT('Ctrl Pts',(-0.104033953365704,0.0827319487392309,
0.931944633220368));
#1564=CARTESIAN_POINT('Ctrl Pts',(-0.12597775775401,-0.0423939073285484,
0.939874098638635));
#1565=CARTESIAN_POINT('Ctrl Pts',(-0.0328507890467945,-0.128796179376373,
0.947803564056901));
#1566=CARTESIAN_POINT('Ctrl Pts',(0.0902827646775175,-0.0975533566312731,
0.955733029475169));
#1567=CARTESIAN_POINT('Ctrl Pts',(0.13095014805315,0.0227967827746846,0.963662494893435));
#1568=CARTESIAN_POINT('Ctrl Pts',(0.0520049023575306,0.122323847497425,
0.971591960311704));
#1569=CARTESIAN_POINT('Ctrl Pts',(-0.0744427144811731,0.110117739199811,
0.979521425729969));
#1570=CARTESIAN_POINT('Ctrl Pts',(-0.132892788640058,-0.0026722356902895,
0.987450891148237));
#1571=CARTESIAN_POINT('Ctrl Pts',(-0.0699557889560874,-0.113021332441995,
0.995380356566505));
#1572=CARTESIAN_POINT('Ctrl Pts',(0.0568803020073098,-0.120134363673446,
1.00330982198477));
#1573=CARTESIAN_POINT('Ctrl Pts',(0.131760726812656,-0.0175141354223646,
1.01123928740304));
#1574=CARTESIAN_POINT('Ctrl Pts',(0.0862881274519626,0.101103872910307,
1.01916875282131));
#1575=CARTESIAN_POINT('Ctrl Pts',(-0.0380018655768743,0.127371473581863,
1.02709821823957));
#1576=CARTESIAN_POINT('Ctrl Pts',(-0.127580153908155,0.0372952864939523,
1.03502768365784));
#1577=CARTESIAN_POINT('Ctrl Pts',(-0.10062404152394,-0.086847201060088,
1.04295714907611));
#1578=CARTESIAN_POINT('Ctrl Pts',(0.018244190538911,-0.131661625304831,
1.05088661449437));
#1579=CARTESIAN_POINT('Ctrl Pts',(0.12044779456003,-0.0562135468666017,
1.05881607991264));
#1580=CARTESIAN_POINT('Ctrl Pts',(0.112631845183714,0.0705811696991502,
1.06674554533091));
#1581=CARTESIAN_POINT('Ctrl Pts',(0.00193559525534294,0.132905558713084,
1.07467501074918));
#1582=CARTESIAN_POINT('Ctrl Pts',(-0.110528668162795,0.0738312100663532,
1.08260447616744));
#1583=CARTESIAN_POINT('Ctrl Pts',(-0.122033717232936,-0.0526821214836218,
1.09053394158571));
#1584=CARTESIAN_POINT('Ctrl Pts',(-0.0220705977222682,-0.131074493254833,
1.09846340700398));
#1585=CARTESIAN_POINT('Ctrl Pts',(0.098052270777045,-0.0897406611355938,
1.10639287242225));
#1586=CARTESIAN_POINT('Ctrl Pts',(0.12861212917973,0.0335641817054322,1.11432233784051));
#1587=CARTESIAN_POINT('Ctrl Pts',(0.0416949589209767,0.126210793781308,
1.12225180325878));
#1588=CARTESIAN_POINT('Ctrl Pts',(-0.083307265330848,0.103573807536842,
1.13018126867705));
#1589=CARTESIAN_POINT('Ctrl Pts',(-0.1322148781416,-0.0136696768029246,
1.13811073409531));
#1590=CARTESIAN_POINT('Ctrl Pts',(-0.0603546354740037,-0.118426990363423,
1.14604019951358));
#1591=CARTESIAN_POINT('Ctrl Pts',(0.0666348029015114,-0.115010595594086,
1.15396966493185));
#1592=CARTESIAN_POINT('Ctrl Pts',(0.13275860832768,-0.00654109965448932,
1.16189913035011));
#1593=CARTESIAN_POINT('Ctrl Pts',(0.0776179036307876,0.107903174780117,
1.16982859576838));
#1594=CARTESIAN_POINT('Ctrl Pts',(-0.0484206295761592,0.123786415356779,
1.17775806118665));
#1595=CARTESIAN_POINT('Ctrl Pts',(-0.130230739660982,0.0266005369018996,
1.18568752660492));
#1596=CARTESIAN_POINT('Ctrl Pts',(-0.0930853478569954,-0.0948828342754645,
1.19361699202318));
#1597=CARTESIAN_POINT('Ctrl Pts',(0.0290861613909509,-0.129698221851069,
1.20154645744145));
#1598=CARTESIAN_POINT('Ctrl Pts',(0.124689759153887,-0.046044527819968,
1.20947592285972));
#1599=CARTESIAN_POINT('Ctrl Pts',(0.106399101389347,0.0796672216873655,
1.21740538827798));
#1600=CARTESIAN_POINT('Ctrl Pts',(-0.00907873295543877,0.132609225813559,
1.22533485369625));
#1601=CARTESIAN_POINT('Ctrl Pts',(-0.116263870028814,0.0644232206058714,
1.23326431911452));
#1602=CARTESIAN_POINT('Ctrl Pts',(-0.117251121583383,-0.062608412234516,
1.24119378453279));
#1603=CARTESIAN_POINT('Ctrl Pts',(-0.0111387611994539,-0.132452006364779,
1.24912324995105));
#1604=CARTESIAN_POINT('Ctrl Pts',(0.10514804264864,-0.0813115285087795,
1.25705271536932));
#1605=CARTESIAN_POINT('Ctrl Pts',(0.125390283639232,0.044101355624757,1.26498218078759));
#1606=CARTESIAN_POINT('Ctrl Pts',(0.0310986414835768,0.129229685290897,
1.27291164620585));
#1607=CARTESIAN_POINT('Ctrl Pts',(-0.0915996301498294,0.0963197160508085,
1.28084111162412));
#1608=CARTESIAN_POINT('Ctrl Pts',(-0.13062794419931,-0.024576201235061,
1.28877057704239));
#1609=CARTESIAN_POINT('Ctrl Pts',(-0.0503397441481378,-0.123013005038693,
1.29670004246066));
#1610=CARTESIAN_POINT('Ctrl Pts',(0.0759333495744475,-0.109107968013496,
1.30462950787892));
#1611=CARTESIAN_POINT('Ctrl Pts',(0.132840485404248,0.00449916970203952,
1.31255897329719));
#1612=CARTESIAN_POINT('Ctrl Pts',(0.0684216213750301,0.113917505384589,
1.32048843871545));
#1613=CARTESIAN_POINT('Ctrl Pts',(-0.0585207133067938,0.119436594110045,
1.32841790413372));
#1614=CARTESIAN_POINT('Ctrl Pts',(-0.131960789934634,0.0155446286232694,
1.33634736955199));
#1615=CARTESIAN_POINT('Ctrl Pts',(-0.100612683079484,-0.0626866028346934,
1.34163367983084));
#1616=CARTESIAN_POINT('Ctrl Pts',(-0.0718632596080668,-0.0865558889880031,
1.34427683497026));
#1617=CARTESIAN_POINT('Ctrl Pts',(-0.0594275474004867,0.105859938645187,
0.834000000178683));
#1618=CARTESIAN_POINT('Ctrl Pts',(-0.0945887853052882,0.086121157771235,
0.836643155318105));
#1619=CARTESIAN_POINT('Ctrl Pts',(-0.143090258559149,0.00918796948829337,
0.84192946559695));
#1620=CARTESIAN_POINT('Ctrl Pts',(-0.0853636634448147,-0.115379577264617,
0.849858931015216));
#1621=CARTESIAN_POINT('Ctrl Pts',(0.050448413087394,-0.134231864815892,
0.857788396433484));
#1622=CARTESIAN_POINT('Ctrl Pts',(0.140122296341615,-0.030633878011363,
0.865717861851751));
#1623=CARTESIAN_POINT('Ctrl Pts',(0.101835047041155,0.101027176893957,0.873647327270018));
#1624=CARTESIAN_POINT('Ctrl Pts',(-0.0294856361365415,0.140366134539242,
0.881576792688286));
#1625=CARTESIAN_POINT('Ctrl Pts',(-0.133865737016,0.051513132995108,0.889506258106551));
#1626=CARTESIAN_POINT('Ctrl Pts',(-0.115974047865913,-0.0844040488739315,
0.89743572352482));
#1627=CARTESIAN_POINT('Ctrl Pts',(0.00785283106750539,-0.143219147163468,
0.905365188943086));
#1628=CARTESIAN_POINT('Ctrl Pts',(0.124505715726929,-0.0712177579148002,
0.913294654361353));
#1629=CARTESIAN_POINT('Ctrl Pts',(0.127432996861255,0.0658369203783671,
0.921224119779621));
#1630=CARTESIAN_POINT('Ctrl Pts',(0.0139600161139504,0.142754004266853,
0.929153585197887));
#1631=CARTESIAN_POINT('Ctrl Pts',(-0.112264195009746,0.0892769651283794,
0.937083050616156));
#1632=CARTESIAN_POINT('Ctrl Pts',(-0.135943998145216,-0.0457477364416509,
0.945012516034422));
#1633=CARTESIAN_POINT('Ctrl Pts',(-0.0354496514691637,-0.138985388233703,
0.95294198145269));
#1634=CARTESIAN_POINT('Ctrl Pts',(0.0974251345053386,-0.105270911066992,
0.960871446870956));
#1635=CARTESIAN_POINT('Ctrl Pts',(0.141309759765799,0.0246002615897481,
0.968800912289225));
#1636=CARTESIAN_POINT('Ctrl Pts',(0.0561190679662602,0.132001022988332,
0.976730377707489));
#1637=CARTESIAN_POINT('Ctrl Pts',(-0.0803319603379054,0.118829275900952,
0.984659843125758));
#1638=CARTESIAN_POINT('Ctrl Pts',(-0.143406084808027,-0.00288363922489857,
0.992589308544025));
#1639=CARTESIAN_POINT('Ctrl Pts',(-0.0754900691490583,-0.121962575630739,
1.00051877396229));
#1640=CARTESIAN_POINT('Ctrl Pts',(0.0613801658994431,-0.129638326666279,
1.00844823938056));
#1641=CARTESIAN_POINT('Ctrl Pts',(0.142184464311612,-0.0188996981357788,
1.01637770479883));
#1642=CARTESIAN_POINT('Ctrl Pts',(0.093114477090385,0.109102312633878,1.02430717021709));
#1643=CARTESIAN_POINT('Ctrl Pts',(-0.0410082353869555,0.137447972380784,
1.03223663563536));
#1644=CARTESIAN_POINT('Ctrl Pts',(-0.137673161639556,0.0402457580476965,
1.04016610105363));
#1645=CARTESIAN_POINT('Ctrl Pts',(-0.10858452125339,-0.0937177796328411,
1.04809556647189));
#1646=CARTESIAN_POINT('Ctrl Pts',(0.0196875087237665,-0.142077522773391,
1.05602503189016));
#1647=CARTESIAN_POINT('Ctrl Pts',(0.129976553418557,-0.0606606630187155,
1.06395449730843));
#1648=CARTESIAN_POINT('Ctrl Pts',(0.121542275602693,0.0761649244575714,
1.07188396272669));
#1649=CARTESIAN_POINT('Ctrl Pts',(0.00208872234665498,0.143419865135719,
1.07981342814496));
#1650=CARTESIAN_POINT('Ctrl Pts',(-0.119272713910785,0.0796720791293806,
1.08774289356323));
#1651=CARTESIAN_POINT('Ctrl Pts',(-0.131687940196253,-0.0568498626498812,
1.0956723589815));
#1652=CARTESIAN_POINT('Ctrl Pts',(-0.0238166272309638,-0.141443942054549,
1.10360182439976));
#1653=CARTESIAN_POINT('Ctrl Pts',(0.105809294865184,-0.0968401445498769,
1.11153128981803));
#1654=CARTESIAN_POINT('Ctrl Pts',(0.138786777621504,0.0362194814136838,
1.1194607552363));
#1655=CARTESIAN_POINT('Ctrl Pts',(0.0449934934489478,0.136195469911562,
1.12739022065457));
#1656=CARTESIAN_POINT('Ctrl Pts',(-0.0898977956547991,0.11176764653309,
1.13531968607283));
#1657=CARTESIAN_POINT('Ctrl Pts',(-0.142674544056802,-0.0147511001233334,
1.1432491514911));
#1658=CARTESIAN_POINT('Ctrl Pts',(-0.0651293577470587,-0.127795881156617,
1.15117861690937));
#1659=CARTESIAN_POINT('Ctrl Pts',(0.0719063561977194,-0.124109211601085,
1.15910808232763));
#1660=CARTESIAN_POINT('Ctrl Pts',(0.143261289342048,-0.007058573316045,
1.1670375477459));
#1661=CARTESIAN_POINT('Ctrl Pts',(0.0837583422291347,0.116439514829388,
1.17496701316417));
#1662=CARTESIAN_POINT('Ctrl Pts',(-0.0522512393826281,0.133579296216115,
1.18289647858243));
#1663=CARTESIAN_POINT('Ctrl Pts',(-0.140533438176384,0.0287049349323614,
1.1908259440007));
#1664=CARTESIAN_POINT('Ctrl Pts',(-0.100449433154127,-0.102389120720367,
1.19875540941897));
#1665=CARTESIAN_POINT('Ctrl Pts',(0.0313871999365456,-0.139958792290842,
1.20668487483724));
#1666=CARTESIAN_POINT('Ctrl Pts',(0.134554104544727,-0.0496871615763926,
1.2146143402555));
#1667=CARTESIAN_POINT('Ctrl Pts',(0.114816452521482,0.0859697841141877,
1.22254380567377));
#1668=CARTESIAN_POINT('Ctrl Pts',(-0.00979696160702411,0.143100089011255,
1.23047327109204));
#1669=CARTESIAN_POINT('Ctrl Pts',(-0.125461633968871,0.0695198131693584,
1.2384027365103));
#1670=CARTESIAN_POINT('Ctrl Pts',(-0.126526988090868,-0.0675614332912906,
1.24633220192857));
#1671=CARTESIAN_POINT('Ctrl Pts',(-0.0120199609743445,-0.142930431757193,
1.25426166734684));
#1672=CARTESIAN_POINT('Ctrl Pts',(0.113466421133733,-0.0877441738752523,
1.26219113276511));
#1673=CARTESIAN_POINT('Ctrl Pts',(0.135310048300469,0.0475902628697374,
1.27012059818338));
#1674=CARTESIAN_POINT('Ctrl Pts',(0.0335588895653891,0.139453189282798,
1.27805006360164));
#1675=CARTESIAN_POINT('Ctrl Pts',(-0.0988461786683488,0.103939675809495,
1.28597952901991));
#1676=CARTESIAN_POINT('Ctrl Pts',(-0.140962066007078,-0.0265204518216565,
1.29390899443817));
#1677=CARTESIAN_POINT('Ctrl Pts',(-0.0543221772407465,-0.132744700548421,
1.30183845985644));
#1678=CARTESIAN_POINT('Ctrl Pts',(0.0819405212296699,-0.11773962059412,
1.30976792527471));
#1679=CARTESIAN_POINT('Ctrl Pts',(0.143349643805117,0.00485510401624484,
1.31769739069298));
#1680=CARTESIAN_POINT('Ctrl Pts',(0.0738345318660329,0.122929645810569,
1.32562685611124));
#1681=CARTESIAN_POINT('Ctrl Pts',(-0.0631503519595086,0.128885355777417,
1.33355632152951));
#1682=CARTESIAN_POINT('Ctrl Pts',(-0.142400354649463,0.0167743814654664,
1.34148578694778));
#1683=CARTESIAN_POINT('Ctrl Pts',(-0.108572264229773,-0.0676458096367265,
1.34677209722662));
#1684=CARTESIAN_POINT('Ctrl Pts',(-0.0775484419237276,-0.0934034215390537,
1.34941525236605));
#1685=CARTESIAN_POINT('',(-0.0594275474004867,0.105859938645187,1.33400000017868));
#1686=CARTESIAN_POINT('Ctrl Pts',(-0.0594848978615623,0.106055917971608,
1.33400000017868));
#1687=CARTESIAN_POINT('Ctrl Pts',(-0.0668234912899825,0.100702653106963,
1.33400000017868));
#1688=CARTESIAN_POINT('Ctrl Pts',(-0.0734944853529976,0.0944878228330313,
1.33400000017868));
#1689=CARTESIAN_POINT('Ctrl Pts',(-0.0794093594228045,0.0875843920357396,
1.33400000017868));
#1690=CARTESIAN_POINT('Ctrl Pts',(-0.0831073381364294,0.0832683677488183,
1.33400000017868));
#1691=CARTESIAN_POINT('Ctrl Pts',(-0.0865089343797322,0.0786823055308996,
1.33400000017868));
#1692=CARTESIAN_POINT('Ctrl Pts',(-0.0895821894914842,0.0738645992876868,
1.33400000017868));
#1693=CARTESIAN_POINT('Ctrl Pts',(-0.0911179441784909,0.0714571144956359,
1.33400000017868));
#1694=CARTESIAN_POINT('Ctrl Pts',(-0.0925695455567939,0.0689945298701056,
1.33400000017868));
#1695=CARTESIAN_POINT('Ctrl Pts',(-0.0939288687977209,0.066490602710308,
1.33400000017868));
#1696=CARTESIAN_POINT('Ctrl Pts',(-0.0980050105937365,0.0589821883442968,
1.33400000017868));
#1697=CARTESIAN_POINT('Ctrl Pts',(-0.101269534829679,0.0510802129640431,
1.33400000017868));
#1698=CARTESIAN_POINT('Ctrl Pts',(-0.103618017099222,0.0429226768448999,
1.33400000017868));
#1699=CARTESIAN_POINT('Ctrl Pts',(-0.104583397163071,0.0395693950928144,
1.33400000017868));
#1700=CARTESIAN_POINT('Ctrl Pts',(-0.105393386067944,0.0361729083987326,
1.33400000017868));
#1701=CARTESIAN_POINT('Ctrl Pts',(-0.106038047615152,0.0327431753301152,
1.33400000017868));
#1702=CARTESIAN_POINT('Ctrl Pts',(-0.10656089859373,0.0299614997377809,
1.33400000017868));
#1703=CARTESIAN_POINT('Ctrl Pts',(-0.106973724532334,0.0271635510196001,
1.33400000017868));
#1704=CARTESIAN_POINT('Ctrl Pts',(-0.107271619594916,0.0243618230122018,
1.33400000017868));
#1705=CARTESIAN_POINT('Ctrl Pts',(-0.10767990972375,0.0205218201629243,
1.33400000017868));
#1706=CARTESIAN_POINT('Ctrl Pts',(-0.107873236449043,0.0166704637762337,
1.33400000017868));
#1707=CARTESIAN_POINT('Ctrl Pts',(-0.107840258760906,0.012821407159554,
1.33400000017868));
#1708=CARTESIAN_POINT('Ctrl Pts',(-0.107776619360491,0.00539360766557175,
1.33400000017868));
#1709=CARTESIAN_POINT('Ctrl Pts',(-0.106871714956042,-0.00202707195520976,
1.33400000017868));
#1710=CARTESIAN_POINT('Ctrl Pts',(-0.105171745460416,-0.00931856622011207,
1.33400000017868));
#1711=CARTESIAN_POINT('Ctrl Pts',(-0.104548712430313,-0.011990874033594,
1.33400000017868));
#1712=CARTESIAN_POINT('Ctrl Pts',(-0.103820585209401,-0.0146370047316479,
1.33400000017868));
#1713=CARTESIAN_POINT('Ctrl Pts',(-0.102991579629029,-0.0172488028352842,
1.33400000017868));
#1714=CARTESIAN_POINT('Ctrl Pts',(-0.101167100398848,-0.0229968599127352,
1.33400000017868));
#1715=CARTESIAN_POINT('Ctrl Pts',(-0.0988538531519453,-0.0285835430654504,
1.33400000017868));
#1716=CARTESIAN_POINT('Ctrl Pts',(-0.0960801113385692,-0.0339428437234551,
1.33400000017868));
#1717=CARTESIAN_POINT('Ctrl Pts',(-0.0942842998749103,-0.0374126308220332,
1.33400000017868));
#1718=CARTESIAN_POINT('Ctrl Pts',(-0.0922951746016511,-0.0407869165279057,
1.33400000017868));
#1719=CARTESIAN_POINT('Ctrl Pts',(-0.0901181295308251,-0.0440445908035115,
1.33400000017868));
#1720=CARTESIAN_POINT('Ctrl Pts',(-0.0885491545017546,-0.0463923647011515,
1.33400000017868));
#1721=CARTESIAN_POINT('Ctrl Pts',(-0.0868832991740337,-0.0486779388383227,
1.33400000017868));
#1722=CARTESIAN_POINT('Ctrl Pts',(-0.0851285761599157,-0.0508862105247021,
1.33400000017868));
#1723=CARTESIAN_POINT('Ctrl Pts',(-0.0824642885836506,-0.0542391447323816,
1.33400000017868));
#1724=CARTESIAN_POINT('Ctrl Pts',(-0.0795919139310207,-0.0574192120239227,
1.33400000017868));
#1725=CARTESIAN_POINT('Ctrl Pts',(-0.0765195782712943,-0.0603974427775797,
1.33400000017868));
#1726=CARTESIAN_POINT('Ctrl Pts',(-0.0737027534540954,-0.0631279889246739,
1.33400000017868));
#1727=CARTESIAN_POINT('Ctrl Pts',(-0.0707239890789303,-0.0656825994228221,
1.33400000017868));
#1728=CARTESIAN_POINT('Ctrl Pts',(-0.0675935717659395,-0.0680358290463832,
1.33400000017868));
#1729=CARTESIAN_POINT('Ctrl Pts',(-0.0653074403462166,-0.0697543833611451,
1.33400000017868));
#1730=CARTESIAN_POINT('Ctrl Pts',(-0.0629397931282239,-0.0713660458935352,
1.33400000017868));
#1731=CARTESIAN_POINT('Ctrl Pts',(-0.0604928949767452,-0.0728608238859019,
1.33400000017868));
#1732=CARTESIAN_POINT('Ctrl Pts',(-0.121456898805199,-0.00010496532616087,
1.29242931410885));
#1733=CARTESIAN_POINT('Ctrl Pts',(-0.121524995894309,-0.00761829665381265,
1.29292254088529));
#1734=CARTESIAN_POINT('Ctrl Pts',(-0.120887505816009,-0.0151200452158647,
1.29341576766173));
#1735=CARTESIAN_POINT('Ctrl Pts',(-0.119502769989568,-0.0224811386709257,
1.29390899443818));
#1736=CARTESIAN_POINT('Ctrl Pts',(-0.112082103084967,-0.0619285347305779,
1.2965521495776));
#1737=CARTESIAN_POINT('Ctrl Pts',(-0.0832021401628569,-0.0973366176394992,
1.29919530471702));
#1738=CARTESIAN_POINT('Ctrl Pts',(-0.0460517089567328,-0.11253981243491,
1.30183845985644));
#1739=CARTESIAN_POINT('Ctrl Pts',(-0.008901277750608,-0.12774300723032,
1.30448161499586));
#1740=CARTESIAN_POINT('Ctrl Pts',(0.0365196217395307,-0.12274131391222,
1.30712477013529));
#1741=CARTESIAN_POINT('Ctrl Pts',(0.069464925247175,-0.0998080131514423,
1.30976792527471));
#1742=CARTESIAN_POINT('Ctrl Pts',(0.102410228754819,-0.0768747123906647,
1.31241108041413));
#1743=CARTESIAN_POINT('Ctrl Pts',(0.122879936279968,-0.0360098041872095,
1.31505423555355));
#1744=CARTESIAN_POINT('Ctrl Pts',(0.121528938052695,0.00410174021357204,
1.31769739069298));
#1745=CARTESIAN_POINT('Ctrl Pts',(0.120177939825422,0.0442132846143533,
1.3203405458324));
#1746=CARTESIAN_POINT('Ctrl Pts',(0.0970062358457278,0.0835714652124607,
1.32298370097182));
#1747=CARTESIAN_POINT('Ctrl Pts',(0.062589569884957,0.104243173839323,1.32562685611124));
#1748=CARTESIAN_POINT('Ctrl Pts',(0.028172903924186,0.124914882466185,1.32827001125067));
#1749=CARTESIAN_POINT('Ctrl Pts',(-0.0174887240176618,0.126900119121801,
1.33091316639009));
#1750=CARTESIAN_POINT('Ctrl Pts',(-0.0535278717702445,0.109207575064284,
1.33355632152951));
#1751=CARTESIAN_POINT('Ctrl Pts',(-0.0555443759793833,0.108217621311568,
1.33370421441257));
#1752=CARTESIAN_POINT('Ctrl Pts',(-0.0575307545495786,0.107166061226044,
1.33385210729563));
#1753=CARTESIAN_POINT('Ctrl Pts',(-0.0594848978615623,0.106055917971608,
1.33400000017868));
#1754=CARTESIAN_POINT('',(-0.076384390494171,0.0909451583113463,0.834000000089341));
#1755=CARTESIAN_POINT('Ctrl Pts',(-0.0763485586602195,0.0909039429339438,
0.834));
#1756=CARTESIAN_POINT('Ctrl Pts',(-0.071205939436507,0.096430347107076,
0.834000000059561));
#1757=CARTESIAN_POINT('Ctrl Pts',(-0.0655491629945264,0.101447112723623,
0.834000000178683));
#1758=CARTESIAN_POINT('Ctrl Pts',(-0.0594275474004867,0.105859938645187,
0.834000000178683));
#1759=CARTESIAN_POINT('',(-0.0604928949767434,-0.0728608238859034,0.834000000178683));
#1760=CARTESIAN_POINT('Ctrl Pts',(-0.0605644752266551,-0.0730031228391835,
0.834000000178682));
#1761=CARTESIAN_POINT('Ctrl Pts',(-0.064817447280167,-0.0703804867197304,
0.834000000178682));
#1762=CARTESIAN_POINT('Ctrl Pts',(-0.0688391812496083,-0.0673983917333389,
0.834000000178682));
#1763=CARTESIAN_POINT('Ctrl Pts',(-0.0726133750106039,-0.0641087736573893,
0.834000000178682));
#1764=CARTESIAN_POINT('Ctrl Pts',(-0.0755759388087089,-0.0615265788792311,
0.834000000178682));
#1765=CARTESIAN_POINT('Ctrl Pts',(-0.078386393071506,-0.0587533320617372,
0.834000000178682));
#1766=CARTESIAN_POINT('Ctrl Pts',(-0.0810245007875402,-0.0558241844814424,
0.834000000178682));
#1767=CARTESIAN_POINT('Ctrl Pts',(-0.0837098727570825,-0.052842558386735,
0.834000000178682));
#1768=CARTESIAN_POINT('Ctrl Pts',(-0.0862198388607506,-0.0496969259266173,
0.834000000178682));
#1769=CARTESIAN_POINT('Ctrl Pts',(-0.0885452067421584,-0.0464096191661313,
0.834000000178682));
#1770=CARTESIAN_POINT('Ctrl Pts',(-0.0904324214191781,-0.0437417171899074,
0.834000000178682));
#1771=CARTESIAN_POINT('Ctrl Pts',(-0.0921931939821129,-0.0409869887544853,
0.834000000178682));
#1772=CARTESIAN_POINT('Ctrl Pts',(-0.093821264419753,-0.0381618912757734,
0.834000000178682));
#1773=CARTESIAN_POINT('Ctrl Pts',(-0.0978275594156367,-0.0312099967937059,
0.834000000178683));
#1774=CARTESIAN_POINT('Ctrl Pts',(-0.101037712290479,-0.023827749909328,
0.834000000178683));
#1775=CARTESIAN_POINT('Ctrl Pts',(-0.103376173897345,-0.0161746298674251,
0.834000000178683));
#1776=CARTESIAN_POINT('Ctrl Pts',(-0.104178361422726,-0.0135492981494145,
0.834000000178683));
#1777=CARTESIAN_POINT('Ctrl Pts',(-0.104878237000305,-0.0108890001562067,
0.834000000178683));
#1778=CARTESIAN_POINT('Ctrl Pts',(-0.10546961260472,-0.00820870373066825,
0.834000000178683));
#1779=CARTESIAN_POINT('Ctrl Pts',(-0.106563823777,-0.00324940160195207,
0.834000000178683));
#1780=CARTESIAN_POINT('Ctrl Pts',(-0.107284715618582,0.00176445976740458,
0.834000000178683));
#1781=CARTESIAN_POINT('Ctrl Pts',(-0.107615913114107,0.00679341588645508,
0.834000000178683));
#1782=CARTESIAN_POINT('Ctrl Pts',(-0.108122865808127,0.014491067248903,
0.834000000178683));
#1783=CARTESIAN_POINT('Ctrl Pts',(-0.10771939059801,0.0222240837275658,
0.834000000178683));
#1784=CARTESIAN_POINT('Ctrl Pts',(-0.106487017676741,0.0298825769798536,
0.834000000178683));
#1785=CARTESIAN_POINT('Ctrl Pts',(-0.106046163762899,0.0326222320519013,
0.834000000178683));
#1786=CARTESIAN_POINT('Ctrl Pts',(-0.105499022293225,0.0353495267821782,
0.834000000178683));
#1787=CARTESIAN_POINT('Ctrl Pts',(-0.104851994512496,0.0380491465148615,
0.834000000178683));
#1788=CARTESIAN_POINT('Ctrl Pts',(-0.102865523694114,0.0463373776842604,
0.834000000178683));
#1789=CARTESIAN_POINT('Ctrl Pts',(-0.0999374538612755,0.0543920736660677,
0.834000000178683));
#1790=CARTESIAN_POINT('Ctrl Pts',(-0.0961715212586893,0.0620731974725116,
0.834000000178683));
#1791=CARTESIAN_POINT('Ctrl Pts',(-0.0946733385141192,0.0651289417887581,
0.834000000178683));
#1792=CARTESIAN_POINT('Ctrl Pts',(-0.093041954345206,0.0681256088336701,
0.834000000178683));
#1793=CARTESIAN_POINT('Ctrl Pts',(-0.0912816540304858,0.0710541432877027,
0.834000000178683));
#1794=CARTESIAN_POINT('Ctrl Pts',(-0.0898474818210367,0.0734401127119343,
0.834000000178683));
#1795=CARTESIAN_POINT('Ctrl Pts',(-0.0883297511901967,0.0757770844899111,
0.834000000178683));
#1796=CARTESIAN_POINT('Ctrl Pts',(-0.0867362706648313,0.0780538112472747,
0.834000000178683));
#1797=CARTESIAN_POINT('Ctrl Pts',(-0.0835693226806008,0.0825786705725701,
0.834000000178683));
#1798=CARTESIAN_POINT('Ctrl Pts',(-0.0800988235244473,0.0868738027242743,
0.834000000178683));
#1799=CARTESIAN_POINT('Ctrl Pts',(-0.0763485588833812,0.0909039431446012,
0.834000000178683));
#1800=CARTESIAN_POINT('Ctrl Pts',(-0.0605644752266549,-0.0730031228391837,
0.834000000178682));
#1801=CARTESIAN_POINT('Ctrl Pts',(-0.0592213331826315,-0.0741298767588497,
0.834147893061739));
#1802=CARTESIAN_POINT('Ctrl Pts',(-0.0332510964203332,-0.0946313995173221,
0.836938941084219));
#1803=CARTESIAN_POINT('Ctrl Pts',(0.0393530866505468,-0.104709700148805,
0.842373144246121));
#1804=CARTESIAN_POINT('Ctrl Pts',(0.109304624905692,-0.0238964435558148,
0.850302609664389));
#1805=CARTESIAN_POINT('Ctrl Pts',(0.0794380474036022,0.0788078554518769,
0.858232075082654));
#1806=CARTESIAN_POINT('Ctrl Pts',(-0.0230007392267762,0.109494834768255,
0.866161540500924));
#1807=CARTESIAN_POINT('Ctrl Pts',(-0.0872880667646785,0.0547705916906386,
0.872422202780532));
#1808=CARTESIAN_POINT('Ctrl Pts',(-0.094657353719034,0.0116885130065712,
0.876039709920721));
#1809=CARTESIAN_POINT('Ctrl Pts',(-0.0945884241878428,6.18007263417401E-5,
0.877014061921488));
#1810=CARTESIAN_POINT('Origin',(5.52079270658453E-16,0.,0.834000000178683));
#1811=CARTESIAN_POINT('',(-0.11889154739535,-1.45360399331177E-17,0.834));
#1812=CARTESIAN_POINT('Origin',(-0.0001957736976751,0.,0.834));
#1813=CARTESIAN_POINT('',(0.0778688556426436,0.089386343777729,0.834000000089291));
#1814=CARTESIAN_POINT('Origin',(-0.0001957736976751,0.,0.834));
#1815=CARTESIAN_POINT('',(0.0604928949767463,-0.0728608238859019,0.834000000178683));
#1816=CARTESIAN_POINT('Ctrl Pts',(0.0778174478983134,0.089405067894192,
0.834000000178683));
#1817=CARTESIAN_POINT('Ctrl Pts',(0.0821552078090517,0.0845432939817539,
0.834000000178683));
#1818=CARTESIAN_POINT('Ctrl Pts',(0.0860980296689228,0.0793307160535051,
0.834000000178683));
#1819=CARTESIAN_POINT('Ctrl Pts',(0.0896053994018969,0.0738281874312026,
0.834000000178683));
#1820=CARTESIAN_POINT('Ctrl Pts',(0.0914107267141513,0.0709959039924446,
0.834000000178683));
#1821=CARTESIAN_POINT('Ctrl Pts',(0.0931009764966028,0.0680850651496856,
0.834000000178683));
#1822=CARTESIAN_POINT('Ctrl Pts',(0.0946622879499556,0.0651186365545586,
0.834000000178683));
#1823=CARTESIAN_POINT('Ctrl Pts',(0.0986370354273783,0.0575667771544907,
0.834000000178683));
#1824=CARTESIAN_POINT('Ctrl Pts',(0.101793321460709,0.0496356053136309,
0.834000000178683));
#1825=CARTESIAN_POINT('Ctrl Pts',(0.104027700270345,0.0414629460113553,
0.834000000178683));
#1826=CARTESIAN_POINT('Ctrl Pts',(0.105110046975581,0.0375040600647633,
0.834000000178683));
#1827=CARTESIAN_POINT('Ctrl Pts',(0.105975304736676,0.03348845341019,0.834000000178683));
#1828=CARTESIAN_POINT('Ctrl Pts',(0.106607069958725,0.0294324859194008,
0.834000000178683));
#1829=CARTESIAN_POINT('Ctrl Pts',(0.107046376601977,0.0266121130952408,
0.834000000178683));
#1830=CARTESIAN_POINT('Ctrl Pts',(0.107371136403874,0.0237821765346481,
0.834000000178683));
#1831=CARTESIAN_POINT('Ctrl Pts',(0.107577403108961,0.0209493844742637,
0.834000000178683));
#1832=CARTESIAN_POINT('Ctrl Pts',(0.107774577521213,0.0182414626634962,
0.834000000178683));
#1833=CARTESIAN_POINT('Ctrl Pts',(0.107863535811801,0.0155305160560372,
0.834000000178683));
#1834=CARTESIAN_POINT('Ctrl Pts',(0.107840324001474,0.0128213062035755,
0.834000000178683));
#1835=CARTESIAN_POINT('Ctrl Pts',(0.107801474371689,0.00828689900741117,
0.834000000178683));
#1836=CARTESIAN_POINT('Ctrl Pts',(0.107448607239237,0.00375720870764082,
0.834000000178683));
#1837=CARTESIAN_POINT('Ctrl Pts',(0.10679405181233,-0.00074117276885021,
0.834000000178683));
#1838=CARTESIAN_POINT('Ctrl Pts',(0.106315640097386,-0.0040290202271009,
0.834000000178683));
#1839=CARTESIAN_POINT('Ctrl Pts',(0.105675960016085,-0.00730011483307671,
0.834000000178683));
#1840=CARTESIAN_POINT('Ctrl Pts',(0.104878540567259,-0.0105430657559986,
0.834000000178683));
#1841=CARTESIAN_POINT('Ctrl Pts',(0.104256127657004,-0.0130742988789482,
0.834000000178683));
#1842=CARTESIAN_POINT('Ctrl Pts',(0.103538344434718,-0.015584527002573,
0.834000000178683));
#1843=CARTESIAN_POINT('Ctrl Pts',(0.102730246382415,-0.0180610006713651,
0.834000000178683));
#1844=CARTESIAN_POINT('Ctrl Pts',(0.100902754310772,-0.0236614794529308,
0.834000000178683));
#1845=CARTESIAN_POINT('Ctrl Pts',(0.0986112231199434,-0.0291022936104937,
0.834000000178683));
#1846=CARTESIAN_POINT('Ctrl Pts',(0.0958827057131065,-0.0343225043670408,
0.834000000178683));
#1847=CARTESIAN_POINT('Ctrl Pts',(0.0942472872577468,-0.0374513937011285,
0.834000000178683));
#1848=CARTESIAN_POINT('Ctrl Pts',(0.0924546364425918,-0.0405008561728259,
0.834000000178683));
#1849=CARTESIAN_POINT('Ctrl Pts',(0.0905089206517953,-0.0434555769700855,
0.834000000178683));
#1850=CARTESIAN_POINT('Ctrl Pts',(0.0886089104194569,-0.0463408903211161,
0.834000000178683));
#1851=CARTESIAN_POINT('Ctrl Pts',(0.0865602574034689,-0.0491383547240569,
0.834000000178683));
#1852=CARTESIAN_POINT('Ctrl Pts',(0.0843832954168052,-0.0518129633996156,
0.834000000178683));
#1853=CARTESIAN_POINT('Ctrl Pts',(0.0797240441577626,-0.0575373048972549,
0.834000000178683));
#1854=CARTESIAN_POINT('Ctrl Pts',(0.0744669070923986,-0.0627224432129965,
0.834000000178683));
#1855=CARTESIAN_POINT('Ctrl Pts',(0.0686558003208718,-0.067225105379232,
0.834000000178683));
#1856=CARTESIAN_POINT('Ctrl Pts',(0.0660458225062926,-0.0692474134906577,
0.834000000178683));
#1857=CARTESIAN_POINT('Ctrl Pts',(0.0633238247068313,-0.0711314460383151,
0.834000000178683));
#1858=CARTESIAN_POINT('Ctrl Pts',(0.0604928949767478,-0.0728608238859006,
0.834000000178683));
#1859=CARTESIAN_POINT('Origin',(5.63881131584757E-16,0.,0.834000000178683));
#1860=CARTESIAN_POINT('Origin',(5.63881131584757E-16,0.,0.740985938435877));
#1861=CARTESIAN_POINT('Ctrl Pts',(0.0604928949767464,-0.0728608238859018,
0.834000000178683));
#1862=CARTESIAN_POINT('Ctrl Pts',(0.0846935207789087,-0.0527681892306272,
0.836643155318105));
#1863=CARTESIAN_POINT('Ctrl Pts',(0.111081778771222,0.0130849475427283,
0.841929465596949));
#1864=CARTESIAN_POINT('Ctrl Pts',(0.0492613639328506,0.100539155648208,
0.849858931015217));
#1865=CARTESIAN_POINT('Ctrl Pts',(-0.0575957614119488,0.0958931517305155,
0.857788396433485));
#1866=CARTESIAN_POINT('Ctrl Pts',(-0.0943577889581435,0.0334513154452028,
0.863164065573704));
#1867=CARTESIAN_POINT('Ctrl Pts',(-0.0948523742888194,0.00108330838338677,
0.865896579574501));
#1868=CARTESIAN_POINT('Ctrl Pts',(-0.0948493749795428,2.46990772554949E-5,
0.865985938435877));
#1869=CARTESIAN_POINT('Ctrl Pts',(0.0775484419237263,-0.0934034215390557,
0.818584747991319));
#1870=CARTESIAN_POINT('Ctrl Pts',(0.108572264229772,-0.0676458096367294,
0.821227903130742));
#1871=CARTESIAN_POINT('Ctrl Pts',(0.142400506260046,0.0167741566176034,
0.826514213409587));
#1872=CARTESIAN_POINT('Ctrl Pts',(0.0631502595717867,0.128885464579645,
0.834443678827853));
#1873=CARTESIAN_POINT('Ctrl Pts',(-0.0738344818945137,0.122929552482415,
0.842373144246122));
#1874=CARTESIAN_POINT('Ctrl Pts',(-0.143349644380699,0.0048551511220783,
0.850302609664387));
#1875=CARTESIAN_POINT('Ctrl Pts',(-0.0819405014221054,-0.11773963411433,
0.858232075082655));
#1876=CARTESIAN_POINT('Ctrl Pts',(0.0543221658562619,-0.132744666184985,
0.866161540500922));
#1877=CARTESIAN_POINT('Ctrl Pts',(0.140962049664976,-0.0265204582977472,
0.874091005919189));
#1878=CARTESIAN_POINT('Ctrl Pts',(0.098846164858891,0.103939667968545,0.882020471337457));
#1879=CARTESIAN_POINT('Ctrl Pts',(-0.0335588847657849,0.139453167888088,
0.889949936755724));
#1880=CARTESIAN_POINT('Ctrl Pts',(-0.135310030870977,0.0475902584885368,
0.89787940217399));
#1881=CARTESIAN_POINT('Ctrl Pts',(-0.113466406269641,-0.0877441634611412,
0.905808867592258));
#1882=CARTESIAN_POINT('Ctrl Pts',(0.0120199593717082,-0.142930412579291,
0.913738333010525));
#1883=CARTESIAN_POINT('Ctrl Pts',(0.126526971627079,-0.0675614248019005,
0.921667798428792));
#1884=CARTESIAN_POINT('Ctrl Pts',(0.125461617622257,0.0695198042850248,
0.929597263847059));
#1885=CARTESIAN_POINT('Ctrl Pts',(0.00979696033323282,0.143100070280466,
0.937526729265325));
#1886=CARTESIAN_POINT('Ctrl Pts',(-0.11481643756807,0.0859697729678594,
0.945456194683595));
#1887=CARTESIAN_POINT('Ctrl Pts',(-0.134554087019907,-0.0496871551324657,
0.95338566010186));
#1888=CARTESIAN_POINT('Ctrl Pts',(-0.0313871958484948,-0.139958774047302,
0.961315125520127));
#1889=CARTESIAN_POINT('Ctrl Pts',(0.100449420071172,-0.102389107392924,
0.969244590938396));
#1890=CARTESIAN_POINT('Ctrl Pts',(0.140533419872968,0.0287049311980634,
0.977174056356662));
#1891=CARTESIAN_POINT('Ctrl Pts',(0.0522512325772053,0.133579278816012,
0.985103521774928));
#1892=CARTESIAN_POINT('Ctrl Pts',(-0.0837583313201453,0.116439499665194,
0.993032987193197));
#1893=CARTESIAN_POINT('Ctrl Pts',(-0.14326127068328,-0.00705857239737857,
1.00096245261146));
#1894=CARTESIAN_POINT('Ctrl Pts',(-0.0719063468323999,-0.124109195436361,
1.00889191802973));
#1895=CARTESIAN_POINT('Ctrl Pts',(0.0651293492644,-0.12779586451228,1.016821383448));
#1896=CARTESIAN_POINT('Ctrl Pts',(0.142674525474436,-0.0147510982020055,
1.02475084886626));
#1897=CARTESIAN_POINT('Ctrl Pts',(0.0898977839462333,0.111767631976072,
1.03268031428453));
#1898=CARTESIAN_POINT('Ctrl Pts',(-0.0449934875888515,0.136195452173074,
1.0406097797028));
#1899=CARTESIAN_POINT('Ctrl Pts',(-0.138786759545486,0.0362194766963341,
1.04853924512107));
#1900=CARTESIAN_POINT('Ctrl Pts',(-0.105809281084255,-0.0968401319371083,
1.05646871053933));
#1901=CARTESIAN_POINT('Ctrl Pts',(0.023816624129012,-0.141443923632459,
1.0643981759576));
#1902=CARTESIAN_POINT('Ctrl Pts',(0.13168792304481,-0.0568498552455778,
1.07232764137587));
#1903=CARTESIAN_POINT('Ctrl Pts',(0.119272698376342,0.0796720687526384,
1.08025710679413));
#1904=CARTESIAN_POINT('Ctrl Pts',(-0.00208872207461127,0.143419846456279,
1.0881865722124));
#1905=CARTESIAN_POINT('Ctrl Pts',(-0.121542259772648,0.0761649145376103,
1.09611603763067));
#1906=CARTESIAN_POINT('Ctrl Pts',(-0.129976536490013,-0.0606606551180667,
1.10404550304894));
#1907=CARTESIAN_POINT('Ctrl Pts',(-0.0196875061595987,-0.142077504268804,
1.1119749684672));
#1908=CARTESIAN_POINT('Ctrl Pts',(0.108584507110995,-0.0937177674266978,
1.11990443388547));
#1909=CARTESIAN_POINT('Ctrl Pts',(0.137673143708604,0.0402457528058647,
1.12783389930374));
#1910=CARTESIAN_POINT('Ctrl Pts',(0.041008230045876,0.137447954479321,1.13576336472201));
#1911=CARTESIAN_POINT('Ctrl Pts',(-0.0931144649627861,0.10910229842371,
1.14369283014027));
#1912=CARTESIAN_POINT('Ctrl Pts',(-0.142184445793215,-0.0188996956735706,
1.15162229555854));
#1913=CARTESIAN_POINT('Ctrl Pts',(-0.0613801579048357,-0.129638309783001,
1.1595517609768));
#1914=CARTESIAN_POINT('Ctrl Pts',(0.075490059316517,-0.121962559743685,
1.16748122639507));
#1915=CARTESIAN_POINT('Ctrl Pts',(0.143406066131247,-0.00288363885356215,
1.17541069181334));
#1916=CARTESIAN_POINT('Ctrl Pts',(0.0803319498736683,0.118829260432138,
1.18334015723161));
#1917=CARTESIAN_POINT('Ctrl Pts',(-0.0561190606543681,0.132001005781497,
1.19126962264987));
#1918=CARTESIAN_POINT('Ctrl Pts',(-0.14130974136606,0.0246002584127845,
1.19919908806814));
#1919=CARTESIAN_POINT('Ctrl Pts',(-0.0974251218078833,-0.105270897406106,
1.20712855348641));
#1920=CARTESIAN_POINT('Ctrl Pts',(0.0354496468374721,-0.138985370039957,
1.21505801890468));
#1921=CARTESIAN_POINT('Ctrl Pts',(0.135943980464137,-0.0457477306517798,
1.22298748432294));
#1922=CARTESIAN_POINT('Ctrl Pts',(0.112264180347413,0.0892769538083942,
1.23091694974121));
#1923=CARTESIAN_POINT('Ctrl Pts',(-0.013960014230848,0.142753985114456,
1.23884641515948));
#1924=CARTESIAN_POINT('Ctrl Pts',(-0.127432980362426,0.0658369128163853,
1.24677588057774));
#1925=CARTESIAN_POINT('Ctrl Pts',(-0.12450569937367,-0.0712177504614126,
1.25470534599601));
#1926=CARTESIAN_POINT('Ctrl Pts',(-0.00785283020596793,-0.143219125253936,
1.26263481141428));
#1927=CARTESIAN_POINT('Ctrl Pts',(0.115974032868581,-0.0844040436526574,
1.27056427683255));
#1928=CARTESIAN_POINT('Ctrl Pts',(0.133865719773777,0.0515131364170554,
1.27849374225081));
#1929=CARTESIAN_POINT('Ctrl Pts',(0.0294856311375344,0.140366098685899,
1.28642320766908));
#1930=CARTESIAN_POINT('Ctrl Pts',(-0.101835029997388,0.101027193765409,
1.29435267308735));
#1931=CARTESIAN_POINT('Ctrl Pts',(-0.140122288410474,-0.0306339244482828,
1.30228213850562));
#1932=CARTESIAN_POINT('Ctrl Pts',(-0.050448380770815,-0.134231764004504,
1.31021160392388));
#1933=CARTESIAN_POINT('Ctrl Pts',(0.0853635921991574,-0.115379700947571,
1.31814106934215));
#1934=CARTESIAN_POINT('Ctrl Pts',(0.143090367123025,0.00918821799626683,
1.32607053476042));
#1935=CARTESIAN_POINT('Ctrl Pts',(0.0945887853052893,0.0861211577712348,
1.33135684503926));
#1936=CARTESIAN_POINT('Ctrl Pts',(0.0594275474004881,0.105859938645187,
1.33400000017868));
#1937=CARTESIAN_POINT('Ctrl Pts',(0.0718632596080663,-0.0865558889880044,
0.823723165387107));
#1938=CARTESIAN_POINT('Ctrl Pts',(0.100612683079484,-0.0626866028346953,
0.826366320526529));
#1939=CARTESIAN_POINT('Ctrl Pts',(0.131960930430438,0.0155444202593116,
0.831652630805374));
#1940=CARTESIAN_POINT('Ctrl Pts',(0.0585206276921414,0.119436694935833,
0.839582096223641));
#1941=CARTESIAN_POINT('Ctrl Pts',(-0.068421575066992,0.113917418898448,
0.847511561641909));
#1942=CARTESIAN_POINT('Ctrl Pts',(-0.132840485937633,0.0044992133544791,
0.855441027060175));
#1943=CARTESIAN_POINT('Ctrl Pts',(-0.0759333312190016,-0.109107980542522,
0.863370492478443));
#1944=CARTESIAN_POINT('Ctrl Pts',(0.0503397335982662,-0.123012973194488,
0.871299957896709));
#1945=CARTESIAN_POINT('Ctrl Pts',(0.13062792905527,-0.0245762072363797,
0.879229423314977));
#1946=CARTESIAN_POINT('Ctrl Pts',(0.0915996173527611,0.0963197087846902,
0.887158888733243));
#1947=CARTESIAN_POINT('Ctrl Pts',(-0.0310986370358389,0.129229665464661,
0.895088354151512));
#1948=CARTESIAN_POINT('Ctrl Pts',(-0.125390267487521,0.0441013515647475,
0.903017819569777));
#1949=CARTESIAN_POINT('Ctrl Pts',(-0.105148028874255,-0.0813115188581421,
0.910947284988046));
#1950=CARTESIAN_POINT('Ctrl Pts',(0.01113875971431,-0.132451988592836,0.918876750406311));
#1951=CARTESIAN_POINT('Ctrl Pts',(0.117251106326577,-0.0626084043674939,
0.926806215824581));
#1952=CARTESIAN_POINT('Ctrl Pts',(0.116263854880592,0.0644232123728611,
0.934735681242846));
#1953=CARTESIAN_POINT('Ctrl Pts',(0.00907873177502999,0.132609208455951,
0.942665146661114));
#1954=CARTESIAN_POINT('Ctrl Pts',(-0.10639908753219,0.0796672113581889,
0.950594612079382));
#1955=CARTESIAN_POINT('Ctrl Pts',(-0.124689742913835,-0.046044521848455,
0.958524077497648));
#1956=CARTESIAN_POINT('Ctrl Pts',(-0.0290861576025996,-0.129698204944988,
0.966453542915915));
#1957=CARTESIAN_POINT('Ctrl Pts',(0.0930853357331706,-0.0948828219250734,
0.974383008334183));
#1958=CARTESIAN_POINT('Ctrl Pts',(0.130230722699414,0.0266005334413689,
0.982312473752449));
#1959=CARTESIAN_POINT('Ctrl Pts',(0.0484206232696503,0.123786399232301,
0.990241939170717));
#1960=CARTESIAN_POINT('Ctrl Pts',(-0.0776178935215519,0.10790316072763,
0.998171404588984));
#1961=CARTESIAN_POINT('Ctrl Pts',(-0.132758591036812,-0.0065410988031725,
1.00610087000725));
#1962=CARTESIAN_POINT('Ctrl Pts',(-0.0666347942227755,-0.11501058061442,
1.01403033542552));
#1963=CARTESIAN_POINT('Ctrl Pts',(0.0603546276132212,-0.118426974939303,
1.02195980084378));
#1964=CARTESIAN_POINT('Ctrl Pts',(0.132214860921532,-0.0136696750224511,
1.02988926626205));
#1965=CARTESIAN_POINT('Ctrl Pts',(0.0833072544806524,0.103573794047019,
1.03781873168032));
#1966=CARTESIAN_POINT('Ctrl Pts',(-0.0416949534904929,0.126210777343252,
1.04574819709859));
#1967=CARTESIAN_POINT('Ctrl Pts',(-0.128612112428889,0.033564177333917,
1.05367766251685));
#1968=CARTESIAN_POINT('Ctrl Pts',(-0.0980522580064142,-0.0897406494474854,
1.06160712793512));
#1969=CARTESIAN_POINT('Ctrl Pts',(0.0220705948477258,-0.131074476183292,
1.06953659335339));
#1970=CARTESIAN_POINT('Ctrl Pts',(0.122033701338889,-0.0526821146221372,
1.07746605877165));
#1971=CARTESIAN_POINT('Ctrl Pts',(0.110528653767203,0.073831200450345,1.08539552418992));
#1972=CARTESIAN_POINT('Ctrl Pts',(-0.00193559500324394,0.132905541403059,
1.09332498960819));
#1973=CARTESIAN_POINT('Ctrl Pts',(-0.112631830514192,0.0705811605064343,
1.10125445502646));
#1974=CARTESIAN_POINT('Ctrl Pts',(-0.120447778872541,-0.0562135395451612,
1.10918392044472));
#1975=CARTESIAN_POINT('Ctrl Pts',(-0.0182441881627249,-0.131661608156841,
1.11711338586299));
#1976=CARTESIAN_POINT('Ctrl Pts',(0.100624028418344,-0.086847189748793,
1.12504285128126));
#1977=CARTESIAN_POINT('Ctrl Pts',(0.127580137291746,0.0372952816364072,
1.13297231669952));
#1978=CARTESIAN_POINT('Ctrl Pts',(0.0380018606273559,0.127371456992781,
1.14090178211779));
#1979=CARTESIAN_POINT('Ctrl Pts',(-0.0862881162134553,0.101103859741905,
1.14883124753606));
#1980=CARTESIAN_POINT('Ctrl Pts',(-0.131760709651867,-0.0175141331406651,
1.15676071295433));
#1981=CARTESIAN_POINT('Ctrl Pts',(-0.0568802945987971,-0.120134348027905,
1.16469017837259));
#1982=CARTESIAN_POINT('Ctrl Pts',(0.0699557798443841,-0.113021317719642,
1.17261964379086));
#1983=CARTESIAN_POINT('Ctrl Pts',(0.132892771332499,-0.0026722353461754,
1.18054910920913));
#1984=CARTESIAN_POINT('Ctrl Pts',(0.0744427047840828,0.110117724865037,
1.18847857462739));
#1985=CARTESIAN_POINT('Ctrl Pts',(-0.0520048955816842,0.122323831552046,
1.19640804004566));
#1986=CARTESIAN_POINT('Ctrl Pts',(-0.130950131002321,0.0227967798306276,
1.20433750546393));
#1987=CARTESIAN_POINT('Ctrl Pts',(-0.0902827529109293,-0.0975533439718863,
1.2122669708822));
#1988=CARTESIAN_POINT('Ctrl Pts',(0.0328507847546596,-0.128796162516435,
1.22019643630046));
#1989=CARTESIAN_POINT('Ctrl Pts',(0.125977741369155,-0.0423939019631398,
1.22812590171873));
#1990=CARTESIAN_POINT('Ctrl Pts',(0.104033939778286,0.08273193824913,1.236055367137));
#1991=CARTESIAN_POINT('Ctrl Pts',(-0.0129365864989329,0.132288495266691,
1.24398483255526));
#1992=CARTESIAN_POINT('Ctrl Pts',(-0.118090694322676,0.061010318713701,
1.25191429797353));
#1993=CARTESIAN_POINT('Ctrl Pts',(-0.115378016305913,-0.0659966797933193,
1.2598437633918));
#1994=CARTESIAN_POINT('Ctrl Pts',(-0.00727712848576049,-0.132719535346523,
1.26777322881007));
#1995=CARTESIAN_POINT('Ctrl Pts',(0.107471817938348,-0.0782162678000322,
1.27570269422833));
#1996=CARTESIAN_POINT('Ctrl Pts',(0.124051840811779,0.0477366379482602,
1.2836321596466));
#1997=CARTESIAN_POINT('Ctrl Pts',(0.0273239992007624,0.130075668057361,
1.29156162506487));
#1998=CARTESIAN_POINT('Ctrl Pts',(-0.0943693647010391,0.0936207520478453,
1.29949109048313));
#1999=CARTESIAN_POINT('Ctrl Pts',(-0.129849731846609,-0.028388109558747,
1.3074205559014));
#2000=CARTESIAN_POINT('Ctrl Pts',(-0.0467499409943708,-0.124391049839429,
1.31535002131967));
#2001=CARTESIAN_POINT('Ctrl Pts',(0.079105470530521,-0.106921057303144,
1.32327948673794));
#2002=CARTESIAN_POINT('Ctrl Pts',(0.13260021665025,0.0085146171711703,1.3312089521562));
#2003=CARTESIAN_POINT('Ctrl Pts',(0.0876543521156921,0.079807497934629,
1.33649526243505));
#2004=CARTESIAN_POINT('Ctrl Pts',(0.055070832640485,0.0980992017922866,
1.33913841757447));
#2005=CARTESIAN_POINT('Ctrl Pts',(0.0661780772924064,-0.0797083564369531,
0.828861582782895));
#2006=CARTESIAN_POINT('Ctrl Pts',(0.0926531019291965,-0.0577273960326613,
0.831504737922317));
#2007=CARTESIAN_POINT('Ctrl Pts',(0.12152135460083,0.01431468390102,0.836791048201162));
#2008=CARTESIAN_POINT('Ctrl Pts',(0.053890995812496,0.10998792529202,0.844720513619429));
#2009=CARTESIAN_POINT('Ctrl Pts',(-0.0630086682394704,0.104905285314482,
0.852649979037696));
#2010=CARTESIAN_POINT('Ctrl Pts',(-0.122331327494566,0.00414327558687971,
0.860579444455963));
#2011=CARTESIAN_POINT('Ctrl Pts',(-0.0699261610158979,-0.100476326970714,
0.868508909874231));
#2012=CARTESIAN_POINT('Ctrl Pts',(0.0463573013402706,-0.11328128020399,
0.876438375292497));
#2013=CARTESIAN_POINT('Ctrl Pts',(0.120293808445564,-0.0226319561750123,
0.884367840710765));
#2014=CARTESIAN_POINT('Ctrl Pts',(0.0843530698466312,0.0886997496008351,
0.892297306129031));
#2015=CARTESIAN_POINT('Ctrl Pts',(-0.028638389305893,0.119006163041234,
0.9002267715473));
#2016=CARTESIAN_POINT('Ctrl Pts',(-0.115470504104063,0.0406124446409581,
0.908156236965565));
#2017=CARTESIAN_POINT('Ctrl Pts',(-0.0968296514788694,-0.0748788742551428,
0.916085702383833));
#2018=CARTESIAN_POINT('Ctrl Pts',(0.0102575600569119,-0.12197356460638,
0.9240151678021));
#2019=CARTESIAN_POINT('Ctrl Pts',(0.107975241026075,-0.0576553839330873,
0.931944633220367));
#2020=CARTESIAN_POINT('Ctrl Pts',(0.107066092138927,0.0593266204606975,
0.939874098638634));
#2021=CARTESIAN_POINT('Ctrl Pts',(0.00836050321682715,0.122118346631436,
0.947803564056902));
#2022=CARTESIAN_POINT('Ctrl Pts',(-0.0979817374963107,0.0733646497485185,
0.955733029475167));
#2023=CARTESIAN_POINT('Ctrl Pts',(-0.114825398807762,-0.0424018885644445,
0.963662494893438));
#2024=CARTESIAN_POINT('Ctrl Pts',(-0.0267851193567046,-0.119437635842673,
0.971591960311701));
#2025=CARTESIAN_POINT('Ctrl Pts',(0.0857212513951691,-0.0873765364572228,
0.979521425729972));
#2026=CARTESIAN_POINT('Ctrl Pts',(0.11992802552586,0.0244961356846745,0.987450891148235));
#2027=CARTESIAN_POINT('Ctrl Pts',(0.0445900139620953,0.113993519648591,
0.995380356566506));
#2028=CARTESIAN_POINT('Ctrl Pts',(-0.0714774557229583,0.0993668217900662,
1.00330982198477));
#2029=CARTESIAN_POINT('Ctrl Pts',(-0.122255911390344,-0.00602362520896652,
1.01123928740304));
#2030=CARTESIAN_POINT('Ctrl Pts',(-0.0613632416131509,-0.10591196579248,
1.0191687528213));
#2031=CARTESIAN_POINT('Ctrl Pts',(0.0555799059620424,-0.109058085366327,
1.02709821823957));
#2032=CARTESIAN_POINT('Ctrl Pts',(0.121755196368629,-0.0125882518428967,
1.03502768365784));
#2033=CARTESIAN_POINT('Ctrl Pts',(0.0767167250150715,0.0953799561179664,
1.04295714907611));
#2034=CARTESIAN_POINT('Ctrl Pts',(-0.0383964193921344,0.11622610251343,
1.05088661449437));
#2035=CARTESIAN_POINT('Ctrl Pts',(-0.118437465312293,0.0309088779715,1.05881607991264));
#2036=CARTESIAN_POINT('Ctrl Pts',(-0.090295234928573,-0.0826411669578626,
1.06674554533091));
#2037=CARTESIAN_POINT('Ctrl Pts',(0.0203245655664396,-0.120705028734125,
1.07467501074918));
#2038=CARTESIAN_POINT('Ctrl Pts',(0.112379479632969,-0.0485143739986965,
1.08260447616744));
#2039=CARTESIAN_POINT('Ctrl Pts',(0.101784609158064,0.0679903321480514,
1.09053394158571));
#2040=CARTESIAN_POINT('Ctrl Pts',(-0.00178246793187674,0.122391236349839,
1.09846340700398));
#2041=CARTESIAN_POINT('Ctrl Pts',(-0.103721401255737,0.0649974064752581,
1.10639287242224));
#2042=CARTESIAN_POINT('Ctrl Pts',(-0.110919021255068,-0.0517664239722555,
1.11432233784051));
#2043=CARTESIAN_POINT('Ctrl Pts',(-0.016800870165851,-0.121245712044877,
1.12225180325878));
#2044=CARTESIAN_POINT('Ctrl Pts',(0.0926635497256933,-0.079976612070888,
1.13018126867704));
#2045=CARTESIAN_POINT('Ctrl Pts',(0.117487130874887,0.0343448104669497,
1.13811073409531));
#2046=CARTESIAN_POINT('Ctrl Pts',(0.0349954912088358,0.117294959506242,
1.14604019951358));
#2047=CARTESIAN_POINT('Ctrl Pts',(-0.0794617674641246,0.0931054210601008,
1.15396966493185));
#2048=CARTESIAN_POINT('Ctrl Pts',(-0.121336973510519,-0.0161285706077597,
1.16189913035011));
#2049=CARTESIAN_POINT('Ctrl Pts',(-0.0523804312927584,-0.110630386272809,
1.16982859576838));
#2050=CARTESIAN_POINT('Ctrl Pts',(0.0644215003722511,-0.104080075695599,
1.17775806118665));
#2051=CARTESIAN_POINT('Ctrl Pts',(0.12237947653375,-0.00246083183878845,
1.18568752660492));
#2052=CARTESIAN_POINT('Ctrl Pts',(0.0685534596944972,0.101406189297937,
1.19361699202318));
#2053=CARTESIAN_POINT('Ctrl Pts',(-0.0478907305090003,0.112646657322595,
1.20154645744145));
#2054=CARTESIAN_POINT('Ctrl Pts',(-0.120590520638581,0.0209933012484708,
1.20947592285972));
#2055=CARTESIAN_POINT('Ctrl Pts',(-0.0831403840139754,-0.0898357905376664,
1.21740538827798));
#2056=CARTESIAN_POINT('Ctrl Pts',(0.030251922671847,-0.118606954992912,
1.22533485369625));
#2057=CARTESIAN_POINT('Ctrl Pts',(0.116011502274174,-0.0390400732744998,
1.23326431911452));
#2058=CARTESIAN_POINT('Ctrl Pts',(0.0958036992091588,0.076186922689866,
1.24119378453279));
#2059=CARTESIAN_POINT('Ctrl Pts',(-0.0119131587670178,0.121823005418926,
1.24912324995105));
#2060=CARTESIAN_POINT('Ctrl Pts',(-0.108748408282927,0.0561837246110166,
1.25705271536932));
#2061=CARTESIAN_POINT('Ctrl Pts',(-0.106250333238156,-0.0607756091252261,
1.26498218078758));
#2062=CARTESIAN_POINT('Ctrl Pts',(-0.00670142676555311,-0.122219945439109,
1.27291164620585));
#2063=CARTESIAN_POINT('Ctrl Pts',(0.0989696030081145,-0.072028491947407,
1.28084111162412));
#2064=CARTESIAN_POINT('Ctrl Pts',(0.11423796184978,0.0439601394794649,1.28877057704239));
#2065=CARTESIAN_POINT('Ctrl Pts',(0.0251623672639905,0.119785237428824,
1.29670004246066));
#2066=CARTESIAN_POINT('Ctrl Pts',(-0.0869036994046905,0.086214310330282,
1.30462950787892));
#2067=CARTESIAN_POINT('Ctrl Pts',(-0.119577175282743,-0.0261422946692111,
1.31255897329719));
#2068=CARTESIAN_POINT('Ctrl Pts',(-0.0430515012179267,-0.114550335674355,
1.32048843871546));
#2069=CARTESIAN_POINT('Ctrl Pts',(0.0728473488618847,-0.0984624136587173,
1.32841790413372));
#2070=CARTESIAN_POINT('Ctrl Pts',(0.122110066177475,0.00784101634607388,
1.33634736955199));
#2071=CARTESIAN_POINT('Ctrl Pts',(0.0807199189260948,0.0734938380980231,
1.34163367983084));
#2072=CARTESIAN_POINT('Ctrl Pts',(0.0507141178804818,0.0903384649393859,
1.34427683497026));
#2073=CARTESIAN_POINT('Ctrl Pts',(0.0604928949767464,-0.0728608238859018,
0.834000000178683));
#2074=CARTESIAN_POINT('Ctrl Pts',(0.0846935207789087,-0.0527681892306272,
0.836643155318105));
#2075=CARTESIAN_POINT('Ctrl Pts',(0.111081778771222,0.0130849475427283,
0.841929465596949));
#2076=CARTESIAN_POINT('Ctrl Pts',(0.0492613639328506,0.100539155648208,
0.849858931015217));
#2077=CARTESIAN_POINT('Ctrl Pts',(-0.0575957614119488,0.0958931517305155,
0.857788396433485));
#2078=CARTESIAN_POINT('Ctrl Pts',(-0.1118221690515,0.0037873378192804,0.86571786185175));
#2079=CARTESIAN_POINT('Ctrl Pts',(-0.0639189908127942,-0.0918446733989054,
0.873647327270019));
#2080=CARTESIAN_POINT('Ctrl Pts',(0.0423748690822749,-0.103549587213493,
0.881576792688284));
#2081=CARTESIAN_POINT('Ctrl Pts',(0.109959687835859,-0.0206877051136448,
0.889506258106553));
#2082=CARTESIAN_POINT('Ctrl Pts',(0.0771065223405013,0.0810797904169799,
0.897435723524819));
#2083=CARTESIAN_POINT('Ctrl Pts',(-0.0261781415759471,0.108782660617808,
0.905365188943086));
#2084=CARTESIAN_POINT('Ctrl Pts',(-0.105550740720606,0.0371235377171686,
0.913294654361354));
#2085=CARTESIAN_POINT('Ctrl Pts',(-0.0885112740834836,-0.0684462296521435,
0.92122411977962));
#2086=CARTESIAN_POINT('Ctrl Pts',(0.00937636039951371,-0.111495140619925,
0.929153585197889));
#2087=CARTESIAN_POINT('Ctrl Pts',(0.0986993757255724,-0.0527023634986806,
0.937083050616155));
#2088=CARTESIAN_POINT('Ctrl Pts',(0.0978683293972627,0.0542300285485338,
0.945012516034422));
#2089=CARTESIAN_POINT('Ctrl Pts',(0.00764227465862425,0.11162748480692,
0.95294198145269));
#2090=CARTESIAN_POINT('Ctrl Pts',(-0.089564387460431,0.067062088138848,
0.960871446870955));
#2091=CARTESIAN_POINT('Ctrl Pts',(-0.10496105470169,-0.0387592552804338,
0.968800912289225));
#2092=CARTESIAN_POINT('Ctrl Pts',(-0.0244840811108095,-0.109177066740359,
0.976730377707489));
#2093=CARTESIAN_POINT('Ctrl Pts',(0.0783571670571676,-0.0798702509893721,
0.984659843125759));
#2094=CARTESIAN_POINT('Ctrl Pts',(0.109625328352307,0.02239173792798,0.992589308544024));
#2095=CARTESIAN_POINT('Ctrl Pts',(0.0407594046545404,0.10420064006488,1.00051877396229));
#2096=CARTESIAN_POINT('Ctrl Pts',(-0.0653370179243648,0.0908304828525023,
1.00844823938056));
#2097=CARTESIAN_POINT('Ctrl Pts',(-0.111753231743877,-0.00550615161476051,
1.01637770479883));
#2098=CARTESIAN_POINT('Ctrl Pts',(-0.0560916890035264,-0.0968133509705393,
1.02430717021709));
#2099=CARTESIAN_POINT('Ctrl Pts',(0.0508051843108636,-0.0996891957933509,
1.03223663563536));
#2100=CARTESIAN_POINT('Ctrl Pts',(0.111295531815726,-0.0115068286633422,
1.04016610105363));
#2101=CARTESIAN_POINT('Ctrl Pts',(0.0701261955494907,0.0871861181889135,
1.04809556647189));
#2102=CARTESIAN_POINT('Ctrl Pts',(-0.0350978852937758,0.106241427683608,
1.05602503189016));
#2103=CARTESIAN_POINT('Ctrl Pts',(-0.108262818195696,0.0282535786090828,
1.06395449730843));
#2104=CARTESIAN_POINT('Ctrl Pts',(-0.0825382118507318,-0.0755416844682396,
1.0718839627267));
#2105=CARTESIAN_POINT('Ctrl Pts',(0.0185785362851534,-0.110335581284958,
1.07981342814496));
#2106=CARTESIAN_POINT('Ctrl Pts',(0.102725257927048,-0.0443466333752559,
1.08774289356323));
#2107=CARTESIAN_POINT('Ctrl Pts',(0.0930405645489249,0.0621494638457579,
1.0956723589815));
#2108=CARTESIAN_POINT('Ctrl Pts',(-0.00162934086050945,0.111876931296619,
1.10360182439976));
#2109=CARTESIAN_POINT('Ctrl Pts',(-0.0948109719972807,0.059413652444082,
1.11153128981803));
#2110=CARTESIAN_POINT('Ctrl Pts',(-0.101390263637596,-0.0473193083993499,
1.1194607552363));
#2111=CARTESIAN_POINT('Ctrl Pts',(-0.015357552168977,-0.110829815932914,
1.12739022065457));
#2112=CARTESIAN_POINT('Ctrl Pts',(0.0847030710330424,-0.0731060343929832,
1.13531968607283));
#2113=CARTESIAN_POINT('Ctrl Pts',(0.107394124458029,0.0313943392974922,
1.1432491514911));
#2114=CARTESIAN_POINT('Ctrl Pts',(0.0319891217903156,0.107218462019702,
1.15117861690937));
#2115=CARTESIAN_POINT('Ctrl Pts',(-0.0726354187147937,0.0851069823782964,
1.15910808232763));
#2116=CARTESIAN_POINT('Ctrl Pts',(-0.110913237369171,-0.0147430080748543,
1.1670375477459));
#2117=CARTESIAN_POINT('Ctrl Pts',(-0.0478805679867197,-0.101126424517713,
1.17496701316417));
#2118=CARTESIAN_POINT('Ctrl Pts',(0.0588872209001181,-0.0951388336715557,
1.18289647858244));
#2119=CARTESIAN_POINT('Ctrl Pts',(0.111866181735001,-0.00224942833140166,
1.1908259440007));
#2120=CARTESIAN_POINT('Ctrl Pts',(0.0626642146049116,0.0926946537308366,
1.19875540941897));
#2121=CARTESIAN_POINT('Ctrl Pts',(-0.0437765654363165,0.102969483093144,
1.20668487483724));
#2122=CARTESIAN_POINT('Ctrl Pts',(-0.110230910274842,0.019189822666314,
1.2146143402555));
#2123=CARTESIAN_POINT('Ctrl Pts',(-0.0759980151170215,-0.0821182371034464,
1.22254380567377));
#2124=CARTESIAN_POINT('Ctrl Pts',(0.0276530605890345,-0.10841774746939,
1.23047327109204));
#2125=CARTESIAN_POINT('Ctrl Pts',(0.106045263179192,-0.0356862445858598,
1.23840273651031));
#2126=CARTESIAN_POINT('Ctrl Pts',(0.0875734586400319,0.0696419071306019,
1.24633220192857));
#2127=CARTESIAN_POINT('Ctrl Pts',(-0.0108897310351026,0.111357515571161,
1.25426166734684));
#2128=CARTESIAN_POINT('Ctrl Pts',(-0.0994061222431779,0.0513571305083322,
1.26219113276511));
#2129=CARTESIAN_POINT('Ctrl Pts',(-0.0971226501703989,-0.0555545384571329,
1.27012059818337));
#2130=CARTESIAN_POINT('Ctrl Pts',(-0.00612572504534577,-0.111720355531695,
1.27805006360164));
#2131=CARTESIAN_POINT('Ctrl Pts',(0.0904673880778811,-0.0658407160947819,
1.28597952901991));
#2132=CARTESIAN_POINT('Ctrl Pts',(0.104424082887781,0.0401836410106698,
1.29390899443818));
#2133=CARTESIAN_POINT('Ctrl Pts',(0.0230007353272187,0.109494806800286,
1.30183845985644));
#2134=CARTESIAN_POINT('Ctrl Pts',(-0.0794380341083421,0.0788078686127188,
1.30976792527471));
#2135=CARTESIAN_POINT('Ctrl Pts',(-0.109304618718878,-0.0238964797796751,
1.31769739069298));
#2136=CARTESIAN_POINT('Ctrl Pts',(-0.0393530614414827,-0.10470962150928,
1.32562685611124));
#2137=CARTESIAN_POINT('Ctrl Pts',(0.0665892271932484,-0.0900037700142904,
1.33355632152951));
#2138=CARTESIAN_POINT('Ctrl Pts',(0.1116199157047,0.00716741552097733,1.34148578694778));
#2139=CARTESIAN_POINT('Ctrl Pts',(0.0737854857364976,0.0671801782614173,
1.34677209722662));
#2140=CARTESIAN_POINT('Ctrl Pts',(0.0463574031204787,0.0825777280864852,
1.34941525236605));
#2141=CARTESIAN_POINT('',(0.0594275474004881,0.105859938645187,1.33400000017868));
#2142=CARTESIAN_POINT('Ctrl Pts',(0.0605644584875476,-0.073003137823075,
1.33400000017868));
#2143=CARTESIAN_POINT('Ctrl Pts',(0.066755347567115,-0.0691854622530577,
1.33400000017868));
#2144=CARTESIAN_POINT('Ctrl Pts',(0.0724427889624717,-0.064616954347653,
1.33400000017868));
#2145=CARTESIAN_POINT('Ctrl Pts',(0.0775800696974367,-0.0594607210890664,
1.33400000017868));
#2146=CARTESIAN_POINT('Ctrl Pts',(0.0806434318090562,-0.0563860575816741,
1.33400000017868));
#2147=CARTESIAN_POINT('Ctrl Pts',(0.0835110804886572,-0.0531013350047531,
1.33400000017868));
#2148=CARTESIAN_POINT('Ctrl Pts',(0.0861704020325783,-0.0496334509180343,
1.33400000017868));
#2149=CARTESIAN_POINT('Ctrl Pts',(0.0878165012730305,-0.0474868577863487,
1.33400000017868));
#2150=CARTESIAN_POINT('Ctrl Pts',(0.0893823394791392,-0.0452698679776853,
1.33400000017868));
#2151=CARTESIAN_POINT('Ctrl Pts',(0.0908571723322461,-0.043001082184091,
1.33400000017868));
#2152=CARTESIAN_POINT('Ctrl Pts',(0.095216576006728,-0.0362948624898579,
1.33400000017868));
#2153=CARTESIAN_POINT('Ctrl Pts',(0.0988025119987724,-0.0291152759747637,
1.33400000017868));
#2154=CARTESIAN_POINT('Ctrl Pts',(0.101545643265436,-0.021627227756668,
1.33400000017868));
#2155=CARTESIAN_POINT('Ctrl Pts',(0.102689745547304,-0.0185041205407721,
1.33400000017868));
#2156=CARTESIAN_POINT('Ctrl Pts',(0.103686868890849,-0.0153268349642458,
1.33400000017868));
#2157=CARTESIAN_POINT('Ctrl Pts',(0.104529983638694,-0.0121055855576496,
1.33400000017868));
#2158=CARTESIAN_POINT('Ctrl Pts',(0.105213596555863,-0.00949373739653536,
1.33400000017868));
#2159=CARTESIAN_POINT('Ctrl Pts',(0.105793596761858,-0.00686163011667896,
1.33400000017868));
#2160=CARTESIAN_POINT('Ctrl Pts',(0.106267332027852,-0.00421732399668948,
1.33400000017868));
#2161=CARTESIAN_POINT('Ctrl Pts',(0.106921412614176,-0.000566362327727042,
1.33400000017868));
#2162=CARTESIAN_POINT('Ctrl Pts',(0.107373299834674,0.00310896063268023,
1.33400000017868));
#2163=CARTESIAN_POINT('Ctrl Pts',(0.107615958747586,0.00679352616773441,
1.33400000017868));
#2164=CARTESIAN_POINT('Ctrl Pts',(0.107986427229656,0.012418769372168,1.33400000017868));
#2165=CARTESIAN_POINT('Ctrl Pts',(0.107869950196404,0.0180655047182878,
1.33400000017868));
#2166=CARTESIAN_POINT('Ctrl Pts',(0.107299402131328,0.0236906359123231,
1.33400000017868));
#2167=CARTESIAN_POINT('Ctrl Pts',(0.10691285466858,0.0275016736211048,1.33400000017868));
#2168=CARTESIAN_POINT('Ctrl Pts',(0.10631605262572,0.0313075964880567,1.33400000017868));
#2169=CARTESIAN_POINT('Ctrl Pts',(0.105523964821092,0.0350656119518571,
1.33400000017868));
#2170=CARTESIAN_POINT('Ctrl Pts',(0.104046842359036,0.0420737353213836,
1.33400000017868));
#2171=CARTESIAN_POINT('Ctrl Pts',(0.101892188928673,0.0489326084318395,
1.33400000017868));
#2172=CARTESIAN_POINT('Ctrl Pts',(0.0991258451489799,0.0555584074376905,
1.33400000017868));
#2173=CARTESIAN_POINT('Ctrl Pts',(0.0971426815223561,0.0603083751322997,
1.33400000017868));
#2174=CARTESIAN_POINT('Ctrl Pts',(0.0948445300653017,0.0649388046343266,
1.33400000017868));
#2175=CARTESIAN_POINT('Ctrl Pts',(0.0922473683141807,0.0694184627335763,
1.33400000017868));
#2176=CARTESIAN_POINT('Ctrl Pts',(0.0904939721022901,0.0724427701485456,
1.33400000017868));
#2177=CARTESIAN_POINT('Ctrl Pts',(0.0886084813511612,0.0753905249774332,
1.33400000017868));
#2178=CARTESIAN_POINT('Ctrl Pts',(0.0866000214018743,0.0782481202586955,
1.33400000017868));
#2179=CARTESIAN_POINT('Ctrl Pts',(0.0841545611246163,0.0817274705695084,
1.33400000017868));
#2180=CARTESIAN_POINT('Ctrl Pts',(0.0815256474075258,0.0850753216224952,
1.33400000017868));
#2181=CARTESIAN_POINT('Ctrl Pts',(0.0787226952904445,0.0882746203092999,
1.33400000017868));
#2182=CARTESIAN_POINT('Ctrl Pts',(0.0757855672590367,0.0916270678222619,
1.33400000017868));
#2183=CARTESIAN_POINT('Ctrl Pts',(0.0726618676025795,0.0948107675356587,
1.33400000017868));
#2184=CARTESIAN_POINT('Ctrl Pts',(0.0693686915586685,0.0978010353201008,
1.33400000017868));
#2185=CARTESIAN_POINT('Ctrl Pts',(0.0662097607871704,0.100669405790838,
1.33400000017868));
#2186=CARTESIAN_POINT('Ctrl Pts',(0.0628933559726818,0.103361576951021,
1.33400000017868));
#2187=CARTESIAN_POINT('Ctrl Pts',(0.0594275474004881,0.105859938645187,
1.33400000017868));
#2188=CARTESIAN_POINT('Ctrl Pts',(0.0594848732900261,0.106055932994153,
0.834000000178682));
#2189=CARTESIAN_POINT('Ctrl Pts',(0.0661725155697935,0.101177512947252,
0.834000000178682));
#2190=CARTESIAN_POINT('Ctrl Pts',(0.0723051744201072,0.09558324002607,0.834000000178616));
#2191=CARTESIAN_POINT('Ctrl Pts',(0.0778174478984227,0.0894050678943272,
0.834000000178583));
#2192=CARTESIAN_POINT('Ctrl Pts',(0.0594275474004896,0.105859938645186,
1.33400000017868));
#2193=CARTESIAN_POINT('Ctrl Pts',(0.0945887853052901,0.0861211577712337,
1.33135684503926));
#2194=CARTESIAN_POINT('Ctrl Pts',(0.118839576214157,0.0476546878837506,
1.32871368989984));
#2195=CARTESIAN_POINT('Ctrl Pts',(0.121343842514613,0.0076601331160364,
1.32607053476042));
#2196=CARTESIAN_POINT('Ctrl Pts',(0.123848108815069,-0.0323344216516789,
1.32342737962099));
#2197=CARTESIAN_POINT('Ctrl Pts',(0.104605850507113,-0.0738570612996251,
1.32078422448157));
#2198=CARTESIAN_POINT('Ctrl Pts',(0.0723493925248063,-0.0977603916330871,
1.31814106934215));
#2199=CARTESIAN_POINT('Ctrl Pts',(0.0400929345424998,-0.121663721966549,
1.31549791420273));
#2200=CARTESIAN_POINT('Ctrl Pts',(-0.00517772311415747,-0.127947742985526,
1.3128547590633));
#2201=CARTESIAN_POINT('Ctrl Pts',(-0.0427587032157622,-0.113823446902312,
1.31021160392388));
#2202=CARTESIAN_POINT('Ctrl Pts',(-0.0803396833173676,-0.0996991508190974,
1.30756844878446));
#2203=CARTESIAN_POINT('Ctrl Pts',(-0.110230985863921,-0.0651665376336902,
1.30492529364504));
#2204=CARTESIAN_POINT('Ctrl Pts',(-0.118795427401683,-0.0259567113387045,
1.30228213850561));
#2205=CARTESIAN_POINT('Ctrl Pts',(-0.120643929416312,-0.0174938778217751,
1.30171165441991));
#2206=CARTESIAN_POINT('Ctrl Pts',(-0.121498929542963,-0.0088131585103573,
1.30114117033421));
#2207=CARTESIAN_POINT('Ctrl Pts',(-0.121418958271982,-0.000116290395386494,
1.30057068624851));
#2208=CARTESIAN_POINT('Origin',(5.63881131584757E-16,0.,1.33400000017868));
#2209=CARTESIAN_POINT('Origin',(5.63881131584757E-16,0.,1.33400000017868));
#2210=CARTESIAN_POINT('Origin',(5.63881131584757E-16,0.,1.08400000017868));
#2211=CARTESIAN_POINT('Origin',(-0.0001957736976751,0.,0.834000000178683));
#2212=CARTESIAN_POINT('Origin',(-0.0001957736976751,0.,0.834));
#2213=CARTESIAN_POINT('Ctrl Pts',(-0.000391547395351879,0.,-0.393));
#2214=CARTESIAN_POINT('Ctrl Pts',(-0.000391547395351879,-0.000195773697675949,
-0.393));
#2215=CARTESIAN_POINT('Ctrl Pts',(-0.000195773697675929,-0.000195773697675949,
-0.393));
#2216=CARTESIAN_POINT('Ctrl Pts',(2.01046938283729E-17,-0.000195773697675949,
-0.393));
#2217=CARTESIAN_POINT('Ctrl Pts',(2.01473789532739E-17,0.,-0.393));
#2218=CARTESIAN_POINT('Ctrl Pts',(2.01046938283729E-17,0.000195773697675949,
-0.393));
#2219=CARTESIAN_POINT('Ctrl Pts',(-0.000195773697675929,0.000195773697675949,
-0.393));
#2220=CARTESIAN_POINT('Ctrl Pts',(-0.000391547395351879,0.000195773697675949,
-0.393));
#2221=CARTESIAN_POINT('Ctrl Pts',(-0.000391547395351879,0.,-0.393));
#2222=CARTESIAN_POINT('Ctrl Pts',(-0.337384049988811,0.,-0.393));
#2223=CARTESIAN_POINT('Ctrl Pts',(-0.337384049988811,-0.337188276291135,
-0.393));
#2224=CARTESIAN_POINT('Ctrl Pts',(-0.000195773697675929,-0.337188276291135,
-0.393));
#2225=CARTESIAN_POINT('Ctrl Pts',(0.336992502593459,-0.337188276291135,
-0.393));
#2226=CARTESIAN_POINT('Ctrl Pts',(0.336992502593459,0.,-0.393));
#2227=CARTESIAN_POINT('Ctrl Pts',(0.336992502593459,0.337188276291135,-0.393));
#2228=CARTESIAN_POINT('Ctrl Pts',(-0.000195773697675929,0.337188276291135,
-0.393));
#2229=CARTESIAN_POINT('Ctrl Pts',(-0.337384049988811,0.337188276291135,
-0.393));
#2230=CARTESIAN_POINT('Ctrl Pts',(-0.337384049988811,0.,-0.393));
#2231=CARTESIAN_POINT('Ctrl Pts',(-0.388791851587231,0.,-0.0599516780720549));
#2232=CARTESIAN_POINT('Ctrl Pts',(-0.388791851587231,-0.388596077889555,
-0.0599516780720549));
#2233=CARTESIAN_POINT('Ctrl Pts',(-0.000195773697675704,-0.388596077889555,
-0.0599516780720552));
#2234=CARTESIAN_POINT('Ctrl Pts',(0.38840030419188,-0.388596077889555,-0.0599516780720555));
#2235=CARTESIAN_POINT('Ctrl Pts',(0.38840030419188,0.,-0.0599516780720555));
#2236=CARTESIAN_POINT('Ctrl Pts',(0.38840030419188,0.388596077889555,-0.0599516780720555));
#2237=CARTESIAN_POINT('Ctrl Pts',(-0.000195773697675704,0.388596077889555,
-0.0599516780720552));
#2238=CARTESIAN_POINT('Ctrl Pts',(-0.388791851587231,0.388596077889555,
-0.0599516780720549));
#2239=CARTESIAN_POINT('Ctrl Pts',(-0.388791851587231,0.,-0.0599516780720549));
#2240=CARTESIAN_POINT('Ctrl Pts',(-0.440199653185651,0.,0.27309664385589));
#2241=CARTESIAN_POINT('Ctrl Pts',(-0.440199653185651,-0.440003879487976,
0.27309664385589));
#2242=CARTESIAN_POINT('Ctrl Pts',(-0.000195773697675479,-0.440003879487976,
0.273096643855889));
#2243=CARTESIAN_POINT('Ctrl Pts',(0.4398081057903,-0.440003879487976,0.273096643855889));
#2244=CARTESIAN_POINT('Ctrl Pts',(0.4398081057903,0.,0.273096643855889));
#2245=CARTESIAN_POINT('Ctrl Pts',(0.4398081057903,0.440003879487976,0.273096643855889));
#2246=CARTESIAN_POINT('Ctrl Pts',(-0.000195773697675479,0.440003879487976,
0.273096643855889));
#2247=CARTESIAN_POINT('Ctrl Pts',(-0.440199653185651,0.440003879487976,
0.27309664385589));
#2248=CARTESIAN_POINT('Ctrl Pts',(-0.440199653185651,0.,0.27309664385589));
#2249=CARTESIAN_POINT('Ctrl Pts',(-0.118891547395351,0.,0.374708887004298));
#2250=CARTESIAN_POINT('Ctrl Pts',(-0.118891547395351,-0.118695773697675,
0.374708887004298));
#2251=CARTESIAN_POINT('Ctrl Pts',(-0.00019577369767541,-0.118695773697675,
0.374708887004298));
#2252=CARTESIAN_POINT('Ctrl Pts',(0.1185,-0.118695773697675,0.374708887004298));
#2253=CARTESIAN_POINT('Ctrl Pts',(0.1185,0.,0.374708887004298));
#2254=CARTESIAN_POINT('Ctrl Pts',(0.1185,0.118695773697675,0.374708887004298));
#2255=CARTESIAN_POINT('Ctrl Pts',(-0.00019577369767541,0.118695773697675,
0.374708887004298));
#2256=CARTESIAN_POINT('Ctrl Pts',(-0.118891547395351,0.118695773697675,
0.374708887004298));
#2257=CARTESIAN_POINT('Ctrl Pts',(-0.118891547395351,0.,0.374708887004298));
#2258=CARTESIAN_POINT('',(-0.118891547395351,-1.45360399331177E-17,0.374708887004298));
#2259=CARTESIAN_POINT('Origin',(-0.00019577369767541,0.,0.374708887004298));
#2260=CARTESIAN_POINT('',(-0.000391547395351907,-2.39753632216127E-20,-0.393));
#2261=CARTESIAN_POINT('Origin',(-0.000391547395351327,-2.39753632215743E-20,
1.32365820331216E-19));
#2262=CARTESIAN_POINT('Origin',(-0.000195773697675929,0.,-0.393));
#2263=CARTESIAN_POINT('Origin',(-0.000195773697675255,0.,0.604354443502149));
#2264=CARTESIAN_POINT('',(-0.11889154739535,-1.45360399331177E-17,0.604354443502149));
#2265=CARTESIAN_POINT('Origin',(0.,0.,0.374708887004298));
#2266=CARTESIAN_POINT('',(-0.00039154739535108,-2.39753632215751E-20,0.374708887004298));
#2267=CARTESIAN_POINT('Origin',(-0.00019577369767541,0.,0.374708887004298));
#2268=CARTESIAN_POINT('Origin',(-0.00019577369767567,0.,-0.00914555649785077));
#2269=CARTESIAN_POINT('',(-0.000391547395351339,-2.39753632215751E-20,-0.00914555649785077));
#2270=UNCERTAINTY_MEASURE_WITH_UNIT(LENGTH_MEASURE(0.000393700787401575),
#2275,'DISTANCE_ACCURACY_VALUE',
'Maximum model space distance between geometric entities at asserted c
onnectivities');
#2271=UNCERTAINTY_MEASURE_WITH_UNIT(LENGTH_MEASURE(0.000393700787401575),
#2275,'DISTANCE_ACCURACY_VALUE',
'Maximum model space distance between geometric entities at asserted c
onnectivities');
#2272=(
GEOMETRIC_REPRESENTATION_CONTEXT(3)
GLOBAL_UNCERTAINTY_ASSIGNED_CONTEXT((#2270))
GLOBAL_UNIT_ASSIGNED_CONTEXT((#2275,#2279,#2280))
REPRESENTATION_CONTEXT('','3D')
);
#2273=(
GEOMETRIC_REPRESENTATION_CONTEXT(3)
GLOBAL_UNCERTAINTY_ASSIGNED_CONTEXT((#2271))
GLOBAL_UNIT_ASSIGNED_CONTEXT((#2275,#2279,#2280))
REPRESENTATION_CONTEXT('','3D')
);
#2274=DIMENSIONAL_EXPONENTS(1.,0.,0.,0.,0.,0.,0.);
#2275=(
CONVERSION_BASED_UNIT('inch',#2278)
LENGTH_UNIT()
NAMED_UNIT(#2274)
);
#2276=(
LENGTH_UNIT()
NAMED_UNIT(*)
SI_UNIT(.MILLI.,.METRE.)
);
#2277=(
LENGTH_UNIT()
NAMED_UNIT(*)
SI_UNIT($,.METRE.)
);
#2278=LENGTH_MEASURE_WITH_UNIT(LENGTH_MEASURE(25.4),#2276);
#2279=(
NAMED_UNIT(*)
PLANE_ANGLE_UNIT()
SI_UNIT($,.RADIAN.)
);
#2280=(
NAMED_UNIT(*)
SI_UNIT($,.STERADIAN.)
SOLID_ANGLE_UNIT()
);
#2281=SHAPE_DEFINITION_REPRESENTATION(#2282,#2283);
#2282=PRODUCT_DEFINITION_SHAPE('',$,#2285);
#2283=SHAPE_REPRESENTATION('',(#560),#2272);
#2284=PRODUCT_DEFINITION_CONTEXT('part definition',#2289,'design');
#2285=PRODUCT_DEFINITION('Ball & Post','Ball & Post',#2286,#2284);
#2286=PRODUCT_DEFINITION_FORMATION('',$,#2291);
#2287=PRODUCT_RELATED_PRODUCT_CATEGORY('Ball & Post','Ball & Post',(#2291));
#2288=APPLICATION_PROTOCOL_DEFINITION('international standard',
'automotive_design',2009,#2289);
#2289=APPLICATION_CONTEXT(
'Core Data for Automotive Mechanical Design Process');
#2290=PRODUCT_CONTEXT('part definition',#2289,'mechanical');
#2291=PRODUCT('Ball & Post','Ball & Post',$,(#2290));
#2292=PRESENTATION_STYLE_ASSIGNMENT((#2293));
#2293=SURFACE_STYLE_USAGE(.BOTH.,#2294);
#2294=SURFACE_SIDE_STYLE('',(#2295));
#2295=SURFACE_STYLE_FILL_AREA(#2296);
#2296=FILL_AREA_STYLE('Steel - Satin',(#2297));
#2297=FILL_AREA_STYLE_COLOUR('Steel - Satin',#2298);
#2298=COLOUR_RGB('Steel - Satin',0.627450980392157,0.627450980392157,0.627450980392157);
ENDSEC;
END-ISO-10303-21;
