ISO-10303-21;
HEADER;
/* Generated by software containing ST-Developer
 * from STEP Tools, Inc. (www.steptools.com) 
 */

FILE_DESCRIPTION(
/* description */ (''),
/* implementation_level */ '2;1');

FILE_NAME(
/* name */ 'Hex nut.step',
/* time_stamp */ '2026-09-18T21:34:14-04:00',
/* author */ (''),
/* organization */ (''),
/* preprocessor_version */ 'ST-DEVELOPER v20.2',
/* originating_system */ 'Autodesk Translation Framework v15.15.0.0',
/* authorisation */ '');

FILE_SCHEMA (('AUTOMOTIVE_DESIGN { 1 0 10303 214 3 1 1 }'));
ENDSEC;

DATA;
#10=MECHANICAL_DESIGN_GEOMETRIC_PRESENTATION_REPRESENTATION('',(#13),#1601);
#11=SHAPE_REPRESENTATION_RELATIONSHIP('SRR','None',#1611,#12);
#12=ADVANCED_BREP_SHAPE_REPRESENTATION('',(#14),#1600);
#13=STYLED_ITEM('',(#1620),#14);
#14=MANIFOLD_SOLID_BREP('Body1',#455);
#15=FACE_BOUND('',#68,.T.);
#16=PLANE('',#486);
#17=PLANE('',#488);
#18=PLANE('',#489);
#19=PLANE('',#490);
#20=PLANE('',#491);
#21=PLANE('',#492);
#22=PLANE('',#493);
#23=PLANE('',#494);
#24=PLANE('',#496);
#25=B_SPLINE_SURFACE_WITH_KNOTS('',3,3,((#997,#998,#999,#1000,#1001,#1002,
#1003,#1004,#1005,#1006,#1007,#1008,#1009,#1010,#1011,#1012,#1013,#1014,
#1015,#1016,#1017,#1018,#1019,#1020,#1021,#1022,#1023,#1024,#1025,#1026,
#1027,#1028,#1029,#1030,#1031,#1032,#1033,#1034,#1035,#1036,#1037,#1038),
(#1039,#1040,#1041,#1042,#1043,#1044,#1045,#1046,#1047,#1048,#1049,#1050,
#1051,#1052,#1053,#1054,#1055,#1056,#1057,#1058,#1059,#1060,#1061,#1062,
#1063,#1064,#1065,#1066,#1067,#1068,#1069,#1070,#1071,#1072,#1073,#1074,
#1075,#1076,#1077,#1078,#1079,#1080),(#1081,#1082,#1083,#1084,#1085,#1086,
#1087,#1088,#1089,#1090,#1091,#1092,#1093,#1094,#1095,#1096,#1097,#1098,
#1099,#1100,#1101,#1102,#1103,#1104,#1105,#1106,#1107,#1108,#1109,#1110,
#1111,#1112,#1113,#1114,#1115,#1116,#1117,#1118,#1119,#1120,#1121,#1122),
(#1123,#1124,#1125,#1126,#1127,#1128,#1129,#1130,#1131,#1132,#1133,#1134,
#1135,#1136,#1137,#1138,#1139,#1140,#1141,#1142,#1143,#1144,#1145,#1146,
#1147,#1148,#1149,#1150,#1151,#1152,#1153,#1154,#1155,#1156,#1157,#1158,
#1159,#1160,#1161,#1162,#1163,#1164)),.UNSPECIFIED.,.F.,.F.,.F.,(4,4),(4,
1,1,1,1,1,1,1,1,1,1,1,1,1,1,1,1,1,1,1,1,1,1,1,1,1,1,1,1,1,1,1,1,1,1,1,1,
1,1,4),(0.,0.0674576054521159),(8.34520457917717,9.3283937667372,10.3115829542972,
11.2947721418573,12.2779613294173,13.2611505169773,14.2443397045374,15.2275288920974,
16.2107180796574,17.1939072672175,18.1770964547775,19.1602856423375,20.1434748298976,
21.1266640174576,22.1098532050176,23.0930423925777,24.0762315801377,25.0594207676977,
26.0426099552578,27.0257991428178,28.0089883303778,28.9921775179379,29.9753667054979,
30.9585558930579,31.941745080618,32.924934268178,33.908123455738,34.8913126432981,
35.8745018308581,36.8576910184181,37.8408802059782,38.8240693935382,39.8072585810982,
40.7904477686583,41.7736369562183,42.7568261437783,43.7400153313384,44.7232045188984,
45.7063937064584,46.6895828940185),.UNSPECIFIED.);
#26=B_SPLINE_SURFACE_WITH_KNOTS('',3,3,((#1289,#1290,#1291,#1292,#1293,
#1294,#1295,#1296,#1297,#1298,#1299,#1300,#1301,#1302,#1303,#1304,#1305,
#1306,#1307,#1308,#1309,#1310,#1311,#1312,#1313,#1314,#1315,#1316,#1317,
#1318,#1319,#1320,#1321,#1322,#1323,#1324,#1325,#1326,#1327,#1328,#1329,
#1330),(#1331,#1332,#1333,#1334,#1335,#1336,#1337,#1338,#1339,#1340,#1341,
#1342,#1343,#1344,#1345,#1346,#1347,#1348,#1349,#1350,#1351,#1352,#1353,
#1354,#1355,#1356,#1357,#1358,#1359,#1360,#1361,#1362,#1363,#1364,#1365,
#1366,#1367,#1368,#1369,#1370,#1371,#1372),(#1373,#1374,#1375,#1376,#1377,
#1378,#1379,#1380,#1381,#1382,#1383,#1384,#1385,#1386,#1387,#1388,#1389,
#1390,#1391,#1392,#1393,#1394,#1395,#1396,#1397,#1398,#1399,#1400,#1401,
#1402,#1403,#1404,#1405,#1406,#1407,#1408,#1409,#1410,#1411,#1412,#1413,
#1414),(#1415,#1416,#1417,#1418,#1419,#1420,#1421,#1422,#1423,#1424,#1425,
#1426,#1427,#1428,#1429,#1430,#1431,#1432,#1433,#1434,#1435,#1436,#1437,
#1438,#1439,#1440,#1441,#1442,#1443,#1444,#1445,#1446,#1447,#1448,#1449,
#1450,#1451,#1452,#1453,#1454,#1455,#1456)),.UNSPECIFIED.,.F.,.F.,.F.,(4,
4),(4,1,1,1,1,1,1,1,1,1,1,1,1,1,1,1,1,1,1,1,1,1,1,1,1,1,1,1,1,1,1,1,1,1,
1,1,1,1,1,4),(0.,0.0674576054521159),(11.6435094978368,12.6266986853968,
13.6098878729569,14.5930770605169,15.5762662480769,16.559455435637,17.542644623197,
18.525833810757,19.5090229983171,20.4922121858771,21.4754013734371,22.4585905609972,
23.4417797485572,24.4249689361172,25.4081581236773,26.3913473112373,27.3745364987973,
28.3577256863574,29.3409148739174,30.3241040614774,31.3072932490375,32.2904824365975,
33.2736716241575,34.2568608117176,35.2400499992776,36.2232391868376,37.2064283743977,
38.1896175619577,39.1728067495177,40.1559959370778,41.1391851246378,42.1223743121978,
43.1055634997579,44.0887526873179,45.0719418748779,46.055131062438,47.038320249998,
48.021509437558,49.0046986251181,49.9878878126781),.UNSPECIFIED.);
#27=FACE_OUTER_BOUND('',#52,.T.);
#28=FACE_OUTER_BOUND('',#53,.T.);
#29=FACE_OUTER_BOUND('',#54,.T.);
#30=FACE_OUTER_BOUND('',#55,.T.);
#31=FACE_OUTER_BOUND('',#56,.T.);
#32=FACE_OUTER_BOUND('',#57,.T.);
#33=FACE_OUTER_BOUND('',#58,.T.);
#34=FACE_OUTER_BOUND('',#59,.T.);
#35=FACE_OUTER_BOUND('',#60,.T.);
#36=FACE_OUTER_BOUND('',#61,.T.);
#37=FACE_OUTER_BOUND('',#62,.T.);
#38=FACE_OUTER_BOUND('',#63,.T.);
#39=FACE_OUTER_BOUND('',#64,.T.);
#40=FACE_OUTER_BOUND('',#65,.T.);
#41=FACE_OUTER_BOUND('',#66,.T.);
#42=FACE_OUTER_BOUND('',#67,.T.);
#43=FACE_OUTER_BOUND('',#69,.T.);
#44=FACE_OUTER_BOUND('',#70,.T.);
#45=FACE_OUTER_BOUND('',#71,.T.);
#46=FACE_OUTER_BOUND('',#72,.T.);
#47=FACE_OUTER_BOUND('',#73,.T.);
#48=FACE_OUTER_BOUND('',#74,.T.);
#49=FACE_OUTER_BOUND('',#75,.T.);
#50=FACE_OUTER_BOUND('',#76,.T.);
#51=FACE_OUTER_BOUND('',#77,.T.);
#52=EDGE_LOOP('',(#284,#285,#286,#287));
#53=EDGE_LOOP('',(#288,#289,#290,#291));
#54=EDGE_LOOP('',(#292,#293,#294,#295));
#55=EDGE_LOOP('',(#296,#297,#298,#299));
#56=EDGE_LOOP('',(#300,#301,#302,#303));
#57=EDGE_LOOP('',(#304,#305,#306,#307));
#58=EDGE_LOOP('',(#308,#309,#310));
#59=EDGE_LOOP('',(#311,#312,#313,#314,#315));
#60=EDGE_LOOP('',(#316,#317,#318,#319));
#61=EDGE_LOOP('',(#320,#321,#322,#323));
#62=EDGE_LOOP('',(#324,#325,#326,#327));
#63=EDGE_LOOP('',(#328,#329,#330,#331));
#64=EDGE_LOOP('',(#332,#333,#334,#335,#336,#337,#338,#339,#340,#341,#342,
#343,#344,#345,#346));
#65=EDGE_LOOP('',(#347,#348,#349,#350));
#66=EDGE_LOOP('',(#351,#352,#353,#354,#355,#356,#357,#358,#359,#360,#361,
#362,#363,#364,#365,#366));
#67=EDGE_LOOP('',(#367,#368,#369,#370,#371));
#68=EDGE_LOOP('',(#372,#373,#374,#375,#376,#377));
#69=EDGE_LOOP('',(#378,#379,#380,#381));
#70=EDGE_LOOP('',(#382,#383,#384,#385));
#71=EDGE_LOOP('',(#386,#387,#388,#389));
#72=EDGE_LOOP('',(#390,#391,#392,#393));
#73=EDGE_LOOP('',(#394,#395,#396,#397));
#74=EDGE_LOOP('',(#398,#399,#400,#401));
#75=EDGE_LOOP('',(#402,#403,#404,#405,#406,#407));
#76=EDGE_LOOP('',(#408,#409,#410,#411));
#77=EDGE_LOOP('',(#412,#413,#414,#415));
#78=CIRCLE('',#470,0.0932);
#79=CIRCLE('',#477,0.0702);
#80=CIRCLE('',#479,0.0702);
#81=CIRCLE('',#485,0.0702);
#82=CIRCLE('',#487,0.0932);
#83=B_SPLINE_CURVE_WITH_KNOTS('',3,(#591,#592,#593,#594,#595,#596,#597,
#598,#599,#600),.UNSPECIFIED.,.F.,.F.,(4,3,3,4),(-4.06445377011216,-3.93275675024013,
-2.9495675626801,-2.00243449811458),.UNSPECIFIED.);
#84=B_SPLINE_CURVE_WITH_KNOTS('',3,(#603,#604,#605,#606,#607,#608,#609),
 .UNSPECIFIED.,.F.,.F.,(4,3,4),(0.,0.983189187560032,1.0795733815922),
 .UNSPECIFIED.);
#85=B_SPLINE_CURVE_WITH_KNOTS('',3,(#614,#615,#616,#617,#618,#619,#620,
#621,#622,#623,#624,#625,#626,#627,#628,#629,#630,#631,#632,#633,#634,#635),
 .UNSPECIFIED.,.F.,.F.,(4,3,3,3,3,3,3,4),(-10.3476390772917,-9.83189187560034,
-8.8487026880403,-7.86551350048027,-6.88232431292024,-5.8991351253602,-4.91594593780017,
-4.06445377011216),.UNSPECIFIED.);
#86=B_SPLINE_CURVE_WITH_KNOTS('',3,(#636,#637,#638,#639,#640,#641,#642,
#643,#644,#645,#646,#647,#648,#649,#650,#651,#652,#653,#654,#655,#656,#657),
 .UNSPECIFIED.,.F.,.F.,(4,3,3,3,3,3,3,4),(1.0795733815922,1.96637837512007,
2.9495675626801,3.93275675024013,4.91594593780017,5.8991351253602,6.88232431292023,
7.36275868877179),.UNSPECIFIED.);
#87=B_SPLINE_CURVE_WITH_KNOTS('',3,(#662,#663,#664,#665,#666,#667,#668,
#669,#670,#671,#672,#673,#674,#675,#676,#677,#678,#679,#680,#681,#682,#683),
 .UNSPECIFIED.,.F.,.F.,(4,3,3,3,3,3,3,4),(-16.6308243844713,-15.7310270009605,
-14.7478378134005,-13.7646486258405,-12.7814594382804,-11.7982702507204,
-10.8150810631604,-10.3476390772917),.UNSPECIFIED.);
#88=B_SPLINE_CURVE_WITH_KNOTS('',3,(#684,#685,#686,#687,#688,#689,#690,
#691,#692,#693,#694,#695,#696,#697,#698,#699,#700,#701,#702,#703,#704,#705),
 .UNSPECIFIED.,.F.,.F.,(4,3,3,3,3,3,3,4),(7.36275868877179,7.86551350048027,
8.8487026880403,9.83189187560034,10.8150810631604,11.7982702507204,12.7814594382804,
13.6459439959514),.UNSPECIFIED.);
#89=B_SPLINE_CURVE_WITH_KNOTS('',3,(#710,#711,#712,#713,#714,#715,#716,
#717,#718,#719,#720,#721,#722,#723,#724,#725,#726,#727,#728,#729,#730,#731,
#732,#733,#734),.UNSPECIFIED.,.F.,.F.,(4,3,3,3,3,3,3,3,4),(-22.9140096916509,
-22.6133513138808,-21.6301621263207,-20.6469729387607,-19.6637837512007,
-18.6805945636406,-17.6974053760806,-16.7142161885206,-16.6308243844713),
 .UNSPECIFIED.);
#90=B_SPLINE_CURVE_WITH_KNOTS('',3,(#735,#736,#737,#738,#739,#740,#741,
#742,#743,#744,#745,#746,#747,#748,#749,#750,#751,#752,#753,#754,#755,#756,
#757,#758,#759),.UNSPECIFIED.,.F.,.F.,(4,3,3,3,3,3,3,3,4),(13.6459439959514,
13.7646486258405,14.7478378134005,15.7310270009605,16.7142161885206,17.6974053760806,
18.6805945636406,19.6637837512007,19.929129303131),.UNSPECIFIED.);
#91=B_SPLINE_CURVE_WITH_KNOTS('',3,(#764,#765,#766,#767,#768,#769,#770,
#771,#772,#773,#774,#775,#776,#777,#778,#779,#780,#781,#782,#783,#784,#785),
 .UNSPECIFIED.,.F.,.F.,(4,3,3,3,3,3,3,4),(-29.1971949988305,-28.512486439241,
-27.5292972516809,-26.5461080641209,-25.5629188765609,-24.5797296890008,
-23.5965405014408,-22.9140096916509),.UNSPECIFIED.);
#92=B_SPLINE_CURVE_WITH_KNOTS('',3,(#786,#787,#788,#789,#790,#791,#792,
#793,#794,#795,#796,#797,#798,#799,#800,#801,#802,#803,#804,#805,#806,#807),
 .UNSPECIFIED.,.F.,.F.,(4,3,3,3,3,3,3,4),(19.929129303131,20.6469729387607,
21.6301621263207,22.6133513138808,23.5965405014408,24.5797296890008,25.5629188765609,
26.2123146103105),.UNSPECIFIED.);
#93=B_SPLINE_CURVE_WITH_KNOTS('',3,(#812,#813,#814,#815,#816,#817,#818,
#819,#820,#821,#822,#823,#824,#825,#826,#827,#828,#829,#830,#831,#832,#833,
#834,#835,#836),.UNSPECIFIED.,.F.,.F.,(4,3,3,3,3,3,3,3,4),(-35.4803803060101,
-35.3948107521612,-34.4116215646012,-33.4284323770411,-32.4452431894811,
-31.4620540019211,-30.478864814361,-29.495675626801,-29.1971949988305),
 .UNSPECIFIED.);
#94=B_SPLINE_CURVE_WITH_KNOTS('',3,(#837,#838,#839,#840,#841,#842,#843,
#844,#845,#846,#847,#848,#849,#850,#851,#852,#853,#854,#855,#856,#857,#858,
#859,#860,#861),.UNSPECIFIED.,.F.,.F.,(4,3,3,3,3,3,3,3,4),(26.2123146103105,
26.5461080641209,27.5292972516809,28.512486439241,29.495675626801,30.478864814361,
31.4620540019211,32.4452431894811,32.4954999174901),.UNSPECIFIED.);
#95=B_SPLINE_CURVE_WITH_KNOTS('',3,(#867,#868,#869,#870),.UNSPECIFIED.,
 .F.,.F.,(4,4),(47.1238898038469,47.9854533145635),.UNSPECIFIED.);
#96=B_SPLINE_CURVE_WITH_KNOTS('',3,(#876,#877,#878,#879,#880,#881,#882,
#883,#884,#885,#886),.UNSPECIFIED.,.F.,.F.,(4,1,1,1,1,1,1,1,4),(40.8407044966673,
41.1391851246378,42.1223743121978,43.1055634997579,44.0887526873179,45.0719418748779,
46.055131062438,47.038320249998,47.1238898038469),.UNSPECIFIED.);
#97=B_SPLINE_CURVE_WITH_KNOTS('',3,(#889,#890,#891,#892,#893,#894,#895,
#896,#897),.UNSPECIFIED.,.F.,.F.,(4,1,1,1,1,1,4),(40.8407044966673,41.7736369562183,
42.7568261437783,43.7400153313384,44.7232045188984,45.7063937064584,46.6895828940185),
 .UNSPECIFIED.);
#98=B_SPLINE_CURVE_WITH_KNOTS('',3,(#902,#903,#904,#905,#906,#907,#908,
#909,#910,#911),.UNSPECIFIED.,.F.,.F.,(4,1,1,1,1,1,1,4),(34.5575191894877,
35.2400499992776,36.2232391868376,37.2064283743977,38.1896175619577,39.1728067495177,
40.1559959370778,40.8407044966673),.UNSPECIFIED.);
#99=B_SPLINE_CURVE_WITH_KNOTS('',3,(#912,#913,#914,#915,#916,#917,#918,
#919,#920,#921,#922),.UNSPECIFIED.,.F.,.F.,(4,1,1,1,1,1,1,1,4),(34.5575191894877,
34.8913126432981,35.8745018308581,36.8576910184181,37.8408802059782,38.8240693935382,
39.8072585810982,40.7904477686583,40.8407044966673),.UNSPECIFIED.);
#100=B_SPLINE_CURVE_WITH_KNOTS('',3,(#927,#928,#929,#930,#931,#932,#933,
#934,#935,#936,#937),.UNSPECIFIED.,.F.,.F.,(4,1,1,1,1,1,1,1,4),(28.2743338823081,
28.3577256863574,29.3409148739174,30.3241040614774,31.3072932490375,32.2904824365975,
33.2736716241575,34.2568608117176,34.5575191894877),.UNSPECIFIED.);
#101=B_SPLINE_CURVE_WITH_KNOTS('',3,(#938,#939,#940,#941,#942,#943,#944,
#945,#946,#947),.UNSPECIFIED.,.F.,.F.,(4,1,1,1,1,1,1,4),(28.2743338823081,
28.9921775179379,29.9753667054979,30.9585558930579,31.941745080618,32.924934268178,
33.908123455738,34.5575191894877),.UNSPECIFIED.);
#102=B_SPLINE_CURVE_WITH_KNOTS('',3,(#952,#953,#954,#955,#956,#957,#958,
#959,#960,#961),.UNSPECIFIED.,.F.,.F.,(4,1,1,1,1,1,1,4),(21.9911485751285,
22.4585905609972,23.4417797485572,24.4249689361172,25.4081581236773,26.3913473112373,
27.3745364987973,28.2743338823081),.UNSPECIFIED.);
#103=B_SPLINE_CURVE_WITH_KNOTS('',3,(#962,#963,#964,#965,#966,#967,#968,
#969,#970,#971,#972),.UNSPECIFIED.,.F.,.F.,(4,1,1,1,1,1,1,1,4),(21.9911485751286,
22.1098532050176,23.0930423925777,24.0762315801377,25.0594207676977,26.0426099552578,
27.0257991428178,28.0089883303778,28.2743338823081),.UNSPECIFIED.);
#104=B_SPLINE_CURVE_WITH_KNOTS('',3,(#977,#978,#979,#980,#981,#982,#983,
#984,#985,#986),.UNSPECIFIED.,.F.,.F.,(4,1,1,1,1,1,1,4),(15.7079632679489,
16.559455435637,17.542644623197,18.525833810757,19.5090229983171,20.4922121858771,
21.4754013734371,21.9911485751285),.UNSPECIFIED.);
#105=B_SPLINE_CURVE_WITH_KNOTS('',3,(#987,#988,#989,#990,#991,#992,#993,
#994,#995,#996),.UNSPECIFIED.,.F.,.F.,(4,1,1,1,1,1,1,4),(15.707963267949,
16.2107180796574,17.1939072672175,18.1770964547775,19.1602856423375,20.1434748298976,
21.1266640174576,21.9911485751286),.UNSPECIFIED.);
#106=B_SPLINE_CURVE_WITH_KNOTS('',3,(#1166,#1167,#1168,#1169,#1170,#1171,
#1172,#1173,#1174,#1175,#1176,#1177,#1178,#1179,#1180,#1181,#1182,#1183,
#1184,#1185,#1186,#1187,#1188,#1189,#1190,#1191,#1192,#1193,#1194,#1195,
#1196,#1197,#1198,#1199,#1200,#1201,#1202,#1203,#1204,#1205,#1206,#1207,
#1208,#1209,#1210,#1211),.UNSPECIFIED.,.F.,.F.,(4,3,3,3,3,3,3,3,3,3,3,3,
3,3,3,4),(0.,0.00858924980698293,0.0637286132719031,0.0860370336755945,
0.105094684521965,0.158010165337536,0.177343104542633,0.229146703666664,
0.252886345910663,0.269916610030316,0.310112703093027,0.330705971778497,
0.353371819764438,0.37818108445604,0.401140252283434,0.421951130510128),
 .UNSPECIFIED.);
#107=B_SPLINE_CURVE_WITH_KNOTS('',3,(#1212,#1213,#1214,#1215,#1216,#1217,
#1218,#1219,#1220,#1221,#1222,#1223,#1224),.UNSPECIFIED.,.F.,.F.,(4,3,3,
3,4),(32.4954999174901,33.4284323770411,34.4116215646012,35.3948107521612,
36.3419438167267),.UNSPECIFIED.);
#108=B_SPLINE_CURVE_WITH_KNOTS('',3,(#1226,#1227,#1228,#1229,#1230,#1231,
#1232,#1233,#1234,#1235,#1236,#1237,#1238,#1239,#1240,#1241,#1242,#1243,
#1244,#1245,#1246,#1247,#1248,#1249,#1250,#1251,#1252,#1253,#1254,#1255,
#1256,#1257,#1258,#1259,#1260,#1261,#1262,#1263,#1264,#1265,#1266,#1267,
#1268),.UNSPECIFIED.,.F.,.F.,(4,3,3,3,3,3,3,3,3,3,3,3,3,3,4),(0.,0.0065379663602023,
0.0513288460598059,0.0690635602191855,0.0878155055342912,0.128530322100601,
0.147940013570037,0.199423570486053,0.223195416942011,0.243928877977091,
0.294544420190434,0.323596382423577,0.355500942686899,0.38036393857951,
0.419392606228272),.UNSPECIFIED.);
#109=B_SPLINE_CURVE_WITH_KNOTS('',3,(#1269,#1270,#1271,#1272,#1273,#1274,
#1275,#1276,#1277),.UNSPECIFIED.,.F.,.F.,(4,1,1,1,1,1,4),(10.3476390772917,
11.2947721418573,12.2779613294173,13.2611505169773,14.2443397045374,15.2275288920974,
15.707963267949),.UNSPECIFIED.);
#110=B_SPLINE_CURVE_WITH_KNOTS('',3,(#1281,#1282,#1283,#1284,#1285,#1286,
#1287,#1288),.UNSPECIFIED.,.F.,.F.,(4,1,1,1,1,4),(11.6435094978368,12.6266986853968,
13.6098878729569,14.5930770605169,15.5762662480769,15.7079632679489),
 .UNSPECIFIED.);
#111=B_SPLINE_CURVE_WITH_KNOTS('',3,(#1458,#1459,#1460,#1461,#1462,#1463,
#1464,#1465,#1466,#1467,#1468,#1469,#1470,#1471,#1472,#1473,#1474,#1475,
#1476,#1477,#1478,#1479,#1480,#1481,#1482,#1483,#1484,#1485,#1486,#1487,
#1488,#1489,#1490,#1491,#1492,#1493,#1494,#1495,#1496,#1497,#1498,#1499,
#1500),.UNSPECIFIED.,.F.,.F.,(4,3,3,3,3,3,3,3,3,3,3,3,3,3,4),(0.,0.00653796636020128,
0.0513287907246172,0.0690634203186156,0.0878154744226369,0.128530160936464,
0.147939875736017,0.199423570486049,0.223195518598873,0.243928900355327,
0.294544436487949,0.323596394791662,0.355500968653501,0.380363961752854,
0.419392606228254),.UNSPECIFIED.);
#112=B_SPLINE_CURVE_WITH_KNOTS('',3,(#1501,#1502,#1503,#1504,#1505,#1506,
#1507,#1508,#1509,#1510,#1511,#1512,#1513,#1514,#1515,#1516,#1517,#1518,
#1519,#1520,#1521,#1522,#1523,#1524,#1525,#1526,#1527,#1528,#1529,#1530,
#1531,#1532,#1533,#1534,#1535,#1536,#1537,#1538,#1539,#1540,#1541,#1542,
#1543,#1544,#1545,#1546),.UNSPECIFIED.,.F.,.F.,(4,3,3,3,3,3,3,3,3,3,3,3,
3,3,3,4),(0.,0.00858924980698209,0.0637286132719055,0.0861078241712896,
0.105213871924781,0.158122041900698,0.177496735717564,0.229146703666676,
0.252886205977521,0.269916392525176,0.31011248045118,0.330705017544975,
0.353371642240799,0.378180810581219,0.401140187828498,0.42195113051015),
 .UNSPECIFIED.);
#113=B_SPLINE_CURVE_WITH_KNOTS('',3,(#1547,#1548,#1549,#1550,#1551,#1552,
#1553,#1554,#1555,#1556),.UNSPECIFIED.,.F.,.F.,(4,3,3,4),(-38.3443783148413,
-37.3611891272813,-36.3779999397212,-35.4803803060101),.UNSPECIFIED.);
#114=LINE('',#589,#144);
#115=LINE('',#613,#145);
#116=LINE('',#661,#146);
#117=LINE('',#709,#147);
#118=LINE('',#763,#148);
#119=LINE('',#811,#149);
#120=LINE('',#865,#150);
#121=LINE('',#875,#151);
#122=LINE('',#901,#152);
#123=LINE('',#926,#153);
#124=LINE('',#951,#154);
#125=LINE('',#976,#155);
#126=LINE('',#1561,#156);
#127=LINE('',#1563,#157);
#128=LINE('',#1565,#158);
#129=LINE('',#1567,#159);
#130=LINE('',#1569,#160);
#131=LINE('',#1570,#161);
#132=LINE('',#1573,#162);
#133=LINE('',#1575,#163);
#134=LINE('',#1576,#164);
#135=LINE('',#1579,#165);
#136=LINE('',#1580,#166);
#137=LINE('',#1583,#167);
#138=LINE('',#1584,#168);
#139=LINE('',#1587,#169);
#140=LINE('',#1588,#170);
#141=LINE('',#1591,#171);
#142=LINE('',#1592,#172);
#143=LINE('',#1594,#173);
#144=VECTOR('',#501,0.096);
#145=VECTOR('',#506,0.096);
#146=VECTOR('',#509,0.096);
#147=VECTOR('',#512,0.096);
#148=VECTOR('',#515,0.096);
#149=VECTOR('',#518,0.096);
#150=VECTOR('',#521,0.0702);
#151=VECTOR('',#526,0.0702);
#152=VECTOR('',#531,0.0702);
#153=VECTOR('',#534,0.0702);
#154=VECTOR('',#537,0.0702);
#155=VECTOR('',#540,0.0702);
#156=VECTOR('',#549,0.393700787401575);
#157=VECTOR('',#550,0.393700787401575);
#158=VECTOR('',#551,0.393700787401575);
#159=VECTOR('',#552,0.393700787401575);
#160=VECTOR('',#553,0.393700787401575);
#161=VECTOR('',#554,0.393700787401575);
#162=VECTOR('',#557,0.393700787401575);
#163=VECTOR('',#558,0.393700787401575);
#164=VECTOR('',#559,0.393700787401575);
#165=VECTOR('',#562,0.393700787401575);
#166=VECTOR('',#563,0.393700787401575);
#167=VECTOR('',#566,0.393700787401575);
#168=VECTOR('',#567,0.393700787401575);
#169=VECTOR('',#570,0.393700787401575);
#170=VECTOR('',#571,0.393700787401575);
#171=VECTOR('',#574,0.393700787401575);
#172=VECTOR('',#575,0.393700787401575);
#173=VECTOR('',#578,0.393700787401575);
#174=VERTEX_POINT('',#587);
#175=VERTEX_POINT('',#588);
#176=VERTEX_POINT('',#590);
#177=VERTEX_POINT('',#601);
#178=VERTEX_POINT('',#611);
#179=VERTEX_POINT('',#612);
#180=VERTEX_POINT('',#659);
#181=VERTEX_POINT('',#660);
#182=VERTEX_POINT('',#707);
#183=VERTEX_POINT('',#708);
#184=VERTEX_POINT('',#761);
#185=VERTEX_POINT('',#762);
#186=VERTEX_POINT('',#809);
#187=VERTEX_POINT('',#810);
#188=VERTEX_POINT('',#863);
#189=VERTEX_POINT('',#864);
#190=VERTEX_POINT('',#866);
#191=VERTEX_POINT('',#873);
#192=VERTEX_POINT('',#874);
#193=VERTEX_POINT('',#887);
#194=VERTEX_POINT('',#899);
#195=VERTEX_POINT('',#900);
#196=VERTEX_POINT('',#924);
#197=VERTEX_POINT('',#925);
#198=VERTEX_POINT('',#949);
#199=VERTEX_POINT('',#950);
#200=VERTEX_POINT('',#974);
#201=VERTEX_POINT('',#975);
#202=VERTEX_POINT('',#1165);
#203=VERTEX_POINT('',#1225);
#204=VERTEX_POINT('',#1279);
#205=VERTEX_POINT('',#1457);
#206=VERTEX_POINT('',#1559);
#207=VERTEX_POINT('',#1560);
#208=VERTEX_POINT('',#1562);
#209=VERTEX_POINT('',#1564);
#210=VERTEX_POINT('',#1566);
#211=VERTEX_POINT('',#1568);
#212=VERTEX_POINT('',#1572);
#213=VERTEX_POINT('',#1574);
#214=VERTEX_POINT('',#1578);
#215=VERTEX_POINT('',#1582);
#216=VERTEX_POINT('',#1586);
#217=VERTEX_POINT('',#1590);
#218=EDGE_CURVE('',#174,#175,#114,.T.);
#219=EDGE_CURVE('',#174,#176,#83,.T.);
#220=EDGE_CURVE('',#176,#177,#78,.F.);
#221=EDGE_CURVE('',#177,#175,#84,.T.);
#222=EDGE_CURVE('',#178,#179,#115,.T.);
#223=EDGE_CURVE('',#178,#174,#85,.T.);
#224=EDGE_CURVE('',#175,#179,#86,.T.);
#225=EDGE_CURVE('',#180,#181,#116,.T.);
#226=EDGE_CURVE('',#180,#178,#87,.T.);
#227=EDGE_CURVE('',#179,#181,#88,.T.);
#228=EDGE_CURVE('',#182,#183,#117,.T.);
#229=EDGE_CURVE('',#182,#180,#89,.T.);
#230=EDGE_CURVE('',#181,#183,#90,.T.);
#231=EDGE_CURVE('',#184,#185,#118,.T.);
#232=EDGE_CURVE('',#184,#182,#91,.T.);
#233=EDGE_CURVE('',#183,#185,#92,.T.);
#234=EDGE_CURVE('',#186,#187,#119,.T.);
#235=EDGE_CURVE('',#186,#184,#93,.T.);
#236=EDGE_CURVE('',#185,#187,#94,.T.);
#237=EDGE_CURVE('',#188,#189,#120,.T.);
#238=EDGE_CURVE('',#188,#190,#95,.T.);
#239=EDGE_CURVE('',#189,#190,#79,.T.);
#240=EDGE_CURVE('',#191,#192,#121,.T.);
#241=EDGE_CURVE('',#191,#188,#96,.T.);
#242=EDGE_CURVE('',#193,#189,#80,.T.);
#243=EDGE_CURVE('',#192,#193,#97,.T.);
#244=EDGE_CURVE('',#194,#195,#122,.T.);
#245=EDGE_CURVE('',#194,#191,#98,.T.);
#246=EDGE_CURVE('',#195,#192,#99,.T.);
#247=EDGE_CURVE('',#196,#197,#123,.T.);
#248=EDGE_CURVE('',#196,#194,#100,.T.);
#249=EDGE_CURVE('',#197,#195,#101,.T.);
#250=EDGE_CURVE('',#198,#199,#124,.T.);
#251=EDGE_CURVE('',#198,#196,#102,.T.);
#252=EDGE_CURVE('',#199,#197,#103,.T.);
#253=EDGE_CURVE('',#200,#201,#125,.T.);
#254=EDGE_CURVE('',#200,#198,#104,.T.);
#255=EDGE_CURVE('',#201,#199,#105,.T.);
#256=EDGE_CURVE('',#202,#193,#106,.T.);
#257=EDGE_CURVE('',#187,#202,#107,.T.);
#258=EDGE_CURVE('',#203,#177,#108,.T.);
#259=EDGE_CURVE('',#203,#201,#109,.T.);
#260=EDGE_CURVE('',#204,#203,#81,.T.);
#261=EDGE_CURVE('',#204,#200,#110,.T.);
#262=EDGE_CURVE('',#190,#205,#111,.T.);
#263=EDGE_CURVE('',#176,#204,#112,.T.);
#264=EDGE_CURVE('',#205,#186,#113,.T.);
#265=EDGE_CURVE('',#205,#202,#82,.F.);
#266=EDGE_CURVE('',#206,#207,#126,.T.);
#267=EDGE_CURVE('',#207,#208,#127,.T.);
#268=EDGE_CURVE('',#208,#209,#128,.T.);
#269=EDGE_CURVE('',#209,#210,#129,.T.);
#270=EDGE_CURVE('',#210,#211,#130,.T.);
#271=EDGE_CURVE('',#211,#206,#131,.T.);
#272=EDGE_CURVE('',#206,#212,#132,.T.);
#273=EDGE_CURVE('',#212,#213,#133,.T.);
#274=EDGE_CURVE('',#207,#213,#134,.T.);
#275=EDGE_CURVE('',#211,#214,#135,.T.);
#276=EDGE_CURVE('',#214,#212,#136,.T.);
#277=EDGE_CURVE('',#210,#215,#137,.T.);
#278=EDGE_CURVE('',#215,#214,#138,.T.);
#279=EDGE_CURVE('',#209,#216,#139,.T.);
#280=EDGE_CURVE('',#216,#215,#140,.T.);
#281=EDGE_CURVE('',#208,#217,#141,.T.);
#282=EDGE_CURVE('',#217,#216,#142,.T.);
#283=EDGE_CURVE('',#213,#217,#143,.T.);
#284=ORIENTED_EDGE('',*,*,#218,.F.);
#285=ORIENTED_EDGE('',*,*,#219,.T.);
#286=ORIENTED_EDGE('',*,*,#220,.T.);
#287=ORIENTED_EDGE('',*,*,#221,.T.);
#288=ORIENTED_EDGE('',*,*,#222,.F.);
#289=ORIENTED_EDGE('',*,*,#223,.T.);
#290=ORIENTED_EDGE('',*,*,#218,.T.);
#291=ORIENTED_EDGE('',*,*,#224,.T.);
#292=ORIENTED_EDGE('',*,*,#225,.F.);
#293=ORIENTED_EDGE('',*,*,#226,.T.);
#294=ORIENTED_EDGE('',*,*,#222,.T.);
#295=ORIENTED_EDGE('',*,*,#227,.T.);
#296=ORIENTED_EDGE('',*,*,#228,.F.);
#297=ORIENTED_EDGE('',*,*,#229,.T.);
#298=ORIENTED_EDGE('',*,*,#225,.T.);
#299=ORIENTED_EDGE('',*,*,#230,.T.);
#300=ORIENTED_EDGE('',*,*,#231,.F.);
#301=ORIENTED_EDGE('',*,*,#232,.T.);
#302=ORIENTED_EDGE('',*,*,#228,.T.);
#303=ORIENTED_EDGE('',*,*,#233,.T.);
#304=ORIENTED_EDGE('',*,*,#234,.F.);
#305=ORIENTED_EDGE('',*,*,#235,.T.);
#306=ORIENTED_EDGE('',*,*,#231,.T.);
#307=ORIENTED_EDGE('',*,*,#236,.T.);
#308=ORIENTED_EDGE('',*,*,#237,.F.);
#309=ORIENTED_EDGE('',*,*,#238,.T.);
#310=ORIENTED_EDGE('',*,*,#239,.F.);
#311=ORIENTED_EDGE('',*,*,#240,.F.);
#312=ORIENTED_EDGE('',*,*,#241,.T.);
#313=ORIENTED_EDGE('',*,*,#237,.T.);
#314=ORIENTED_EDGE('',*,*,#242,.F.);
#315=ORIENTED_EDGE('',*,*,#243,.F.);
#316=ORIENTED_EDGE('',*,*,#244,.F.);
#317=ORIENTED_EDGE('',*,*,#245,.T.);
#318=ORIENTED_EDGE('',*,*,#240,.T.);
#319=ORIENTED_EDGE('',*,*,#246,.F.);
#320=ORIENTED_EDGE('',*,*,#247,.F.);
#321=ORIENTED_EDGE('',*,*,#248,.T.);
#322=ORIENTED_EDGE('',*,*,#244,.T.);
#323=ORIENTED_EDGE('',*,*,#249,.F.);
#324=ORIENTED_EDGE('',*,*,#250,.F.);
#325=ORIENTED_EDGE('',*,*,#251,.T.);
#326=ORIENTED_EDGE('',*,*,#247,.T.);
#327=ORIENTED_EDGE('',*,*,#252,.F.);
#328=ORIENTED_EDGE('',*,*,#253,.F.);
#329=ORIENTED_EDGE('',*,*,#254,.T.);
#330=ORIENTED_EDGE('',*,*,#250,.T.);
#331=ORIENTED_EDGE('',*,*,#255,.F.);
#332=ORIENTED_EDGE('',*,*,#256,.F.);
#333=ORIENTED_EDGE('',*,*,#257,.F.);
#334=ORIENTED_EDGE('',*,*,#236,.F.);
#335=ORIENTED_EDGE('',*,*,#233,.F.);
#336=ORIENTED_EDGE('',*,*,#230,.F.);
#337=ORIENTED_EDGE('',*,*,#227,.F.);
#338=ORIENTED_EDGE('',*,*,#224,.F.);
#339=ORIENTED_EDGE('',*,*,#221,.F.);
#340=ORIENTED_EDGE('',*,*,#258,.F.);
#341=ORIENTED_EDGE('',*,*,#259,.T.);
#342=ORIENTED_EDGE('',*,*,#255,.T.);
#343=ORIENTED_EDGE('',*,*,#252,.T.);
#344=ORIENTED_EDGE('',*,*,#249,.T.);
#345=ORIENTED_EDGE('',*,*,#246,.T.);
#346=ORIENTED_EDGE('',*,*,#243,.T.);
#347=ORIENTED_EDGE('',*,*,#253,.T.);
#348=ORIENTED_EDGE('',*,*,#259,.F.);
#349=ORIENTED_EDGE('',*,*,#260,.F.);
#350=ORIENTED_EDGE('',*,*,#261,.T.);
#351=ORIENTED_EDGE('',*,*,#262,.F.);
#352=ORIENTED_EDGE('',*,*,#238,.F.);
#353=ORIENTED_EDGE('',*,*,#241,.F.);
#354=ORIENTED_EDGE('',*,*,#245,.F.);
#355=ORIENTED_EDGE('',*,*,#248,.F.);
#356=ORIENTED_EDGE('',*,*,#251,.F.);
#357=ORIENTED_EDGE('',*,*,#254,.F.);
#358=ORIENTED_EDGE('',*,*,#261,.F.);
#359=ORIENTED_EDGE('',*,*,#263,.F.);
#360=ORIENTED_EDGE('',*,*,#219,.F.);
#361=ORIENTED_EDGE('',*,*,#223,.F.);
#362=ORIENTED_EDGE('',*,*,#226,.F.);
#363=ORIENTED_EDGE('',*,*,#229,.F.);
#364=ORIENTED_EDGE('',*,*,#232,.F.);
#365=ORIENTED_EDGE('',*,*,#235,.F.);
#366=ORIENTED_EDGE('',*,*,#264,.F.);
#367=ORIENTED_EDGE('',*,*,#256,.T.);
#368=ORIENTED_EDGE('',*,*,#242,.T.);
#369=ORIENTED_EDGE('',*,*,#239,.T.);
#370=ORIENTED_EDGE('',*,*,#262,.T.);
#371=ORIENTED_EDGE('',*,*,#265,.T.);
#372=ORIENTED_EDGE('',*,*,#266,.T.);
#373=ORIENTED_EDGE('',*,*,#267,.T.);
#374=ORIENTED_EDGE('',*,*,#268,.T.);
#375=ORIENTED_EDGE('',*,*,#269,.T.);
#376=ORIENTED_EDGE('',*,*,#270,.T.);
#377=ORIENTED_EDGE('',*,*,#271,.T.);
#378=ORIENTED_EDGE('',*,*,#266,.F.);
#379=ORIENTED_EDGE('',*,*,#272,.T.);
#380=ORIENTED_EDGE('',*,*,#273,.T.);
#381=ORIENTED_EDGE('',*,*,#274,.F.);
#382=ORIENTED_EDGE('',*,*,#271,.F.);
#383=ORIENTED_EDGE('',*,*,#275,.T.);
#384=ORIENTED_EDGE('',*,*,#276,.T.);
#385=ORIENTED_EDGE('',*,*,#272,.F.);
#386=ORIENTED_EDGE('',*,*,#270,.F.);
#387=ORIENTED_EDGE('',*,*,#277,.T.);
#388=ORIENTED_EDGE('',*,*,#278,.T.);
#389=ORIENTED_EDGE('',*,*,#275,.F.);
#390=ORIENTED_EDGE('',*,*,#269,.F.);
#391=ORIENTED_EDGE('',*,*,#279,.T.);
#392=ORIENTED_EDGE('',*,*,#280,.T.);
#393=ORIENTED_EDGE('',*,*,#277,.F.);
#394=ORIENTED_EDGE('',*,*,#268,.F.);
#395=ORIENTED_EDGE('',*,*,#281,.T.);
#396=ORIENTED_EDGE('',*,*,#282,.T.);
#397=ORIENTED_EDGE('',*,*,#279,.F.);
#398=ORIENTED_EDGE('',*,*,#267,.F.);
#399=ORIENTED_EDGE('',*,*,#274,.T.);
#400=ORIENTED_EDGE('',*,*,#283,.T.);
#401=ORIENTED_EDGE('',*,*,#281,.F.);
#402=ORIENTED_EDGE('',*,*,#283,.F.);
#403=ORIENTED_EDGE('',*,*,#273,.F.);
#404=ORIENTED_EDGE('',*,*,#276,.F.);
#405=ORIENTED_EDGE('',*,*,#278,.F.);
#406=ORIENTED_EDGE('',*,*,#280,.F.);
#407=ORIENTED_EDGE('',*,*,#282,.F.);
#408=ORIENTED_EDGE('',*,*,#234,.T.);
#409=ORIENTED_EDGE('',*,*,#257,.T.);
#410=ORIENTED_EDGE('',*,*,#265,.F.);
#411=ORIENTED_EDGE('',*,*,#264,.T.);
#412=ORIENTED_EDGE('',*,*,#258,.T.);
#413=ORIENTED_EDGE('',*,*,#220,.F.);
#414=ORIENTED_EDGE('',*,*,#263,.T.);
#415=ORIENTED_EDGE('',*,*,#260,.T.);
#416=CYLINDRICAL_SURFACE('',#469,0.0932);
#417=CYLINDRICAL_SURFACE('',#471,0.0932);
#418=CYLINDRICAL_SURFACE('',#472,0.0932);
#419=CYLINDRICAL_SURFACE('',#473,0.0932);
#420=CYLINDRICAL_SURFACE('',#474,0.0932);
#421=CYLINDRICAL_SURFACE('',#475,0.0932);
#422=CYLINDRICAL_SURFACE('',#476,0.0702);
#423=CYLINDRICAL_SURFACE('',#478,0.0702);
#424=CYLINDRICAL_SURFACE('',#480,0.0702);
#425=CYLINDRICAL_SURFACE('',#481,0.0702);
#426=CYLINDRICAL_SURFACE('',#482,0.0702);
#427=CYLINDRICAL_SURFACE('',#483,0.0702);
#428=CYLINDRICAL_SURFACE('',#484,0.0702);
#429=CYLINDRICAL_SURFACE('',#495,0.0932);
#430=ADVANCED_FACE('',(#27),#416,.T.);
#431=ADVANCED_FACE('',(#28),#417,.T.);
#432=ADVANCED_FACE('',(#29),#418,.T.);
#433=ADVANCED_FACE('',(#30),#419,.T.);
#434=ADVANCED_FACE('',(#31),#420,.T.);
#435=ADVANCED_FACE('',(#32),#421,.T.);
#436=ADVANCED_FACE('',(#33),#422,.T.);
#437=ADVANCED_FACE('',(#34),#423,.T.);
#438=ADVANCED_FACE('',(#35),#424,.T.);
#439=ADVANCED_FACE('',(#36),#425,.T.);
#440=ADVANCED_FACE('',(#37),#426,.T.);
#441=ADVANCED_FACE('',(#38),#427,.T.);
#442=ADVANCED_FACE('',(#39),#25,.F.);
#443=ADVANCED_FACE('',(#40),#428,.T.);
#444=ADVANCED_FACE('',(#41),#26,.F.);
#445=ADVANCED_FACE('',(#42,#15),#16,.T.);
#446=ADVANCED_FACE('',(#43),#17,.F.);
#447=ADVANCED_FACE('',(#44),#18,.F.);
#448=ADVANCED_FACE('',(#45),#19,.F.);
#449=ADVANCED_FACE('',(#46),#20,.F.);
#450=ADVANCED_FACE('',(#47),#21,.F.);
#451=ADVANCED_FACE('',(#48),#22,.F.);
#452=ADVANCED_FACE('',(#49),#23,.F.);
#453=ADVANCED_FACE('',(#50),#429,.T.);
#454=ADVANCED_FACE('',(#51),#24,.F.);
#455=CLOSED_SHELL('',(#430,#431,#432,#433,#434,#435,#436,#437,#438,#439,
#440,#441,#442,#443,#444,#445,#446,#447,#448,#449,#450,#451,#452,#453,#454));
#456=DERIVED_UNIT_ELEMENT(#458,1.);
#457=DERIVED_UNIT_ELEMENT(#1605,-3.);
#458=(
MASS_UNIT()
NAMED_UNIT(*)
SI_UNIT(.KILO.,.GRAM.)
);
#459=DERIVED_UNIT((#456,#457));
#460=MEASURE_REPRESENTATION_ITEM('density measure',
POSITIVE_RATIO_MEASURE(7850.),#459);
#461=PROPERTY_DEFINITION_REPRESENTATION(#466,#463);
#462=PROPERTY_DEFINITION_REPRESENTATION(#467,#464);
#463=REPRESENTATION('material name',(#465),#1600);
#464=REPRESENTATION('density',(#460),#1600);
#465=DESCRIPTIVE_REPRESENTATION_ITEM('Steel','Steel');
#466=PROPERTY_DEFINITION('material property','material name',#1613);
#467=PROPERTY_DEFINITION('material property','density of part',#1613);
#468=AXIS2_PLACEMENT_3D('',#585,#497,#498);
#469=AXIS2_PLACEMENT_3D('',#586,#499,#500);
#470=AXIS2_PLACEMENT_3D('',#602,#502,#503);
#471=AXIS2_PLACEMENT_3D('',#610,#504,#505);
#472=AXIS2_PLACEMENT_3D('',#658,#507,#508);
#473=AXIS2_PLACEMENT_3D('',#706,#510,#511);
#474=AXIS2_PLACEMENT_3D('',#760,#513,#514);
#475=AXIS2_PLACEMENT_3D('',#808,#516,#517);
#476=AXIS2_PLACEMENT_3D('',#862,#519,#520);
#477=AXIS2_PLACEMENT_3D('',#871,#522,#523);
#478=AXIS2_PLACEMENT_3D('',#872,#524,#525);
#479=AXIS2_PLACEMENT_3D('',#888,#527,#528);
#480=AXIS2_PLACEMENT_3D('',#898,#529,#530);
#481=AXIS2_PLACEMENT_3D('',#923,#532,#533);
#482=AXIS2_PLACEMENT_3D('',#948,#535,#536);
#483=AXIS2_PLACEMENT_3D('',#973,#538,#539);
#484=AXIS2_PLACEMENT_3D('',#1278,#541,#542);
#485=AXIS2_PLACEMENT_3D('',#1280,#543,#544);
#486=AXIS2_PLACEMENT_3D('',#1557,#545,#546);
#487=AXIS2_PLACEMENT_3D('',#1558,#547,#548);
#488=AXIS2_PLACEMENT_3D('',#1571,#555,#556);
#489=AXIS2_PLACEMENT_3D('',#1577,#560,#561);
#490=AXIS2_PLACEMENT_3D('',#1581,#564,#565);
#491=AXIS2_PLACEMENT_3D('',#1585,#568,#569);
#492=AXIS2_PLACEMENT_3D('',#1589,#572,#573);
#493=AXIS2_PLACEMENT_3D('',#1593,#576,#577);
#494=AXIS2_PLACEMENT_3D('',#1595,#579,#580);
#495=AXIS2_PLACEMENT_3D('',#1596,#581,#582);
#496=AXIS2_PLACEMENT_3D('',#1597,#583,#584);
#497=DIRECTION('axis',(0.,0.,1.));
#498=DIRECTION('refdir',(1.,0.,0.));
#499=DIRECTION('center_axis',(0.,0.,1.));
#500=DIRECTION('ref_axis',(1.,0.,0.));
#501=DIRECTION('',(0.,0.,-1.));
#502=DIRECTION('center_axis',(0.,0.,-1.));
#503=DIRECTION('ref_axis',(1.,0.,0.));
#504=DIRECTION('center_axis',(0.,0.,1.));
#505=DIRECTION('ref_axis',(1.,0.,0.));
#506=DIRECTION('',(0.,0.,-1.));
#507=DIRECTION('center_axis',(0.,0.,1.));
#508=DIRECTION('ref_axis',(1.,0.,0.));
#509=DIRECTION('',(0.,0.,-1.));
#510=DIRECTION('center_axis',(0.,0.,1.));
#511=DIRECTION('ref_axis',(1.,0.,0.));
#512=DIRECTION('',(0.,0.,-1.));
#513=DIRECTION('center_axis',(0.,0.,1.));
#514=DIRECTION('ref_axis',(1.,0.,0.));
#515=DIRECTION('',(0.,0.,-1.));
#516=DIRECTION('center_axis',(0.,0.,1.));
#517=DIRECTION('ref_axis',(1.,0.,0.));
#518=DIRECTION('',(0.,0.,-1.));
#519=DIRECTION('center_axis',(0.,0.,1.));
#520=DIRECTION('ref_axis',(-0.908714462272622,-0.417418286682051,0.));
#521=DIRECTION('',(0.,0.,1.));
#522=DIRECTION('center_axis',(0.,0.,1.));
#523=DIRECTION('ref_axis',(1.,5.04188505983352E-15,0.));
#524=DIRECTION('center_axis',(0.,0.,1.));
#525=DIRECTION('ref_axis',(1.,5.04188505983352E-15,0.));
#526=DIRECTION('',(0.,0.,1.));
#527=DIRECTION('center_axis',(0.,0.,1.));
#528=DIRECTION('ref_axis',(1.,5.04188505983352E-15,0.));
#529=DIRECTION('center_axis',(0.,0.,1.));
#530=DIRECTION('ref_axis',(1.,5.04188505983352E-15,0.));
#531=DIRECTION('',(0.,0.,1.));
#532=DIRECTION('center_axis',(0.,0.,1.));
#533=DIRECTION('ref_axis',(1.,5.04188505983352E-15,0.));
#534=DIRECTION('',(0.,0.,1.));
#535=DIRECTION('center_axis',(0.,0.,1.));
#536=DIRECTION('ref_axis',(1.,5.04188505983352E-15,0.));
#537=DIRECTION('',(0.,0.,1.));
#538=DIRECTION('center_axis',(0.,0.,1.));
#539=DIRECTION('ref_axis',(1.,5.04188505983352E-15,0.));
#540=DIRECTION('',(0.,0.,1.));
#541=DIRECTION('center_axis',(0.,0.,1.));
#542=DIRECTION('ref_axis',(1.,5.04188505983352E-15,0.));
#543=DIRECTION('center_axis',(0.,0.,-1.));
#544=DIRECTION('ref_axis',(1.,5.04188505983352E-15,0.));
#545=DIRECTION('center_axis',(0.,0.,1.));
#546=DIRECTION('ref_axis',(1.,0.,0.));
#547=DIRECTION('center_axis',(0.,0.,-1.));
#548=DIRECTION('ref_axis',(1.,0.,0.));
#549=DIRECTION('',(0.5,-0.866025403784439,0.));
#550=DIRECTION('',(-0.5,-0.866025403784438,0.));
#551=DIRECTION('',(-1.,3.86261185598498E-16,0.));
#552=DIRECTION('',(-0.5,0.866025403784439,0.));
#553=DIRECTION('',(0.5,0.866025403784439,0.));
#554=DIRECTION('',(1.,9.65652963996246E-17,0.));
#555=DIRECTION('center_axis',(0.866025403784439,0.5,0.));
#556=DIRECTION('ref_axis',(0.5,-0.866025403784439,0.));
#557=DIRECTION('',(0.,0.,-1.));
#558=DIRECTION('',(0.5,-0.866025403784439,0.));
#559=DIRECTION('',(0.,0.,-1.));
#560=DIRECTION('center_axis',(-9.65652963996246E-17,1.,0.));
#561=DIRECTION('ref_axis',(1.,9.65652963996246E-17,0.));
#562=DIRECTION('',(0.,0.,-1.));
#563=DIRECTION('',(1.,9.65652963996246E-17,0.));
#564=DIRECTION('center_axis',(-0.866025403784439,0.5,0.));
#565=DIRECTION('ref_axis',(0.5,0.866025403784439,0.));
#566=DIRECTION('',(0.,0.,-1.));
#567=DIRECTION('',(0.5,0.866025403784439,0.));
#568=DIRECTION('center_axis',(-0.866025403784439,-0.5,0.));
#569=DIRECTION('ref_axis',(-0.5,0.866025403784439,0.));
#570=DIRECTION('',(0.,0.,-1.));
#571=DIRECTION('',(-0.5,0.866025403784439,0.));
#572=DIRECTION('center_axis',(-3.86261185598498E-16,-1.,0.));
#573=DIRECTION('ref_axis',(-1.,3.86261185598498E-16,0.));
#574=DIRECTION('',(0.,0.,-1.));
#575=DIRECTION('',(-1.,3.86261185598498E-16,0.));
#576=DIRECTION('center_axis',(0.866025403784438,-0.5,0.));
#577=DIRECTION('ref_axis',(-0.5,-0.866025403784438,0.));
#578=DIRECTION('',(-0.5,-0.866025403784438,0.));
#579=DIRECTION('center_axis',(0.,0.,-1.));
#580=DIRECTION('ref_axis',(-1.,0.,0.));
#581=DIRECTION('center_axis',(0.,0.,1.));
#582=DIRECTION('ref_axis',(0.345007195580546,-0.938600039951867,0.));
#583=DIRECTION('center_axis',(0.,0.,1.));
#584=DIRECTION('ref_axis',(1.,0.,0.));
#585=CARTESIAN_POINT('',(0.,0.,0.));
#586=CARTESIAN_POINT('Origin',(0.,0.,0.));
#587=CARTESIAN_POINT('',(-0.0932831042368099,6.73323357816205E-5,0.013674189995382));
#588=CARTESIAN_POINT('',(-0.0932973463803048,8.213133885426E-5,0.00715914333795137));
#589=CARTESIAN_POINT('',(-0.0932,-1.14137081680533E-17,0.));
#590=CARTESIAN_POINT('',(0.0439628669217983,0.0821797197124464,0.));
#591=CARTESIAN_POINT('Ctrl Pts',(-0.0932831042368099,6.73323357816205E-5,
0.013674189995382));
#592=CARTESIAN_POINT('Ctrl Pts',(-0.0933144521697929,0.00414789764904196,
0.0133830756661722));
#593=CARTESIAN_POINT('Ctrl Pts',(-0.0930691937860041,0.0082244761914755,
0.0130919613369624));
#594=CARTESIAN_POINT('Ctrl Pts',(-0.092534324834454,0.0122624360330005,
0.0128008470077526));
#595=CARTESIAN_POINT('Ctrl Pts',(-0.0885412400217783,0.0424079811626221,
0.0106275217411597));
#596=CARTESIAN_POINT('Ctrl Pts',(-0.0684069225465185,0.0704011413108853,
0.00845419647456691));
#597=CARTESIAN_POINT('Ctrl Pts',(-0.0410986966272764,0.0838001144754489,
0.00628087120797408));
#598=CARTESIAN_POINT('Ctrl Pts',(-0.0147919348870187,0.0967077121951497,
0.00418724747198272));
#599=CARTESIAN_POINT('Ctrl Pts',(0.0181722113208281,0.0960719096190365,
0.00209362373599136));
#600=CARTESIAN_POINT('Ctrl Pts',(0.0440481869559482,0.0823108876632873,
-1.87814549564418E-18));
#601=CARTESIAN_POINT('',(-0.0439628669217986,0.0821797197124463,0.));
#602=CARTESIAN_POINT('Origin',(0.,0.,0.));
#603=CARTESIAN_POINT('Ctrl Pts',(-0.0439628669217986,0.0821797197124462,
2.73184799366426E-18));
#604=CARTESIAN_POINT('Ctrl Pts',(-0.0708956042077956,0.0677717812418953,
0.00217332526659283));
#605=CARTESIAN_POINT('Ctrl Pts',(-0.0899859940228621,0.0392308686252341,
0.00434665053318568));
#606=CARTESIAN_POINT('Ctrl Pts',(-0.0929009054992219,0.00900614063343109,
0.00651997579977851));
#607=CARTESIAN_POINT('Ctrl Pts',(-0.0931866606691108,0.00604314420894723,
0.00673303164583613));
#608=CARTESIAN_POINT('Ctrl Pts',(-0.0933169644578435,0.00306396579465159,
0.00694608749189375));
#609=CARTESIAN_POINT('Ctrl Pts',(-0.0932973463803048,8.213133885426E-5,
0.00715914333795137));
#610=CARTESIAN_POINT('Origin',(0.,0.,0.));
#611=CARTESIAN_POINT('',(-0.09305827081084,-1.151363142591E-5,0.0553408566620486));
#612=CARTESIAN_POINT('',(-0.0930569982806778,5.88702907755289E-6,0.048825810004618));
#613=CARTESIAN_POINT('',(-0.0932,-1.14137081680533E-17,0.));
#614=CARTESIAN_POINT('Ctrl Pts',(-0.09305827081084,-1.151363142591E-5,0.0553408566620486));
#615=CARTESIAN_POINT('Ctrl Pts',(-0.0930399126817464,0.0160685745563548,
0.0542008050435069));
#616=CARTESIAN_POINT('Ctrl Pts',(-0.0890698552186499,0.0321571354358085,
0.0530607534249652));
#617=CARTESIAN_POINT('Ctrl Pts',(-0.0812016997038059,0.0460356687128448,
0.0519207018064236));
#618=CARTESIAN_POINT('Ctrl Pts',(-0.066202325198495,0.072492862881663,0.0497473765398307));
#619=CARTESIAN_POINT('Ctrl Pts',(-0.0370367566552009,0.0909185300263962,
0.0475740512732379));
#620=CARTESIAN_POINT('Ctrl Pts',(-0.00670191028656155,0.0931023178851163,
0.045400726006645));
#621=CARTESIAN_POINT('Ctrl Pts',(0.0236329360820777,0.0952861057438364,
0.0432274007400522));
#622=CARTESIAN_POINT('Ctrl Pts',(0.0551370602760621,0.0812280143165435,
0.0410540754734594));
#623=CARTESIAN_POINT('Ctrl Pts',(0.0737711154370227,0.0571914761374702,
0.0388807502068665));
#624=CARTESIAN_POINT('Ctrl Pts',(0.0924051705979833,0.033154937958397,0.0367074249402737));
#625=CARTESIAN_POINT('Ctrl Pts',(0.0981691567259201,-0.000860046972456667,
0.0345340996736809));
#626=CARTESIAN_POINT('Ctrl Pts',(0.0884948559544705,-0.0296930066549774,
0.0323607744070881));
#627=CARTESIAN_POINT('Ctrl Pts',(0.078820555183021,-0.0585259663374982,
0.0301874491404953));
#628=CARTESIAN_POINT('Ctrl Pts',(0.0537079675121851,-0.0821769007716861,
0.0280141238739024));
#629=CARTESIAN_POINT('Ctrl Pts',(0.0243472580453235,-0.090110890340898,
0.0258407986073096));
#630=CARTESIAN_POINT('Ctrl Pts',(-0.0050134514215382,-0.0980448799101099,
0.0236674733407167));
#631=CARTESIAN_POINT('Ctrl Pts',(-0.0386222826844256,-0.0902619246143458,
0.0214941480741239));
#632=CARTESIAN_POINT('Ctrl Pts',(-0.0615007722408234,-0.0702214819109735,
0.0193208228075311));
#633=CARTESIAN_POINT('Ctrl Pts',(-0.0813147153885811,-0.0528654326227691,
0.017438611870148));
#634=CARTESIAN_POINT('Ctrl Pts',(-0.0930804229655545,-0.0263157202751032,
0.015556400932765));
#635=CARTESIAN_POINT('Ctrl Pts',(-0.0932831042368099,6.73323357816205E-5,
0.013674189995382));
#636=CARTESIAN_POINT('Ctrl Pts',(-0.0932973463803048,8.213133885426E-5,
0.00715914333795137));
#637=CARTESIAN_POINT('Ctrl Pts',(-0.0931168457359879,-0.0273529238776874,
0.00911941275848658));
#638=CARTESIAN_POINT('Ctrl Pts',(-0.0802449431270129,-0.055012822148622,
0.0110796821790218));
#639=CARTESIAN_POINT('Ctrl Pts',(-0.0589884311798328,-0.0723625607362746,
0.013039951599557));
#640=CARTESIAN_POINT('Ctrl Pts',(-0.0354216122464305,-0.0915979907472325,
0.0152132768661498));
#641=CARTESIAN_POINT('Ctrl Pts',(-0.00154854124197255,-0.0981603074022034,
0.0173866021327427));
#642=CARTESIAN_POINT('Ctrl Pts',(0.0275162523238745,-0.0891875791022838,
0.0195599273993355));
#643=CARTESIAN_POINT('Ctrl Pts',(0.0565810458897215,-0.0802148508023643,
0.0217332526659283));
#644=CARTESIAN_POINT('Ctrl Pts',(0.0808375620169576,-0.0557070775475541,
0.0239065779325212));
#645=CARTESIAN_POINT('Ctrl Pts',(0.0894865761648345,-0.0265541394213457,
0.026079903199114));
#646=CARTESIAN_POINT('Ctrl Pts',(0.0981355903127115,0.00259879870486258,
0.0282532284657068));
#647=CARTESIAN_POINT('Ctrl Pts',(0.0911771024812295,0.036396901702469,0.0304265537322997));
#648=CARTESIAN_POINT('Ctrl Pts',(0.0717067149989359,0.0597624442056062,
0.0325998789988925));
#649=CARTESIAN_POINT('Ctrl Pts',(0.0522363275166422,0.0831279867087434,
0.0347732042654853));
#650=CARTESIAN_POINT('Ctrl Pts',(0.0202540403835367,0.0960609687174112,
0.0369465295320782));
#651=CARTESIAN_POINT('Ctrl Pts',(-0.00998515013781193,0.0928065801684903,
0.039119854798671));
#652=CARTESIAN_POINT('Ctrl Pts',(-0.0402243406591605,0.0895521916195695,
0.0412931800652638));
#653=CARTESIAN_POINT('Ctrl Pts',(-0.0687204345687524,0.0701104325130601,
0.0434665053318567));
#654=CARTESIAN_POINT('Ctrl Pts',(-0.082776191889112,0.0431406779130007,
0.0456398305984495));
#655=CARTESIAN_POINT('Ctrl Pts',(-0.0896445231124104,0.0299619353250102,
0.046701823733839));
#656=CARTESIAN_POINT('Ctrl Pts',(-0.0930648224186552,0.0149856744746994,
0.0477638168692285));
#657=CARTESIAN_POINT('Ctrl Pts',(-0.0930569982806778,5.88702907755289E-6,
0.048825810004618));
#658=CARTESIAN_POINT('Origin',(0.,0.,0.));
#659=CARTESIAN_POINT('',(-0.0933171280186806,-4.25283710534269E-5,0.0970075233287153));
#660=CARTESIAN_POINT('',(-0.0932938540802059,-5.68912414939772E-5,0.0904924766712847));
#661=CARTESIAN_POINT('',(-0.0932,-1.14137081680533E-17,0.));
#662=CARTESIAN_POINT('Ctrl Pts',(-0.0933171280186806,-4.25283710534269E-5,
0.0970075233287153));
#663=CARTESIAN_POINT('Ctrl Pts',(-0.093156392227867,0.0278121522810732,
0.0950185344208417));
#664=CARTESIAN_POINT('Ctrl Pts',(-0.0798374071312279,0.0558005126245787,
0.0930295455129681));
#665=CARTESIAN_POINT('Ctrl Pts',(-0.0580380077248998,0.0731066491185283,
0.0910405566050946));
#666=CARTESIAN_POINT('Ctrl Pts',(-0.0342182743222775,0.0920166910803086,
0.0888672313385017));
#667=CARTESIAN_POINT('Ctrl Pts',(-0.00027338299073273,0.0981727331124769,
0.0866939060719088));
#668=CARTESIAN_POINT('Ctrl Pts',(0.0286698440777614,0.0888314783664571,
0.084520580805316));
#669=CARTESIAN_POINT('Ctrl Pts',(0.0576130711462552,0.0794902236204375,
0.0823472555387232));
#670=CARTESIAN_POINT('Ctrl Pts',(0.0815546339516985,0.0546516720962301,
0.0801739302721305));
#671=CARTESIAN_POINT('Ctrl Pts',(0.0898254762958808,0.0253845745038693,
0.0780006050055376));
#672=CARTESIAN_POINT('Ctrl Pts',(0.0980963186400631,-0.0038825230884917,
0.0758272797389448));
#673=CARTESIAN_POINT('Ctrl Pts',(0.0906964405229841,-0.0375781667490061,
0.0736539544723518));
#674=CARTESIAN_POINT('Ctrl Pts',(0.0709234491714007,-0.0606865552328064,
0.071480629205759));
#675=CARTESIAN_POINT('Ctrl Pts',(0.0511504578198173,-0.0837949437166067,
0.0693073039391661));
#676=CARTESIAN_POINT('Ctrl Pts',(0.0190043532337297,-0.0963160770236929,
0.0671339786725734));
#677=CARTESIAN_POINT('Ctrl Pts',(-0.0111896463578832,-0.0926702699290692,
0.0649606534059805));
#678=CARTESIAN_POINT('Ctrl Pts',(-0.0413836459494959,-0.0890244628344455,
0.0627873281393878));
#679=CARTESIAN_POINT('Ctrl Pts',(-0.0696255405466338,-0.0692117153381122,
0.0606140028727949));
#680=CARTESIAN_POINT('Ctrl Pts',(-0.083329897611539,-0.0420609809934942,
0.058440677606202));
#681=CARTESIAN_POINT('Ctrl Pts',(-0.0898454207301055,-0.0291525872271472,
0.0574074039581509));
#682=CARTESIAN_POINT('Ctrl Pts',(-0.0930749095057125,-0.0145855303799184,
0.0563741303100997));
#683=CARTESIAN_POINT('Ctrl Pts',(-0.09305827081084,-1.151363142591E-5,0.0553408566620486));
#684=CARTESIAN_POINT('Ctrl Pts',(-0.0930569982806778,5.88702907755289E-6,
0.048825810004618));
#685=CARTESIAN_POINT('Ctrl Pts',(-0.0930488106421297,-0.0156698443407018,
0.0499371421358213));
#686=CARTESIAN_POINT('Ctrl Pts',(-0.0892865667588044,-0.0313494376009195,
0.0510484742670246));
#687=CARTESIAN_POINT('Ctrl Pts',(-0.0817930807879817,-0.0449770641405142,
0.052159806398228));
#688=CARTESIAN_POINT('Ctrl Pts',(-0.0671387916353643,-0.0716273015003603,
0.0543331316648208));
#689=CARTESIAN_POINT('Ctrl Pts',(-0.0382147925990023,-0.0904300261264431,
0.0565064569314137));
#690=CARTESIAN_POINT('Ctrl Pts',(-0.00791084628030154,-0.0930074082274443,
0.0586797821980065));
#691=CARTESIAN_POINT('Ctrl Pts',(0.0223931000383994,-0.0955847903284456,
0.0608531074645993));
#692=CARTESIAN_POINT('Ctrl Pts',(0.054076993639439,-0.0819368299043651,
0.0630264327311921));
#693=CARTESIAN_POINT('Ctrl Pts',(0.0730217811295471,-0.0581448222750382,
0.0651997579977849));
#694=CARTESIAN_POINT('Ctrl Pts',(0.0919665686196551,-0.0343528146457113,
0.0673730832643777));
#695=CARTESIAN_POINT('Ctrl Pts',(0.0981722499988316,-0.000416759811138076,
0.0695464085309706));
#696=CARTESIAN_POINT('Ctrl Pts',(0.0888732873335573,0.0285401268038698,
0.0717197337975635));
#697=CARTESIAN_POINT('Ctrl Pts',(0.079574324668283,0.0574970134188777,0.0738930590641563));
#698=CARTESIAN_POINT('Ctrl Pts',(0.054770717958558,0.0814747318143202,0.0760663843307492));
#699=CARTESIAN_POINT('Ctrl Pts',(0.0255157268598953,0.0897882894985603,
0.078239709597342));
#700=CARTESIAN_POINT('Ctrl Pts',(-0.00373926423876731,0.0981018471828004,
0.0804130348639348));
#701=CARTESIAN_POINT('Ctrl Pts',(-0.0374456397263676,0.0907512441558382,
0.0825863601305276));
#702=CARTESIAN_POINT('Ctrl Pts',(-0.0605828939469425,0.0710120319451821,
0.0847596853971204));
#703=CARTESIAN_POINT('Ctrl Pts',(-0.0809266886445148,0.0536560191323782,
0.0866706158218418));
#704=CARTESIAN_POINT('Ctrl Pts',(-0.0930994087905831,0.0267222706997521,
0.0885815462465632));
#705=CARTESIAN_POINT('Ctrl Pts',(-0.0932938540802059,-5.68912414939772E-5,
0.0904924766712847));
#706=CARTESIAN_POINT('Origin',(0.,0.,0.));
#707=CARTESIAN_POINT('',(-0.0931390037450804,7.27746789283644E-5,0.138674189995382));
#708=CARTESIAN_POINT('',(-0.0931680802482642,7.77259665202439E-5,0.132159143337951));
#709=CARTESIAN_POINT('',(-0.0932,-1.14137081680533E-17,0.));
#710=CARTESIAN_POINT('Ctrl Pts',(-0.0931390037450804,7.27746789283644E-5,
0.138674189995382));
#711=CARTESIAN_POINT('Ctrl Pts',(-0.0932102758348385,0.00942625955231237,
0.138009589064769));
#712=CARTESIAN_POINT('Ctrl Pts',(-0.0919104808532103,0.0187604025441753,
0.137344988134157));
#713=CARTESIAN_POINT('Ctrl Pts',(-0.0891561869685501,0.0276435672669805,
0.136680387203544));
#714=CARTESIAN_POINT('Ctrl Pts',(-0.0801493134969226,0.0566925881908322,
0.134507061936951));
#715=CARTESIAN_POINT('Ctrl Pts',(-0.0555884804463099,0.0809189875552575,
0.132333736670358));
#716=CARTESIAN_POINT('Ctrl Pts',(-0.0264187107723503,0.089526778142543,
0.130160411403766));
#717=CARTESIAN_POINT('Ctrl Pts',(0.00275105890160925,0.0981345687298285,
0.127987086137173));
#718=CARTESIAN_POINT('Ctrl Pts',(0.0365297651989156,0.0911237505399743,
0.12581376087058));
#719=CARTESIAN_POINT('Ctrl Pts',(0.0598646438315068,0.0716185488413353,
0.123640435603987));
#720=CARTESIAN_POINT('Ctrl Pts',(0.083199522464098,0.0521133471426962,0.121467110337394));
#721=CARTESIAN_POINT('Ctrl Pts',(0.0960905734319741,0.0201137619352719,
0.119293785070801));
#722=CARTESIAN_POINT('Ctrl Pts',(0.092793170219157,-0.0101202685184825,
0.117120459804209));
#723=CARTESIAN_POINT('Ctrl Pts',(0.0894957670063399,-0.0403542989722368,
0.114947134537616));
#724=CARTESIAN_POINT('Ctrl Pts',(0.07000990961283,-0.0688227746723215,0.112773809271023));
#725=CARTESIAN_POINT('Ctrl Pts',(0.0430190601262735,-0.082839318804899,
0.11060048400443));
#726=CARTESIAN_POINT('Ctrl Pts',(0.0160282106397169,-0.0968558629374767,
0.108427158737837));
#727=CARTESIAN_POINT('Ctrl Pts',(-0.0184676309398863,-0.096420475502547,
0.106253833471244));
#728=CARTESIAN_POINT('Ctrl Pts',(-0.0450961216555933,-0.081727179878152,
0.104080508204652));
#729=CARTESIAN_POINT('Ctrl Pts',(-0.0717246123713004,-0.067033884253757,
0.101907182938059));
#730=CARTESIAN_POINT('Ctrl Pts',(-0.0904857522231113,-0.0380826804398966,
0.0997338576714659));
#731=CARTESIAN_POINT('Ctrl Pts',(-0.0930190344121666,-0.00777505758727019,
0.097560532404873));
#732=CARTESIAN_POINT('Ctrl Pts',(-0.0932339014739529,-0.00520443600385311,
0.0973761960461538));
#733=CARTESIAN_POINT('Ctrl Pts',(-0.0933320247585654,-0.00262405629429847,
0.0971918596874346));
#734=CARTESIAN_POINT('Ctrl Pts',(-0.0933171280186806,-4.25283710534269E-5,
0.0970075233287153));
#735=CARTESIAN_POINT('Ctrl Pts',(-0.0932938540802059,-5.68912414939772E-5,
0.0904924766712847));
#736=CARTESIAN_POINT('Ctrl Pts',(-0.0933205538701946,-0.00373400782937121,
0.0907548715131561));
#737=CARTESIAN_POINT('Ctrl Pts',(-0.0931214062519331,-0.00740820972720775,
0.0910172663550275));
#738=CARTESIAN_POINT('Ctrl Pts',(-0.0926865544018798,-0.0110542999991943,
0.0912796611968989));
#739=CARTESIAN_POINT('Ctrl Pts',(-0.0890848276826922,-0.0412535983385641,
0.0934529864634918));
#740=CARTESIAN_POINT('Ctrl Pts',(-0.0693132412907672,-0.0695243736229531,
0.0956263117300847));
#741=CARTESIAN_POINT('Ctrl Pts',(-0.042182593361495,-0.0832683759530528,
0.0977996369966775));
#742=CARTESIAN_POINT('Ctrl Pts',(-0.0150519454322231,-0.0970123782831524,
0.0999729622632703));
#743=CARTESIAN_POINT('Ctrl Pts',(0.019437764034396,-0.0962296076589631,
0.102146287529863));
#744=CARTESIAN_POINT('Ctrl Pts',(0.0459169281873208,-0.0812688765323618,
0.104319612796456));
#745=CARTESIAN_POINT('Ctrl Pts',(0.0723960923402456,-0.0663081454057604,
0.106492938063049));
#746=CARTESIAN_POINT('Ctrl Pts',(0.0908647111794762,-0.0371694537767471,
0.108666263329642));
#747=CARTESIAN_POINT('Ctrl Pts',(0.0930926322374162,-0.00683785124293136,
0.110839588596234));
#748=CARTESIAN_POINT('Ctrl Pts',(0.0953205532953563,0.0234937512908845,
0.113012913862827));
#749=CARTESIAN_POINT('Ctrl Pts',(0.0813077765720055,0.0550182647295029,
0.11518623912942));
#750=CARTESIAN_POINT('Ctrl Pts',(0.057298801631006,0.0736874586007362,0.117359564396013));
#751=CARTESIAN_POINT('Ctrl Pts',(0.0332898266900065,0.0923566524719695,
0.119532889662606));
#752=CARTESIAN_POINT('Ctrl Pts',(-0.000715346468641397,0.0981705267758178,
0.121706214929199));
#753=CARTESIAN_POINT('Ctrl Pts',(-0.0295630312337612,0.088538249143226,
0.123879540195791));
#754=CARTESIAN_POINT('Ctrl Pts',(-0.0584107159988808,0.0789059715106342,
0.126052865462384));
#755=CARTESIAN_POINT('Ctrl Pts',(-0.0821009123704721,0.0538275419416026,
0.128226190728977));
#756=CARTESIAN_POINT('Ctrl Pts',(-0.0900765831242927,0.0244786345560508,
0.13039951599557));
#757=CARTESIAN_POINT('Ctrl Pts',(-0.0922290770542136,0.0165578781774165,
0.13098605844303));
#758=CARTESIAN_POINT('Ctrl Pts',(-0.0932369789706388,0.00832607487814981,
0.131572600890491));
#759=CARTESIAN_POINT('Ctrl Pts',(-0.0931680802482642,7.77259665202439E-5,
0.132159143337951));
#760=CARTESIAN_POINT('Origin',(0.,0.,0.));
#761=CARTESIAN_POINT('',(-0.0931405263777886,-7.30725042878175E-5,0.180340856662049));
#762=CARTESIAN_POINT('',(-0.0931145364256829,-6.49676492560682E-5,0.173825810004618));
#763=CARTESIAN_POINT('',(-0.0932,-1.14137081680533E-17,0.));
#764=CARTESIAN_POINT('Ctrl Pts',(-0.0931405263777886,-7.30725042878175E-5,
0.180340856662049));
#765=CARTESIAN_POINT('Ctrl Pts',(-0.0929771224643484,0.0212271939182959,
0.178827318442104));
#766=CARTESIAN_POINT('Ctrl Pts',(-0.0856995870606623,0.0426284254153975,
0.177313780222159));
#767=CARTESIAN_POINT('Ctrl Pts',(-0.0723042099168473,0.0590347360197905,
0.175800242002215));
#768=CARTESIAN_POINT('Ctrl Pts',(-0.0530694715940451,0.0825929447906291,
0.173626916735622));
#769=CARTESIAN_POINT('Ctrl Pts',(-0.0212204984381279,0.0958522429668746,
0.171453591469029));
#770=CARTESIAN_POINT('Ctrl Pts',(0.00904958656191823,0.0929037294253734,
0.169280266202437));
#771=CARTESIAN_POINT('Ctrl Pts',(0.0393196715619646,0.0899552158838722,
0.167106940935844));
#772=CARTESIAN_POINT('Ctrl Pts',(0.0680108684061401,0.0707988906246242,
0.164933615669251));
#773=CARTESIAN_POINT('Ctrl Pts',(0.082337707591755,0.0439714569109971,0.162760290402658));
#774=CARTESIAN_POINT('Ctrl Pts',(0.0966645467773698,0.0171440231973703,
0.160586965136065));
#775=CARTESIAN_POINT('Ctrl Pts',(0.0966270283044244,-0.0173545189706351,
0.158413639869472));
#776=CARTESIAN_POINT('Ctrl Pts',(0.0822417896274904,-0.0441506700658137,
0.15624031460288));
#777=CARTESIAN_POINT('Ctrl Pts',(0.0678565509505561,-0.0709468211609928,
0.154066989336287));
#778=CARTESIAN_POINT('Ctrl Pts',(0.0391235920696323,-0.0900405811833446,
0.151893664069694));
#779=CARTESIAN_POINT('Ctrl Pts',(0.0088471923934754,-0.0929231940974758,
0.149720338803101));
#780=CARTESIAN_POINT('Ctrl Pts',(-0.0214292072826813,-0.095805807011607,
0.147547013536508));
#781=CARTESIAN_POINT('Ctrl Pts',(-0.0532490477540714,-0.0824772728175178,
0.145373688269915));
#782=CARTESIAN_POINT('Ctrl Pts',(-0.0724325110434455,-0.0588771844788339,
0.143200363003322));
#783=CARTESIAN_POINT('Ctrl Pts',(-0.0857496883467926,-0.0424939821321026,
0.141691638667342));
#784=CARTESIAN_POINT('Ctrl Pts',(-0.092977207498128,-0.0211607650359316,
0.140182914331362));
#785=CARTESIAN_POINT('Ctrl Pts',(-0.0931390037450804,7.27746789283644E-5,
0.138674189995382));
#786=CARTESIAN_POINT('Ctrl Pts',(-0.0931680802482642,7.77259665202439E-5,
0.132159143337951));
#787=CARTESIAN_POINT('Ctrl Pts',(-0.0929816874144674,-0.0222366664459145,
0.133745926157084));
#788=CARTESIAN_POINT('Ctrl Pts',(-0.084914474920475,-0.0446721518281189,
0.135332708976216));
#789=CARTESIAN_POINT('Ctrl Pts',(-0.0703086777940179,-0.0613977528110074,
0.136919491795348));
#790=CARTESIAN_POINT('Ctrl Pts',(-0.0503039565738732,-0.0843058475904413,
0.139092817061941));
#791=CARTESIAN_POINT('Ctrl Pts',(-0.0180333689975341,-0.096502651947237,
0.141266142328534));
#792=CARTESIAN_POINT('Ctrl Pts',(0.0121223821862073,-0.0925529158732603,
0.143439467595127));
#793=CARTESIAN_POINT('Ctrl Pts',(0.0422781333699487,-0.0886031797992837,
0.14561279286172));
#794=CARTESIAN_POINT('Ctrl Pts',(0.0703190481610927,-0.0685069032945349,
0.147786118128313));
#795=CARTESIAN_POINT('Ctrl Pts',(0.0837492781806864,-0.0412195704878863,
0.149959443394905));
#796=CARTESIAN_POINT('Ctrl Pts',(0.0971795082002803,-0.0139322376812377,
0.152132768661498));
#797=CARTESIAN_POINT('Ctrl Pts',(0.0959990534483237,0.0205461514273108,
0.154306093928091));
#798=CARTESIAN_POINT('Ctrl Pts',(0.0807339711645368,0.0468510353841185,
0.156479419194684));
#799=CARTESIAN_POINT('Ctrl Pts',(0.06546888888075,0.0731559193409261,0.158652744461277));
#800=CARTESIAN_POINT('Ctrl Pts',(0.0361191790651326,0.0912872981459931,
0.16082606972787));
#801=CARTESIAN_POINT('Ctrl Pts',(0.00576389651113749,0.0931652961803575,
0.162999394994462));
#802=CARTESIAN_POINT('Ctrl Pts',(-0.0245913860428578,0.0950432942147219,
0.165172720261055));
#803=CARTESIAN_POINT('Ctrl Pts',(-0.055952241335231,0.0806679114783837,
0.167346045527648));
#804=CARTESIAN_POINT('Ctrl Pts',(-0.0743433203244057,0.0564452517322125,
0.169519370794241));
#805=CARTESIAN_POINT('Ctrl Pts',(-0.0864906144420948,0.0404462028225404,
0.170954850531033));
#806=CARTESIAN_POINT('Ctrl Pts',(-0.0929797233347811,0.0201511879701245,
0.172390330267826));
#807=CARTESIAN_POINT('Ctrl Pts',(-0.0931145364256829,-6.49676492560682E-5,
0.173825810004618));
#808=CARTESIAN_POINT('Origin',(0.,0.,0.));
#809=CARTESIAN_POINT('',(-0.0933102222106716,4.6824042019978E-5,0.222007523328715));
#810=CARTESIAN_POINT('',(-0.0933321891342136,2.70818039927466E-5,0.215492476671285));
#811=CARTESIAN_POINT('',(-0.0932,-1.14137081680533E-17,0.));
#812=CARTESIAN_POINT('Ctrl Pts',(-0.0933102222106716,4.6824042019978E-5,
0.222007523328715));
#813=CARTESIAN_POINT('Ctrl Pts',(-0.0933248249059602,0.00269642132087718,
0.221818373086032));
#814=CARTESIAN_POINT('Ctrl Pts',(-0.0932206646130966,0.00534471056694457,
0.221629222843348));
#815=CARTESIAN_POINT('Ctrl Pts',(-0.0929937851318656,0.00798235412692614,
0.221440072600665));
#816=CARTESIAN_POINT('Ctrl Pts',(-0.0903869531128585,0.0382887249348228,
0.219266747334072));
#817=CARTESIAN_POINT('Ctrl Pts',(-0.0715788859005855,0.0671896654561876,
0.217093422067479));
#818=CARTESIAN_POINT('Ctrl Pts',(-0.0449223128787763,0.0818227011021574,
0.214920096800886));
#819=CARTESIAN_POINT('Ctrl Pts',(-0.0182657398569667,0.0964557367481275,
0.212746771534293));
#820=CARTESIAN_POINT('Ctrl Pts',(0.0162393389743794,0.0968208675187021,
0.2105734462677));
#821=CARTESIAN_POINT('Ctrl Pts',(0.0432016013340643,0.0827467410244259,
0.208400121001107));
#822=CARTESIAN_POINT('Ctrl Pts',(0.0701638636937484,0.0686726145301501,
0.206226795734515));
#823=CARTESIAN_POINT('Ctrl Pts',(0.0895833095817717,0.0401592307710245,
0.204053470467922));
#824=CARTESIAN_POINT('Ctrl Pts',(0.092813819266535,0.00991748382977725,
0.201880145201329));
#825=CARTESIAN_POINT('Ctrl Pts',(0.0960443289512983,-0.0203242631114709,
0.199706819934736));
#826=CARTESIAN_POINT('Ctrl Pts',(0.0830859024328004,-0.0522943732348407,
0.197533494668143));
#827=CARTESIAN_POINT('Ctrl Pts',(0.0597091461312365,-0.07174839400916,0.195360169401551));
#828=CARTESIAN_POINT('Ctrl Pts',(0.0363323898296729,-0.0912024147834791,
0.193186844134958));
#829=CARTESIAN_POINT('Ctrl Pts',(0.00253730374504363,-0.0981403462087481,
0.191013518868365));
#830=CARTESIAN_POINT('Ctrl Pts',(-0.0266139347771774,-0.0894692175626987,
0.188840193601772));
#831=CARTESIAN_POINT('Ctrl Pts',(-0.0557651732993987,-0.0807980889166492,
0.186666868335179));
#832=CARTESIAN_POINT('Ctrl Pts',(-0.0802725642592116,-0.0565179001992811,
0.184493543068586));
#833=CARTESIAN_POINT('Ctrl Pts',(-0.0892160079942744,-0.0274492461578809,
0.182320217801993));
#834=CARTESIAN_POINT('Ctrl Pts',(-0.0919310955237509,-0.0186244642925855,
0.181660430755345));
#835=CARTESIAN_POINT('Ctrl Pts',(-0.0932117580018328,-0.00935836156444354,
0.181000643708697));
#836=CARTESIAN_POINT('Ctrl Pts',(-0.0931405263777886,-7.30725042878175E-5,
0.180340856662049));
#837=CARTESIAN_POINT('Ctrl Pts',(-0.0931145364256829,-6.49676492560682E-5,
0.173825810004618));
#838=CARTESIAN_POINT('Ctrl Pts',(-0.0931838311944846,-0.0104561976131435,
0.174563655534418));
#839=CARTESIAN_POINT('Ctrl Pts',(-0.0915743057243547,-0.0208265927779319,
0.175301501064219));
#840=CARTESIAN_POINT('Ctrl Pts',(-0.0881914270274014,-0.0305820445218529,
0.176039346594019));
#841=CARTESIAN_POINT('Ctrl Pts',(-0.0782271520552462,-0.0593167442737437,
0.178212671860612));
#842=CARTESIAN_POINT('Ctrl Pts',(-0.0528772994249594,-0.082716207021521,
0.180385997127205));
#843=CARTESIAN_POINT('Ctrl Pts',(-0.0234383277435217,-0.0903528905571996,
0.182559322393798));
#844=CARTESIAN_POINT('Ctrl Pts',(0.00600064393791601,-0.0979895740928781,
0.184732647660391));
#845=CARTESIAN_POINT('Ctrl Pts',(0.0395287346705046,-0.0898634784164578,
0.186905972926983));
#846=CARTESIAN_POINT('Ctrl Pts',(0.0622045362404349,-0.0695959520937796,
0.189079298193576));
#847=CARTESIAN_POINT('Ctrl Pts',(0.0848803378103651,-0.0493284257711016,
0.191252623460169));
#848=CARTESIAN_POINT('Ctrl Pts',(0.0967038502176371,-0.0169194688021659,
0.193425948726762));
#849=CARTESIAN_POINT('Ctrl Pts',(0.0924067922083956,0.0131887917494911,
0.195599273993355));
#850=CARTESIAN_POINT('Ctrl Pts',(0.0881097341991541,0.0432970523011482,
0.197772599259948));
#851=CARTESIAN_POINT('Ctrl Pts',(0.0676921057733989,0.0711046164355265,
0.19994592452654));
#852=CARTESIAN_POINT('Ctrl Pts',(0.0402514088223192,0.0842191691440123,
0.202119249793133));
#853=CARTESIAN_POINT('Ctrl Pts',(0.0128107118712392,0.0973337218524982,
0.204292575059726));
#854=CARTESIAN_POINT('Ctrl Pts',(-0.0216530536051654,0.0957552631350913,
0.206465900326319));
#855=CARTESIAN_POINT('Ctrl Pts',(-0.0477795704845729,0.0801880831468498,
0.208639225592912));
#856=CARTESIAN_POINT('Ctrl Pts',(-0.0739060873639805,0.0646209031586082,
0.210812550859505));
#857=CARTESIAN_POINT('Ctrl Pts',(-0.0916953556463909,0.035065001899532,
0.212985876126097));
#858=CARTESIAN_POINT('Ctrl Pts',(-0.0932243086691789,0.00468965020003923,
0.21515920139269));
#859=CARTESIAN_POINT('Ctrl Pts',(-0.0933024626777635,0.00313698281124422,
0.215270293152222));
#860=CARTESIAN_POINT('Ctrl Pts',(-0.0933381309456356,0.00158217432257617,
0.215381384911753));
#861=CARTESIAN_POINT('Ctrl Pts',(-0.0933321891342136,2.70818039927466E-5,
0.215492476671285));
#862=CARTESIAN_POINT('Origin',(0.,0.,-0.0772134204799233));
#863=CARTESIAN_POINT('',(-0.0702830214505273,3.52687526807068E-5,0.235286579520077));
#864=CARTESIAN_POINT('',(-0.0702,-3.62537351730328E-16,0.241));
#865=CARTESIAN_POINT('',(-0.0702,-3.62537351730328E-16,-0.0772134204799233));
#866=CARTESIAN_POINT('',(-0.0457865898031173,-0.0533675851344107,0.241));
#867=CARTESIAN_POINT('Ctrl Pts',(-0.0702830214505273,3.52687526807078E-5,
0.235286579520077));
#868=CARTESIAN_POINT('Ctrl Pts',(-0.0701722769286751,-0.0200588561982551,
0.237191053013385));
#869=CARTESIAN_POINT('Ctrl Pts',(-0.0609929714779235,-0.0402528605412137,
0.239095526506692));
#870=CARTESIAN_POINT('Ctrl Pts',(-0.0457867152632511,-0.0533677594833569,
0.241));
#871=CARTESIAN_POINT('Origin',(0.,0.,0.241));
#872=CARTESIAN_POINT('Origin',(0.,0.,-0.0772134204799233));
#873=CARTESIAN_POINT('',(-0.0701552033446434,-5.5039590139121E-5,0.19361991285341));
#874=CARTESIAN_POINT('',(-0.0702995673521651,2.03985261823085E-5,0.202213420479923));
#875=CARTESIAN_POINT('',(-0.0702,-3.62537351730328E-16,-0.0772134204799233));
#876=CARTESIAN_POINT('Ctrl Pts',(-0.0701552033446434,-5.50395901391331E-5,
0.19361991285341));
#877=CARTESIAN_POINT('Ctrl Pts',(-0.07020885634902,-0.00704889465476303,
0.194279699900058));
#878=CARTESIAN_POINT('Ctrl Pts',(-0.0660668010582303,-0.0370183132072498,
0.197112812213299));
#879=CARTESIAN_POINT('Ctrl Pts',(-0.0235439519338939,-0.0791469430247639,
0.202119249793133));
#880=CARTESIAN_POINT('Ctrl Pts',(0.0528213391543351,-0.0634696001260337,
0.208639225592912));
#881=CARTESIAN_POINT('Ctrl Pts',(0.0821029338409836,0.00877187189093612,
0.21515920139269));
#882=CARTESIAN_POINT('Ctrl Pts',(0.0382216537549554,0.073202329183554,0.221679177192469));
#883=CARTESIAN_POINT('Ctrl Pts',(-0.0397479771665186,0.0723772590088432,
0.228199152992247));
#884=CARTESIAN_POINT('Ctrl Pts',(-0.0693141158584945,0.0269452001939092,
0.232734953768117));
#885=CARTESIAN_POINT('Ctrl Pts',(-0.0702940204763777,0.00203099545842921,
0.235097429277393));
#886=CARTESIAN_POINT('Ctrl Pts',(-0.0702830214505273,3.52687526807078E-5,
0.235286579520077));
#887=CARTESIAN_POINT('',(-0.06368276537052,0.02953887937555,0.241));
#888=CARTESIAN_POINT('Origin',(0.,0.,0.241));
#889=CARTESIAN_POINT('Ctrl Pts',(-0.0702995673521651,2.03985261823065E-5,
0.202213420479923));
#890=CARTESIAN_POINT('Ctrl Pts',(-0.0702164874344691,-0.0217233003688322,
0.204275653986985));
#891=CARTESIAN_POINT('Ctrl Pts',(-0.0478636527711176,-0.0665334386441097,
0.208511212760639));
#892=CARTESIAN_POINT('Ctrl Pts',(0.0279648277088341,-0.0776938644921019,
0.214920096800886));
#893=CARTESIAN_POINT('Ctrl Pts',(0.0801363427789915,-0.01982096114467,0.221440072600665));
#894=CARTESIAN_POINT('Ctrl Pts',(0.060977684308994,0.055753078396576,0.227960048400443));
#895=CARTESIAN_POINT('Ctrl Pts',(-0.0127124441814498,0.0815673211363809,
0.234480024200221));
#896=CARTESIAN_POINT('Ctrl Pts',(-0.054001996432293,0.0504096148242894,
0.238826674733407));
#897=CARTESIAN_POINT('Ctrl Pts',(-0.06368276537052,0.02953887937555,0.241));
#898=CARTESIAN_POINT('Origin',(0.,0.,-0.0772134204799233));
#899=CARTESIAN_POINT('',(-0.070154056468934,5.48152624555571E-5,0.151953246186743));
#900=CARTESIAN_POINT('',(-0.07013562722192,-4.89348602766739E-5,0.160546753813257));
#901=CARTESIAN_POINT('',(-0.0702,-3.62537351730328E-16,-0.0772134204799233));
#902=CARTESIAN_POINT('Ctrl Pts',(-0.070154056468934,5.48152624555518E-5,
0.151953246186743));
#903=CARTESIAN_POINT('Ctrl Pts',(-0.0700321884803499,-0.015938687827493,
0.153461970522723));
#904=CARTESIAN_POINT('Ctrl Pts',(-0.0567463126243721,-0.0551541458586192,
0.157144020125296));
#905=CARTESIAN_POINT('Ctrl Pts',(0.00782642113570131,-0.0822020467021445,
0.162999394994462));
#906=CARTESIAN_POINT('Ctrl Pts',(0.0727530428129808,-0.0390567048490627,
0.169519370794241));
#907=CARTESIAN_POINT('Ctrl Pts',(0.0728378216799586,0.0388981554576119,
0.176039346594019));
#908=CARTESIAN_POINT('Ctrl Pts',(0.00800556786683262,0.0821848732644531,
0.182559322393798));
#909=CARTESIAN_POINT('Ctrl Pts',(-0.0566794213563242,0.0552553532627159,
0.188419511146928));
#910=CARTESIAN_POINT('Ctrl Pts',(-0.0700321244313009,0.0159887233161416,
0.192106374633465));
#911=CARTESIAN_POINT('Ctrl Pts',(-0.0701552033446434,-5.50395901391331E-5,
0.19361991285341));
#912=CARTESIAN_POINT('Ctrl Pts',(-0.07013562722192,-4.89348602766725E-5,
0.160546753813257));
#913=CARTESIAN_POINT('Ctrl Pts',(-0.0701878213503521,-0.00787580549831209,
0.161284599343057));
#914=CARTESIAN_POINT('Ctrl Pts',(-0.0654045910794875,-0.0386948195453761,
0.16419577013945));
#915=CARTESIAN_POINT('Ctrl Pts',(-0.0207341927573606,-0.0799283263712955,
0.169280266202437));
#916=CARTESIAN_POINT('Ctrl Pts',(0.0550277805074799,-0.0615661402183544,
0.175800242002215));
#917=CARTESIAN_POINT('Ctrl Pts',(0.0817448589728393,0.0116669749925671,
0.182320217801994));
#918=CARTESIAN_POINT('Ctrl Pts',(0.0356080290751564,0.0745025222747568,
0.188840193601772));
#919=CARTESIAN_POINT('Ctrl Pts',(-0.0422682478489939,0.0709357475334918,
0.19536016940155));
#920=CARTESIAN_POINT('Ctrl Pts',(-0.0697515880227212,0.0252736733239827,
0.199817911694268));
#921=CARTESIAN_POINT('Ctrl Pts',(-0.0703040428367342,0.00119172357773368,
0.202102328720392));
#922=CARTESIAN_POINT('Ctrl Pts',(-0.0702995673521651,2.03985261823065E-5,
0.202213420479923));
#923=CARTESIAN_POINT('Origin',(0.,0.,-0.0772134204799233));
#924=CARTESIAN_POINT('',(-0.0702882230355298,-3.20331721871209E-5,0.110286579520077));
#925=CARTESIAN_POINT('',(-0.0701759574402161,5.85446657689689E-5,0.11888008714659));
#926=CARTESIAN_POINT('',(-0.0702,-3.62537351730328E-16,-0.0772134204799233));
#927=CARTESIAN_POINT('Ctrl Pts',(-0.0702882230355298,-3.203317218713E-5,
0.110286579520077));
#928=CARTESIAN_POINT('Ctrl Pts',(-0.0702994435413229,-0.00197648875385924,
0.110470915878796));
#929=CARTESIAN_POINT('Ctrl Pts',(-0.069354156405837,-0.0268350098861706,
0.112828577504108));
#930=CARTESIAN_POINT('Ctrl Pts',(-0.0398930876702592,-0.0722977809264673,
0.117359564396013));
#931=CARTESIAN_POINT('Ctrl Pts',(0.0380556702338655,-0.0732816070401601,
0.123879540195791));
#932=CARTESIAN_POINT('Ctrl Pts',(0.0820870175200587,-0.00895262654189973,
0.13039951599557));
#933=CARTESIAN_POINT('Ctrl Pts',(0.0529576684445793,0.063355449044833,0.136919491795348));
#934=CARTESIAN_POINT('Ctrl Pts',(-0.0233706099482614,0.079197491006027,
0.143439467595127));
#935=CARTESIAN_POINT('Ctrl Pts',(-0.0660271631383315,0.0371217726880481,
0.148450719058925));
#936=CARTESIAN_POINT('Ctrl Pts',(-0.0702077399528504,0.00710003670142025,
0.151288645256131));
#937=CARTESIAN_POINT('Ctrl Pts',(-0.070154056468934,5.48152624555518E-5,
0.151953246186743));
#938=CARTESIAN_POINT('Ctrl Pts',(-0.0701759574402161,5.85446657689696E-5,
0.11888008714659));
#939=CARTESIAN_POINT('Ctrl Pts',(-0.0700355628379355,-0.0167490770869446,
0.120466869965722));
#940=CARTESIAN_POINT('Ctrl Pts',(-0.0556367218405382,-0.056793266694986,
0.124226978051447));
#941=CARTESIAN_POINT('Ctrl Pts',(0.0107237418909021,-0.0818744831817928,
0.130160411403766));
#942=CARTESIAN_POINT('Ctrl Pts',(0.0740865815369853,-0.0364637982901607,
0.136680387203544));
#943=CARTESIAN_POINT('Ctrl Pts',(0.0714191591039159,0.0414455230216451,
0.143200363003323));
#944=CARTESIAN_POINT('Ctrl Pts',(0.00509889207420569,0.0824162137549829,
0.149720338803101));
#945=CARTESIAN_POINT('Ctrl Pts',(-0.0577463265298172,0.0536088339128465,
0.155502469073079));
#946=CARTESIAN_POINT('Ctrl Pts',(-0.0700340834560261,0.0151782553165529,
0.159111274076464));
#947=CARTESIAN_POINT('Ctrl Pts',(-0.07013562722192,-4.89348602766725E-5,
0.160546753813257));
#948=CARTESIAN_POINT('Origin',(0.,0.,-0.0772134204799233));
#949=CARTESIAN_POINT('',(-0.0700932468982936,-8.67228461412786E-6,0.0686199128534099));
#950=CARTESIAN_POINT('',(-0.0702706926655628,-4.2851557434671E-5,0.0772134204799233));
#951=CARTESIAN_POINT('',(-0.0702,-3.62537351730328E-16,-0.0772134204799233));
#952=CARTESIAN_POINT('Ctrl Pts',(-0.0700932468982936,-8.67228461413274E-6,
0.0686199128534099));
#953=CARTESIAN_POINT('Ctrl Pts',(-0.0701057794774788,-0.0109860969170626,
0.0696531865014612));
#954=CARTESIAN_POINT('Ctrl Pts',(-0.0625568691426294,-0.045036503536518,
0.0728597854161052));
#955=CARTESIAN_POINT('Ctrl Pts',(-0.0098986152890076,-0.0819782421161017,
0.0782397095973419));
#956=CARTESIAN_POINT('Ctrl Pts',(0.062740543786422,-0.0536847799436516,
0.0847596853971204));
#957=CARTESIAN_POINT('Ctrl Pts',(0.0794617276003365,0.0224558054093988,
0.091279661196899));
#958=CARTESIAN_POINT('Ctrl Pts',(0.0253620159391093,0.078582403596074,0.0977996369966774));
#959=CARTESIAN_POINT('Ctrl Pts',(-0.0491731713659373,0.065065148777261,
0.104135276437737));
#960=CARTESIAN_POINT('Ctrl Pts',(-0.0701671538025346,0.020948638306131,
0.108297590612203));
#961=CARTESIAN_POINT('Ctrl Pts',(-0.0702882230355298,-3.203317218713E-5,
0.110286579520077));
#962=CARTESIAN_POINT('Ctrl Pts',(-0.0702706926655628,-4.28515574346788E-5,
0.0772134204799233));
#963=CARTESIAN_POINT('Ctrl Pts',(-0.0702908034515843,-0.00281252521053526,
0.0774758153217947));
#964=CARTESIAN_POINT('Ctrl Pts',(-0.0688983893767302,-0.0285020638606164,
0.079911535430259));
#965=CARTESIAN_POINT('Ctrl Pts',(-0.0373157100203727,-0.073661152932354,
0.0845205808053161));
#966=CARTESIAN_POINT('Ctrl Pts',(0.0406191914138548,-0.0718923600841322,
0.0910405566050944));
#967=CARTESIAN_POINT('Ctrl Pts',(0.0823519288338329,-0.00604892170355014,
0.0975605324048732));
#968=CARTESIAN_POINT('Ctrl Pts',(0.0506878646928707,0.0651856548004519,
0.104080508204651));
#969=CARTESIAN_POINT('Ctrl Pts',(-0.0261521510497397,0.0783230145471303,
0.11060048400443));
#970=CARTESIAN_POINT('Ctrl Pts',(-0.0666557147544539,0.0354459630558413,
0.115533676985076));
#971=CARTESIAN_POINT('Ctrl Pts',(-0.0702278532590005,0.0062713568288206,
0.118293544699129));
#972=CARTESIAN_POINT('Ctrl Pts',(-0.0701759574402161,5.85446657689696E-5,
0.11888008714659));
#973=CARTESIAN_POINT('Origin',(0.,0.,-0.0772134204799233));
#974=CARTESIAN_POINT('',(-0.0702625956805157,5.07159868234203E-5,0.0269532461867433));
#975=CARTESIAN_POINT('',(-0.0700922884045449,4.43422147262153E-6,0.0355467538132566));
#976=CARTESIAN_POINT('',(-0.0702,-3.62537351730328E-16,-0.0772134204799233));
#977=CARTESIAN_POINT('Ctrl Pts',(-0.0702625956805156,5.07159868234213E-5,
0.0269532461867433));
#978=CARTESIAN_POINT('Ctrl Pts',(-0.0701099323195488,-0.0198214974604313,
0.0288354571241263));
#979=CARTESIAN_POINT('Ctrl Pts',(-0.0510149509026283,-0.0629099611662139,
0.0328909933281023));
#980=CARTESIAN_POINT('Ctrl Pts',(0.0215385800950934,-0.0797115239426218,
0.0391198547986709));
#981=CARTESIAN_POINT('Ctrl Pts',(0.0782844058834846,-0.0262685326138667,
0.0456398305984495));
#982=CARTESIAN_POINT('Ctrl Pts',(0.0652597762853782,0.0505936543650794,
0.0521598063982279));
#983=CARTESIAN_POINT('Ctrl Pts',(-0.0059287275263504,0.0823601141782541,
0.0586797821980065));
#984=CARTESIAN_POINT('Ctrl Pts',(-0.0613885279644277,0.0473227782432994,
0.0641664843497337));
#985=CARTESIAN_POINT('Ctrl Pts',(-0.0700794192087831,0.0121031537967398,
0.0674798612348683));
#986=CARTESIAN_POINT('Ctrl Pts',(-0.0700932468982936,-8.67228461413274E-6,
0.0686199128534099));
#987=CARTESIAN_POINT('Ctrl Pts',(-0.0700922884045449,4.43422147261743E-6,
0.0355467538132566));
#988=CARTESIAN_POINT('Ctrl Pts',(-0.0700861213205741,-0.0118028226686402,
0.0366580859444599));
#989=CARTESIAN_POINT('Ctrl Pts',(-0.0617105517330311,-0.0467089926374116,
0.0399427433422561));
#990=CARTESIAN_POINT('Ctrl Pts',(-0.00699800115984264,-0.0822761706311945,
0.045400726006645));
#991=CARTESIAN_POINT('Ctrl Pts',(0.064596719788429,-0.0514364660677681,
0.0519207018064235));
#992=CARTESIAN_POINT('Ctrl Pts',(0.0786194289993152,0.0252473659940465,
0.0584406776062021));
#993=CARTESIAN_POINT('Ctrl Pts',(0.022571794095151,0.0794287768747354,0.0649606534059806));
#994=CARTESIAN_POINT('Ctrl Pts',(-0.0505278061998901,0.0634873967819358,
0.0712182343638876));
#995=CARTESIAN_POINT('Ctrl Pts',(-0.0701242328014907,0.0201277189176241,
0.0753024900552018));
#996=CARTESIAN_POINT('Ctrl Pts',(-0.0702706926655628,-4.28515574346788E-5,
0.0772134204799233));
#997=CARTESIAN_POINT('Ctrl Pts',(-0.0331136615655607,0.0618993167791173,
-0.0132790561913614));
#998=CARTESIAN_POINT('Ctrl Pts',(-0.0533999078904212,0.0510469854418567,
-0.0111057309247686));
#999=CARTESIAN_POINT('Ctrl Pts',(-0.0821583921182681,0.00805187673607083,
-0.00675908039158289));
#1000=CARTESIAN_POINT('Ctrl Pts',(-0.0521940639936948,-0.0640504755501798,
-0.000239104591804403));
#1001=CARTESIAN_POINT('Ctrl Pts',(0.0243474462374085,-0.0788790580344811,
0.00628087120797409));
#1002=CARTESIAN_POINT('Ctrl Pts',(0.0791588442674076,-0.0234999051647063,
0.0128008470077526));
#1003=CARTESIAN_POINT('Ctrl Pts',(0.0634350509486295,0.0528722031110012,
0.0193208228075311));
#1004=CARTESIAN_POINT('Ctrl Pts',(-0.00883393692939621,0.0820963019417462,
0.0258407986073096));
#1005=CARTESIAN_POINT('Ctrl Pts',(-0.0732253250984954,0.0381646016431314,
0.032360774407088));
#1006=CARTESIAN_POINT('Ctrl Pts',(-0.0723563079952274,-0.0397884688473635,
0.0388807502068666));
#1007=CARTESIAN_POINT('Ctrl Pts',(-0.00699800115984264,-0.0822761706311945,
0.045400726006645));
#1008=CARTESIAN_POINT('Ctrl Pts',(0.064596719788429,-0.0514364660677681,
0.0519207018064235));
#1009=CARTESIAN_POINT('Ctrl Pts',(0.0786194289993152,0.0252473659940465,
0.0584406776062021));
#1010=CARTESIAN_POINT('Ctrl Pts',(0.022571794095151,0.0794287768747354,
0.0649606534059806));
#1011=CARTESIAN_POINT('Ctrl Pts',(-0.0535930415023665,0.0628189378459988,
0.071480629205759));
#1012=CARTESIAN_POINT('Ctrl Pts',(-0.0819927067386064,-0.00977890749359544,
0.0780006050055375));
#1013=CARTESIAN_POINT('Ctrl Pts',(-0.0373157100203727,-0.073661152932354,
0.0845205808053161));
#1014=CARTESIAN_POINT('Ctrl Pts',(0.0406191914138548,-0.0718923600841322,
0.0910405566050944));
#1015=CARTESIAN_POINT('Ctrl Pts',(0.0823519288338329,-0.00604892170355014,
0.0975605324048732));
#1016=CARTESIAN_POINT('Ctrl Pts',(0.0506878646928707,0.0651856548004519,
0.104080508204651));
#1017=CARTESIAN_POINT('Ctrl Pts',(-0.0261521510497397,0.0783230145471303,
0.11060048400443));
#1018=CARTESIAN_POINT('Ctrl Pts',(-0.079683860876533,0.0216543743407129,
0.117120459804209));
#1019=CARTESIAN_POINT('Ctrl Pts',(-0.0621967060015545,-0.0543138930794198,
0.123640435603987));
#1020=CARTESIAN_POINT('Ctrl Pts',(0.0107237418909021,-0.0818744831817928,
0.130160411403766));
#1021=CARTESIAN_POINT('Ctrl Pts',(0.0740865815369853,-0.0364637982901607,
0.136680387203544));
#1022=CARTESIAN_POINT('Ctrl Pts',(0.0714191591039159,0.0414455230216451,
0.143200363003323));
#1023=CARTESIAN_POINT('Ctrl Pts',(0.00509889207420569,0.0824162137549829,
0.149720338803101));
#1024=CARTESIAN_POINT('Ctrl Pts',(-0.0657658732109207,0.049932784524588,
0.156240314602879));
#1025=CARTESIAN_POINT('Ctrl Pts',(-0.0780161558897467,-0.0270535747116187,
0.162760290402658));
#1026=CARTESIAN_POINT('Ctrl Pts',(-0.0207341927573606,-0.0799283263712955,
0.169280266202437));
#1027=CARTESIAN_POINT('Ctrl Pts',(0.0550277805074799,-0.0615661402183544,
0.175800242002215));
#1028=CARTESIAN_POINT('Ctrl Pts',(0.0817448589728393,0.0116669749925671,
0.182320217801994));
#1029=CARTESIAN_POINT('Ctrl Pts',(0.0356080290751564,0.0745025222747568,
0.188840193601772));
#1030=CARTESIAN_POINT('Ctrl Pts',(-0.0422682478489939,0.0709357475334918,
0.19536016940155));
#1031=CARTESIAN_POINT('Ctrl Pts',(-0.0824658862639682,0.00414955863690996,
0.201880145201329));
#1032=CARTESIAN_POINT('Ctrl Pts',(-0.0491780655871732,-0.0663399835376063,
0.208400121001108));
#1033=CARTESIAN_POINT('Ctrl Pts',(0.0279648277088341,-0.0776938644921019,
0.214920096800886));
#1034=CARTESIAN_POINT('Ctrl Pts',(0.0801363427789915,-0.01982096114467,
0.221440072600665));
#1035=CARTESIAN_POINT('Ctrl Pts',(0.060977684308994,0.055753078396576,0.227960048400443));
#1036=CARTESIAN_POINT('Ctrl Pts',(-0.0127124441814498,0.0815673211363809,
0.234480024200221));
#1037=CARTESIAN_POINT('Ctrl Pts',(-0.054001996432293,0.0504096148242894,
0.238826674733407));
#1038=CARTESIAN_POINT('Ctrl Pts',(-0.06368276537052,0.02953887937555,0.241));
#1039=CARTESIAN_POINT('Ctrl Pts',(-0.0367300633509733,0.0686594510902269,
-0.00885270412757426));
#1040=CARTESIAN_POINT('Ctrl Pts',(-0.0592318066628793,0.0566219173752029,
-0.00667937886098143));
#1041=CARTESIAN_POINT('Ctrl Pts',(-0.0911310560248215,0.00893123649357147,
-0.00233272832779576));
#1042=CARTESIAN_POINT('Ctrl Pts',(-0.0578942704127594,-0.0710455417308737,
0.00418724747198273));
#1043=CARTESIAN_POINT('Ctrl Pts',(0.0270064740791009,-0.0874935800420456,
0.0107072232717612));
#1044=CARTESIAN_POINT('Ctrl Pts',(0.0878039222263362,-0.0260663715407189,
0.0172271990715397));
#1045=CARTESIAN_POINT('Ctrl Pts',(0.0703629055156689,0.0586464703073593,
0.0237471748713182));
#1046=CARTESIAN_POINT('Ctrl Pts',(-0.00979870686945369,0.0910621848698571,
0.0302671506710968));
#1047=CARTESIAN_POINT('Ctrl Pts',(-0.0812223928917783,0.0423326255642712,
0.0367871264708752));
#1048=CARTESIAN_POINT('Ctrl Pts',(-0.0802584688873937,-0.0441338381896682,
0.0433071022706537));
#1049=CARTESIAN_POINT('Ctrl Pts',(-0.0077622652941085,-0.091261697338305,
0.0498270780704322));
#1050=CARTESIAN_POINT('Ctrl Pts',(0.0716514422724454,-0.0570539338719403,
0.0563470538702107));
#1051=CARTESIAN_POINT('Ctrl Pts',(0.0872055964588796,0.0280046756705092,
0.0628670296699892));
#1052=CARTESIAN_POINT('Ctrl Pts',(0.0250368998130451,0.0881033346530779,
0.0693870054697677));
#1053=CARTESIAN_POINT('Ctrl Pts',(-0.059446032739567,0.0696795056069578,
0.0759069812695462));
#1054=CARTESIAN_POINT('Ctrl Pts',(-0.0909472758506101,-0.010846879347122,
0.0824269570693246));
#1055=CARTESIAN_POINT('Ctrl Pts',(-0.0413910249798626,-0.0817058182573499,
0.0889469328691033));
#1056=CARTESIAN_POINT('Ctrl Pts',(0.0450552854429081,-0.0797438524010128,
0.0954669086688815));
#1057=CARTESIAN_POINT('Ctrl Pts',(0.0913457292287911,-0.00670953518494451,
0.10198688446866));
#1058=CARTESIAN_POINT('Ctrl Pts',(0.0562235764114652,0.0723046959230083,
0.108506860268439));
#1059=CARTESIAN_POINT('Ctrl Pts',(-0.0290082739089228,0.0868768100579756,
0.115026836068217));
#1060=CARTESIAN_POINT('Ctrl Pts',(-0.08838627683171,0.0240192870179988,
0.121546811867996));
#1061=CARTESIAN_POINT('Ctrl Pts',(-0.0689893187177737,-0.060245609797495,
0.128066787667774));
#1062=CARTESIAN_POINT('Ctrl Pts',(0.0118949007868695,-0.090816140889206,
0.134586763467553));
#1063=CARTESIAN_POINT('Ctrl Pts',(0.0821777086754023,-0.0404460744567026,
0.141106739267331));
#1064=CARTESIAN_POINT('Ctrl Pts',(0.0792189723013998,0.0459718621930499,
0.14762671506711));
#1065=CARTESIAN_POINT('Ctrl Pts',(0.00565575113264217,0.091417034820342,
0.154146690866888));
#1066=CARTESIAN_POINT('Ctrl Pts',(-0.0729482810164818,0.0553860325970739,
0.160666666666667));
#1067=CARTESIAN_POINT('Ctrl Pts',(-0.0865364388216754,-0.0300081436497347,
0.167186642466445));
#1068=CARTESIAN_POINT('Ctrl Pts',(-0.0229986107697979,-0.0886574408372964,
0.173706618266224));
#1069=CARTESIAN_POINT('Ctrl Pts',(0.0610374621393509,-0.0682898877255822,
0.180226594066002));
#1070=CARTESIAN_POINT('Ctrl Pts',(0.0906723601901959,0.0129411460506347,
0.186746569865781));
#1071=CARTESIAN_POINT('Ctrl Pts',(0.0394968451659855,0.0826390750398062,
0.193266545665559));
#1072=CARTESIAN_POINT('Ctrl Pts',(-0.0468844382598526,0.0786827664948893,
0.199786521465338));
#1073=CARTESIAN_POINT('Ctrl Pts',(-0.0914721321522459,0.00460273930475864,
0.206306497265116));
#1074=CARTESIAN_POINT('Ctrl Pts',(-0.0545488894642149,-0.0735850909514948,
0.212826473064895));
#1075=CARTESIAN_POINT('Ctrl Pts',(0.0310189162050505,-0.0861789494081435,
0.219346448864673));
#1076=CARTESIAN_POINT('Ctrl Pts',(0.0888881750862888,-0.021985643510897,
0.225866424664452));
#1077=CARTESIAN_POINT('Ctrl Pts',(0.0676371655013343,0.0618419710989561,
0.23238640046423));
#1078=CARTESIAN_POINT('Ctrl Pts',(-0.0141007927862613,0.0904754331313323,
0.238906376264009));
#1079=CARTESIAN_POINT('Ctrl Pts',(-0.0598996503636451,0.0559149383805983,
0.243253026797194));
#1080=CARTESIAN_POINT('Ctrl Pts',(-0.0706376732694847,0.032764872849613,
0.245426352063787));
#1081=CARTESIAN_POINT('Ctrl Pts',(-0.0403464651363859,0.0754195854013366,
-0.00442635206378713));
#1082=CARTESIAN_POINT('Ctrl Pts',(-0.0650637054353375,0.0621968493085492,
-0.0022530267971943));
#1083=CARTESIAN_POINT('Ctrl Pts',(-0.100103719931375,0.00981059625107212,
0.00209362373599139));
#1084=CARTESIAN_POINT('Ctrl Pts',(-0.0635944768318239,-0.0780406079115675,
0.00861359953576985));
#1085=CARTESIAN_POINT('Ctrl Pts',(0.0296655019207931,-0.0961081020496101,
0.0151335753355484));
#1086=CARTESIAN_POINT('Ctrl Pts',(0.0964490001852648,-0.0286328379167314,
0.0216535511353268));
#1087=CARTESIAN_POINT('Ctrl Pts',(0.0772907600827082,0.0644207375037174,
0.0281735269351053));
#1088=CARTESIAN_POINT('Ctrl Pts',(-0.0107634768095112,0.100028067797968,
0.0346935027348839));
#1089=CARTESIAN_POINT('Ctrl Pts',(-0.0892194606850612,0.0465006494854108,
0.0412134785346623));
#1090=CARTESIAN_POINT('Ctrl Pts',(-0.0881606297795601,-0.0484792075319728,
0.0477334543344409));
#1091=CARTESIAN_POINT('Ctrl Pts',(-0.00852652942837435,-0.100247224045416,
0.0542534301342193));
#1092=CARTESIAN_POINT('Ctrl Pts',(0.0787061647564619,-0.0626714016761125,
0.0607734059339978));
#1093=CARTESIAN_POINT('Ctrl Pts',(0.0957917639184439,0.030761985346972,
0.0672933817337763));
#1094=CARTESIAN_POINT('Ctrl Pts',(0.0275020055309391,0.0967778924314203,
0.0738133575335548));
#1095=CARTESIAN_POINT('Ctrl Pts',(-0.0652990239767675,0.0765400733679169,
0.0803333333333334));
#1096=CARTESIAN_POINT('Ctrl Pts',(-0.0999018449626136,-0.0119148512006484,
0.0868533091331117));
#1097=CARTESIAN_POINT('Ctrl Pts',(-0.0454663399393525,-0.0897504835823458,
0.0933732849328904));
#1098=CARTESIAN_POINT('Ctrl Pts',(0.0494913794719616,-0.0875953447178933,
0.0998932607326686));
#1099=CARTESIAN_POINT('Ctrl Pts',(0.100339529623749,-0.00737014866633892,
0.106413236532447));
#1100=CARTESIAN_POINT('Ctrl Pts',(0.06175928813006,0.0794237370455647,0.112933212332226));
#1101=CARTESIAN_POINT('Ctrl Pts',(-0.0318643967681062,0.0954306055688208,
0.119453188132004));
#1102=CARTESIAN_POINT('Ctrl Pts',(-0.0970886927868869,0.0263841996952847,
0.125973163931783));
#1103=CARTESIAN_POINT('Ctrl Pts',(-0.0757819314339929,-0.0661773265155704,
0.132493139731561));
#1104=CARTESIAN_POINT('Ctrl Pts',(0.0130660596828369,-0.0997577985966192,
0.13901311553134));
#1105=CARTESIAN_POINT('Ctrl Pts',(0.0902688358138196,-0.0444283506232445,
0.145533091331118));
#1106=CARTESIAN_POINT('Ctrl Pts',(0.0870187854988835,0.0504982013644547,
0.152053067130897));
#1107=CARTESIAN_POINT('Ctrl Pts',(0.00621261019107873,0.100417855885701,
0.158573042930675));
#1108=CARTESIAN_POINT('Ctrl Pts',(-0.0801306888220429,0.0608392806695599,
0.165093018730454));
#1109=CARTESIAN_POINT('Ctrl Pts',(-0.0950567217536041,-0.0329627125878507,
0.171612994530232));
#1110=CARTESIAN_POINT('Ctrl Pts',(-0.0252630287822352,-0.0973865553032973,
0.178132970330011));
#1111=CARTESIAN_POINT('Ctrl Pts',(0.0670471437712219,-0.0750136352328099,
0.184652946129789));
#1112=CARTESIAN_POINT('Ctrl Pts',(0.0995998614075526,0.0142153171087023,
0.191172921929568));
#1113=CARTESIAN_POINT('Ctrl Pts',(0.0433856612568146,0.0907756278048557,
0.197692897729347));
#1114=CARTESIAN_POINT('Ctrl Pts',(-0.0515006286707113,0.0864297854562868,
0.204212873529124));
#1115=CARTESIAN_POINT('Ctrl Pts',(-0.100478378040523,0.00505591997260742,
0.210732849328904));
#1116=CARTESIAN_POINT('Ctrl Pts',(-0.0599197133412567,-0.0808301983653835,
0.217252825128681));
#1117=CARTESIAN_POINT('Ctrl Pts',(0.0340730047012669,-0.094664034324185,
0.223772800928461));
#1118=CARTESIAN_POINT('Ctrl Pts',(0.0976400073935861,-0.0241503258771242,
0.230292776728239));
#1119=CARTESIAN_POINT('Ctrl Pts',(0.0742966466936747,0.0679308638013363,
0.236812752528017));
#1120=CARTESIAN_POINT('Ctrl Pts',(-0.0154891413910731,0.0993835451262836,
0.243332728327796));
#1121=CARTESIAN_POINT('Ctrl Pts',(-0.0657973042949971,0.0614202619369073,
0.247679378860981));
#1122=CARTESIAN_POINT('Ctrl Pts',(-0.0775925811684494,0.035990866323676,
0.249852704127574));
#1123=CARTESIAN_POINT('Ctrl Pts',(-0.0439628669217985,0.0821797197124463,
0.));
#1124=CARTESIAN_POINT('Ctrl Pts',(-0.0708956042077956,0.0677717812418954,
0.00217332526659283));
#1125=CARTESIAN_POINT('Ctrl Pts',(-0.109076383837929,0.0106899560085728,
0.00651997579977852));
#1126=CARTESIAN_POINT('Ctrl Pts',(-0.0692946832508883,-0.0850356740922615,
0.013039951599557));
#1127=CARTESIAN_POINT('Ctrl Pts',(0.0323245297624853,-0.104722624057174,
0.0195599273993355));
#1128=CARTESIAN_POINT('Ctrl Pts',(0.105094078144193,-0.0311993042927442,
0.026079903199114));
#1129=CARTESIAN_POINT('Ctrl Pts',(0.0842186146497475,0.0701950047000756,
0.0325998789988925));
#1130=CARTESIAN_POINT('Ctrl Pts',(-0.0117282467495686,0.108993950726079,
0.039119854798671));
#1131=CARTESIAN_POINT('Ctrl Pts',(-0.0972165284783443,0.0506686734065507,
0.0456398305984495));
#1132=CARTESIAN_POINT('Ctrl Pts',(-0.0960627906717264,-0.0528245768742775,
0.0521598063982279));
#1133=CARTESIAN_POINT('Ctrl Pts',(-0.00929079356264031,-0.109232750752526,
0.0586797821980065));
#1134=CARTESIAN_POINT('Ctrl Pts',(0.0857608872404784,-0.0682888694802848,
0.0651997579977849));
#1135=CARTESIAN_POINT('Ctrl Pts',(0.104377931378008,0.0335192950234349,
0.0717197337975635));
#1136=CARTESIAN_POINT('Ctrl Pts',(0.0299671112488332,0.105452450209763,
0.078239709597342));
#1137=CARTESIAN_POINT('Ctrl Pts',(-0.0711520152139681,0.0834006411288759,
0.0847596853971204));
#1138=CARTESIAN_POINT('Ctrl Pts',(-0.108856414074617,-0.0129828230541749,
0.0912796611968989));
#1139=CARTESIAN_POINT('Ctrl Pts',(-0.0495416548988425,-0.0977951489073418,
0.0977996369966775));
#1140=CARTESIAN_POINT('Ctrl Pts',(0.053927473501015,-0.0954468370347738,
0.104319612796456));
#1141=CARTESIAN_POINT('Ctrl Pts',(0.109333330018707,-0.00803076214773338,
0.110839588596235));
#1142=CARTESIAN_POINT('Ctrl Pts',(0.0672949998486546,0.0865427781681212,
0.117359564396013));
#1143=CARTESIAN_POINT('Ctrl Pts',(-0.0347205196272895,0.103984401079666,
0.123879540195791));
#1144=CARTESIAN_POINT('Ctrl Pts',(-0.105791108742064,0.0287491123725705,
0.13039951599557));
#1145=CARTESIAN_POINT('Ctrl Pts',(-0.0825745441502121,-0.0721090432336455,
0.136919491795348));
#1146=CARTESIAN_POINT('Ctrl Pts',(0.0142372185788043,-0.108699456304033,
0.143439467595127));
#1147=CARTESIAN_POINT('Ctrl Pts',(0.0983599629522368,-0.0484106267897861,
0.149959443394906));
#1148=CARTESIAN_POINT('Ctrl Pts',(0.0948185986963672,0.0550245405358592,
0.156479419194684));
#1149=CARTESIAN_POINT('Ctrl Pts',(0.00676946924951531,0.10941867695106,
0.162999394994463));
#1150=CARTESIAN_POINT('Ctrl Pts',(-0.087313096627604,0.0662925287420456,
0.169519370794241));
#1151=CARTESIAN_POINT('Ctrl Pts',(-0.103577004685533,-0.0359172815259665,
0.176039346594019));
#1152=CARTESIAN_POINT('Ctrl Pts',(-0.0275274467946726,-0.106115669769298,
0.182559322393798));
#1153=CARTESIAN_POINT('Ctrl Pts',(0.0730568254030929,-0.0817373827400375,
0.189079298193576));
#1154=CARTESIAN_POINT('Ctrl Pts',(0.108527362624909,0.0154894881667698,
0.195599273993355));
#1155=CARTESIAN_POINT('Ctrl Pts',(0.0472744773476436,0.098912180569905,
0.202119249793133));
#1156=CARTESIAN_POINT('Ctrl Pts',(-0.05611681908157,0.0941768044176844,
0.208639225592912));
#1157=CARTESIAN_POINT('Ctrl Pts',(-0.109484623928801,0.00550910064045604,
0.21515920139269));
#1158=CARTESIAN_POINT('Ctrl Pts',(-0.0652905372182984,-0.088075305779272,
0.221679177192469));
#1159=CARTESIAN_POINT('Ctrl Pts',(0.0371270931974832,-0.103149119240227,
0.228199152992247));
#1160=CARTESIAN_POINT('Ctrl Pts',(0.106391839700883,-0.0263150082433511,
0.234719128792026));
#1161=CARTESIAN_POINT('Ctrl Pts',(0.0809561278860149,0.0740197565037162,
0.241239104591804));
#1162=CARTESIAN_POINT('Ctrl Pts',(-0.0168774899958847,0.108291657121235,
0.247759080391583));
#1163=CARTESIAN_POINT('Ctrl Pts',(-0.0716949582263491,0.0669255854932162,
0.252105730924769));
#1164=CARTESIAN_POINT('Ctrl Pts',(-0.084547489067414,0.0392168597977389,
0.254279056191361));
#1165=CARTESIAN_POINT('',(0.0711010465542495,0.0604971987625187,0.241));
#1166=CARTESIAN_POINT('Ctrl Pts',(0.0711012482084811,0.0604974025073133,
0.241));
#1167=CARTESIAN_POINT('Ctrl Pts',(0.0702761768742619,0.0612584447827196,
0.241));
#1168=CARTESIAN_POINT('Ctrl Pts',(0.0694369505557315,0.062002583799226,
0.241));
#1169=CARTESIAN_POINT('Ctrl Pts',(0.068583693087491,0.0627292926159328,
0.241));
#1170=CARTESIAN_POINT('Ctrl Pts',(0.0631061397821695,0.0673944569175909,
0.241));
#1171=CARTESIAN_POINT('Ctrl Pts',(0.057051718563937,0.0713452446343317,
0.241));
#1172=CARTESIAN_POINT('Ctrl Pts',(0.0505830522867774,0.0745436409549117,
0.241));
#1173=CARTESIAN_POINT('Ctrl Pts',(0.0479659432435461,0.0758376560695858,
0.241));
#1174=CARTESIAN_POINT('Ctrl Pts',(0.04528086998846,0.077007959378028,0.241));
#1175=CARTESIAN_POINT('Ctrl Pts',(0.0425385112971639,0.0780497230666085,
0.241));
#1176=CARTESIAN_POINT('Ctrl Pts',(0.0401957674592549,0.0789396815792295,
0.241));
#1177=CARTESIAN_POINT('Ctrl Pts',(0.03781455647625,0.0797342756878544,0.241));
#1178=CARTESIAN_POINT('Ctrl Pts',(0.0354109959910301,0.080428756066336,
0.241));
#1179=CARTESIAN_POINT('Ctrl Pts',(0.02873726900495,0.0823570505576442,0.241));
#1180=CARTESIAN_POINT('Ctrl Pts',(0.0218696241256872,0.0835252315506543,
0.241));
#1181=CARTESIAN_POINT('Ctrl Pts',(0.0149591647888406,0.0838748495956693,
0.241));
#1182=CARTESIAN_POINT('Ctrl Pts',(0.012434393433097,0.0840025843210295,
0.241));
#1183=CARTESIAN_POINT('Ctrl Pts',(0.00990192219301622,0.084020482797356,
0.241));
#1184=CARTESIAN_POINT('Ctrl Pts',(0.00737667986146113,0.0839243392251819,
0.241));
#1185=CARTESIAN_POINT('Ctrl Pts',(0.000610163914396947,0.0836667176075677,
0.241));
#1186=CARTESIAN_POINT('Ctrl Pts',(-0.00606006377826632,0.0825973869490004,
0.241));
#1187=CARTESIAN_POINT('Ctrl Pts',(-0.0124829803064276,0.080651904636564,
0.241));
#1188=CARTESIAN_POINT('Ctrl Pts',(-0.0154263615216314,0.0797603632210981,
0.241));
#1189=CARTESIAN_POINT('Ctrl Pts',(-0.0183174353139217,0.078684011513357,
0.241));
#1190=CARTESIAN_POINT('Ctrl Pts',(-0.021142665146639,0.0774319979940948,
0.241));
#1191=CARTESIAN_POINT('Ctrl Pts',(-0.0231694189517458,0.0765338327776497,
0.241));
#1192=CARTESIAN_POINT('Ctrl Pts',(-0.0251592950444161,0.0755462970531409,
0.241));
#1193=CARTESIAN_POINT('Ctrl Pts',(-0.0271002842031115,0.0744776294016555,
0.241));
#1194=CARTESIAN_POINT('Ctrl Pts',(-0.0316815508416362,0.0719552807128501,
0.241));
#1195=CARTESIAN_POINT('Ctrl Pts',(-0.0360048693626151,0.0689761362910679,
0.241));
#1196=CARTESIAN_POINT('Ctrl Pts',(-0.0400055138555223,0.0655923100929007,
0.241));
#1197=CARTESIAN_POINT('Ctrl Pts',(-0.0420551246679202,0.0638587077257484,
0.241));
#1198=CARTESIAN_POINT('Ctrl Pts',(-0.0440197427286911,0.0620186790647895,
0.241));
#1199=CARTESIAN_POINT('Ctrl Pts',(-0.0458884269758255,0.0600784352295774,
0.241));
#1200=CARTESIAN_POINT('Ctrl Pts',(-0.0479451822061964,0.0579429184014205,
0.241));
#1201=CARTESIAN_POINT('Ctrl Pts',(-0.0498798668970708,0.0556917769257276,
0.241));
#1202=CARTESIAN_POINT('Ctrl Pts',(-0.0516747183893313,0.0533398509595402,
0.241));
#1203=CARTESIAN_POINT('Ctrl Pts',(-0.0536393016593342,0.0507655129569917,
0.241));
#1204=CARTESIAN_POINT('Ctrl Pts',(-0.0554383442706403,0.0480684282305454,
0.241));
#1205=CARTESIAN_POINT('Ctrl Pts',(-0.0570513507631591,0.0452606373807725,
0.241));
#1206=CARTESIAN_POINT('Ctrl Pts',(-0.0585440708106401,0.0426622314164886,
0.241));
#1207=CARTESIAN_POINT('Ctrl Pts',(-0.059872064653151,0.0399783689939345,
0.241));
#1208=CARTESIAN_POINT('Ctrl Pts',(-0.0610198317668245,0.0372193644817783,
0.241));
#1209=CARTESIAN_POINT('Ctrl Pts',(-0.0620602022983193,0.034718520053921,
0.241));
#1210=CARTESIAN_POINT('Ctrl Pts',(-0.0629525118735484,0.0321558274278822,
0.241));
#1211=CARTESIAN_POINT('Ctrl Pts',(-0.06368276537052,0.0295388793755501,
0.241));
#1212=CARTESIAN_POINT('Ctrl Pts',(-0.0933321891342136,2.70818039927466E-5,
0.215492476671285));
#1213=CARTESIAN_POINT('Ctrl Pts',(-0.0932218893004638,-0.0288406210024942,
0.217554710178346));
#1214=CARTESIAN_POINT('Ctrl Pts',(-0.0787728646332521,-0.0578061997772615,
0.219616943685407));
#1215=CARTESIAN_POINT('Ctrl Pts',(-0.0555866132674187,-0.0749902069528097,
0.221679177192469));
#1216=CARTESIAN_POINT('Ctrl Pts',(-0.0311513270797046,-0.0930999102662569,
0.223852502459062));
#1217=CARTESIAN_POINT('Ctrl Pts',(0.00298788305888943,-0.0981245147532417,
0.226025827725654));
#1218=CARTESIAN_POINT('Ctrl Pts',(0.0316016125454198,-0.0878311318305882,
0.228199152992247));
#1219=CARTESIAN_POINT('Ctrl Pts',(0.06021534203195,-0.0775377489079347,
0.23037247825884));
#1220=CARTESIAN_POINT('Ctrl Pts',(0.0833035908664166,-0.051926378575643,
0.232545803525433));
#1221=CARTESIAN_POINT('Ctrl Pts',(0.0906084299811719,-0.0223982326183193,
0.234719128792026));
#1222=CARTESIAN_POINT('Ctrl Pts',(0.0976453815103952,0.00604703887709224,
0.236812752528017));
#1223=CARTESIAN_POINT('Ctrl Pts',(0.0900353344705546,0.0381270767502366,
0.238906376264009));
#1224=CARTESIAN_POINT('Ctrl Pts',(0.0711012482084807,0.0604974025073138,
0.241));
#1225=CARTESIAN_POINT('',(-0.0423686042576986,-0.0559726841705355,0.));
#1226=CARTESIAN_POINT('Ctrl Pts',(-0.042447517371112,-0.0560602202767471,
1.19262238973405E-18));
#1227=CARTESIAN_POINT('Ctrl Pts',(-0.0432049922246191,-0.0556634937978484,
9.35546945183091E-19));
#1228=CARTESIAN_POINT('Ctrl Pts',(-0.0439537467435193,-0.0552521728213321,
5.7394499836489E-18));
#1229=CARTESIAN_POINT('Ctrl Pts',(-0.0446933198978153,-0.0548263958021163,
4.49943901581484E-18));
#1230=CARTESIAN_POINT('Ctrl Pts',(-0.0497600532454775,-0.0519094448427726,
-3.52531116513191E-18));
#1231=CARTESIAN_POINT('Ctrl Pts',(-0.0543965358982674,-0.0483184986263013,
-1.57136598011089E-17));
#1232=CARTESIAN_POINT('Ctrl Pts',(-0.0585627193700212,-0.0442032448750923,
-1.32272665043232E-17));
#1233=CARTESIAN_POINT('Ctrl Pts',(-0.0602122978891889,-0.0425738317119556,
-1.22427921045787E-17));
#1234=CARTESIAN_POINT('Ctrl Pts',(-0.0617880402054159,-0.0408616341079624,
1.28702587766052E-19));
#1235=CARTESIAN_POINT('Ctrl Pts',(-0.063286758812937,-0.0390738935112858,
-2.16840434497101E-18));
#1236=CARTESIAN_POINT('Ctrl Pts',(-0.0648714412114465,-0.0371836113446152,
-4.59726918026093E-18));
#1237=CARTESIAN_POINT('Ctrl Pts',(-0.0663648717303221,-0.0352146795169199,
-6.54845063790621E-18));
#1238=CARTESIAN_POINT('Ctrl Pts',(-0.0677606274448133,-0.0331823458743216,
-7.80625564189563E-18));
#1239=CARTESIAN_POINT('Ctrl Pts',(-0.0707911363830572,-0.0287696788112796,
-1.05372416357788E-17));
#1240=CARTESIAN_POINT('Ctrl Pts',(-0.073368026766874,-0.024052617193592,
-2.47808430610573E-18));
#1241=CARTESIAN_POINT('Ctrl Pts',(-0.0754577474250162,-0.0191208773975996,
-9.54097911787244E-18));
#1242=CARTESIAN_POINT('Ctrl Pts',(-0.0764539654275163,-0.0167698033680299,
-1.29080238632221E-17));
#1243=CARTESIAN_POINT('Ctrl Pts',(-0.0773398999280126,-0.0143675538555909,
2.56059551459207E-17));
#1244=CARTESIAN_POINT('Ctrl Pts',(-0.0781084628997811,-0.0119289291323404,
1.99493199737333E-17));
#1245=CARTESIAN_POINT('Ctrl Pts',(-0.0801470504560487,-0.00546055868276508,
4.94528452582098E-18));
#1246=CARTESIAN_POINT('Ctrl Pts',(-0.081347730740566,0.00120916466231373,
2.31551430312457E-18));
#1247=CARTESIAN_POINT('Ctrl Pts',(-0.081644217062612,0.00791487765184819,
-7.80625564189563E-18));
#1248=CARTESIAN_POINT('Ctrl Pts',(-0.0817811156715303,0.011011151280047,
-1.25898149351737E-17));
#1249=CARTESIAN_POINT('Ctrl Pts',(-0.0817246906152137,0.0141156426798848,
-5.87220704326957E-18));
#1250=CARTESIAN_POINT('Ctrl Pts',(-0.0814837335879627,0.0172164182706379,
-1.04083408558608E-17));
#1251=CARTESIAN_POINT('Ctrl Pts',(-0.0812735743500217,0.0199208699424304,
-1.43646912313993E-17));
#1252=CARTESIAN_POINT('Ctrl Pts',(-0.0809233639808147,0.0226144205324435,
1.2814445001626E-17));
#1253=CARTESIAN_POINT('Ctrl Pts',(-0.0804419704037234,0.0252814826614183,
1.21430643318376E-17));
#1254=CARTESIAN_POINT('Ctrl Pts',(-0.0792667687872991,0.0317924455704245,
1.05040569044044E-17));
#1255=CARTESIAN_POINT('Ctrl Pts',(-0.0773120430893099,0.0381586918016786,
3.17676705419768E-18));
#1256=CARTESIAN_POINT('Ctrl Pts',(-0.0746648248283981,0.0442673333729433,
3.46944695195361E-18));
#1257=CARTESIAN_POINT('Ctrl Pts',(-0.0731453926228764,0.0477735296214427,
3.63743735498369E-18));
#1258=CARTESIAN_POINT('Ctrl Pts',(-0.0713935507253001,0.0511994244519993,
-4.36068634677793E-18));
#1259=CARTESIAN_POINT('Ctrl Pts',(-0.0694375240626521,0.0544960001188875,
-1.04083408558608E-17));
#1260=CARTESIAN_POINT('Ctrl Pts',(-0.067289436094125,0.0581162649458482,
-1.70498116174011E-17));
#1261=CARTESIAN_POINT('Ctrl Pts',(-0.0648934929653122,0.0615864846254829,
-1.13671027442865E-17));
#1262=CARTESIAN_POINT('Ctrl Pts',(-0.0622676203748818,0.0648791062024242,
-8.67361737988404E-18));
#1263=CARTESIAN_POINT('Ctrl Pts',(-0.0602212966239338,0.067445022675422,
-6.57460347719338E-18));
#1264=CARTESIAN_POINT('Ctrl Pts',(-0.0580349594840446,0.0699025537370581,
-1.02168060259173E-17));
#1265=CARTESIAN_POINT('Ctrl Pts',(-0.055726312378977,0.0722284397842625,
-6.93889390390723E-18));
#1266=CARTESIAN_POINT('Ctrl Pts',(-0.0521023154571604,0.0758794975215246,
-1.79339400742061E-18));
#1267=CARTESIAN_POINT('Ctrl Pts',(-0.0481722480604301,0.0792135464011348,
3.24978940830734E-18));
#1268=CARTESIAN_POINT('Ctrl Pts',(-0.0439628669217985,0.0821797197124463,
0.));
#1269=CARTESIAN_POINT('Ctrl Pts',(-0.0424475173711122,-0.0560602202767469,
-2.22709639170989E-17));
#1270=CARTESIAN_POINT('Ctrl Pts',(-0.0248137795309668,-0.0693401348454678,
0.00209362373599135));
#1271=CARTESIAN_POINT('Ctrl Pts',(0.025017472085901,-0.0782020918335816,
0.00636057273857555));
#1272=CARTESIAN_POINT('Ctrl Pts',(0.0791588442674076,-0.0234999051647063,
0.0128008470077526));
#1273=CARTESIAN_POINT('Ctrl Pts',(0.0634350509486295,0.0528722031110012,
0.0193208228075311));
#1274=CARTESIAN_POINT('Ctrl Pts',(-0.00883393692939621,0.0820963019417462,
0.0258407986073096));
#1275=CARTESIAN_POINT('Ctrl Pts',(-0.0622497907034848,0.0456527751608773,
0.0312494422758847));
#1276=CARTESIAN_POINT('Ctrl Pts',(-0.0700981816930213,0.0112874930056212,
0.0344847606778671));
#1277=CARTESIAN_POINT('Ctrl Pts',(-0.0700922884045449,4.43422147261743E-6,
0.0355467538132566));
#1278=CARTESIAN_POINT('Origin',(0.,0.,-0.0772134204799233));
#1279=CARTESIAN_POINT('',(0.0423686042576988,-0.0559726841705354,0.));
#1280=CARTESIAN_POINT('Origin',(0.,0.,0.));
#1281=CARTESIAN_POINT('Ctrl Pts',(0.0423686042576987,-0.0559726841705354,
0.));
#1282=CARTESIAN_POINT('Ctrl Pts',(0.0607125168827598,-0.0420872329711423,
0.00217332526659283));
#1283=CARTESIAN_POINT('Ctrl Pts',(0.0824083577356032,0.00486924532874658,
0.00651997579977849));
#1284=CARTESIAN_POINT('Ctrl Pts',(0.0415579465761016,0.0714116730914401,
0.013039951599557));
#1285=CARTESIAN_POINT('Ctrl Pts',(-0.0363598377253473,0.0741124459488435,
0.0195599273993355));
#1286=CARTESIAN_POINT('Ctrl Pts',(-0.0687223411064713,0.0291181847299231,
0.0241976922617309));
#1287=CARTESIAN_POINT('Ctrl Pts',(-0.0702862075356165,0.00312427483865656,
0.0266621318575335));
#1288=CARTESIAN_POINT('Ctrl Pts',(-0.0702625956805156,5.07159868234213E-5,
0.0269532461867433));
#1289=CARTESIAN_POINT('Ctrl Pts',(0.0562500557951213,-0.0743113128873776,
-0.0132790561913614));
#1290=CARTESIAN_POINT('Ctrl Pts',(0.0806040822432081,-0.055876497334907,
-0.0111057309247686));
#1291=CARTESIAN_POINT('Ctrl Pts',(0.109408247022197,0.00646458211736717,
-0.00675908039158292));
#1292=CARTESIAN_POINT('Ctrl Pts',(0.0551737980184142,0.0948086600017408,
-0.000239104591804408));
#1293=CARTESIAN_POINT('Ctrl Pts',(-0.0482726050712587,0.0983943014591484,
0.00628087120797408));
#1294=CARTESIAN_POINT('Ctrl Pts',(-0.108675557497038,0.014414821014359,
0.0128008470077526));
#1295=CARTESIAN_POINT('Ctrl Pts',(-0.0722311139473128,-0.0824789693185816,
0.0193208228075311));
#1296=CARTESIAN_POINT('Ctrl Pts',(0.0285953798413491,-0.105827835205874,
0.0258407986073095));
#1297=CARTESIAN_POINT('Ctrl Pts',(0.103933142853857,-0.0348750319033103,
0.0323607744070881));
#1298=CARTESIAN_POINT('Ctrl Pts',(0.0866411844700464,0.0671699228892506,
0.0388807502068665));
#1299=CARTESIAN_POINT('Ctrl Pts',(-0.00787118811190671,0.109344197171129,
0.0454007260066451));
#1300=CARTESIAN_POINT('Ctrl Pts',(-0.095367893741789,0.0540671957369299,
0.0519207018064236));
#1301=CARTESIAN_POINT('Ctrl Pts',(-0.0978674351437719,-0.0493989678417788,
0.058440677606202));
#1302=CARTESIAN_POINT('Ctrl Pts',(-0.0131417513523577,-0.108837210330779,
0.0649606534059806));
#1303=CARTESIAN_POINT('Ctrl Pts',(0.0832965624059049,-0.0712738104095205,
0.0714806292057589));
#1304=CARTESIAN_POINT('Ctrl Pts',(0.105496196757142,0.0298131205720223,
0.0780006050055377));
#1305=CARTESIAN_POINT('Ctrl Pts',(0.0336715083408119,0.104328775144645,
0.084520580805316));
#1306=CARTESIAN_POINT('Ctrl Pts',(-0.068163165653822,0.0858606490481404,
0.0910405566050946));
#1307=CARTESIAN_POINT('Ctrl Pts',(-0.109246892074922,-0.00913147662603638,
0.0975605324048731));
#1308=CARTESIAN_POINT('Ctrl Pts',(-0.0529634725194895,-0.0959850880676174,
0.104080508204652));
#1309=CARTESIAN_POINT('Ctrl Pts',(0.0505240522193198,-0.0972912503724064,
0.11060048400443));
#1310=CARTESIAN_POINT('Ctrl Pts',(0.10898162439985,-0.0118858232721519,
0.117120459804209));
#1311=CARTESIAN_POINT('Ctrl Pts',(0.0703084714962222,0.08411293235012,0.123640435603987));
#1312=CARTESIAN_POINT('Ctrl Pts',(-0.0310276473956974,0.105145386919683,
0.130160411403766));
#1313=CARTESIAN_POINT('Ctrl Pts',(-0.104710146547536,0.0324661888264065,
0.136680387203544));
#1314=CARTESIAN_POINT('Ctrl Pts',(-0.0850688882254612,-0.0691487386234287,
0.143200363003323));
#1315=CARTESIAN_POINT('Ctrl Pts',(0.0103906331887087,-0.109134341205696,
0.149720338803101));
#1316=CARTESIAN_POINT('Ctrl Pts',(0.0965895098314789,-0.0518530611386418,
0.15624031460288));
#1317=CARTESIAN_POINT('Ctrl Pts',(0.0967020652503153,0.0516425653653763,
0.162760290402658));
#1318=CARTESIAN_POINT('Ctrl Pts',(0.0106284747177894,0.10911154114312,0.169280266202437));
#1319=CARTESIAN_POINT('Ctrl Pts',(-0.0849184447499624,0.0693336466143836,
0.175800242002215));
#1320=CARTESIAN_POINT('Ctrl Pts',(-0.104779955219025,-0.032237711481913,
0.182320217801994));
#1321=CARTESIAN_POINT('Ctrl Pts',(-0.0312577823395859,-0.105078277634017,
0.188840193601772));
#1322=CARTESIAN_POINT('Ctrl Pts',(0.0701274759143025,-0.0842644833582101,
0.195360169401551));
#1323=CARTESIAN_POINT('Ctrl Pts',(0.109002755469796,0.0116458470118979,
0.201880145201329));
#1324=CARTESIAN_POINT('Ctrl Pts',(0.0507444178057244,0.0971859982892768,
0.208400121001108));
#1325=CARTESIAN_POINT('Ctrl Pts',(-0.0527708186883124,0.0960906059775526,
0.214920096800886));
#1326=CARTESIAN_POINT('Ctrl Pts',(-0.109195020325132,0.00938778441345781,
0.221440072600665));
#1327=CARTESIAN_POINT('Ctrl Pts',(-0.0684118108023546,-0.0857476188698283,
0.227960048400443));
#1328=CARTESIAN_POINT('Ctrl Pts',(0.0335721371605028,-0.104330565726917,
0.234480024200222));
#1329=CARTESIAN_POINT('Ctrl Pts',(0.0812615736394135,-0.0549159146180221,
0.238826674733407));
#1330=CARTESIAN_POINT('Ctrl Pts',(0.0896320608387207,-0.0255408235929045,
0.241));
#1331=CARTESIAN_POINT('Ctrl Pts',(0.0516229052826471,-0.0681984366484302,
-0.00885270412757427));
#1332=CARTESIAN_POINT('Ctrl Pts',(0.073973560456392,-0.0512800758803188,
-0.00667937886098144));
#1333=CARTESIAN_POINT('Ctrl Pts',(0.100408283926666,0.0059328031878269,
-0.00233272832779578));
#1334=CARTESIAN_POINT('Ctrl Pts',(0.0506351808709767,0.087009664364974,
0.00418724747198271));
#1335=CARTESIAN_POINT('Ctrl Pts',(-0.0443016826226215,0.0903003496223801,
0.0107072232717612));
#1336=CARTESIAN_POINT('Ctrl Pts',(-0.0997358657143776,0.0132290524759818,
0.0172271990715397));
#1337=CARTESIAN_POINT('Ctrl Pts',(-0.0662893556469258,-0.0756942186235625,
0.0237471748713182));
#1338=CARTESIAN_POINT('Ctrl Pts',(0.0262431132592638,-0.0971223981181232,
0.0302671506710967));
#1339=CARTESIAN_POINT('Ctrl Pts',(0.0953835638637328,-0.0320061988068291,
0.0367871264708753));
#1340=CARTESIAN_POINT('Ctrl Pts',(0.0795140484084904,0.0616445000478602,
0.0433071022706537));
#1341=CARTESIAN_POINT('Ctrl Pts',(-0.00722370125005464,0.100349502840171,
0.0498270780704322));
#1342=CARTESIAN_POINT('Ctrl Pts',(-0.0875228953295531,0.049619608104779,
0.0563470538702107));
#1343=CARTESIAN_POINT('Ctrl Pts',(-0.0898168235260796,-0.0453353903726768,
0.0628670296699892));
#1344=CARTESIAN_POINT('Ctrl Pts',(-0.0120607059979077,-0.0998842209258866,
0.0693870054697677));
#1345=CARTESIAN_POINT('Ctrl Pts',(0.0764445561994107,-0.0654108002542308,
0.0759069812695462));
#1346=CARTESIAN_POINT('Ctrl Pts',(0.0968180403715402,0.0273606821844812,
0.0824269570693247));
#1347=CARTESIAN_POINT('Ctrl Pts',(0.0309016775402444,0.0957466512951214,
0.0889469328691032));
#1348=CARTESIAN_POINT('Ctrl Pts',(-0.0625560382931714,0.0787977201207183,
0.0954669086688816));
#1349=CARTESIAN_POINT('Ctrl Pts',(-0.100260202097371,-0.0083803179622351,
0.10198688446866));
#1350=CARTESIAN_POINT('Ctrl Pts',(-0.048606677569746,-0.0880893190205673,
0.108506860268438));
#1351=CARTESIAN_POINT('Ctrl Pts',(0.046367924890835,-0.0892880359283243,
0.115026836068217));
#1352=CARTESIAN_POINT('Ctrl Pts',(0.10001675543992,-0.0109080910287345,
0.121546811867996));
#1353=CARTESIAN_POINT('Ctrl Pts',(0.0645248704790078,0.0771937712483578,
0.128066787667774));
#1354=CARTESIAN_POINT('Ctrl Pts',(-0.0284753015798853,0.0964960882817974,
0.134586763467553));
#1355=CARTESIAN_POINT('Ctrl Pts',(-0.0960966509445554,0.0297955080574246,
0.141106739267331));
#1356=CARTESIAN_POINT('Ctrl Pts',(-0.0780710898378159,-0.0634605376637047,
0.14762671506711));
#1357=CARTESIAN_POINT('Ctrl Pts',(0.00953589583770615,-0.100156909704512,
0.154146690866888));
#1358=CARTESIAN_POINT('Ctrl Pts',(0.0886440208253129,-0.0475876090421155,
0.160666666666667));
#1359=CARTESIAN_POINT('Ctrl Pts',(0.0887473173935298,0.047394428729455,
0.167186642466445));
#1360=CARTESIAN_POINT('Ctrl Pts',(0.00975417243413713,0.100135985183564,
0.173706618266224));
#1361=CARTESIAN_POINT('Ctrl Pts',(-0.0779330218985707,0.0636302350545453,
0.180226594066002));
#1362=CARTESIAN_POINT('Ctrl Pts',(-0.0961607171287614,-0.0295858253442736,
0.186746569865781));
#1363=CARTESIAN_POINT('Ctrl Pts',(-0.0286865055376887,-0.0964344994309326,
0.193266545665559));
#1364=CARTESIAN_POINT('Ctrl Pts',(0.0643587636609801,-0.0773328556141514,
0.199786521465338));
#1365=CARTESIAN_POINT('Ctrl Pts',(0.100036148260192,0.0106878553049107,
0.206306497265116));
#1366=CARTESIAN_POINT('Ctrl Pts',(0.0465701631221348,0.0891914419207025,
0.212826473064895));
#1367=CARTESIAN_POINT('Ctrl Pts',(-0.0484298715143811,0.0881861569879828,
0.219346448864673));
#1368=CARTESIAN_POINT('Ctrl Pts',(-0.100212597337013,0.00861554177572702,
0.225866424664452));
#1369=CARTESIAN_POINT('Ctrl Pts',(-0.0627842297992996,-0.0786939878469169,
0.23238640046423));
#1370=CARTESIAN_POINT('Ctrl Pts',(0.0308104806701897,-0.0957482945834297,
0.238906376264009));
#1371=CARTESIAN_POINT('Ctrl Pts',(0.074576966365785,-0.0503985110550232,
0.243253026797194));
#1372=CARTESIAN_POINT('Ctrl Pts',(0.0822588941745913,-0.0234398259439889,
0.245426352063787));
#1373=CARTESIAN_POINT('Ctrl Pts',(0.0469957547701729,-0.0620855604094828,
-0.00442635206378713));
#1374=CARTESIAN_POINT('Ctrl Pts',(0.0673430386695759,-0.0466836544257306,
-0.0022530267971943));
#1375=CARTESIAN_POINT('Ctrl Pts',(0.0914083208311345,0.0054010242582867,
0.00209362373599135));
#1376=CARTESIAN_POINT('Ctrl Pts',(0.0460965637235392,0.0792106687282071,
0.00861359953576985));
#1377=CARTESIAN_POINT('Ctrl Pts',(-0.0403307601739845,0.0822063977856116,
0.0151335753355484));
#1378=CARTESIAN_POINT('Ctrl Pts',(-0.0907961739317171,0.0120432839376047,
0.0216535511353268));
#1379=CARTESIAN_POINT('Ctrl Pts',(-0.0603475973465388,-0.0689094679285433,
0.0281735269351054));
#1380=CARTESIAN_POINT('Ctrl Pts',(0.0238908466771787,-0.0884169610303725,
0.0346935027348838));
#1381=CARTESIAN_POINT('Ctrl Pts',(0.0868339848736087,-0.0291373657103479,
0.0412134785346624));
#1382=CARTESIAN_POINT('Ctrl Pts',(0.0723869123469343,0.0561190772064698,
0.0477334543344408));
#1383=CARTESIAN_POINT('Ctrl Pts',(-0.00657621438820254,0.0913548085092124,
0.0542534301342193));
#1384=CARTESIAN_POINT('Ctrl Pts',(-0.0796778969173173,0.0451720204726281,
0.0607734059339979));
#1385=CARTESIAN_POINT('Ctrl Pts',(-0.0817662119083874,-0.0412718129035749,
0.0672933817337763));
#1386=CARTESIAN_POINT('Ctrl Pts',(-0.0109796606434577,-0.0909312315209942,
0.0738133575335549));
#1387=CARTESIAN_POINT('Ctrl Pts',(0.0695925499929164,-0.0595477900989412,
0.0803333333333332));
#1388=CARTESIAN_POINT('Ctrl Pts',(0.0881398839859384,0.02490824379694,0.086853309133112));
#1389=CARTESIAN_POINT('Ctrl Pts',(0.0281318467396768,0.0871645274455976,
0.0933732849328901));
#1390=CARTESIAN_POINT('Ctrl Pts',(-0.0569489109325209,0.0717347911932961,
0.099893260732669));
#1391=CARTESIAN_POINT('Ctrl Pts',(-0.0912735121198204,-0.00762915929843391,
0.106413236532447));
#1392=CARTESIAN_POINT('Ctrl Pts',(-0.0442498826200026,-0.0801935499735172,
0.112933212332226));
#1393=CARTESIAN_POINT('Ctrl Pts',(0.0422117975623502,-0.0812848214842422,
0.119453188132004));
#1394=CARTESIAN_POINT('Ctrl Pts',(0.0910518864799892,-0.00993035878531709,
0.125973163931783));
#1395=CARTESIAN_POINT('Ctrl Pts',(0.0587412694617935,0.0702746101465953,
0.132493139731561));
#1396=CARTESIAN_POINT('Ctrl Pts',(-0.0259229557640734,0.0878467896439123,
0.13901311553134));
#1397=CARTESIAN_POINT('Ctrl Pts',(-0.087483155341575,0.0271248272884426,
0.145533091331118));
#1398=CARTESIAN_POINT('Ctrl Pts',(-0.0710732914501707,-0.0577723367039805,
0.152053067130897));
#1399=CARTESIAN_POINT('Ctrl Pts',(0.00868115848670373,-0.0911794782033284,
0.158573042930675));
#1400=CARTESIAN_POINT('Ctrl Pts',(0.0806985318191469,-0.043322156945589,
0.165093018730454));
#1401=CARTESIAN_POINT('Ctrl Pts',(0.0807925695367441,0.0431462920935333,
0.171612994530233));
#1402=CARTESIAN_POINT('Ctrl Pts',(0.00887987015048495,0.0911604292240088,
0.17813297033001));
#1403=CARTESIAN_POINT('Ctrl Pts',(-0.070947599047179,0.0579268234947067,
0.184652946129789));
#1404=CARTESIAN_POINT('Ctrl Pts',(-0.0875414790384983,-0.0269339392066341,
0.191172921929568));
#1405=CARTESIAN_POINT('Ctrl Pts',(-0.0261152287357913,-0.0877907212278483,
0.197692897729346));
#1406=CARTESIAN_POINT('Ctrl Pts',(0.0585900514076576,-0.0704012278700925,
0.204212873529125));
#1407=CARTESIAN_POINT('Ctrl Pts',(0.0910695410505876,0.00972986359792337,
0.210732849328903));
#1408=CARTESIAN_POINT('Ctrl Pts',(0.0423959084385451,0.0811968855521283,
0.217252825128682));
#1409=CARTESIAN_POINT('Ctrl Pts',(-0.04408892434045,0.080281707998413,0.22377280092846));
#1410=CARTESIAN_POINT('Ctrl Pts',(-0.0912301743488939,0.00784329913799618,
0.230292776728239));
#1411=CARTESIAN_POINT('Ctrl Pts',(-0.0571566487962447,-0.0716403568240054,
0.236812752528017));
#1412=CARTESIAN_POINT('Ctrl Pts',(0.0280488241798766,-0.0871660234399422,
0.243332728327796));
#1413=CARTESIAN_POINT('Ctrl Pts',(0.0678923590921566,-0.0458811074920242,
0.247679378860981));
#1414=CARTESIAN_POINT('Ctrl Pts',(0.0748857275104619,-0.0213388282950732,
0.249852704127574));
#1415=CARTESIAN_POINT('Ctrl Pts',(0.0423686042576987,-0.0559726841705354,
0.));
#1416=CARTESIAN_POINT('Ctrl Pts',(0.0607125168827598,-0.0420872329711423,
0.00217332526659283));
#1417=CARTESIAN_POINT('Ctrl Pts',(0.0824083577356032,0.00486924532874658,
0.00651997579977849));
#1418=CARTESIAN_POINT('Ctrl Pts',(0.0415579465761016,0.0714116730914401,
0.013039951599557));
#1419=CARTESIAN_POINT('Ctrl Pts',(-0.0363598377253473,0.0741124459488435,
0.0195599273993355));
#1420=CARTESIAN_POINT('Ctrl Pts',(-0.0818564821490566,0.0108575153992274,
0.0260799031991139));
#1421=CARTESIAN_POINT('Ctrl Pts',(-0.0544058390461518,-0.062124717233524,
0.0325998789988925));
#1422=CARTESIAN_POINT('Ctrl Pts',(0.0215385800950934,-0.0797115239426218,
0.0391198547986709));
#1423=CARTESIAN_POINT('Ctrl Pts',(0.0782844058834846,-0.0262685326138667,
0.0456398305984495));
#1424=CARTESIAN_POINT('Ctrl Pts',(0.0652597762853782,0.0505936543650794,
0.0521598063982279));
#1425=CARTESIAN_POINT('Ctrl Pts',(-0.0059287275263504,0.0823601141782541,
0.0586797821980065));
#1426=CARTESIAN_POINT('Ctrl Pts',(-0.0718328985050814,0.0407244328404772,
0.0651997579977849));
#1427=CARTESIAN_POINT('Ctrl Pts',(-0.0737156002906951,-0.0372082354344729,
0.0717197337975636));
#1428=CARTESIAN_POINT('Ctrl Pts',(-0.0098986152890076,-0.0819782421161017,
0.0782397095973419));
#1429=CARTESIAN_POINT('Ctrl Pts',(0.062740543786422,-0.0536847799436516,
0.0847596853971204));
#1430=CARTESIAN_POINT('Ctrl Pts',(0.0794617276003365,0.0224558054093988,
0.091279661196899));
#1431=CARTESIAN_POINT('Ctrl Pts',(0.0253620159391093,0.078582403596074,
0.0977996369966774));
#1432=CARTESIAN_POINT('Ctrl Pts',(-0.0513417835718704,0.0646718622658739,
0.104319612796456));
#1433=CARTESIAN_POINT('Ctrl Pts',(-0.0822868221422695,-0.00687800063463258,
0.110839588596235));
#1434=CARTESIAN_POINT('Ctrl Pts',(-0.0398930876702592,-0.0722977809264673,
0.117359564396013));
#1435=CARTESIAN_POINT('Ctrl Pts',(0.0380556702338655,-0.0732816070401601,
0.123879540195791));
#1436=CARTESIAN_POINT('Ctrl Pts',(0.0820870175200587,-0.00895262654189973,
0.13039951599557));
#1437=CARTESIAN_POINT('Ctrl Pts',(0.0529576684445793,0.063355449044833,
0.136919491795348));
#1438=CARTESIAN_POINT('Ctrl Pts',(-0.0233706099482614,0.079197491006027,
0.143439467595127));
#1439=CARTESIAN_POINT('Ctrl Pts',(-0.0788696597385946,0.0244541465194607,
0.149959443394906));
#1440=CARTESIAN_POINT('Ctrl Pts',(-0.0640754930625254,-0.0520841357442565,
0.156479419194684));
#1441=CARTESIAN_POINT('Ctrl Pts',(0.00782642113570131,-0.0822020467021445,
0.162999394994462));
#1442=CARTESIAN_POINT('Ctrl Pts',(0.0727530428129808,-0.0390567048490627,
0.169519370794241));
#1443=CARTESIAN_POINT('Ctrl Pts',(0.0728378216799586,0.0388981554576119,
0.176039346594019));
#1444=CARTESIAN_POINT('Ctrl Pts',(0.00800556786683262,0.0821848732644531,
0.182559322393798));
#1445=CARTESIAN_POINT('Ctrl Pts',(-0.0639621761957871,0.0522234119348683,
0.189079298193576));
#1446=CARTESIAN_POINT('Ctrl Pts',(-0.0789222409482353,-0.0242820530689946,
0.195599273993355));
#1447=CARTESIAN_POINT('Ctrl Pts',(-0.0235439519338939,-0.0791469430247639,
0.202119249793133));
#1448=CARTESIAN_POINT('Ctrl Pts',(0.0528213391543351,-0.0634696001260337,
0.208639225592912));
#1449=CARTESIAN_POINT('Ctrl Pts',(0.0821029338409836,0.00877187189093612,
0.21515920139269));
#1450=CARTESIAN_POINT('Ctrl Pts',(0.0382216537549554,0.073202329183554,
0.221679177192469));
#1451=CARTESIAN_POINT('Ctrl Pts',(-0.0397479771665186,0.0723772590088432,
0.228199152992247));
#1452=CARTESIAN_POINT('Ctrl Pts',(-0.0822477513607751,0.00707105650026537,
0.234719128792027));
#1453=CARTESIAN_POINT('Ctrl Pts',(-0.0515290677931898,-0.064586725801094,
0.241239104591804));
#1454=CARTESIAN_POINT('Ctrl Pts',(0.0252871676895634,-0.0785837522964548,
0.247759080391583));
#1455=CARTESIAN_POINT('Ctrl Pts',(0.0612077518185282,-0.0413637039290252,
0.252105730924769));
#1456=CARTESIAN_POINT('Ctrl Pts',(0.0675125608463326,-0.0192378306461576,
0.254279056191361));
#1457=CARTESIAN_POINT('',(0.0896320608387207,-0.0255408235929045,0.241));
#1458=CARTESIAN_POINT('Ctrl Pts',(-0.0457867152632503,-0.0533677594833575,
0.241));
#1459=CARTESIAN_POINT('Ctrl Pts',(-0.0452384167292167,-0.054023906766231,
0.241));
#1460=CARTESIAN_POINT('Ctrl Pts',(-0.0446777041414323,-0.0546684378256113,
0.241));
#1461=CARTESIAN_POINT('Ctrl Pts',(-0.0441048105438295,-0.0553009314658725,
0.241));
#1462=CARTESIAN_POINT('Ctrl Pts',(-0.0401799851323795,-0.0596340696302112,
0.241));
#1463=CARTESIAN_POINT('Ctrl Pts',(-0.0356876988297495,-0.0634038480224903,
0.241));
#1464=CARTESIAN_POINT('Ctrl Pts',(-0.0307827289688751,-0.0666028629748176,
0.241));
#1465=CARTESIAN_POINT('Ctrl Pts',(-0.0288406387107319,-0.0678694917107303,
0.241));
#1466=CARTESIAN_POINT('Ctrl Pts',(-0.0268332999145051,-0.0690464127198467,
0.241));
#1467=CARTESIAN_POINT('Ctrl Pts',(-0.0247684652134153,-0.0701320461936702,
0.241));
#1468=CARTESIAN_POINT('Ctrl Pts',(-0.0225851722483454,-0.0712799617748992,
0.241));
#1469=CARTESIAN_POINT('Ctrl Pts',(-0.0203443623057222,-0.0723220244719385,
0.241));
#1470=CARTESIAN_POINT('Ctrl Pts',(-0.0180622990995651,-0.0732551897549671,
0.241));
#1471=CARTESIAN_POINT('Ctrl Pts',(-0.013107455884629,-0.0752812894960057,
0.241));
#1472=CARTESIAN_POINT('Ctrl Pts',(-0.00795130887096307,-0.0767995517796018,
0.241));
#1473=CARTESIAN_POINT('Ctrl Pts',(-0.00268864872347992,-0.0777962085006873,
0.241));
#1474=CARTESIAN_POINT('Ctrl Pts',(-0.000179806305770713,-0.0782713398197693,
0.241));
#1475=CARTESIAN_POINT('Ctrl Pts',(0.0023556671378265,-0.0786278446979802,
0.241));
#1476=CARTESIAN_POINT('Ctrl Pts',(0.00490180525970021,-0.0788619339863194,
0.241));
#1477=CARTESIAN_POINT('Ctrl Pts',(0.0116553613635222,-0.0794828489039042,
0.241));
#1478=CARTESIAN_POINT('Ctrl Pts',(0.0184280483095978,-0.0792422103021931,
0.241));
#1479=CARTESIAN_POINT('Ctrl Pts',(0.0250442043905954,-0.0781102957576136,
0.241));
#1480=CARTESIAN_POINT('Ctrl Pts',(0.0280991311946535,-0.0775876484621438,
0.241));
#1481=CARTESIAN_POINT('Ctrl Pts',(0.0311211014136289,-0.0768743280019384,
0.241));
#1482=CARTESIAN_POINT('Ctrl Pts',(0.0341003167878281,-0.0759814564128299,
0.241));
#1483=CARTESIAN_POINT('Ctrl Pts',(0.0366987243476463,-0.075202713020466,
0.241));
#1484=CARTESIAN_POINT('Ctrl Pts',(0.0392567861151955,-0.0742894142077768,
0.241));
#1485=CARTESIAN_POINT('Ctrl Pts',(0.0417611496964379,-0.0732535307789725,
0.241));
#1486=CARTESIAN_POINT('Ctrl Pts',(0.0478749475719893,-0.070724671968783,
0.241));
#1487=CARTESIAN_POINT('Ctrl Pts',(0.0536820504682836,-0.0674646896302768,
0.241));
#1488=CARTESIAN_POINT('Ctrl Pts',(0.0590905904169578,-0.063582570376266,
0.241));
#1489=CARTESIAN_POINT('Ctrl Pts',(0.0621949470844668,-0.0613543381907558,
0.241));
#1490=CARTESIAN_POINT('Ctrl Pts',(0.0651715549522632,-0.0589160038950901,
0.241));
#1491=CARTESIAN_POINT('Ctrl Pts',(0.0679784949511543,-0.0563055430092664,
0.241));
#1492=CARTESIAN_POINT('Ctrl Pts',(0.071061048753007,-0.0534387606301053,
0.241));
#1493=CARTESIAN_POINT('Ctrl Pts',(0.0739444212338313,-0.050361567804154,
0.241));
#1494=CARTESIAN_POINT('Ctrl Pts',(0.0766054867043031,-0.0470973243079634,
0.241));
#1495=CARTESIAN_POINT('Ctrl Pts',(0.0786792348983952,-0.0445535240405833,
0.241));
#1496=CARTESIAN_POINT('Ctrl Pts',(0.080617378169921,-0.0418958717716837,
0.241));
#1497=CARTESIAN_POINT('Ctrl Pts',(0.08240093921249,-0.0391465997261604,
0.241));
#1498=CARTESIAN_POINT('Ctrl Pts',(0.0852006813655138,-0.0348309342388189,
0.241));
#1499=CARTESIAN_POINT('Ctrl Pts',(0.0876257341336204,-0.0302833646150018,
0.241));
#1500=CARTESIAN_POINT('Ctrl Pts',(0.0896320608387207,-0.0255408235929045,
0.241));
#1501=CARTESIAN_POINT('Ctrl Pts',(0.0440481869559481,0.0823108876632874,
1.01643953670516E-17));
#1502=CARTESIAN_POINT('Ctrl Pts',(0.0449668506611257,0.0816659176627749,
1.04027949395508E-17));
#1503=CARTESIAN_POINT('Ctrl Pts',(0.0458719963711796,0.081003530738102,
6.54087116140443E-18));
#1504=CARTESIAN_POINT('Ctrl Pts',(0.0467630828732739,0.0803237361876947,
7.34546971858929E-18));
#1505=CARTESIAN_POINT('Ctrl Pts',(0.0524834826313215,0.0759597417017138,
1.35055504599115E-17));
#1506=CARTESIAN_POINT('Ctrl Pts',(0.0576280477869266,0.0708805353967995,
9.85981761204917E-18));
#1507=CARTESIAN_POINT('Ctrl Pts',(0.0621251490032677,0.0652369862910353,
9.54097911787244E-18));
#1508=CARTESIAN_POINT('Ctrl Pts',(0.0639503709541957,0.0629464597466135,
9.41157330946911E-18));
#1509=CARTESIAN_POINT('Ctrl Pts',(0.0656684262414307,0.060562696886779,
1.10812510595581E-17));
#1510=CARTESIAN_POINT('Ctrl Pts',(0.067272263787717,0.0580952003358106,
1.04083408558608E-17));
#1511=CARTESIAN_POINT('Ctrl Pts',(0.0686415255050296,0.0559885975987286,
9.8338498899615E-18));
#1512=CARTESIAN_POINT('Ctrl Pts',(0.0699252320743167,0.0538240196384118,
2.68132858497008E-17));
#1513=CARTESIAN_POINT('Ctrl Pts',(0.0711153696589728,0.0516161657681216,
2.38524477946811E-17));
#1514=CARTESIAN_POINT('Ctrl Pts',(0.0744110801290886,0.0455022112047057,
1.56533411501624E-17));
#1515=CARTESIAN_POINT('Ctrl Pts',(0.07700511698986,0.0390379974856007,1.89231180294717E-17));
#1516=CARTESIAN_POINT('Ctrl Pts',(0.0788082485133429,0.0323587525611236,
2.60208521396521E-17));
#1517=CARTESIAN_POINT('Ctrl Pts',(0.0794685458019266,0.0299128481686923,
2.86200050727598E-17));
#1518=CARTESIAN_POINT('Ctrl Pts',(0.0800226621844662,0.0274359303636512,
1.88867912218361E-17));
#1519=CARTESIAN_POINT('Ctrl Pts',(0.0804632130674905,0.0249421613150997,
1.82145964977565E-17));
#1520=CARTESIAN_POINT('Ctrl Pts',(0.0816376542846391,0.0182941547634787,
1.6422628259061E-17));
#1521=CARTESIAN_POINT('Ctrl Pts',(0.0820030171084068,0.0115690071782894,
1.2247603809657E-17));
#1522=CARTESIAN_POINT('Ctrl Pts',(0.0814650634834959,0.00489947840664646,
1.73472347597681E-18));
#1523=CARTESIAN_POINT('Ctrl Pts',(0.0812178077381625,0.00183401099255905,
-3.90968901014046E-18));
#1524=CARTESIAN_POINT('Ctrl Pts',(0.0807788547991457,-0.00121951818665513,
2.36933100721311E-17));
#1525=CARTESIAN_POINT('Ctrl Pts',(0.0801542753926515,-0.0042459412783628,
2.34187669256869E-17));
#1526=CARTESIAN_POINT('Ctrl Pts',(0.0797062161339887,-0.00641702933021168,
2.3221815829657E-17));
#1527=CARTESIAN_POINT('Ctrl Pts',(0.0791630001020315,-0.00857102514689857,
2.42089020561772E-17));
#1528=CARTESIAN_POINT('Ctrl Pts',(0.0785301326128172,-0.0106944458096592,
2.60208521396521E-17));
#1529=CARTESIAN_POINT('Ctrl Pts',(0.077036385191391,-0.0157063230093231,
3.02975701115357E-17));
#1530=CARTESIAN_POINT('Ctrl Pts',(0.0750415377060148,-0.0205629582230411,
1.69435992498031E-17));
#1531=CARTESIAN_POINT('Ctrl Pts',(0.0725827979878104,-0.0251900497526568,
1.90819582357449E-17));
#1532=CARTESIAN_POINT('Ctrl Pts',(0.0713231806602656,-0.0275605180961284,
2.01774438665584E-17));
#1533=CARTESIAN_POINT('Ctrl Pts',(0.0699415457587574,-0.0298704931231037,
1.2020225216435E-17));
#1534=CARTESIAN_POINT('Ctrl Pts',(0.0684416433588048,-0.0321079671871603,
1.38777878078145E-17));
#1535=CARTESIAN_POINT('Ctrl Pts',(0.0667906702598982,-0.0345708004284269,
1.59224447588265E-17));
#1536=CARTESIAN_POINT('Ctrl Pts',(0.0650008103309292,-0.0369388468539335,
1.93872625779674E-17));
#1537=CARTESIAN_POINT('Ctrl Pts',(0.0630828030303793,-0.0391915977214638,
1.56125112837913E-17));
#1538=CARTESIAN_POINT('Ctrl Pts',(0.0609834977021244,-0.0416572879709647,
1.14809547967909E-17));
#1539=CARTESIAN_POINT('Ctrl Pts',(0.0587291414743017,-0.0439872253493114,
3.17238092186515E-17));
#1540=CARTESIAN_POINT('Ctrl Pts',(0.0563271561952997,-0.0461588282452897,
3.64291929955129E-17));
#1541=CARTESIAN_POINT('Ctrl Pts',(0.0541042648268225,-0.0481685147223176,
4.07837396592228E-17));
#1542=CARTESIAN_POINT('Ctrl Pts',(0.0517629342029411,-0.0500353354516441,
1.7913709105887E-17));
#1543=CARTESIAN_POINT('Ctrl Pts',(0.0493099589442104,-0.0517419548517735,
1.38777878078145E-17));
#1544=CARTESIAN_POINT('Ctrl Pts',(0.0470865220034283,-0.0532888765357968,
1.02195297506714E-17));
#1545=CARTESIAN_POINT('Ctrl Pts',(0.0447712526782765,-0.0547042151837697,
1.78099405413543E-18));
#1546=CARTESIAN_POINT('Ctrl Pts',(0.0423686042576987,-0.0559726841705354,
0.));
#1547=CARTESIAN_POINT('Ctrl Pts',(0.0896320608387204,-0.0255408235929058,
0.241));
#1548=CARTESIAN_POINT('Ctrl Pts',(0.0812615736394128,-0.0549159146180229,
0.238826674733407));
#1549=CARTESIAN_POINT('Ctrl Pts',(0.0574168553999578,-0.0796232401724697,
0.236653349466814));
#1550=CARTESIAN_POINT('Ctrl Pts',(0.0284971716197545,-0.0888797451401786,
0.234480024200221));
#1551=CARTESIAN_POINT('Ctrl Pts',(-0.000422512160449483,-0.0981362501078876,
0.232306698933629));
#1552=CARTESIAN_POINT('Ctrl Pts',(-0.034417161481402,-0.091941934488858,
0.230133373667036));
#1553=CARTESIAN_POINT('Ctrl Pts',(-0.0582116877290078,-0.0729888761321288,
0.227960048400443));
#1554=CARTESIAN_POINT('Ctrl Pts',(-0.0799353134614172,-0.0556853525426425,
0.225975873376534));
#1555=CARTESIAN_POINT('Ctrl Pts',(-0.0931570407879984,-0.0277472970203539,
0.223991698352625));
#1556=CARTESIAN_POINT('Ctrl Pts',(-0.0933102222106716,4.6824042019978E-5,
0.222007523328715));
#1557=CARTESIAN_POINT('Origin',(0.,0.,0.241));
#1558=CARTESIAN_POINT('Origin',(0.,0.,0.241));
#1559=CARTESIAN_POINT('',(0.0282901631902917,0.049,0.241));
#1560=CARTESIAN_POINT('',(0.0565803263805833,0.,0.241));
#1561=CARTESIAN_POINT('',(0.0353627039878646,0.03675,0.241));
#1562=CARTESIAN_POINT('',(0.0282901631902916,-0.049,0.241));
#1563=CARTESIAN_POINT('',(0.0495077855830104,-0.01225,0.241));
#1564=CARTESIAN_POINT('',(-0.0282901631902917,-0.049,0.241));
#1565=CARTESIAN_POINT('',(0.0141450815951458,-0.049,0.241));
#1566=CARTESIAN_POINT('',(-0.0565803263805833,-8.32359935569579E-18,0.241));
#1567=CARTESIAN_POINT('',(-0.0353627039878646,-0.03675,0.241));
#1568=CARTESIAN_POINT('',(-0.0282901631902917,0.049,0.241));
#1569=CARTESIAN_POINT('',(-0.0495077855830104,0.01225,0.241));
#1570=CARTESIAN_POINT('',(-0.0141450815951458,0.049,0.241));
#1571=CARTESIAN_POINT('Origin',(0.0282901631902917,0.049,0.241));
#1572=CARTESIAN_POINT('',(0.0282901631902917,0.049,0.071));
#1573=CARTESIAN_POINT('',(0.0282901631902917,0.049,0.241));
#1574=CARTESIAN_POINT('',(0.0565803263805833,0.,0.071));
#1575=CARTESIAN_POINT('',(0.0565803263805833,6.30672720412336E-18,0.071));
#1576=CARTESIAN_POINT('',(0.0565803263805833,0.,0.241));
#1577=CARTESIAN_POINT('Origin',(-0.0282901631902917,0.049,0.241));
#1578=CARTESIAN_POINT('',(-0.0282901631902917,0.049,0.071));
#1579=CARTESIAN_POINT('',(-0.0282901631902917,0.049,0.241));
#1580=CARTESIAN_POINT('',(0.0282901631902917,0.049,0.071));
#1581=CARTESIAN_POINT('Origin',(-0.0565803263805833,-1.09273919746571E-17,
0.241));
#1582=CARTESIAN_POINT('',(-0.0565803263805833,-1.09273919746571E-17,0.071));
#1583=CARTESIAN_POINT('',(-0.0565803263805833,-8.32359935569579E-18,0.241));
#1584=CARTESIAN_POINT('',(-0.0282901631902917,0.049,0.071));
#1585=CARTESIAN_POINT('Origin',(-0.0282901631902917,-0.049,0.241));
#1586=CARTESIAN_POINT('',(-0.0282901631902917,-0.049,0.071));
#1587=CARTESIAN_POINT('',(-0.0282901631902917,-0.049,0.241));
#1588=CARTESIAN_POINT('',(-0.0565803263805833,-8.32359935569579E-18,0.071));
#1589=CARTESIAN_POINT('Origin',(0.0282901631902916,-0.049,0.241));
#1590=CARTESIAN_POINT('',(0.0282901631902916,-0.049,0.071));
#1591=CARTESIAN_POINT('',(0.0282901631902916,-0.049,0.241));
#1592=CARTESIAN_POINT('',(-0.0282901631902917,-0.049,0.071));
#1593=CARTESIAN_POINT('Origin',(0.0565803263805833,0.,0.241));
#1594=CARTESIAN_POINT('',(0.0282901631902916,-0.049,0.071));
#1595=CARTESIAN_POINT('Origin',(2.18547839493141E-17,0.,0.071));
#1596=CARTESIAN_POINT('Origin',(0.,0.,0.));
#1597=CARTESIAN_POINT('Origin',(0.,0.,0.));
#1598=UNCERTAINTY_MEASURE_WITH_UNIT(LENGTH_MEASURE(0.000393700787401575),
#1603,'DISTANCE_ACCURACY_VALUE',
'Maximum model space distance between geometric entities at asserted c
onnectivities');
#1599=UNCERTAINTY_MEASURE_WITH_UNIT(LENGTH_MEASURE(0.000393700787401575),
#1603,'DISTANCE_ACCURACY_VALUE',
'Maximum model space distance between geometric entities at asserted c
onnectivities');
#1600=(
GEOMETRIC_REPRESENTATION_CONTEXT(3)
GLOBAL_UNCERTAINTY_ASSIGNED_CONTEXT((#1598))
GLOBAL_UNIT_ASSIGNED_CONTEXT((#1603,#1607,#1608))
REPRESENTATION_CONTEXT('','3D')
);
#1601=(
GEOMETRIC_REPRESENTATION_CONTEXT(3)
GLOBAL_UNCERTAINTY_ASSIGNED_CONTEXT((#1599))
GLOBAL_UNIT_ASSIGNED_CONTEXT((#1603,#1607,#1608))
REPRESENTATION_CONTEXT('','3D')
);
#1602=DIMENSIONAL_EXPONENTS(1.,0.,0.,0.,0.,0.,0.);
#1603=(
CONVERSION_BASED_UNIT('inch',#1606)
LENGTH_UNIT()
NAMED_UNIT(#1602)
);
#1604=(
LENGTH_UNIT()
NAMED_UNIT(*)
SI_UNIT(.MILLI.,.METRE.)
);
#1605=(
LENGTH_UNIT()
NAMED_UNIT(*)
SI_UNIT($,.METRE.)
);
#1606=LENGTH_MEASURE_WITH_UNIT(LENGTH_MEASURE(25.4),#1604);
#1607=(
NAMED_UNIT(*)
PLANE_ANGLE_UNIT()
SI_UNIT($,.RADIAN.)
);
#1608=(
NAMED_UNIT(*)
SI_UNIT($,.STERADIAN.)
SOLID_ANGLE_UNIT()
);
#1609=SHAPE_DEFINITION_REPRESENTATION(#1610,#1611);
#1610=PRODUCT_DEFINITION_SHAPE('',$,#1613);
#1611=SHAPE_REPRESENTATION('',(#468),#1600);
#1612=PRODUCT_DEFINITION_CONTEXT('part definition',#1617,'design');
#1613=PRODUCT_DEFINITION('Hex nut','Hex nut',#1614,#1612);
#1614=PRODUCT_DEFINITION_FORMATION('',$,#1619);
#1615=PRODUCT_RELATED_PRODUCT_CATEGORY('Hex nut','Hex nut',(#1619));
#1616=APPLICATION_PROTOCOL_DEFINITION('international standard',
'automotive_design',2009,#1617);
#1617=APPLICATION_CONTEXT(
'Core Data for Automotive Mechanical Design Process');
#1618=PRODUCT_CONTEXT('part definition',#1617,'mechanical');
#1619=PRODUCT('Hex nut','Hex nut',$,(#1618));
#1620=PRESENTATION_STYLE_ASSIGNMENT((#1621));
#1621=SURFACE_STYLE_USAGE(.BOTH.,#1622);
#1622=SURFACE_SIDE_STYLE('',(#1623));
#1623=SURFACE_STYLE_FILL_AREA(#1624);
#1624=FILL_AREA_STYLE('Steel - Satin',(#1625));
#1625=FILL_AREA_STYLE_COLOUR('Steel - Satin',#1626);
#1626=COLOUR_RGB('Steel - Satin',0.627450980392157,0.627450980392157,0.627450980392157);
ENDSEC;
END-ISO-10303-21;
