ISO-10303-21;
HEADER;
/* Generated by software containing ST-Developer
 * from STEP Tools, Inc. (www.steptools.com) 
 */

FILE_DESCRIPTION(
/* description */ (''),
/* implementation_level */ '2;1');

FILE_NAME(
/* name */ 'Base.step',
/* time_stamp */ '2026-09-18T21:20:21-04:00',
/* author */ (''),
/* organization */ (''),
/* preprocessor_version */ 'ST-DEVELOPER v20.2',
/* originating_system */ 'Autodesk Translation Framework v15.15.0.0',
/* authorisation */ '');

FILE_SCHEMA (('AUTOMOTIVE_DESIGN { 1 0 10303 214 3 1 1 }'));
ENDSEC;

DATA;
#10=MECHANICAL_DESIGN_GEOMETRIC_PRESENTATION_REPRESENTATION('',(#13),#1663);
#11=SHAPE_REPRESENTATION_RELATIONSHIP('SRR','None',#1673,#12);
#12=ADVANCED_BREP_SHAPE_REPRESENTATION('',(#14),#1662);
#13=STYLED_ITEM('',(#1682),#14);
#14=MANIFOLD_SOLID_BREP('Body1',#483);
#15=(
BOUNDED_SURFACE()
B_SPLINE_SURFACE(2,2,((#1628,#1629,#1630,#1631,#1632,#1633,#1634,#1635,
#1636),(#1637,#1638,#1639,#1640,#1641,#1642,#1643,#1644,#1645),(#1646,#1647,
#1648,#1649,#1650,#1651,#1652,#1653,#1654)),.UNSPECIFIED.,.F.,.T.,.F.)
B_SPLINE_SURFACE_WITH_KNOTS((3,3),(3,2,2,2,3),(-1.5707963267949,-0.323689016930823),
(-3.14159265358979,-1.5707963267949,0.,1.5707963267949,3.14159265358979),
 .UNSPECIFIED.)
GEOMETRIC_REPRESENTATION_ITEM()
RATIONAL_B_SPLINE_SURFACE(((1.,0.707106781186548,1.,0.707106781186548,1.,
0.707106781186548,1.,0.707106781186548,1.),(0.811808523532738,0.574035312015038,
0.811808523532738,0.574035312015038,0.811808523532738,0.574035312015038,
0.811808523532738,0.574035312015038,0.811808523532738),(1.,0.707106781186548,
1.,0.707106781186548,1.,0.707106781186548,1.,0.707106781186548,1.)))
REPRESENTATION_ITEM('')
SURFACE()
);
#16=TOROIDAL_SURFACE('',#523,0.525,0.1);
#17=FACE_BOUND('',#78,.T.);
#18=FACE_BOUND('',#84,.T.);
#19=FACE_BOUND('',#86,.T.);
#20=FACE_BOUND('',#89,.T.);
#21=FACE_BOUND('',#94,.T.);
#22=CONICAL_SURFACE('',#515,0.0785,1.02974425867665);
#23=CONICAL_SURFACE('',#538,0.343955415600905,0.805819956689249);
#24=B_SPLINE_SURFACE_WITH_KNOTS('',3,3,((#1127,#1128,#1129,#1130,#1131,
#1132,#1133,#1134,#1135,#1136,#1137,#1138,#1139,#1140,#1141,#1142,#1143,
#1144,#1145,#1146,#1147,#1148,#1149,#1150,#1151,#1152,#1153,#1154,#1155,
#1156,#1157,#1158,#1159,#1160,#1161,#1162,#1163,#1164,#1165),(#1166,#1167,
#1168,#1169,#1170,#1171,#1172,#1173,#1174,#1175,#1176,#1177,#1178,#1179,
#1180,#1181,#1182,#1183,#1184,#1185,#1186,#1187,#1188,#1189,#1190,#1191,
#1192,#1193,#1194,#1195,#1196,#1197,#1198,#1199,#1200,#1201,#1202,#1203,
#1204),(#1205,#1206,#1207,#1208,#1209,#1210,#1211,#1212,#1213,#1214,#1215,
#1216,#1217,#1218,#1219,#1220,#1221,#1222,#1223,#1224,#1225,#1226,#1227,
#1228,#1229,#1230,#1231,#1232,#1233,#1234,#1235,#1236,#1237,#1238,#1239,
#1240,#1241,#1242,#1243),(#1244,#1245,#1246,#1247,#1248,#1249,#1250,#1251,
#1252,#1253,#1254,#1255,#1256,#1257,#1258,#1259,#1260,#1261,#1262,#1263,
#1264,#1265,#1266,#1267,#1268,#1269,#1270,#1271,#1272,#1273,#1274,#1275,
#1276,#1277,#1278,#1279,#1280,#1281,#1282)),.UNSPECIFIED.,.F.,.F.,.F.,(4,
4),(4,1,1,1,1,1,1,1,1,1,1,1,1,1,1,1,1,1,1,1,1,1,1,1,1,1,1,1,1,1,1,1,1,1,
1,1,4),(0.,0.0894546507082405),(11.8495571056138,12.3412853721973,12.8330136387808,
13.8164701719478,14.7999267051148,15.7833832382818,16.7668397714488,17.7502963046158,
18.7337528377827,19.7172093709497,20.7006659041167,21.6841224372837,22.6675789704507,
23.6510355036177,24.6344920367847,25.6179485699517,26.6014051031187,27.5848616362857,
28.5683181694527,29.5517747026196,30.5352312357866,31.5186877689536,32.5021443021206,
33.4856008352876,34.4690573684546,35.4525139016216,36.4359704347886,37.4194269679556,
38.4028835011226,39.3863400342896,40.3697965674566,41.3532531006235,42.3367096337905,
43.3201661669575,44.3036227001245,44.795350966708,45.2870792332915),
 .UNSPECIFIED.);
#25=B_SPLINE_SURFACE_WITH_KNOTS('',3,3,((#1354,#1355,#1356,#1357,#1358,
#1359,#1360,#1361,#1362,#1363,#1364,#1365,#1366,#1367,#1368,#1369,#1370,
#1371,#1372,#1373,#1374,#1375,#1376,#1377,#1378,#1379,#1380,#1381,#1382,
#1383,#1384,#1385,#1386,#1387,#1388,#1389,#1390,#1391,#1392),(#1393,#1394,
#1395,#1396,#1397,#1398,#1399,#1400,#1401,#1402,#1403,#1404,#1405,#1406,
#1407,#1408,#1409,#1410,#1411,#1412,#1413,#1414,#1415,#1416,#1417,#1418,
#1419,#1420,#1421,#1422,#1423,#1424,#1425,#1426,#1427,#1428,#1429,#1430,
#1431),(#1432,#1433,#1434,#1435,#1436,#1437,#1438,#1439,#1440,#1441,#1442,
#1443,#1444,#1445,#1446,#1447,#1448,#1449,#1450,#1451,#1452,#1453,#1454,
#1455,#1456,#1457,#1458,#1459,#1460,#1461,#1462,#1463,#1464,#1465,#1466,
#1467,#1468,#1469,#1470),(#1471,#1472,#1473,#1474,#1475,#1476,#1477,#1478,
#1479,#1480,#1481,#1482,#1483,#1484,#1485,#1486,#1487,#1488,#1489,#1490,
#1491,#1492,#1493,#1494,#1495,#1496,#1497,#1498,#1499,#1500,#1501,#1502,
#1503,#1504,#1505,#1506,#1507,#1508,#1509)),.UNSPECIFIED.,.F.,.F.,.F.,(4,
4),(4,1,1,1,1,1,1,1,1,1,1,1,1,1,1,1,1,1,1,1,1,1,1,1,1,1,1,1,1,1,1,1,1,1,
1,1,4),(0.,0.0894546507082405),(14.6545085972017,15.1462368637852,15.6379651303687,
16.6214216635357,17.6048781967027,18.5883347298697,19.5717912630367,20.5552477962037,
21.5387043293707,22.5221608625377,23.5056173957047,24.4890739288716,25.4725304620386,
26.4559869952056,27.4394435283726,28.4229000615396,29.4063565947066,30.3898131278736,
31.3732696610406,32.3567261942076,33.3401827273746,34.3236392605416,35.3070957937086,
36.2905523268755,37.2740088600425,38.2574653932095,39.2409219263765,40.2243784595435,
41.2078349927105,42.1912915258775,43.1747480590445,44.1582045922115,45.1416611253785,
46.1251176585455,47.1085741917124,47.6003024582959,48.0920307248795),
 .UNSPECIFIED.);
#26=PLANE('',#511);
#27=PLANE('',#518);
#28=PLANE('',#529);
#29=PLANE('',#530);
#30=PLANE('',#534);
#31=PLANE('',#542);
#32=FACE_OUTER_BOUND('',#62,.T.);
#33=FACE_OUTER_BOUND('',#63,.T.);
#34=FACE_OUTER_BOUND('',#64,.T.);
#35=FACE_OUTER_BOUND('',#65,.T.);
#36=FACE_OUTER_BOUND('',#66,.T.);
#37=FACE_OUTER_BOUND('',#67,.T.);
#38=FACE_OUTER_BOUND('',#68,.T.);
#39=FACE_OUTER_BOUND('',#69,.T.);
#40=FACE_OUTER_BOUND('',#70,.T.);
#41=FACE_OUTER_BOUND('',#71,.T.);
#42=FACE_OUTER_BOUND('',#72,.T.);
#43=FACE_OUTER_BOUND('',#73,.T.);
#44=FACE_OUTER_BOUND('',#74,.T.);
#45=FACE_OUTER_BOUND('',#75,.T.);
#46=FACE_OUTER_BOUND('',#76,.T.);
#47=FACE_OUTER_BOUND('',#77,.T.);
#48=FACE_OUTER_BOUND('',#79,.T.);
#49=FACE_OUTER_BOUND('',#80,.T.);
#50=FACE_OUTER_BOUND('',#81,.T.);
#51=FACE_OUTER_BOUND('',#82,.T.);
#52=FACE_OUTER_BOUND('',#83,.T.);
#53=FACE_OUTER_BOUND('',#85,.T.);
#54=FACE_OUTER_BOUND('',#87,.T.);
#55=FACE_OUTER_BOUND('',#88,.T.);
#56=FACE_OUTER_BOUND('',#90,.T.);
#57=FACE_OUTER_BOUND('',#91,.T.);
#58=FACE_OUTER_BOUND('',#92,.T.);
#59=FACE_OUTER_BOUND('',#93,.T.);
#60=FACE_OUTER_BOUND('',#95,.T.);
#61=FACE_OUTER_BOUND('',#96,.T.);
#62=EDGE_LOOP('',(#297,#298,#299,#300));
#63=EDGE_LOOP('',(#301,#302,#303,#304));
#64=EDGE_LOOP('',(#305,#306,#307,#308));
#65=EDGE_LOOP('',(#309,#310,#311,#312));
#66=EDGE_LOOP('',(#313,#314,#315,#316));
#67=EDGE_LOOP('',(#317,#318,#319,#320));
#68=EDGE_LOOP('',(#321,#322,#323,#324));
#69=EDGE_LOOP('',(#325,#326,#327,#328));
#70=EDGE_LOOP('',(#329,#330,#331,#332));
#71=EDGE_LOOP('',(#333,#334,#335,#336));
#72=EDGE_LOOP('',(#337,#338,#339,#340,#341));
#73=EDGE_LOOP('',(#342,#343,#344,#345));
#74=EDGE_LOOP('',(#346,#347,#348,#349,#350,#351,#352,#353,#354,#355,#356,
#357,#358,#359));
#75=EDGE_LOOP('',(#360,#361,#362,#363,#364,#365,#366,#367,#368,#369,#370,
#371,#372,#373));
#76=EDGE_LOOP('',(#374,#375,#376,#377,#378,#379,#380));
#77=EDGE_LOOP('',(#381));
#78=EDGE_LOOP('',(#382,#383,#384,#385));
#79=EDGE_LOOP('',(#386,#387,#388,#389));
#80=EDGE_LOOP('',(#390,#391,#392,#393));
#81=EDGE_LOOP('',(#394,#395,#396,#397));
#82=EDGE_LOOP('',(#398,#399,#400,#401));
#83=EDGE_LOOP('',(#402));
#84=EDGE_LOOP('',(#403));
#85=EDGE_LOOP('',(#404));
#86=EDGE_LOOP('',(#405));
#87=EDGE_LOOP('',(#406,#407,#408,#409));
#88=EDGE_LOOP('',(#410));
#89=EDGE_LOOP('',(#411));
#90=EDGE_LOOP('',(#412,#413,#414,#415));
#91=EDGE_LOOP('',(#416,#417,#418,#419));
#92=EDGE_LOOP('',(#420,#421,#422,#423));
#93=EDGE_LOOP('',(#424));
#94=EDGE_LOOP('',(#425));
#95=EDGE_LOOP('',(#426,#427,#428,#429));
#96=EDGE_LOOP('',(#430,#431,#432,#433,#434));
#97=CIRCLE('',#498,0.157);
#98=CIRCLE('',#503,0.157);
#99=CIRCLE('',#505,0.1875);
#100=CIRCLE('',#510,0.1875);
#101=CIRCLE('',#512,0.157);
#102=CIRCLE('',#513,0.157);
#103=CIRCLE('',#516,0.000410831201810912);
#104=CIRCLE('',#517,0.000410831201810912);
#105=CIRCLE('',#519,0.195);
#106=CIRCLE('',#521,0.195);
#107=CIRCLE('',#524,0.625);
#108=CIRCLE('',#525,0.1);
#109=CIRCLE('',#526,0.525);
#110=CIRCLE('',#528,0.625);
#111=CIRCLE('',#531,0.4325);
#112=CIRCLE('',#533,0.4325);
#113=CIRCLE('',#535,0.255410831201811);
#114=CIRCLE('',#537,0.255410831201811);
#115=CIRCLE('',#539,0.4325);
#116=CIRCLE('',#541,0.4325);
#117=CIRCLE('',#543,0.373001759701151);
#118=CIRCLE('',#544,0.393);
#119=CIRCLE('',#545,0.000410831201810999);
#120=B_SPLINE_CURVE_WITH_KNOTS('',3,(#673,#674,#675,#676,#677,#678,#679),
 .UNSPECIFIED.,.F.,.F.,(4,3,4),(32.4693812066452,32.9457938610942,33.4375221276777),
 .UNSPECIFIED.);
#121=B_SPLINE_CURVE_WITH_KNOTS('',3,(#682,#683,#684,#685,#686,#687,#688,
#689,#690,#691,#692,#693,#694),.UNSPECIFIED.,.F.,.F.,(4,3,3,3,4),(-31.6672539481851,
-31.4706090613437,-30.4871525281767,-29.5036959950097,-28.9911473910535),
 .UNSPECIFIED.);
#122=B_SPLINE_CURVE_WITH_KNOTS('',3,(#699,#700,#701,#702,#703,#704,#705,
#706,#707,#708,#709,#710,#711,#712,#713,#714,#715,#716,#717,#718,#719,#720,
#721,#722,#723),.UNSPECIFIED.,.F.,.F.,(4,3,3,3,3,3,3,3,4),(26.1861958994656,
26.5533263955088,27.5367829286758,28.5202394618428,29.5036959950098,30.4871525281768,
31.4706090613437,32.4540655945107,32.4693812066452),.UNSPECIFIED.);
#123=B_SPLINE_CURVE_WITH_KNOTS('',3,(#724,#725,#726,#727,#728,#729,#730,
#731,#732,#733,#734,#735,#736,#737,#738,#739,#740,#741,#742,#743,#744,#745),
 .UNSPECIFIED.,.F.,.F.,(4,3,3,3,3,3,3,4),(-28.9911473910535,-28.5202394618428,
-27.5367829286758,-26.5533263955088,-25.5698698623418,-24.5864133291748,
-23.6029567960078,-22.7079620838739),.UNSPECIFIED.);
#124=B_SPLINE_CURVE_WITH_KNOTS('',3,(#750,#751,#752,#753,#754,#755,#756,
#757,#758,#759,#760,#761,#762,#763,#764,#765,#766,#767,#768,#769,#770,#771),
 .UNSPECIFIED.,.F.,.F.,(4,3,3,3,3,3,3,4),(19.903010592286,20.6525871965068,
21.6360437296738,22.6195002628408,23.6029567960078,24.5864133291748,25.5698698623418,
26.1861958994656),.UNSPECIFIED.);
#125=B_SPLINE_CURVE_WITH_KNOTS('',3,(#772,#773,#774,#775,#776,#777,#778,
#779,#780,#781,#782,#783,#784,#785,#786,#787,#788,#789,#790,#791,#792,#793,
#794,#795,#796),.UNSPECIFIED.,.F.,.F.,(4,3,3,3,3,3,3,3,4),(-22.7079620838739,
-22.6195002628408,-21.6360437296738,-20.6525871965068,-19.6691306633398,
-18.6856741301728,-17.7022175970058,-16.7187610638389,-16.4247767766943),
 .UNSPECIFIED.);
#126=B_SPLINE_CURVE_WITH_KNOTS('',3,(#801,#802,#803,#804,#805,#806,#807,
#808,#809,#810,#811,#812,#813,#814,#815,#816,#817,#818,#819,#820,#821,#822,
#823,#824,#825),.UNSPECIFIED.,.F.,.F.,(4,3,3,3,3,3,3,3,4),(13.6198252851064,
13.7683914643379,14.7518479975049,15.7353045306719,16.7187610638389,17.7022175970059,
18.6856741301728,19.6691306633398,19.903010592286),.UNSPECIFIED.);
#127=B_SPLINE_CURVE_WITH_KNOTS('',3,(#826,#827,#828,#829,#830,#831,#832,
#833,#834,#835,#836,#837,#838,#839,#840,#841,#842,#843,#844,#845,#846,#847),
 .UNSPECIFIED.,.F.,.F.,(4,3,3,3,3,3,3,4),(-16.4247767766943,-15.7353045306719,
-14.7518479975049,-13.7683914643379,-12.7849349311709,-11.8014783980039,
-10.8180218648369,-10.1415914695147),.UNSPECIFIED.);
#128=B_SPLINE_CURVE_WITH_KNOTS('',3,(#853,#854,#855,#856,#857,#858,#859,
#860,#861,#862,#863,#864,#865,#866,#867,#868),.UNSPECIFIED.,.F.,.F.,(4,
3,3,3,3,4),(-3.85840616233516,-2.95036959950098,-1.96691306633398,-0.983456533166992,
-0.491728266583495,0.),.UNSPECIFIED.);
#129=B_SPLINE_CURVE_WITH_KNOTS('',3,(#871,#872,#873,#874,#875,#876,#877,
#878,#879,#880,#881,#882,#883,#884,#885,#886,#887,#888,#889,#890,#891,#892),
 .UNSPECIFIED.,.F.,.F.,(4,3,3,3,3,3,3,4),(1.7702681794926,1.96691306633398,
2.95036959950098,3.93382613266797,4.91728266583496,5.90073919900195,6.88419573216894,
7.33663997792683),.UNSPECIFIED.);
#130=B_SPLINE_CURVE_WITH_KNOTS('',3,(#898,#899,#900,#901,#902,#903,#904,
#905,#906),.UNSPECIFIED.,.F.,.F.,(4,1,1,1,1,1,4),(40.8407044966673,41.3532531006235,
42.3367096337905,43.3201661669575,44.3036227001245,44.795350966708,45.2870792332915),
 .UNSPECIFIED.);
#131=B_SPLINE_CURVE_WITH_KNOTS('',3,(#909,#910,#911,#912,#913,#914,#915,
#916,#917,#918),.UNSPECIFIED.,.F.,.F.,(4,1,1,1,1,1,1,4),(40.8407044966673,
41.2078349927105,42.1912915258775,43.1747480590445,44.1582045922115,45.1416611253785,
46.1251176585455,46.3217625453868),.UNSPECIFIED.);
#132=B_SPLINE_CURVE_WITH_KNOTS('',3,(#923,#924,#925,#926,#927,#928,#929,
#930,#931,#932),.UNSPECIFIED.,.F.,.F.,(4,1,1,1,1,1,1,4),(34.5575191894877,
35.4525139016216,36.4359704347886,37.4194269679556,38.4028835011226,39.3863400342896,
40.3697965674566,40.8407044966673),.UNSPECIFIED.);
#133=B_SPLINE_CURVE_WITH_KNOTS('',3,(#933,#934,#935,#936,#937,#938,#939,
#940,#941,#942),.UNSPECIFIED.,.F.,.F.,(4,1,1,1,1,1,1,4),(34.5575191894877,
35.3070957937086,36.2905523268755,37.2740088600425,38.2574653932095,39.2409219263765,
40.2243784595435,40.8407044966673),.UNSPECIFIED.);
#134=B_SPLINE_CURVE_WITH_KNOTS('',3,(#947,#948,#949,#950,#951,#952,#953,
#954,#955,#956,#957),.UNSPECIFIED.,.F.,.F.,(4,1,1,1,1,1,1,1,4),(28.2743338823081,
28.5683181694527,29.5517747026196,30.5352312357866,31.5186877689536,32.5021443021206,
33.4856008352876,34.4690573684546,34.5575191894877),.UNSPECIFIED.);
#135=B_SPLINE_CURVE_WITH_KNOTS('',3,(#958,#959,#960,#961,#962,#963,#964,
#965,#966,#967,#968),.UNSPECIFIED.,.F.,.F.,(4,1,1,1,1,1,1,1,4),(28.2743338823081,
28.4229000615396,29.4063565947066,30.3898131278736,31.3732696610406,32.3567261942076,
33.3401827273746,34.3236392605416,34.5575191894877),.UNSPECIFIED.);
#136=B_SPLINE_CURVE_WITH_KNOTS('',3,(#973,#974,#975,#976,#977,#978,#979,
#980,#981,#982),.UNSPECIFIED.,.F.,.F.,(4,1,1,1,1,1,1,4),(21.9911485751285,
22.6675789704507,23.6510355036177,24.6344920367847,25.6179485699517,26.6014051031187,
27.5848616362857,28.2743338823081),.UNSPECIFIED.);
#137=B_SPLINE_CURVE_WITH_KNOTS('',3,(#983,#984,#985,#986,#987,#988,#989,
#990,#991,#992),.UNSPECIFIED.,.F.,.F.,(4,1,1,1,1,1,1,4),(21.9911485751285,
22.5221608625377,23.5056173957047,24.4890739288716,25.4725304620386,26.4559869952056,
27.4394435283726,28.2743338823081),.UNSPECIFIED.);
#138=B_SPLINE_CURVE_WITH_KNOTS('',3,(#998,#999,#1000,#1001,#1002,#1003),
 .UNSPECIFIED.,.F.,.F.,(4,1,1,4),(14.6545085972017,15.1462368637852,15.6379651303687,
15.7079632679489),.UNSPECIFIED.);
#139=B_SPLINE_CURVE_WITH_KNOTS('',3,(#1006,#1007,#1008,#1009,#1010,#1011),
 .UNSPECIFIED.,.F.,.F.,(4,1,1,4),(13.6198252851064,13.8164701719478,14.7999267051148,
15.7079632679489),.UNSPECIFIED.);
#140=B_SPLINE_CURVE_WITH_KNOTS('',3,(#1016,#1017,#1018,#1019,#1020,#1021,
#1022,#1023,#1024,#1025,#1026,#1027,#1028,#1029,#1030,#1031,#1032,#1033,
#1034,#1035,#1036,#1037,#1038,#1039,#1040,#1041,#1042,#1043,#1044,#1045,
#1046,#1047,#1048,#1049,#1050,#1051,#1052,#1053,#1054,#1055,#1056,#1057,
#1058),.UNSPECIFIED.,.F.,.F.,(4,3,3,3,3,3,3,3,3,3,3,3,3,3,4),(-0.781926034082848,
-0.698080950806624,-0.661539138273577,-0.634648596044001,-0.578379796023875,
-0.532866880656058,-0.507678851658458,-0.418256287601218,-0.364242324865294,
-0.340200427507732,-0.255150320630799,-0.20315357346695,-0.162607648985466,
-0.0671979416577152,0.),.UNSPECIFIED.);
#141=B_SPLINE_CURVE_WITH_KNOTS('',3,(#1059,#1060,#1061,#1062,#1063,#1064,
#1065,#1066,#1067,#1068,#1069,#1070,#1071,#1072,#1073,#1074,#1075,#1076,
#1077,#1078,#1079,#1080,#1081,#1082,#1083,#1084,#1085,#1086,#1087,#1088,
#1089,#1090,#1091,#1092,#1093,#1094,#1095,#1096,#1097,#1098,#1099,#1100,
#1101,#1102,#1103,#1104),.UNSPECIFIED.,.F.,.F.,(4,3,3,3,3,3,3,3,3,3,3,3,
3,3,3,4),(-0.779031337410682,-0.684436457829063,-0.63555084521698,-0.604520570360923,
-0.54935253858404,-0.502354630043906,-0.474210061904937,-0.386067586492726,
-0.329846244434174,-0.303670507522558,-0.227752880641919,-0.184568276517487,
-0.158417719166011,-0.132677608683274,-0.0486824376225578,0.),
 .UNSPECIFIED.);
#142=B_SPLINE_CURVE_WITH_KNOTS('',3,(#1106,#1107,#1108,#1109,#1110,#1111,
#1112,#1113,#1114,#1115,#1116),.UNSPECIFIED.,.F.,.F.,(4,1,1,1,1,1,1,1,4),
(15.7079632679489,15.7833832382818,16.7668397714488,17.7502963046158,18.7337528377827,
19.7172093709497,20.7006659041167,21.6841224372837,21.9911485751285),
 .UNSPECIFIED.);
#143=B_SPLINE_CURVE_WITH_KNOTS('',3,(#1117,#1118,#1119,#1120,#1121,#1122,
#1123,#1124,#1125,#1126),.UNSPECIFIED.,.F.,.F.,(4,1,1,1,1,1,1,4),(15.7079632679489,
16.6214216635357,17.6048781967027,18.5883347298697,19.5717912630367,20.5552477962037,
21.5387043293707,21.9911485751285),.UNSPECIFIED.);
#144=B_SPLINE_CURVE_WITH_KNOTS('',3,(#1283,#1284,#1285,#1286,#1287,#1288,
#1289,#1290,#1291,#1292,#1293,#1294,#1295,#1296,#1297,#1298,#1299,#1300,
#1301,#1302,#1303,#1304,#1305,#1306,#1307,#1308,#1309,#1310,#1311,#1312,
#1313,#1314,#1315,#1316,#1317,#1318,#1319,#1320,#1321,#1322,#1323,#1324,
#1325,#1326,#1327,#1328),.UNSPECIFIED.,.F.,.F.,(4,3,3,3,3,3,3,3,3,3,3,3,
3,3,3,4),(0.,0.0832460756346283,0.157693703414998,0.183516043884155,0.203009600578289,
0.274205011445373,0.316264391878805,0.339938154112046,0.416444968606654,
0.480838552997565,0.510797635385934,0.577856060892119,0.624860224031042,
0.655503332049149,0.750868656764691,0.779031337410675),.UNSPECIFIED.);
#145=B_SPLINE_CURVE_WITH_KNOTS('',3,(#1329,#1330,#1331,#1332,#1333,#1334,
#1335,#1336,#1337,#1338,#1339,#1340,#1341,#1342,#1343,#1344,#1345,#1346,
#1347,#1348,#1349,#1350,#1351,#1352,#1353),.UNSPECIFIED.,.F.,.F.,(4,3,3,
3,3,3,3,3,4),(-10.1415914695147,-9.83456533166992,-8.85110879850292,-7.86765226533593,
-6.88419573216894,-5.90073919900195,-4.91728266583496,-3.93382613266797,
-3.85840616233516),.UNSPECIFIED.);
#146=B_SPLINE_CURVE_WITH_KNOTS('',3,(#1510,#1511,#1512,#1513,#1514,#1515,
#1516,#1517,#1518,#1519,#1520,#1521,#1522,#1523,#1524,#1525,#1526,#1527,
#1528,#1529,#1530,#1531),.UNSPECIFIED.,.F.,.F.,(4,3,3,3,3,3,3,4),(7.33663997792683,
7.86765226533593,8.85110879850293,9.83456533166992,10.8180218648369,11.8014783980039,
12.7849349311709,13.6198252851064),.UNSPECIFIED.);
#147=B_SPLINE_CURVE_WITH_KNOTS('',3,(#1532,#1533,#1534,#1535,#1536,#1537,
#1538,#1539,#1540,#1541,#1542,#1543,#1544,#1545,#1546,#1547,#1548,#1549,
#1550,#1551,#1552,#1553,#1554,#1555,#1556,#1557,#1558,#1559,#1560,#1561,
#1562,#1563,#1564,#1565,#1566,#1567,#1568,#1569,#1570,#1571,#1572,#1573,
#1574,#1575,#1576,#1577),.UNSPECIFIED.,.F.,.F.,(4,3,3,3,3,3,3,3,3,3,3,3,
3,3,3,4),(0.,0.0944486984026482,0.173501992285826,0.200943769279157,0.23070558123167,
0.321925403547295,0.35689761285621,0.38407598353059,0.451177738308048,0.511505794243445,
0.54647023201034,0.605334182528465,0.650983221512746,0.680352844368799,
0.764114398528768,0.78192603408284),.UNSPECIFIED.);
#148=LINE('',#671,#166);
#149=LINE('',#698,#167);
#150=LINE('',#749,#168);
#151=LINE('',#800,#169);
#152=LINE('',#851,#170);
#153=LINE('',#896,#171);
#154=LINE('',#922,#172);
#155=LINE('',#946,#173);
#156=LINE('',#972,#174);
#157=LINE('',#996,#175);
#158=LINE('',#1580,#176);
#159=LINE('',#1590,#177);
#160=LINE('',#1601,#178);
#161=LINE('',#1609,#179);
#162=LINE('',#1616,#180);
#163=LINE('',#1620,#181);
#164=LINE('',#1624,#182);
#165=LINE('',#1659,#183);
#166=VECTOR('',#551,0.157);
#167=VECTOR('',#556,0.157);
#168=VECTOR('',#559,0.157);
#169=VECTOR('',#562,0.157);
#170=VECTOR('',#565,0.157);
#171=VECTOR('',#570,0.1875);
#172=VECTOR('',#575,0.1875);
#173=VECTOR('',#578,0.1875);
#174=VECTOR('',#581,0.1875);
#175=VECTOR('',#584,0.1875);
#176=VECTOR('',#597,0.0785);
#177=VECTOR('',#610,0.195);
#178=VECTOR('',#625,0.625);
#179=VECTOR('',#636,0.4325);
#180=VECTOR('',#645,0.255410831201811);
#181=VECTOR('',#650,0.343955415600905);
#182=VECTOR('',#655,0.4325);
#183=VECTOR('',#666,0.000410831201810912);
#184=VERTEX_POINT('',#669);
#185=VERTEX_POINT('',#670);
#186=VERTEX_POINT('',#672);
#187=VERTEX_POINT('',#680);
#188=VERTEX_POINT('',#696);
#189=VERTEX_POINT('',#697);
#190=VERTEX_POINT('',#747);
#191=VERTEX_POINT('',#748);
#192=VERTEX_POINT('',#798);
#193=VERTEX_POINT('',#799);
#194=VERTEX_POINT('',#849);
#195=VERTEX_POINT('',#850);
#196=VERTEX_POINT('',#852);
#197=VERTEX_POINT('',#869);
#198=VERTEX_POINT('',#894);
#199=VERTEX_POINT('',#895);
#200=VERTEX_POINT('',#897);
#201=VERTEX_POINT('',#907);
#202=VERTEX_POINT('',#920);
#203=VERTEX_POINT('',#921);
#204=VERTEX_POINT('',#944);
#205=VERTEX_POINT('',#945);
#206=VERTEX_POINT('',#970);
#207=VERTEX_POINT('',#971);
#208=VERTEX_POINT('',#994);
#209=VERTEX_POINT('',#995);
#210=VERTEX_POINT('',#997);
#211=VERTEX_POINT('',#1004);
#212=VERTEX_POINT('',#1013);
#213=VERTEX_POINT('',#1579);
#214=VERTEX_POINT('',#1581);
#215=VERTEX_POINT('',#1585);
#216=VERTEX_POINT('',#1588);
#217=VERTEX_POINT('',#1593);
#218=VERTEX_POINT('',#1595);
#219=VERTEX_POINT('',#1599);
#220=VERTEX_POINT('',#1604);
#221=VERTEX_POINT('',#1607);
#222=VERTEX_POINT('',#1611);
#223=VERTEX_POINT('',#1614);
#224=VERTEX_POINT('',#1618);
#225=VERTEX_POINT('',#1622);
#226=VERTEX_POINT('',#1626);
#227=VERTEX_POINT('',#1655);
#228=EDGE_CURVE('',#184,#185,#148,.T.);
#229=EDGE_CURVE('',#185,#186,#120,.T.);
#230=EDGE_CURVE('',#186,#187,#97,.T.);
#231=EDGE_CURVE('',#187,#184,#121,.T.);
#232=EDGE_CURVE('',#188,#189,#149,.T.);
#233=EDGE_CURVE('',#189,#185,#122,.T.);
#234=EDGE_CURVE('',#184,#188,#123,.T.);
#235=EDGE_CURVE('',#190,#191,#150,.T.);
#236=EDGE_CURVE('',#191,#189,#124,.T.);
#237=EDGE_CURVE('',#188,#190,#125,.T.);
#238=EDGE_CURVE('',#192,#193,#151,.T.);
#239=EDGE_CURVE('',#193,#191,#126,.T.);
#240=EDGE_CURVE('',#190,#192,#127,.T.);
#241=EDGE_CURVE('',#194,#195,#152,.T.);
#242=EDGE_CURVE('',#194,#196,#128,.T.);
#243=EDGE_CURVE('',#197,#196,#98,.T.);
#244=EDGE_CURVE('',#197,#195,#129,.T.);
#245=EDGE_CURVE('',#198,#199,#153,.T.);
#246=EDGE_CURVE('',#199,#200,#130,.T.);
#247=EDGE_CURVE('',#201,#200,#99,.T.);
#248=EDGE_CURVE('',#198,#201,#131,.T.);
#249=EDGE_CURVE('',#202,#203,#154,.T.);
#250=EDGE_CURVE('',#203,#199,#132,.T.);
#251=EDGE_CURVE('',#202,#198,#133,.T.);
#252=EDGE_CURVE('',#204,#205,#155,.T.);
#253=EDGE_CURVE('',#205,#203,#134,.T.);
#254=EDGE_CURVE('',#204,#202,#135,.T.);
#255=EDGE_CURVE('',#206,#207,#156,.T.);
#256=EDGE_CURVE('',#207,#205,#136,.T.);
#257=EDGE_CURVE('',#206,#204,#137,.T.);
#258=EDGE_CURVE('',#208,#209,#157,.T.);
#259=EDGE_CURVE('',#210,#208,#138,.T.);
#260=EDGE_CURVE('',#211,#210,#100,.T.);
#261=EDGE_CURVE('',#211,#209,#139,.T.);
#262=EDGE_CURVE('',#187,#212,#101,.T.);
#263=EDGE_CURVE('',#212,#186,#102,.T.);
#264=EDGE_CURVE('',#186,#201,#140,.T.);
#265=EDGE_CURVE('',#200,#187,#141,.T.);
#266=EDGE_CURVE('',#209,#207,#142,.T.);
#267=EDGE_CURVE('',#208,#206,#143,.T.);
#268=EDGE_CURVE('',#196,#211,#144,.T.);
#269=EDGE_CURVE('',#192,#194,#145,.T.);
#270=EDGE_CURVE('',#195,#193,#146,.T.);
#271=EDGE_CURVE('',#210,#197,#147,.T.);
#272=EDGE_CURVE('',#212,#213,#158,.T.);
#273=EDGE_CURVE('',#214,#213,#103,.T.);
#274=EDGE_CURVE('',#213,#214,#104,.T.);
#275=EDGE_CURVE('',#215,#215,#105,.T.);
#276=EDGE_CURVE('',#216,#216,#106,.T.);
#277=EDGE_CURVE('',#216,#215,#159,.T.);
#278=EDGE_CURVE('',#217,#217,#107,.T.);
#279=EDGE_CURVE('',#217,#218,#108,.T.);
#280=EDGE_CURVE('',#218,#218,#109,.T.);
#281=EDGE_CURVE('',#219,#219,#110,.T.);
#282=EDGE_CURVE('',#219,#217,#160,.T.);
#283=EDGE_CURVE('',#220,#220,#111,.T.);
#284=EDGE_CURVE('',#221,#221,#112,.T.);
#285=EDGE_CURVE('',#221,#220,#161,.T.);
#286=EDGE_CURVE('',#222,#222,#113,.T.);
#287=EDGE_CURVE('',#223,#223,#114,.T.);
#288=EDGE_CURVE('',#223,#222,#162,.T.);
#289=EDGE_CURVE('',#224,#224,#115,.T.);
#290=EDGE_CURVE('',#224,#223,#163,.T.);
#291=EDGE_CURVE('',#225,#225,#116,.T.);
#292=EDGE_CURVE('',#225,#224,#164,.T.);
#293=EDGE_CURVE('',#226,#226,#117,.T.);
#294=EDGE_CURVE('',#226,#227,#118,.T.);
#295=EDGE_CURVE('',#227,#227,#119,.T.);
#296=EDGE_CURVE('',#227,#214,#165,.T.);
#297=ORIENTED_EDGE('',*,*,#228,.T.);
#298=ORIENTED_EDGE('',*,*,#229,.T.);
#299=ORIENTED_EDGE('',*,*,#230,.T.);
#300=ORIENTED_EDGE('',*,*,#231,.T.);
#301=ORIENTED_EDGE('',*,*,#232,.T.);
#302=ORIENTED_EDGE('',*,*,#233,.T.);
#303=ORIENTED_EDGE('',*,*,#228,.F.);
#304=ORIENTED_EDGE('',*,*,#234,.T.);
#305=ORIENTED_EDGE('',*,*,#235,.T.);
#306=ORIENTED_EDGE('',*,*,#236,.T.);
#307=ORIENTED_EDGE('',*,*,#232,.F.);
#308=ORIENTED_EDGE('',*,*,#237,.T.);
#309=ORIENTED_EDGE('',*,*,#238,.T.);
#310=ORIENTED_EDGE('',*,*,#239,.T.);
#311=ORIENTED_EDGE('',*,*,#235,.F.);
#312=ORIENTED_EDGE('',*,*,#240,.T.);
#313=ORIENTED_EDGE('',*,*,#241,.F.);
#314=ORIENTED_EDGE('',*,*,#242,.T.);
#315=ORIENTED_EDGE('',*,*,#243,.F.);
#316=ORIENTED_EDGE('',*,*,#244,.T.);
#317=ORIENTED_EDGE('',*,*,#245,.T.);
#318=ORIENTED_EDGE('',*,*,#246,.T.);
#319=ORIENTED_EDGE('',*,*,#247,.F.);
#320=ORIENTED_EDGE('',*,*,#248,.F.);
#321=ORIENTED_EDGE('',*,*,#249,.T.);
#322=ORIENTED_EDGE('',*,*,#250,.T.);
#323=ORIENTED_EDGE('',*,*,#245,.F.);
#324=ORIENTED_EDGE('',*,*,#251,.F.);
#325=ORIENTED_EDGE('',*,*,#252,.T.);
#326=ORIENTED_EDGE('',*,*,#253,.T.);
#327=ORIENTED_EDGE('',*,*,#249,.F.);
#328=ORIENTED_EDGE('',*,*,#254,.F.);
#329=ORIENTED_EDGE('',*,*,#255,.T.);
#330=ORIENTED_EDGE('',*,*,#256,.T.);
#331=ORIENTED_EDGE('',*,*,#252,.F.);
#332=ORIENTED_EDGE('',*,*,#257,.F.);
#333=ORIENTED_EDGE('',*,*,#258,.F.);
#334=ORIENTED_EDGE('',*,*,#259,.F.);
#335=ORIENTED_EDGE('',*,*,#260,.F.);
#336=ORIENTED_EDGE('',*,*,#261,.T.);
#337=ORIENTED_EDGE('',*,*,#262,.T.);
#338=ORIENTED_EDGE('',*,*,#263,.T.);
#339=ORIENTED_EDGE('',*,*,#264,.T.);
#340=ORIENTED_EDGE('',*,*,#247,.T.);
#341=ORIENTED_EDGE('',*,*,#265,.T.);
#342=ORIENTED_EDGE('',*,*,#258,.T.);
#343=ORIENTED_EDGE('',*,*,#266,.T.);
#344=ORIENTED_EDGE('',*,*,#255,.F.);
#345=ORIENTED_EDGE('',*,*,#267,.F.);
#346=ORIENTED_EDGE('',*,*,#265,.F.);
#347=ORIENTED_EDGE('',*,*,#246,.F.);
#348=ORIENTED_EDGE('',*,*,#250,.F.);
#349=ORIENTED_EDGE('',*,*,#253,.F.);
#350=ORIENTED_EDGE('',*,*,#256,.F.);
#351=ORIENTED_EDGE('',*,*,#266,.F.);
#352=ORIENTED_EDGE('',*,*,#261,.F.);
#353=ORIENTED_EDGE('',*,*,#268,.F.);
#354=ORIENTED_EDGE('',*,*,#242,.F.);
#355=ORIENTED_EDGE('',*,*,#269,.F.);
#356=ORIENTED_EDGE('',*,*,#240,.F.);
#357=ORIENTED_EDGE('',*,*,#237,.F.);
#358=ORIENTED_EDGE('',*,*,#234,.F.);
#359=ORIENTED_EDGE('',*,*,#231,.F.);
#360=ORIENTED_EDGE('',*,*,#264,.F.);
#361=ORIENTED_EDGE('',*,*,#229,.F.);
#362=ORIENTED_EDGE('',*,*,#233,.F.);
#363=ORIENTED_EDGE('',*,*,#236,.F.);
#364=ORIENTED_EDGE('',*,*,#239,.F.);
#365=ORIENTED_EDGE('',*,*,#270,.F.);
#366=ORIENTED_EDGE('',*,*,#244,.F.);
#367=ORIENTED_EDGE('',*,*,#271,.F.);
#368=ORIENTED_EDGE('',*,*,#259,.T.);
#369=ORIENTED_EDGE('',*,*,#267,.T.);
#370=ORIENTED_EDGE('',*,*,#257,.T.);
#371=ORIENTED_EDGE('',*,*,#254,.T.);
#372=ORIENTED_EDGE('',*,*,#251,.T.);
#373=ORIENTED_EDGE('',*,*,#248,.T.);
#374=ORIENTED_EDGE('',*,*,#262,.F.);
#375=ORIENTED_EDGE('',*,*,#230,.F.);
#376=ORIENTED_EDGE('',*,*,#263,.F.);
#377=ORIENTED_EDGE('',*,*,#272,.T.);
#378=ORIENTED_EDGE('',*,*,#273,.F.);
#379=ORIENTED_EDGE('',*,*,#274,.F.);
#380=ORIENTED_EDGE('',*,*,#272,.F.);
#381=ORIENTED_EDGE('',*,*,#275,.F.);
#382=ORIENTED_EDGE('',*,*,#271,.T.);
#383=ORIENTED_EDGE('',*,*,#243,.T.);
#384=ORIENTED_EDGE('',*,*,#268,.T.);
#385=ORIENTED_EDGE('',*,*,#260,.T.);
#386=ORIENTED_EDGE('',*,*,#276,.F.);
#387=ORIENTED_EDGE('',*,*,#277,.T.);
#388=ORIENTED_EDGE('',*,*,#275,.T.);
#389=ORIENTED_EDGE('',*,*,#277,.F.);
#390=ORIENTED_EDGE('',*,*,#241,.T.);
#391=ORIENTED_EDGE('',*,*,#270,.T.);
#392=ORIENTED_EDGE('',*,*,#238,.F.);
#393=ORIENTED_EDGE('',*,*,#269,.T.);
#394=ORIENTED_EDGE('',*,*,#278,.T.);
#395=ORIENTED_EDGE('',*,*,#279,.T.);
#396=ORIENTED_EDGE('',*,*,#280,.T.);
#397=ORIENTED_EDGE('',*,*,#279,.F.);
#398=ORIENTED_EDGE('',*,*,#281,.F.);
#399=ORIENTED_EDGE('',*,*,#282,.T.);
#400=ORIENTED_EDGE('',*,*,#278,.F.);
#401=ORIENTED_EDGE('',*,*,#282,.F.);
#402=ORIENTED_EDGE('',*,*,#280,.F.);
#403=ORIENTED_EDGE('',*,*,#276,.T.);
#404=ORIENTED_EDGE('',*,*,#281,.T.);
#405=ORIENTED_EDGE('',*,*,#283,.F.);
#406=ORIENTED_EDGE('',*,*,#284,.F.);
#407=ORIENTED_EDGE('',*,*,#285,.T.);
#408=ORIENTED_EDGE('',*,*,#283,.T.);
#409=ORIENTED_EDGE('',*,*,#285,.F.);
#410=ORIENTED_EDGE('',*,*,#284,.T.);
#411=ORIENTED_EDGE('',*,*,#286,.F.);
#412=ORIENTED_EDGE('',*,*,#287,.F.);
#413=ORIENTED_EDGE('',*,*,#288,.T.);
#414=ORIENTED_EDGE('',*,*,#286,.T.);
#415=ORIENTED_EDGE('',*,*,#288,.F.);
#416=ORIENTED_EDGE('',*,*,#289,.F.);
#417=ORIENTED_EDGE('',*,*,#290,.T.);
#418=ORIENTED_EDGE('',*,*,#287,.T.);
#419=ORIENTED_EDGE('',*,*,#290,.F.);
#420=ORIENTED_EDGE('',*,*,#291,.F.);
#421=ORIENTED_EDGE('',*,*,#292,.T.);
#422=ORIENTED_EDGE('',*,*,#289,.T.);
#423=ORIENTED_EDGE('',*,*,#292,.F.);
#424=ORIENTED_EDGE('',*,*,#291,.T.);
#425=ORIENTED_EDGE('',*,*,#293,.F.);
#426=ORIENTED_EDGE('',*,*,#293,.T.);
#427=ORIENTED_EDGE('',*,*,#294,.T.);
#428=ORIENTED_EDGE('',*,*,#295,.F.);
#429=ORIENTED_EDGE('',*,*,#294,.F.);
#430=ORIENTED_EDGE('',*,*,#295,.T.);
#431=ORIENTED_EDGE('',*,*,#296,.T.);
#432=ORIENTED_EDGE('',*,*,#273,.T.);
#433=ORIENTED_EDGE('',*,*,#274,.T.);
#434=ORIENTED_EDGE('',*,*,#296,.F.);
#435=CYLINDRICAL_SURFACE('',#497,0.157);
#436=CYLINDRICAL_SURFACE('',#499,0.157);
#437=CYLINDRICAL_SURFACE('',#500,0.157);
#438=CYLINDRICAL_SURFACE('',#501,0.157);
#439=CYLINDRICAL_SURFACE('',#502,0.157);
#440=CYLINDRICAL_SURFACE('',#504,0.1875);
#441=CYLINDRICAL_SURFACE('',#506,0.1875);
#442=CYLINDRICAL_SURFACE('',#507,0.1875);
#443=CYLINDRICAL_SURFACE('',#508,0.1875);
#444=CYLINDRICAL_SURFACE('',#509,0.1875);
#445=CYLINDRICAL_SURFACE('',#514,0.1875);
#446=CYLINDRICAL_SURFACE('',#520,0.195);
#447=CYLINDRICAL_SURFACE('',#522,0.157);
#448=CYLINDRICAL_SURFACE('',#527,0.625);
#449=CYLINDRICAL_SURFACE('',#532,0.4325);
#450=CYLINDRICAL_SURFACE('',#536,0.255410831201811);
#451=CYLINDRICAL_SURFACE('',#540,0.4325);
#452=CYLINDRICAL_SURFACE('',#546,0.000410831201810912);
#453=ADVANCED_FACE('',(#32),#435,.F.);
#454=ADVANCED_FACE('',(#33),#436,.F.);
#455=ADVANCED_FACE('',(#34),#437,.F.);
#456=ADVANCED_FACE('',(#35),#438,.F.);
#457=ADVANCED_FACE('',(#36),#439,.F.);
#458=ADVANCED_FACE('',(#37),#440,.F.);
#459=ADVANCED_FACE('',(#38),#441,.F.);
#460=ADVANCED_FACE('',(#39),#442,.F.);
#461=ADVANCED_FACE('',(#40),#443,.F.);
#462=ADVANCED_FACE('',(#41),#444,.F.);
#463=ADVANCED_FACE('',(#42),#26,.F.);
#464=ADVANCED_FACE('',(#43),#445,.F.);
#465=ADVANCED_FACE('',(#44),#24,.F.);
#466=ADVANCED_FACE('',(#45),#25,.F.);
#467=ADVANCED_FACE('',(#46),#22,.F.);
#468=ADVANCED_FACE('',(#47,#17),#27,.F.);
#469=ADVANCED_FACE('',(#48),#446,.F.);
#470=ADVANCED_FACE('',(#49),#447,.F.);
#471=ADVANCED_FACE('',(#50),#16,.T.);
#472=ADVANCED_FACE('',(#51),#448,.T.);
#473=ADVANCED_FACE('',(#52,#18),#28,.T.);
#474=ADVANCED_FACE('',(#53,#19),#29,.T.);
#475=ADVANCED_FACE('',(#54),#449,.T.);
#476=ADVANCED_FACE('',(#55,#20),#30,.T.);
#477=ADVANCED_FACE('',(#56),#450,.T.);
#478=ADVANCED_FACE('',(#57),#23,.T.);
#479=ADVANCED_FACE('',(#58),#451,.T.);
#480=ADVANCED_FACE('',(#59,#21),#31,.T.);
#481=ADVANCED_FACE('',(#60),#15,.T.);
#482=ADVANCED_FACE('',(#61),#452,.F.);
#483=CLOSED_SHELL('',(#453,#454,#455,#456,#457,#458,#459,#460,#461,#462,
#463,#464,#465,#466,#467,#468,#469,#470,#471,#472,#473,#474,#475,#476,#477,
#478,#479,#480,#481,#482));
#484=DERIVED_UNIT_ELEMENT(#486,1.);
#485=DERIVED_UNIT_ELEMENT(#1667,-3.);
#486=(
MASS_UNIT()
NAMED_UNIT(*)
SI_UNIT(.KILO.,.GRAM.)
);
#487=DERIVED_UNIT((#484,#485));
#488=MEASURE_REPRESENTATION_ITEM('density measure',
POSITIVE_RATIO_MEASURE(7850.),#487);
#489=PROPERTY_DEFINITION_REPRESENTATION(#494,#491);
#490=PROPERTY_DEFINITION_REPRESENTATION(#495,#492);
#491=REPRESENTATION('material name',(#493),#1662);
#492=REPRESENTATION('density',(#488),#1662);
#493=DESCRIPTIVE_REPRESENTATION_ITEM('Steel','Steel');
#494=PROPERTY_DEFINITION('material property','material name',#1675);
#495=PROPERTY_DEFINITION('material property','density of part',#1675);
#496=AXIS2_PLACEMENT_3D('',#667,#547,#548);
#497=AXIS2_PLACEMENT_3D('',#668,#549,#550);
#498=AXIS2_PLACEMENT_3D('',#681,#552,#553);
#499=AXIS2_PLACEMENT_3D('',#695,#554,#555);
#500=AXIS2_PLACEMENT_3D('',#746,#557,#558);
#501=AXIS2_PLACEMENT_3D('',#797,#560,#561);
#502=AXIS2_PLACEMENT_3D('',#848,#563,#564);
#503=AXIS2_PLACEMENT_3D('',#870,#566,#567);
#504=AXIS2_PLACEMENT_3D('',#893,#568,#569);
#505=AXIS2_PLACEMENT_3D('',#908,#571,#572);
#506=AXIS2_PLACEMENT_3D('',#919,#573,#574);
#507=AXIS2_PLACEMENT_3D('',#943,#576,#577);
#508=AXIS2_PLACEMENT_3D('',#969,#579,#580);
#509=AXIS2_PLACEMENT_3D('',#993,#582,#583);
#510=AXIS2_PLACEMENT_3D('',#1005,#585,#586);
#511=AXIS2_PLACEMENT_3D('',#1012,#587,#588);
#512=AXIS2_PLACEMENT_3D('',#1014,#589,#590);
#513=AXIS2_PLACEMENT_3D('',#1015,#591,#592);
#514=AXIS2_PLACEMENT_3D('',#1105,#593,#594);
#515=AXIS2_PLACEMENT_3D('',#1578,#595,#596);
#516=AXIS2_PLACEMENT_3D('',#1582,#598,#599);
#517=AXIS2_PLACEMENT_3D('',#1583,#600,#601);
#518=AXIS2_PLACEMENT_3D('',#1584,#602,#603);
#519=AXIS2_PLACEMENT_3D('',#1586,#604,#605);
#520=AXIS2_PLACEMENT_3D('',#1587,#606,#607);
#521=AXIS2_PLACEMENT_3D('',#1589,#608,#609);
#522=AXIS2_PLACEMENT_3D('',#1591,#611,#612);
#523=AXIS2_PLACEMENT_3D('',#1592,#613,#614);
#524=AXIS2_PLACEMENT_3D('',#1594,#615,#616);
#525=AXIS2_PLACEMENT_3D('',#1596,#617,#618);
#526=AXIS2_PLACEMENT_3D('',#1597,#619,#620);
#527=AXIS2_PLACEMENT_3D('',#1598,#621,#622);
#528=AXIS2_PLACEMENT_3D('',#1600,#623,#624);
#529=AXIS2_PLACEMENT_3D('',#1602,#626,#627);
#530=AXIS2_PLACEMENT_3D('',#1603,#628,#629);
#531=AXIS2_PLACEMENT_3D('',#1605,#630,#631);
#532=AXIS2_PLACEMENT_3D('',#1606,#632,#633);
#533=AXIS2_PLACEMENT_3D('',#1608,#634,#635);
#534=AXIS2_PLACEMENT_3D('',#1610,#637,#638);
#535=AXIS2_PLACEMENT_3D('',#1612,#639,#640);
#536=AXIS2_PLACEMENT_3D('',#1613,#641,#642);
#537=AXIS2_PLACEMENT_3D('',#1615,#643,#644);
#538=AXIS2_PLACEMENT_3D('',#1617,#646,#647);
#539=AXIS2_PLACEMENT_3D('',#1619,#648,#649);
#540=AXIS2_PLACEMENT_3D('',#1621,#651,#652);
#541=AXIS2_PLACEMENT_3D('',#1623,#653,#654);
#542=AXIS2_PLACEMENT_3D('',#1625,#656,#657);
#543=AXIS2_PLACEMENT_3D('',#1627,#658,#659);
#544=AXIS2_PLACEMENT_3D('',#1656,#660,#661);
#545=AXIS2_PLACEMENT_3D('',#1657,#662,#663);
#546=AXIS2_PLACEMENT_3D('',#1658,#664,#665);
#547=DIRECTION('axis',(0.,0.,1.));
#548=DIRECTION('refdir',(1.,0.,0.));
#549=DIRECTION('center_axis',(0.,0.,1.));
#550=DIRECTION('ref_axis',(0.230725102711046,0.973018975652056,0.));
#551=DIRECTION('',(0.,0.,1.));
#552=DIRECTION('center_axis',(0.,0.,1.));
#553=DIRECTION('ref_axis',(-1.,0.,0.));
#554=DIRECTION('center_axis',(0.,0.,1.));
#555=DIRECTION('ref_axis',(-1.,0.,0.));
#556=DIRECTION('',(0.,0.,1.));
#557=DIRECTION('center_axis',(0.,0.,1.));
#558=DIRECTION('ref_axis',(-1.,0.,0.));
#559=DIRECTION('',(0.,0.,1.));
#560=DIRECTION('center_axis',(0.,0.,1.));
#561=DIRECTION('ref_axis',(-1.,0.,0.));
#562=DIRECTION('',(0.,0.,1.));
#563=DIRECTION('center_axis',(0.,0.,1.));
#564=DIRECTION('ref_axis',(-0.936380180163583,-0.350987404612782,0.));
#565=DIRECTION('',(0.,0.,1.));
#566=DIRECTION('center_axis',(0.,0.,1.));
#567=DIRECTION('ref_axis',(-1.,0.,0.));
#568=DIRECTION('center_axis',(0.,0.,1.));
#569=DIRECTION('ref_axis',(-0.920615128227623,0.390471235404654,5.82794238648376E-17));
#570=DIRECTION('',(-1.22464679914735E-16,-4.94887732679602E-31,1.));
#571=DIRECTION('center_axis',(0.,0.,-1.));
#572=DIRECTION('ref_axis',(-1.,-3.91860032776064E-15,5.82794238648376E-17));
#573=DIRECTION('center_axis',(0.,0.,1.));
#574=DIRECTION('ref_axis',(-1.,-3.91860032776064E-15,5.82794238648376E-17));
#575=DIRECTION('',(-1.22464679914735E-16,-4.94887732679602E-31,1.));
#576=DIRECTION('center_axis',(0.,0.,1.));
#577=DIRECTION('ref_axis',(-1.,-3.91860032776064E-15,5.82794238648376E-17));
#578=DIRECTION('',(-1.22464679914735E-16,-4.94887732679602E-31,1.));
#579=DIRECTION('center_axis',(0.,0.,1.));
#580=DIRECTION('ref_axis',(-1.,-3.91860032776064E-15,5.82794238648376E-17));
#581=DIRECTION('',(-1.22464679914735E-16,-4.94887732679602E-31,1.));
#582=DIRECTION('center_axis',(0.,0.,1.));
#583=DIRECTION('ref_axis',(0.502895947035874,-0.86434695953355,5.82794238648376E-17));
#584=DIRECTION('',(-1.22464679914735E-16,-4.94887732679602E-31,1.));
#585=DIRECTION('center_axis',(0.,0.,1.));
#586=DIRECTION('ref_axis',(-1.,-3.91860032776064E-15,5.82794238648376E-17));
#587=DIRECTION('center_axis',(0.,0.,1.));
#588=DIRECTION('ref_axis',(1.,0.,0.));
#589=DIRECTION('center_axis',(0.,0.,1.));
#590=DIRECTION('ref_axis',(-1.,0.,0.));
#591=DIRECTION('center_axis',(0.,0.,1.));
#592=DIRECTION('ref_axis',(-1.,0.,0.));
#593=DIRECTION('center_axis',(0.,0.,1.));
#594=DIRECTION('ref_axis',(-1.,-3.91860032776064E-15,5.82794238648376E-17));
#595=DIRECTION('center_axis',(0.,0.,-1.));
#596=DIRECTION('ref_axis',(-1.,0.,0.));
#597=DIRECTION('',(-0.857167300702112,-1.04972719113862E-16,0.515038074910054));
#598=DIRECTION('center_axis',(0.,0.,-1.));
#599=DIRECTION('ref_axis',(1.,0.,0.));
#600=DIRECTION('center_axis',(0.,0.,-1.));
#601=DIRECTION('ref_axis',(1.,0.,0.));
#602=DIRECTION('center_axis',(0.,0.,1.));
#603=DIRECTION('ref_axis',(-1.,0.,0.));
#604=DIRECTION('center_axis',(0.,0.,1.));
#605=DIRECTION('ref_axis',(-1.,0.,0.));
#606=DIRECTION('center_axis',(0.,0.,1.));
#607=DIRECTION('ref_axis',(-1.,0.,0.));
#608=DIRECTION('center_axis',(0.,0.,1.));
#609=DIRECTION('ref_axis',(-1.,0.,0.));
#610=DIRECTION('',(0.,0.,1.));
#611=DIRECTION('center_axis',(0.,0.,1.));
#612=DIRECTION('ref_axis',(-1.,0.,0.));
#613=DIRECTION('center_axis',(0.,0.,1.));
#614=DIRECTION('ref_axis',(1.,0.,0.));
#615=DIRECTION('center_axis',(0.,0.,-1.));
#616=DIRECTION('ref_axis',(-1.,1.22464679914735E-16,0.));
#617=DIRECTION('center_axis',(1.22464679914735E-16,-1.,0.));
#618=DIRECTION('ref_axis',(-1.,-1.22464679914735E-16,0.));
#619=DIRECTION('center_axis',(0.,0.,1.));
#620=DIRECTION('ref_axis',(-1.,1.22464679914735E-16,0.));
#621=DIRECTION('center_axis',(0.,0.,1.));
#622=DIRECTION('ref_axis',(1.,0.,0.));
#623=DIRECTION('center_axis',(0.,0.,1.));
#624=DIRECTION('ref_axis',(1.,0.,0.));
#625=DIRECTION('',(0.,0.,-1.));
#626=DIRECTION('center_axis',(0.,0.,-1.));
#627=DIRECTION('ref_axis',(-1.,0.,0.));
#628=DIRECTION('center_axis',(0.,0.,1.));
#629=DIRECTION('ref_axis',(1.,0.,0.));
#630=DIRECTION('center_axis',(0.,0.,1.));
#631=DIRECTION('ref_axis',(1.,0.,0.));
#632=DIRECTION('center_axis',(0.,0.,1.));
#633=DIRECTION('ref_axis',(1.,0.,0.));
#634=DIRECTION('center_axis',(0.,0.,1.));
#635=DIRECTION('ref_axis',(1.,0.,0.));
#636=DIRECTION('',(0.,0.,-1.));
#637=DIRECTION('center_axis',(0.,0.,1.));
#638=DIRECTION('ref_axis',(1.,0.,0.));
#639=DIRECTION('center_axis',(0.,0.,1.));
#640=DIRECTION('ref_axis',(1.,0.,0.));
#641=DIRECTION('center_axis',(0.,0.,1.));
#642=DIRECTION('ref_axis',(1.,0.,0.));
#643=DIRECTION('center_axis',(0.,0.,1.));
#644=DIRECTION('ref_axis',(1.,0.,0.));
#645=DIRECTION('',(0.,0.,-1.));
#646=DIRECTION('center_axis',(0.,0.,1.));
#647=DIRECTION('ref_axis',(1.,0.,0.));
#648=DIRECTION('center_axis',(0.,0.,1.));
#649=DIRECTION('ref_axis',(1.,0.,0.));
#650=DIRECTION('',(0.721398721811316,8.8345863557522E-17,-0.692519952181162));
#651=DIRECTION('center_axis',(0.,0.,1.));
#652=DIRECTION('ref_axis',(1.,0.,0.));
#653=DIRECTION('center_axis',(0.,0.,1.));
#654=DIRECTION('ref_axis',(1.,0.,0.));
#655=DIRECTION('',(0.,0.,-1.));
#656=DIRECTION('center_axis',(0.,0.,1.));
#657=DIRECTION('ref_axis',(1.,0.,0.));
#658=DIRECTION('center_axis',(0.,0.,1.));
#659=DIRECTION('ref_axis',(1.,0.,0.));
#660=DIRECTION('center_axis',(1.22464679914735E-16,-1.,0.));
#661=DIRECTION('ref_axis',(-1.,-1.22464679914735E-16,0.));
#662=DIRECTION('center_axis',(0.,0.,1.));
#663=DIRECTION('ref_axis',(1.,0.,0.));
#664=DIRECTION('center_axis',(0.,0.,1.));
#665=DIRECTION('ref_axis',(1.,0.,0.));
#666=DIRECTION('',(0.,0.,-1.));
#667=CARTESIAN_POINT('',(0.,0.,0.));
#668=CARTESIAN_POINT('Origin',(-0.625,0.,0.1875));
#669=CARTESIAN_POINT('',(-0.468244620092206,-2.50112903876076E-5,0.348380275824492));
#670=CARTESIAN_POINT('',(-0.46783042124876,-6.71976677634279E-6,0.365369724175508));
#671=CARTESIAN_POINT('',(-0.468,1.92269547466134E-17,0.1875));
#672=CARTESIAN_POINT('',(-0.536007363271922,0.129341836264158,0.375));
#673=CARTESIAN_POINT('Ctrl Pts',(-0.46783042124876,-6.71976677634279E-6,
0.365369724175508));
#674=CARTESIAN_POINT('Ctrl Pts',(-0.467788279121331,0.0248908433181052,
0.366949378944406));
#675=CARTESIAN_POINT('Ctrl Pts',(-0.474068639387866,0.0498575848648109,
0.368529033713304));
#676=CARTESIAN_POINT('Ctrl Pts',(-0.485553709532967,0.0720134278680834,
0.370108688482202));
#677=CARTESIAN_POINT('Ctrl Pts',(-0.497407999257012,0.0948815321742002,
0.371739125654801));
#678=CARTESIAN_POINT('Ctrl Pts',(-0.51480701762429,0.114755104598496,0.373369562827401));
#679=CARTESIAN_POINT('Ctrl Pts',(-0.536007363271924,0.129341836264159,0.375));
#680=CARTESIAN_POINT('',(-0.765276646155508,0.0706152341915297,0.375));
#681=CARTESIAN_POINT('Origin',(-0.625,0.,0.375));
#682=CARTESIAN_POINT('Ctrl Pts',(-0.765276646155508,0.0706152341915297,
0.375));
#683=CARTESIAN_POINT('Ctrl Pts',(-0.760757288518084,0.0798247098502288,
0.374347979046363));
#684=CARTESIAN_POINT('Ctrl Pts',(-0.755335665205304,0.0885651874697383,
0.373695958092727));
#685=CARTESIAN_POINT('Ctrl Pts',(-0.749044095717593,0.0966365227082217,
0.37304393713909));
#686=CARTESIAN_POINT('Ctrl Pts',(-0.717578822371559,0.137002725456578,0.369783062793892));
#687=CARTESIAN_POINT('Ctrl Pts',(-0.664354625509836,0.160632469893606,0.366522188448693));
#688=CARTESIAN_POINT('Ctrl Pts',(-0.613233538901392,0.156825142158428,0.363261314103494));
#689=CARTESIAN_POINT('Ctrl Pts',(-0.562112452292947,0.15301781442325,0.360000439758295));
#690=CARTESIAN_POINT('Ctrl Pts',(-0.513094475937781,0.121773414515864,0.356739565413096));
#691=CARTESIAN_POINT('Ctrl Pts',(-0.487971571869525,0.077101106316086,0.353478691067897));
#692=CARTESIAN_POINT('Ctrl Pts',(-0.474878253585244,0.0538192138977545,
0.351779219320095));
#693=CARTESIAN_POINT('Ctrl Pts',(-0.468275285328679,0.02689004961051,0.350079747572294));
#694=CARTESIAN_POINT('Ctrl Pts',(-0.468244620092206,-2.50112903876076E-5,
0.348380275824492));
#695=CARTESIAN_POINT('Origin',(-0.625,0.,0.1875));
#696=CARTESIAN_POINT('',(-0.467805905328667,-7.54397212472351E-5,0.285880275824492));
#697=CARTESIAN_POINT('',(-0.468179618282669,9.08478291048979E-5,0.302869724175508));
#698=CARTESIAN_POINT('',(-0.468,1.92269547466134E-17,0.1875));
#699=CARTESIAN_POINT('Ctrl Pts',(-0.468179618282669,9.08478291048979E-5,
0.302869724175508));
#700=CARTESIAN_POINT('Ctrl Pts',(-0.468073864943424,0.0193545752113942,
0.304087029033947));
#701=CARTESIAN_POINT('Ctrl Pts',(-0.471370489565755,0.0385834481409151,
0.305304333892385));
#702=CARTESIAN_POINT('Ctrl Pts',(-0.4782367048774,0.0564397365067053,0.306521638750824));
#703=CARTESIAN_POINT('Ctrl Pts',(-0.496629686062961,0.104272547021537,0.309782513096023));
#704=CARTESIAN_POINT('Ctrl Pts',(-0.540637282533013,0.14225598582811,0.313043387441222));
#705=CARTESIAN_POINT('Ctrl Pts',(-0.59064962963365,0.1534481713701,0.316304261786421));
#706=CARTESIAN_POINT('Ctrl Pts',(-0.640661976734287,0.164640356912091,0.31956513613162));
#707=CARTESIAN_POINT('Ctrl Pts',(-0.696679074465511,0.1490412891895,0.322826010476818));
#708=CARTESIAN_POINT('Ctrl Pts',(-0.73370395854202,0.113619464519983,0.326086884822017));
#709=CARTESIAN_POINT('Ctrl Pts',(-0.770728842618528,0.0781976398504656,
0.329347759167216));
#710=CARTESIAN_POINT('Ctrl Pts',(-0.788761513040324,0.0229530582340231,
0.332608633512415));
#711=CARTESIAN_POINT('Ctrl Pts',(-0.779804860779834,-0.0275103256000154,
0.335869507857614));
#712=CARTESIAN_POINT('Ctrl Pts',(-0.770848208519344,-0.0779737094340544,
0.339130382202812));
#713=CARTESIAN_POINT('Ctrl Pts',(-0.734902233576569,-0.123655895485689,
0.342391256548011));
#714=CARTESIAN_POINT('Ctrl Pts',(-0.687908260550771,-0.144135766034713,
0.34565213089321));
#715=CARTESIAN_POINT('Ctrl Pts',(-0.640914287524974,-0.164615636583736,
0.348913005238409));
#716=CARTESIAN_POINT('Ctrl Pts',(-0.582872316416153,-0.159893191630148,
0.352173879583608));
#717=CARTESIAN_POINT('Ctrl Pts',(-0.539839409113575,-0.132186336818412,
0.355434753928807));
#718=CARTESIAN_POINT('Ctrl Pts',(-0.496806501810996,-0.104479482006676,
0.358695628274006));
#719=CARTESIAN_POINT('Ctrl Pts',(-0.468782658314659,-0.0537882173367926,
0.361956502619205));
#720=CARTESIAN_POINT('Ctrl Pts',(-0.46785412525696,-0.00240761419624696,
0.365217376964403));
#721=CARTESIAN_POINT('Ctrl Pts',(-0.467839664981711,-0.00160745133963317,
0.365268159368105));
#722=CARTESIAN_POINT('Ctrl Pts',(-0.46783177602486,-0.00080712130048846,
0.365318941771806));
#723=CARTESIAN_POINT('Ctrl Pts',(-0.46783042124876,-6.71976677634279E-6,
0.365369724175508));
#724=CARTESIAN_POINT('Ctrl Pts',(-0.468244620092206,-2.50112903876076E-5,
0.348380275824492));
#725=CARTESIAN_POINT('Ctrl Pts',(-0.468216446172903,-0.024753428255317,
0.346818873227095));
#726=CARTESIAN_POINT('Ctrl Pts',(-0.473736055377898,-0.0494699403326398,
0.345257470629698));
#727=CARTESIAN_POINT('Ctrl Pts',(-0.484867005332225,-0.0713350134329077,
0.343696068032301));
#728=CARTESIAN_POINT('Ctrl Pts',(-0.508113174644525,-0.116998608489956,
0.340435193687102));
#729=CARTESIAN_POINT('Ctrl Pts',(-0.555833345050473,-0.150225582111885,
0.337174319341903));
#730=CARTESIAN_POINT('Ctrl Pts',(-0.606735467929782,-0.156181631156921,
0.333913444996704));
#731=CARTESIAN_POINT('Ctrl Pts',(-0.65763759080909,-0.162137680201957,0.330652570651505));
#732=CARTESIAN_POINT('Ctrl Pts',(-0.71172166616176,-0.140822804670103,0.327391696306306));
#733=CARTESIAN_POINT('Ctrl Pts',(-0.744882314145031,-0.101750415281431,
0.324130821961108));
#734=CARTESIAN_POINT('Ctrl Pts',(-0.778042962128302,-0.062678025892759,
0.320869947615909));
#735=CARTESIAN_POINT('Ctrl Pts',(-0.790280182742173,-0.00584812264726971,
0.31760907327071));
#736=CARTESIAN_POINT('Ctrl Pts',(-0.776133896002507,0.0434067446620571,
0.314348198925511));
#737=CARTESIAN_POINT('Ctrl Pts',(-0.76198760926284,0.0926616119713839,0.311087324580312));
#738=CARTESIAN_POINT('Ctrl Pts',(-0.721457815169636,0.134341443344548,0.307826450235113));
#739=CARTESIAN_POINT('Ctrl Pts',(-0.672616857740941,0.149860619032852,0.304565575889914));
#740=CARTESIAN_POINT('Ctrl Pts',(-0.623775900312247,0.165379794721155,0.301304701544716));
#741=CARTESIAN_POINT('Ctrl Pts',(-0.566623779548063,0.154738314724597,0.298043827199517));
#742=CARTESIAN_POINT('Ctrl Pts',(-0.526640795774875,0.122682020341496,0.294782952854318));
#743=CARTESIAN_POINT('Ctrl Pts',(-0.49025427756537,0.0935091865700923,0.291815393844376));
#744=CARTESIAN_POINT('Ctrl Pts',(-0.468087087123348,0.0466007924731009,
0.288847834834434));
#745=CARTESIAN_POINT('Ctrl Pts',(-0.467805905328667,-7.54397212472351E-5,
0.285880275824492));
#746=CARTESIAN_POINT('Origin',(-0.625,0.,0.1875));
#747=CARTESIAN_POINT('',(-0.468092324448463,0.000124839345672549,0.223380275824492));
#748=CARTESIAN_POINT('',(-0.468005726047759,-0.000133196559588466,0.240369724175508));
#749=CARTESIAN_POINT('',(-0.468,1.92269547466134E-17,0.1875));
#750=CARTESIAN_POINT('Ctrl Pts',(-0.468005726047759,-0.000133196559588466,
0.240369724175508));
#751=CARTESIAN_POINT('Ctrl Pts',(-0.468348218735768,0.0390887476728059,
0.242855116296087));
#752=CARTESIAN_POINT('Ctrl Pts',(-0.483288973557933,0.0785436448207459,
0.245340508416666));
#753=CARTESIAN_POINT('Ctrl Pts',(-0.509901426228245,0.107134442391184,0.247825900537245));
#754=CARTESIAN_POINT('Ctrl Pts',(-0.544817391180781,0.144646027599117,0.251086774882443));
#755=CARTESIAN_POINT('Ctrl Pts',(-0.599824854659968,0.163456302723921,0.254347649227642));
#756=CARTESIAN_POINT('Ctrl Pts',(-0.650398848639564,0.155178562519307,0.257608523572841));
#757=CARTESIAN_POINT('Ctrl Pts',(-0.70097284261916,0.146900822314692,0.26086939791804));
#758=CARTESIAN_POINT('Ctrl Pts',(-0.747113367099166,0.111535066780659,0.264130272263239));
#759=CARTESIAN_POINT('Ctrl Pts',(-0.768248234806415,0.0648494000680961,
0.267391146608438));
#760=CARTESIAN_POINT('Ctrl Pts',(-0.789383102513663,0.0181637333555335,
0.270652020953636));
#761=CARTESIAN_POINT('Ctrl Pts',(-0.785512313448155,-0.039841844535558,
0.273912895298836));
#762=CARTESIAN_POINT('Ctrl Pts',(-0.758362391683963,-0.0833059219936069,
0.277173769644034));
#763=CARTESIAN_POINT('Ctrl Pts',(-0.731212469919771,-0.126769999451656,
0.280434643989233));
#764=CARTESIAN_POINT('Ctrl Pts',(-0.680783415456896,-0.155692576476662,
0.283695518334432));
#765=CARTESIAN_POINT('Ctrl Pts',(-0.629557660041404,-0.157177579147938,
0.286956392679631));
#766=CARTESIAN_POINT('Ctrl Pts',(-0.578331904625912,-0.158662581819214,
0.29021726702483));
#767=CARTESIAN_POINT('Ctrl Pts',(-0.526309448257803,-0.13271001013676,0.293478141370029));
#768=CARTESIAN_POINT('Ctrl Pts',(-0.496687403024285,-0.0908926331839872,
0.296739015715228));
#769=CARTESIAN_POINT('Ctrl Pts',(-0.478123453185562,-0.0646859454951908,
0.298782585201988));
#770=CARTESIAN_POINT('Ctrl Pts',(-0.4683571533477,-0.0322484344852755,0.300826154688748));
#771=CARTESIAN_POINT('Ctrl Pts',(-0.468179618282669,9.08478291048979E-5,
0.302869724175508));
#772=CARTESIAN_POINT('Ctrl Pts',(-0.467805905328667,-7.54397212472351E-5,
0.285880275824492));
#773=CARTESIAN_POINT('Ctrl Pts',(-0.46777811314927,-0.00468894686592281,
0.285586960489235));
#774=CARTESIAN_POINT('Ctrl Pts',(-0.467964135580352,-0.00930018591285696,
0.285293645153978));
#775=CARTESIAN_POINT('Ctrl Pts',(-0.468371375721714,-0.0138918068714938,
0.285000329818721));
#776=CARTESIAN_POINT('Ctrl Pts',(-0.472898786223932,-0.0649382309317395,
0.281739455473522));
#777=CARTESIAN_POINT('Ctrl Pts',(-0.50476745401056,-0.113559970282587,0.278478581128324));
#778=CARTESIAN_POINT('Ctrl Pts',(-0.549768417252451,-0.13807861361086,0.275217706783125));
#779=CARTESIAN_POINT('Ctrl Pts',(-0.594769380494341,-0.162597256939132,
0.271956832437926));
#780=CARTESIAN_POINT('Ctrl Pts',(-0.652902639191495,-0.16301280424483,0.268695958092727));
#781=CARTESIAN_POINT('Ctrl Pts',(-0.698249535428499,-0.13914015543505,0.265435083747528));
#782=CARTESIAN_POINT('Ctrl Pts',(-0.743596431665504,-0.11526750662527,0.262174209402329));
#783=CARTESIAN_POINT('Ctrl Pts',(-0.776156965442359,-0.0671066617000125,
0.25891333505713));
#784=CARTESIAN_POINT('Ctrl Pts',(-0.781413906069573,-0.0161301144711383,
0.255652460711931));
#785=CARTESIAN_POINT('Ctrl Pts',(-0.786670846696788,0.034846432757736,0.252391586366732));
#786=CARTESIAN_POINT('Ctrl Pts',(-0.764624194174362,0.0886386822902266,
0.249130712021534));
#787=CARTESIAN_POINT('Ctrl Pts',(-0.725103516894919,0.121263239710303,0.245869837676335));
#788=CARTESIAN_POINT('Ctrl Pts',(-0.685582839615476,0.15388779713038,0.242608963331136));
#789=CARTESIAN_POINT('Ctrl Pts',(-0.628588137579016,0.165344662438042,0.239348088985937));
#790=CARTESIAN_POINT('Ctrl Pts',(-0.579530557957891,0.150525797339574,0.236087214640738));
#791=CARTESIAN_POINT('Ctrl Pts',(-0.530472978336768,0.135706932241106,0.232826340295539));
#792=CARTESIAN_POINT('Ctrl Pts',(-0.48935252113098,0.0946123367365086,0.22956546595034));
#793=CARTESIAN_POINT('Ctrl Pts',(-0.474502816563306,0.045564085309498,0.226304591605142));
#794=CARTESIAN_POINT('Ctrl Pts',(-0.470063800028862,0.0309021101787607,
0.225329819678258));
#795=CARTESIAN_POINT('Ctrl Pts',(-0.467972309508068,0.015529404965841,0.224355047751375));
#796=CARTESIAN_POINT('Ctrl Pts',(-0.468092324448463,0.000124839345672549,
0.223380275824492));
#797=CARTESIAN_POINT('Origin',(-0.625,0.,0.1875));
#798=CARTESIAN_POINT('',(-0.468109843483201,-0.00012056466200192,0.160880275824492));
#799=CARTESIAN_POINT('',(-0.467879412897673,0.000112143265066549,0.177869724175508));
#800=CARTESIAN_POINT('',(-0.468,1.92269547466134E-17,0.1875));
#801=CARTESIAN_POINT('Ctrl Pts',(-0.467879412897673,0.000112143265066549,
0.177869724175508));
#802=CARTESIAN_POINT('Ctrl Pts',(-0.467816409731001,0.00786978204348544,
0.178362329213028));
#803=CARTESIAN_POINT('Ctrl Pts',(-0.468342833435157,0.0156188480934295,
0.178854934250548));
#804=CARTESIAN_POINT('Ctrl Pts',(-0.469488749495785,0.0232751961339628,
0.179347539288068));
#805=CARTESIAN_POINT('Ctrl Pts',(-0.477074316023206,0.0739575623334149,
0.182608413633267));
#806=CARTESIAN_POINT('Ctrl Pts',(-0.511805916178048,0.120577043535108,0.185869287978466));
#807=CARTESIAN_POINT('Ctrl Pts',(-0.558198369821127,0.142348244729611,0.189130162323665));
#808=CARTESIAN_POINT('Ctrl Pts',(-0.604590823464206,0.164119445924114,0.192391036668864));
#809=CARTESIAN_POINT('Ctrl Pts',(-0.662644130595522,0.161042367111428,0.195651911014063));
#810=CARTESIAN_POINT('Ctrl Pts',(-0.70647516819228,0.134488943624774,0.198912785359262));
#811=CARTESIAN_POINT('Ctrl Pts',(-0.750306205789037,0.107935520138121,0.20217365970446));
#812=CARTESIAN_POINT('Ctrl Pts',(-0.779914973851236,0.0579057519774991,
0.205434534049659));
#813=CARTESIAN_POINT('Ctrl Pts',(-0.782100343227967,0.00670547729012494,
0.208695408394858));
#814=CARTESIAN_POINT('Ctrl Pts',(-0.784285712604698,-0.0444947973972499,
0.211956282740057));
#815=CARTESIAN_POINT('Ctrl Pts',(-0.759047683295961,-0.0968655786113773,
0.215217157085256));
#816=CARTESIAN_POINT('Ctrl Pts',(-0.717638684736569,-0.127057282670245,
0.218478031430455));
#817=CARTESIAN_POINT('Ctrl Pts',(-0.676229686177178,-0.157248986729113,
0.221738905775654));
#818=CARTESIAN_POINT('Ctrl Pts',(-0.618649718367132,-0.165261613632721,
0.224999780120853));
#819=CARTESIAN_POINT('Ctrl Pts',(-0.570570864106585,-0.147522709228282,
0.228260654466051));
#820=CARTESIAN_POINT('Ctrl Pts',(-0.522492009846037,-0.129783804823843,
0.23152152881125));
#821=CARTESIAN_POINT('Ctrl Pts',(-0.483914269134988,-0.0862933691113563,
0.234782403156449));
#822=CARTESIAN_POINT('Ctrl Pts',(-0.472037631992406,-0.0364417036095822,
0.238043277501648));
#823=CARTESIAN_POINT('Ctrl Pts',(-0.469213199028316,-0.0245862696456061,
0.238818759726268));
#824=CARTESIAN_POINT('Ctrl Pts',(-0.467898862833132,-0.0123710725532471,
0.239594241950888));
#825=CARTESIAN_POINT('Ctrl Pts',(-0.468005726047759,-0.000133196559588466,
0.240369724175508));
#826=CARTESIAN_POINT('Ctrl Pts',(-0.468092324448463,0.000124839345672549,
0.223380275824492));
#827=CARTESIAN_POINT('Ctrl Pts',(-0.468373791772156,-0.0360030114326799,
0.221094173406176));
#828=CARTESIAN_POINT('Ctrl Pts',(-0.480819173516434,-0.0723061035902554,
0.218808070987861));
#829=CARTESIAN_POINT('Ctrl Pts',(-0.503673851827312,-0.100027254255599,
0.216521968569545));
#830=CARTESIAN_POINT('Ctrl Pts',(-0.536273543588553,-0.13956843504426,0.213261094224346));
#831=CARTESIAN_POINT('Ctrl Pts',(-0.590051879040596,-0.161648889272158,
0.210000219879147));
#832=CARTESIAN_POINT('Ctrl Pts',(-0.641031740836792,-0.156424009300081,
0.206739345533948));
#833=CARTESIAN_POINT('Ctrl Pts',(-0.692011602632987,-0.151199129328004,
0.20347847118875));
#834=CARTESIAN_POINT('Ctrl Pts',(-0.740192990773334,-0.118668915155952,
0.200217596843551));
#835=CARTESIAN_POINT('Ctrl Pts',(-0.764094109931103,-0.0733370246687701,
0.196956722498352));
#836=CARTESIAN_POINT('Ctrl Pts',(-0.787995229088872,-0.0280051341815885,
0.193695848153153));
#837=CARTESIAN_POINT('Ctrl Pts',(-0.787616079264062,0.0301284326207226,
0.190434973807954));
#838=CARTESIAN_POINT('Ctrl Pts',(-0.763125811994991,0.0751447759708237,
0.187174099462755));
#839=CARTESIAN_POINT('Ctrl Pts',(-0.738635544725919,0.120161119320925,0.183913225117556));
#840=CARTESIAN_POINT('Ctrl Pts',(-0.690034160012586,0.152060239218816,0.180652350772358));
#841=CARTESIAN_POINT('Ctrl Pts',(-0.638990443848255,0.15661980098419,0.177391476427159));
#842=CARTESIAN_POINT('Ctrl Pts',(-0.587946727683924,0.161179362749564,0.17413060208196));
#843=CARTESIAN_POINT('Ctrl Pts',(-0.534460680068596,0.138399366382422,0.170869727736761));
#844=CARTESIAN_POINT('Ctrl Pts',(-0.502379545275069,0.0984364379918048,
0.167608853391562));
#845=CARTESIAN_POINT('Ctrl Pts',(-0.480313847444086,0.0709495704609688,
0.165365994202539));
#846=CARTESIAN_POINT('Ctrl Pts',(-0.468374416107764,0.0353337770953065,
0.163123135013515));
#847=CARTESIAN_POINT('Ctrl Pts',(-0.468109843483201,-0.00012056466200192,
0.160880275824492));
#848=CARTESIAN_POINT('Origin',(-0.625,0.,0.1875));
#849=CARTESIAN_POINT('',(-0.467803197761306,6.873660166154E-5,0.0983802758244919));
#850=CARTESIAN_POINT('',(-0.468234884619065,-3.05916987320105E-5,0.115369724175508));
#851=CARTESIAN_POINT('',(-0.468,1.92269547466134E-17,0.1875));
#852=CARTESIAN_POINT('',(-0.743362776065482,0.103146755848512,0.06));
#853=CARTESIAN_POINT('Ctrl Pts',(-0.467803197761306,6.873660166154E-5,0.0983802758244919));
#854=CARTESIAN_POINT('Ctrl Pts',(-0.468039980961569,-0.0472832403454043,
0.0953694735852578));
#855=CARTESIAN_POINT('Ctrl Pts',(-0.490898629430117,-0.0948569380941471,
0.0923586713460237));
#856=CARTESIAN_POINT('Ctrl Pts',(-0.528222993758778,-0.123962840733757,
0.0893478691067897));
#857=CARTESIAN_POINT('Ctrl Pts',(-0.568647456217378,-0.155486230073173,
0.0860869947615908));
#858=CARTESIAN_POINT('Ctrl Pts',(-0.626040424332816,-0.165346613667904,
0.082826120416392));
#859=CARTESIAN_POINT('Ctrl Pts',(-0.674611705847839,-0.149212043235121,
0.0795652460711931));
#860=CARTESIAN_POINT('Ctrl Pts',(-0.723182987362862,-0.133077472802338,
0.0763043717259942));
#861=CARTESIAN_POINT('Ctrl Pts',(-0.76293258227747,-0.090947948342041,0.0730434973807954));
#862=CARTESIAN_POINT('Ctrl Pts',(-0.776609967607165,-0.0414125302669139,
0.0697826230355965));
#863=CARTESIAN_POINT('Ctrl Pts',(-0.783448660272013,-0.0166448212293502,
0.0681521858629971));
#864=CARTESIAN_POINT('Ctrl Pts',(-0.783769300540633,0.00997436121192107,
0.0665217486903977));
#865=CARTESIAN_POINT('Ctrl Pts',(-0.777974510777091,0.0350720619228293,
0.0648913115177982));
#866=CARTESIAN_POINT('Ctrl Pts',(-0.77217972101355,0.0601697626337375,0.0632608743451988));
#867=CARTESIAN_POINT('Ctrl Pts',(-0.760269501217848,0.0837459816142826,
0.0616304371725993));
#868=CARTESIAN_POINT('Ctrl Pts',(-0.743362776065481,0.103146755848513,0.0599999999999999));
#869=CARTESIAN_POINT('',(-0.506691630213194,0.103282101108482,0.06));
#870=CARTESIAN_POINT('Origin',(-0.625,0.,0.06));
#871=CARTESIAN_POINT('Ctrl Pts',(-0.506691630213194,0.103282101108482,0.06));
#872=CARTESIAN_POINT('Ctrl Pts',(-0.513359332351808,0.111078326786988,0.0606520209536366));
#873=CARTESIAN_POINT('Ctrl Pts',(-0.520784317286898,0.1181959043316,0.0613040419072731));
#874=CARTESIAN_POINT('Ctrl Pts',(-0.52888550229937,0.12444901451338,0.0619560628609096));
#875=CARTESIAN_POINT('Ctrl Pts',(-0.569400989149214,0.155721945936435,0.0652169372061084));
#876=CARTESIAN_POINT('Ctrl Pts',(-0.626829460030778,0.165372988820097,0.0684778115513073));
#877=CARTESIAN_POINT('Ctrl Pts',(-0.675397611275323,0.148971974121573,0.0717386858965061));
#878=CARTESIAN_POINT('Ctrl Pts',(-0.723965762519867,0.13257095942305,0.074999560241705));
#879=CARTESIAN_POINT('Ctrl Pts',(-0.763673594127393,0.0901178871423404,
0.0782604345869039));
#880=CARTESIAN_POINT('Ctrl Pts',(-0.77689767079684,0.0406012381852732,0.0815213089321027));
#881=CARTESIAN_POINT('Ctrl Pts',(-0.790121747466288,-0.00891541077179422,
0.0847821832773016));
#882=CARTESIAN_POINT('Ctrl Pts',(-0.776862069197659,-0.0654956364052197,
0.0880430576225004));
#883=CARTESIAN_POINT('Ctrl Pts',(-0.742990149188431,-0.103943532819529,
0.0913039319676993));
#884=CARTESIAN_POINT('Ctrl Pts',(-0.709118229179204,-0.142391429233839,
0.0945648063128982));
#885=CARTESIAN_POINT('Ctrl Pts',(-0.65463406742938,-0.162706996429032,0.0978256806580971));
#886=CARTESIAN_POINT('Ctrl Pts',(-0.60384992635504,-0.155817083870627,0.101086555003296));
#887=CARTESIAN_POINT('Ctrl Pts',(-0.553065785280699,-0.148927171312221,
0.104347429348495));
#888=CARTESIAN_POINT('Ctrl Pts',(-0.505981664881843,-0.114831779000216,
0.107608303693694));
#889=CARTESIAN_POINT('Ctrl Pts',(-0.483579731251073,-0.0687402083148648,
0.110869178038892));
#890=CARTESIAN_POINT('Ctrl Pts',(-0.47327360624883,-0.0475355437148188,
0.112369360084431));
#891=CARTESIAN_POINT('Ctrl Pts',(-0.468191484432928,-0.0237918790401395,
0.11386954212997));
#892=CARTESIAN_POINT('Ctrl Pts',(-0.468234884619065,-3.05916987320105E-5,
0.115369724175508));
#893=CARTESIAN_POINT('Origin',(-0.625,0.,-0.0754789073857917));
#894=CARTESIAN_POINT('',(-0.437714512280258,0.000108496611190838,0.320478907385792));
#895=CARTESIAN_POINT('',(-0.437792141829863,-2.98701716412948E-5,0.330771092614208));
#896=CARTESIAN_POINT('',(-0.4375,7.57699688939132E-16,-0.0754789073857917));
#897=CARTESIAN_POINT('',(-0.674291494809483,-0.180904943380347,0.375));
#898=CARTESIAN_POINT('Ctrl Pts',(-0.437792141829863,-2.98701716412839E-5,
0.330771092614208));
#899=CARTESIAN_POINT('Ctrl Pts',(-0.437828764325652,0.0321139127514051,
0.33247056436201));
#900=CARTESIAN_POINT('Ctrl Pts',(-0.460845241832473,0.125982984964287,0.337430910455011));
#901=CARTESIAN_POINT('Ctrl Pts',(-0.608436021474657,0.220058376987224,0.34565213089321));
#902=CARTESIAN_POINT('Ctrl Pts',(-0.799127809593889,0.135397668415067,0.355434753928807));
#903=CARTESIAN_POINT('Ctrl Pts',(-0.828107755345312,-0.0350919645258698,
0.363586939791804));
#904=CARTESIAN_POINT('Ctrl Pts',(-0.758849233995707,-0.141748896906363,
0.370108688482202));
#905=CARTESIAN_POINT('Ctrl Pts',(-0.703943519551085,-0.172825602947021,
0.373369562827401));
#906=CARTESIAN_POINT('Ctrl Pts',(-0.674291494809484,-0.180904943380347,
0.375));
#907=CARTESIAN_POINT('',(-0.494732425286459,-0.134937365582848,0.375));
#908=CARTESIAN_POINT('Origin',(-0.625,0.,0.375));
#909=CARTESIAN_POINT('Ctrl Pts',(-0.437714512280258,0.000108496611190827,
0.320478907385792));
#910=CARTESIAN_POINT('Ctrl Pts',(-0.437588214502497,0.0231145404594667,
0.32169621224423));
#911=CARTESIAN_POINT('Ctrl Pts',(-0.452071704745957,0.107595251906231,0.326174391447868));
#912=CARTESIAN_POINT('Ctrl Pts',(-0.576805189892194,0.215254089929955,0.333913444996704));
#913=CARTESIAN_POINT('Ctrl Pts',(-0.777503390362342,0.159365710350607,0.343696068032301));
#914=CARTESIAN_POINT('Ctrl Pts',(-0.842110887892657,-0.0385647174153102,
0.353478691067897));
#915=CARTESIAN_POINT('Ctrl Pts',(-0.713323557285583,-0.202234969988843,
0.363261314103494));
#916=CARTESIAN_POINT('Ctrl Pts',(-0.560828019681624,-0.189827538465672,
0.370435083747528));
#917=CARTESIAN_POINT('Ctrl Pts',(-0.503459858000743,-0.143535749956076,
0.374347979046363));
#918=CARTESIAN_POINT('Ctrl Pts',(-0.494732425286459,-0.134937365582848,
0.375));
#919=CARTESIAN_POINT('Origin',(-0.625,0.,-0.0754789073857917));
#920=CARTESIAN_POINT('',(-0.437506838432833,-0.000159072324351934,0.257978907385791));
#921=CARTESIAN_POINT('',(-0.437268199039013,-9.00952084998743E-5,0.268271092614208));
#922=CARTESIAN_POINT('',(-0.4375,7.57699688939132E-16,-0.0754789073857917));
#923=CARTESIAN_POINT('Ctrl Pts',(-0.437268199039013,-9.00952084998776E-5,
0.268271092614208));
#924=CARTESIAN_POINT('Ctrl Pts',(-0.437604005322469,0.0556538126669173,
0.27123865162415));
#925=CARTESIAN_POINT('Ctrl Pts',(-0.493167778554935,0.173233321857382,0.277467084979291));
#926=CARTESIAN_POINT('Ctrl Pts',(-0.691793018801471,0.210216490506823,0.286956392679631));
#927=CARTESIAN_POINT('Ctrl Pts',(-0.837003268339225,0.0608858844723957,
0.296739015715227));
#928=CARTESIAN_POINT('Ctrl Pts',(-0.793159723146215,-0.142724437665105,
0.306521638750824));
#929=CARTESIAN_POINT('Ctrl Pts',(-0.599387160178846,-0.219091428026049,
0.316304261786421));
#930=CARTESIAN_POINT('Ctrl Pts',(-0.458117061400914,-0.120726778324873,
0.324387413074215));
#931=CARTESIAN_POINT('Ctrl Pts',(-0.437758494633244,-0.0295622152730702,
0.329209690016811));
#932=CARTESIAN_POINT('Ctrl Pts',(-0.437792141829863,-2.98701716412839E-5,
0.330771092614208));
#933=CARTESIAN_POINT('Ctrl Pts',(-0.437506838432833,-0.000159072324351946,
0.257978907385791));
#934=CARTESIAN_POINT('Ctrl Pts',(-0.437915866324562,0.0466824215837632,
0.26046429950637));
#935=CARTESIAN_POINT('Ctrl Pts',(-0.479169765491694,0.155623928754198,0.266210565972148));
#936=CARTESIAN_POINT('Ctrl Pts',(-0.66062776847829,0.217675053163287,0.275217706783125));
#937=CARTESIAN_POINT('Ctrl Pts',(-0.82594015714073,0.0909665341321158,0.285000329818721));
#938=CARTESIAN_POINT('Ctrl Pts',(-0.812071884214945,-0.116855998120998,
0.294782952854318));
#939=CARTESIAN_POINT('Ctrl Pts',(-0.631394539403686,-0.220479880774286,
0.304565575889914));
#940=CARTESIAN_POINT('Ctrl Pts',(-0.468201394920657,-0.13906731251122,0.313130894067072));
#941=CARTESIAN_POINT('Ctrl Pts',(-0.437926536641362,-0.0385132577451548,
0.318435337899032));
#942=CARTESIAN_POINT('Ctrl Pts',(-0.437714512280258,0.000108496611190827,
0.320478907385792));
#943=CARTESIAN_POINT('Origin',(-0.625,0.,-0.0754789073857917));
#944=CARTESIAN_POINT('',(-0.437355986740852,0.000133929058594619,0.195478907385791));
#945=CARTESIAN_POINT('',(-0.437610260089725,0.000149091575242555,0.205771092614208));
#946=CARTESIAN_POINT('',(-0.4375,7.57699688939132E-16,-0.0754789073857917));
#947=CARTESIAN_POINT('Ctrl Pts',(-0.437610260089725,0.00014909157524256,
0.205771092614208));
#948=CARTESIAN_POINT('Ctrl Pts',(-0.437466930144985,0.0185462638923236,
0.206745864541091));
#949=CARTESIAN_POINT('Ctrl Pts',(-0.448320539621076,0.0983215902986496,
0.210981510813174));
#950=CARTESIAN_POINT('Ctrl Pts',(-0.561218274931396,0.211148321352354,0.218478031430455));
#951=CARTESIAN_POINT('Ctrl Pts',(-0.765419038597058,0.170100635138595,0.228260654466051));
#952=CARTESIAN_POINT('Ctrl Pts',(-0.84440784142422,-0.0226263735367294,
0.238043277501648));
#953=CARTESIAN_POINT('Ctrl Pts',(-0.72774987805173,-0.195177171437732,0.247825900537244));
#954=CARTESIAN_POINT('Ctrl Pts',(-0.519469890681354,-0.193688347492159,
0.257608523572841));
#955=CARTESIAN_POINT('Ctrl Pts',(-0.439926993558875,-0.0723304659203633,
0.264423587598496));
#956=CARTESIAN_POINT('Ctrl Pts',(-0.437235007741962,-0.00559985692586587,
0.267977777278951));
#957=CARTESIAN_POINT('Ctrl Pts',(-0.437268199039013,-9.00952084998776E-5,
0.268271092614208));
#958=CARTESIAN_POINT('Ctrl Pts',(-0.437355986740852,0.000133929058594626,
0.195478907385791));
#959=CARTESIAN_POINT('Ctrl Pts',(-0.437280744105495,0.00939862505193062,
0.195971512423312));
#960=CARTESIAN_POINT('Ctrl Pts',(-0.442071149220134,0.0799143813642504,
0.199724991806031));
#961=CARTESIAN_POINT('Ctrl Pts',(-0.531294804537687,0.199677378268471,0.206739345533949));
#962=CARTESIAN_POINT('Ctrl Pts',(-0.73928834123428,0.188652812458689,0.216521968569545));
#963=CARTESIAN_POINT('Ctrl Pts',(-0.84537071088388,0.00940603162843631,
0.226304591605142));
#964=CARTESIAN_POINT('Ctrl Pts',(-0.754947835175824,-0.178228136734281,
0.236087214640738));
#965=CARTESIAN_POINT('Ctrl Pts',(-0.548650179805437,-0.206935796818864,
0.245869837676335));
#966=CARTESIAN_POINT('Ctrl Pts',(-0.445549284927324,-0.0907054847800841,
0.253167068591353));
#967=CARTESIAN_POINT('Ctrl Pts',(-0.437379215166957,-0.0147743700874789,
0.257203425161171));
#968=CARTESIAN_POINT('Ctrl Pts',(-0.437506838432833,-0.000159072324351946,
0.257978907385791));
#969=CARTESIAN_POINT('Origin',(-0.625,0.,-0.0754789073857917));
#970=CARTESIAN_POINT('',(-0.437780515070539,-3.6534672055929E-5,0.132978907385792));
#971=CARTESIAN_POINT('',(-0.437631182503822,-0.00014398645939923,0.143271092614208));
#972=CARTESIAN_POINT('',(-0.4375,7.57699688939132E-16,-0.0754789073857917));
#973=CARTESIAN_POINT('Ctrl Pts',(-0.437631182503822,-0.000143986459399223,
0.143271092614208));
#974=CARTESIAN_POINT('Ctrl Pts',(-0.43794715299494,0.0421979821998074,0.145513951803232));
#975=CARTESIAN_POINT('Ctrl Pts',(-0.472936887928589,0.146573737980151,0.151017685337454));
#976=CARTESIAN_POINT('Ctrl Pts',(-0.644625129736368,0.219696686843201,0.159782293216875));
#977=CARTESIAN_POINT('Ctrl Pts',(-0.818754294712484,0.105408438801394,0.169564916252472));
#978=CARTESIAN_POINT('Ctrl Pts',(-0.820112713670796,-0.102872652448925,
0.179347539288069));
#979=CARTESIAN_POINT('Ctrl Pts',(-0.647488313486433,-0.219421986664079,
0.189130162323665));
#980=CARTESIAN_POINT('Ctrl Pts',(-0.474010125976742,-0.148194843863011,
0.197938013432378));
#981=CARTESIAN_POINT('Ctrl Pts',(-0.437946407371206,-0.0429972270294766,
0.203484990195893));
#982=CARTESIAN_POINT('Ctrl Pts',(-0.437610260089725,0.00014909157524256,
0.205771092614208));
#983=CARTESIAN_POINT('Ctrl Pts',(-0.437780515070539,-3.65346720559208E-5,
0.132978907385791));
#984=CARTESIAN_POINT('Ctrl Pts',(-0.437841347157108,0.0332685918075842,
0.134739599685452));
#985=CARTESIAN_POINT('Ctrl Pts',(-0.462062595106293,0.128338859812352,0.139761166330311));
#986=CARTESIAN_POINT('Ctrl Pts',(-0.612584126579018,0.220222873579523,0.148043607320369));
#987=CARTESIAN_POINT('Ctrl Pts',(-0.801434167541903,0.13237144210282,0.157826230355966));
#988=CARTESIAN_POINT('Ctrl Pts',(-0.832960620808789,-0.0735135176452187,
0.167608853391562));
#989=CARTESIAN_POINT('Ctrl Pts',(-0.67904634551028,-0.213847513881658,0.177391476427159));
#990=CARTESIAN_POINT('Ctrl Pts',(-0.487116735803826,-0.166028078235618,
0.186681494425235));
#991=CARTESIAN_POINT('Ctrl Pts',(-0.437778824231791,-0.0519304462722717,
0.192710638078113));
#992=CARTESIAN_POINT('Ctrl Pts',(-0.437355986740852,0.000133929058594626,
0.195478907385791));
#993=CARTESIAN_POINT('Origin',(-0.625,0.,-0.0754789073857917));
#994=CARTESIAN_POINT('',(-0.437369507886846,-3.24683941121541E-5,0.0704789073857916));
#995=CARTESIAN_POINT('',(-0.437264965479267,8.20898905170299E-5,0.0807710926142081));
#996=CARTESIAN_POINT('',(-0.4375,7.57699688939132E-16,-0.0754789073857917));
#997=CARTESIAN_POINT('',(-0.532267858183852,-0.162963185640775,0.06));
#998=CARTESIAN_POINT('Ctrl Pts',(-0.532267858183853,-0.162963185640776,
0.0599999999999999));
#999=CARTESIAN_POINT('Ctrl Pts',(-0.505556656586499,-0.147763513856833,
0.0616304371725994));
#1000=CARTESIAN_POINT('Ctrl Pts',(-0.46010481520739,-0.104008617706969,
0.0648913115177982));
#1001=CARTESIAN_POINT('Ctrl Pts',(-0.438381844189262,-0.0394542510065402,
0.0683842806463955));
#1002=CARTESIAN_POINT('Ctrl Pts',(-0.43734001169531,-0.00440041830494672,
0.0702468126023932));
#1003=CARTESIAN_POINT('Ctrl Pts',(-0.437369507886846,-3.24683941121479E-5,
0.0704789073857916));
#1004=CARTESIAN_POINT('',(-0.717617341981273,-0.163094272211132,0.06));
#1005=CARTESIAN_POINT('Origin',(-0.625,0.,0.06));
#1006=CARTESIAN_POINT('Ctrl Pts',(-0.717617341981273,-0.163094272211132,
0.06));
#1007=CARTESIAN_POINT('Ctrl Pts',(-0.707025794984128,-0.169252106798286,
0.0606520209536365));
#1008=CARTESIAN_POINT('Ctrl Pts',(-0.639947821222427,-0.199822720904009,
0.0645649162524719));
#1009=CARTESIAN_POINT('Ctrl Pts',(-0.494413867405338,-0.17481929874595,
0.0714886137905413));
#1010=CARTESIAN_POINT('Ctrl Pts',(-0.437547747963659,-0.0564688379921245,
0.0777602903749741));
#1011=CARTESIAN_POINT('Ctrl Pts',(-0.437264965479267,8.20898905170491E-5,
0.0807710926142081));
#1012=CARTESIAN_POINT('Origin',(-0.625,0.,0.375));
#1013=CARTESIAN_POINT('',(-0.468,1.92269547466134E-17,0.375));
#1014=CARTESIAN_POINT('Origin',(-0.625,0.,0.375));
#1015=CARTESIAN_POINT('Origin',(-0.625,0.,0.375));
#1016=CARTESIAN_POINT('Ctrl Pts',(-0.536007363271924,0.129341836264159,
0.375));
#1017=CARTESIAN_POINT('Ctrl Pts',(-0.526348337640855,0.124148141819515,
0.375));
#1018=CARTESIAN_POINT('Ctrl Pts',(-0.517310569713894,0.117947012068141,
0.375));
#1019=CARTESIAN_POINT('Ctrl Pts',(-0.508977472985582,0.11088784405453,0.375));
#1020=CARTESIAN_POINT('Ctrl Pts',(-0.505345698210399,0.107811279703787,
0.375));
#1021=CARTESIAN_POINT('Ctrl Pts',(-0.501847929465159,0.104571065828996,
0.375));
#1022=CARTESIAN_POINT('Ctrl Pts',(-0.498492216389477,0.101176767354746,
0.375));
#1023=CARTESIAN_POINT('Ctrl Pts',(-0.496022800180569,0.0986789567609483,
0.375));
#1024=CARTESIAN_POINT('Ctrl Pts',(-0.493632591004425,0.0960997007950168,
0.375));
#1025=CARTESIAN_POINT('Ctrl Pts',(-0.491329981277372,0.0934495889309896,
0.375));
#1026=CARTESIAN_POINT('Ctrl Pts',(-0.486511741275004,0.0879041963080064,
0.375));
#1027=CARTESIAN_POINT('Ctrl Pts',(-0.482069250008545,0.0820415897411596,
0.375));
#1028=CARTESIAN_POINT('Ctrl Pts',(-0.478028938948078,0.0758994008970049,
0.375));
#1029=CARTESIAN_POINT('Ctrl Pts',(-0.474760940780551,0.0709313027513687,
0.375));
#1030=CARTESIAN_POINT('Ctrl Pts',(-0.471756093668692,0.0657801022725052,
0.375));
#1031=CARTESIAN_POINT('Ctrl Pts',(-0.469025552381397,0.0604718728928172,
0.375));
#1032=CARTESIAN_POINT('Ctrl Pts',(-0.467514399941092,0.0575341609387278,
0.375));
#1033=CARTESIAN_POINT('Ctrl Pts',(-0.466088285772836,0.0545497948952903,
0.375));
#1034=CARTESIAN_POINT('Ctrl Pts',(-0.464752583575974,0.0515319535746313,
0.375));
#1035=CARTESIAN_POINT('Ctrl Pts',(-0.460010572389956,0.0408180105012397,
0.375));
#1036=CARTESIAN_POINT('Ctrl Pts',(-0.456389929838298,0.0296561482610334,
0.375));
#1037=CARTESIAN_POINT('Ctrl Pts',(-0.453962139182474,0.0182453342949137,
0.375));
#1038=CARTESIAN_POINT('Ctrl Pts',(-0.452495679398003,0.0113528537800627,
0.375));
#1039=CARTESIAN_POINT('Ctrl Pts',(-0.451465115645234,0.00436874021068329,
0.375));
#1040=CARTESIAN_POINT('Ctrl Pts',(-0.450894381805307,-0.00266745250995305,
0.375));
#1041=CARTESIAN_POINT('Ctrl Pts',(-0.450640345187682,-0.00579929869581072,
0.375));
#1042=CARTESIAN_POINT('Ctrl Pts',(-0.450477787350284,-0.00894040405519657,
0.375));
#1043=CARTESIAN_POINT('Ctrl Pts',(-0.450404730661975,-0.0120776676571342,
0.375));
#1044=CARTESIAN_POINT('Ctrl Pts',(-0.450146286868777,-0.0231759849270888,
0.375));
#1045=CARTESIAN_POINT('Ctrl Pts',(-0.451001517411111,-0.034258838523794,
0.375));
#1046=CARTESIAN_POINT('Ctrl Pts',(-0.452870015249291,-0.0451949014362215,
0.375));
#1047=CARTESIAN_POINT('Ctrl Pts',(-0.454012351376024,-0.0518808389277316,
0.375));
#1048=CARTESIAN_POINT('Ctrl Pts',(-0.455534251821407,-0.0585122296824216,
0.375));
#1049=CARTESIAN_POINT('Ctrl Pts',(-0.457420090903907,-0.0650599795348324,
0.375));
#1050=CARTESIAN_POINT('Ctrl Pts',(-0.458890626912291,-0.0701657714452941,
0.375));
#1051=CARTESIAN_POINT('Ctrl Pts',(-0.460585268150548,-0.075226513348712,
0.375));
#1052=CARTESIAN_POINT('Ctrl Pts',(-0.462484876692945,-0.0801955146319611,
0.375));
#1053=CARTESIAN_POINT('Ctrl Pts',(-0.466954896735284,-0.0918882054315632,
0.375));
#1054=CARTESIAN_POINT('Ctrl Pts',(-0.472561323339671,-0.103101497360569,
0.375));
#1055=CARTESIAN_POINT('Ctrl Pts',(-0.479197426368381,-0.11366159193318,
0.375));
#1056=CARTESIAN_POINT('Ctrl Pts',(-0.48387129527174,-0.121099164470245,
0.375));
#1057=CARTESIAN_POINT('Ctrl Pts',(-0.489057147992315,-0.128212955434491,
0.375));
#1058=CARTESIAN_POINT('Ctrl Pts',(-0.494732425286459,-0.134937365582848,
0.375));
#1059=CARTESIAN_POINT('Ctrl Pts',(-0.674291494809485,-0.180904943380347,
0.375));
#1060=CARTESIAN_POINT('Ctrl Pts',(-0.685959301528341,-0.17654448959234,
0.375));
#1061=CARTESIAN_POINT('Ctrl Pts',(-0.697110260898649,-0.171010783759676,
0.375));
#1062=CARTESIAN_POINT('Ctrl Pts',(-0.707611070617747,-0.164413357798069,
0.375));
#1063=CARTESIAN_POINT('Ctrl Pts',(-0.713037775723896,-0.161003879280601,
0.375));
#1064=CARTESIAN_POINT('Ctrl Pts',(-0.718290357147033,-0.157309599158764,
0.375));
#1065=CARTESIAN_POINT('Ctrl Pts',(-0.723346379089149,-0.153341987900684,
0.375));
#1066=CARTESIAN_POINT('Ctrl Pts',(-0.726555702694993,-0.150823535921015,
0.375));
#1067=CARTESIAN_POINT('Ctrl Pts',(-0.729678640966544,-0.148200443323796,
0.375));
#1068=CARTESIAN_POINT('Ctrl Pts',(-0.732708424558514,-0.145478176092301,
0.375));
#1069=CARTESIAN_POINT('Ctrl Pts',(-0.738095009055565,-0.140638318055949,
0.375));
#1070=CARTESIAN_POINT('Ctrl Pts',(-0.743189563488542,-0.135483542417972,
0.375));
#1071=CARTESIAN_POINT('Ctrl Pts',(-0.747961319541891,-0.13003253054697,
0.375));
#1072=CARTESIAN_POINT('Ctrl Pts',(-0.752026401208718,-0.125388787619896,
0.375));
#1073=CARTESIAN_POINT('Ctrl Pts',(-0.755857153402915,-0.12052992337919,
0.375));
#1074=CARTESIAN_POINT('Ctrl Pts',(-0.759433063655018,-0.115476377964001,
0.375));
#1075=CARTESIAN_POINT('Ctrl Pts',(-0.761574487664625,-0.112450076205068,
0.375));
#1076=CARTESIAN_POINT('Ctrl Pts',(-0.763623931988093,-0.109354202479106,
0.375));
#1077=CARTESIAN_POINT('Ctrl Pts',(-0.765570200962404,-0.106204769214661,
0.375));
#1078=CARTESIAN_POINT('Ctrl Pts',(-0.771665478899044,-0.0963414505556914,
0.375));
#1079=CARTESIAN_POINT('Ctrl Pts',(-0.776772747829696,-0.0859260207035365,
0.375));
#1080=CARTESIAN_POINT('Ctrl Pts',(-0.780764870404437,-0.0751007941822753,
0.375));
#1081=CARTESIAN_POINT('Ctrl Pts',(-0.783311230576018,-0.068195964697207,
0.375));
#1082=CARTESIAN_POINT('Ctrl Pts',(-0.78540301021765,-0.0611240308033226,
0.375));
#1083=CARTESIAN_POINT('Ctrl Pts',(-0.786995985422779,-0.0539214383537851,
0.375));
#1084=CARTESIAN_POINT('Ctrl Pts',(-0.787737648612405,-0.0505680291654322,
0.375));
#1085=CARTESIAN_POINT('Ctrl Pts',(-0.788370509646878,-0.0471875182845563,
0.375));
#1086=CARTESIAN_POINT('Ctrl Pts',(-0.788894006055414,-0.0437969144332526,
0.375));
#1087=CARTESIAN_POINT('Ctrl Pts',(-0.790412305431313,-0.033963128322379,
0.375));
#1088=CARTESIAN_POINT('Ctrl Pts',(-0.791019309227247,-0.0240167227106894,
0.375));
#1089=CARTESIAN_POINT('Ctrl Pts',(-0.790750063799381,-0.0140766351427159,
0.375));
#1090=CARTESIAN_POINT('Ctrl Pts',(-0.79059690757345,-0.00842236532129464,
0.375));
#1091=CARTESIAN_POINT('Ctrl Pts',(-0.790159673733046,-0.00277016539508537,
0.375));
#1092=CARTESIAN_POINT('Ctrl Pts',(-0.789440915112632,0.00285674400748655,
0.375));
#1093=CARTESIAN_POINT('Ctrl Pts',(-0.789005668827385,0.00626413467429751,
0.375));
#1094=CARTESIAN_POINT('Ctrl Pts',(-0.788467137104053,0.00966222559270672,
0.375));
#1095=CARTESIAN_POINT('Ctrl Pts',(-0.787825443430422,0.0130455293915423,
0.375));
#1096=CARTESIAN_POINT('Ctrl Pts',(-0.787193821479375,0.0163757304426406,
0.375));
#1097=CARTESIAN_POINT('Ctrl Pts',(-0.786464061279823,0.0196819960296652,
0.375));
#1098=CARTESIAN_POINT('Ctrl Pts',(-0.785637825824099,0.0229587853368448,
0.375));
#1099=CARTESIAN_POINT('Ctrl Pts',(-0.782941652919694,0.0336516096186619,
0.375));
#1100=CARTESIAN_POINT('Ctrl Pts',(-0.779220616463329,0.0440358380779249,
0.375));
#1101=CARTESIAN_POINT('Ctrl Pts',(-0.774498716537655,0.0539346297341265,
0.375));
#1102=CARTESIAN_POINT('Ctrl Pts',(-0.771761968749793,0.0596718322572739,
0.375));
#1103=CARTESIAN_POINT('Ctrl Pts',(-0.768688230123418,0.0652455061948184,
0.375));
#1104=CARTESIAN_POINT('Ctrl Pts',(-0.765276646155508,0.0706152341915297,
0.375));
#1105=CARTESIAN_POINT('Origin',(-0.625,0.,-0.0754789073857917));
#1106=CARTESIAN_POINT('Ctrl Pts',(-0.437264965479267,8.20898905170491E-5,
0.0807710926142081));
#1107=CARTESIAN_POINT('Ctrl Pts',(-0.437241478047751,0.00477911364239112,
0.081021164720173));
#1108=CARTESIAN_POINT('Ctrl Pts',(-0.439528427286931,0.0706984422363854,
0.0845321111713367));
#1109=CARTESIAN_POINT('Ctrl Pts',(-0.516920418832994,0.192285031994134,
0.0913039319676993));
#1110=CARTESIAN_POINT('Ctrl Pts',(-0.725212200311724,0.1965059447113,0.101086555003296));
#1111=CARTESIAN_POINT('Ctrl Pts',(-0.844085753673233,0.0254831342825716,
0.110869178038893));
#1112=CARTESIAN_POINT('Ctrl Pts',(-0.767629695383134,-0.168253519159077,
0.120651801074489));
#1113=CARTESIAN_POINT('Ctrl Pts',(-0.563975235323536,-0.21196287018674,
0.130434424110086));
#1114=CARTESIAN_POINT('Ctrl Pts',(-0.448958500805707,-0.0999749937915017,
0.137974187956659));
#1115=CARTESIAN_POINT('Ctrl Pts',(-0.43748776612243,-0.0193626543313399,
0.142253077458033));
#1116=CARTESIAN_POINT('Ctrl Pts',(-0.437631182503822,-0.000143986459399223,
0.143271092614208));
#1117=CARTESIAN_POINT('Ctrl Pts',(-0.437369507886846,-3.24683941121479E-5,
0.0704789073857916));
#1118=CARTESIAN_POINT('Ctrl Pts',(-0.437754425896491,0.0569681984162127,
0.0735076869475921));
#1119=CARTESIAN_POINT('Ctrl Pts',(-0.494896527650137,0.175268099645134,
0.0797973408545914));
#1120=CARTESIAN_POINT('Ctrl Pts',(-0.695769821949452,0.209025515569776,
0.0893478691067898));
#1121=CARTESIAN_POINT('Ctrl Pts',(-0.838035142199346,0.0569245400417567,
0.0991304921423861));
#1122=CARTESIAN_POINT('Ctrl Pts',(-0.790528333115877,-0.14579123651112,
0.108913115177983));
#1123=CARTESIAN_POINT('Ctrl Pts',(-0.595322339585457,-0.218577902417467,
0.118695738213579));
#1124=CARTESIAN_POINT('Ctrl Pts',(-0.456990890929422,-0.118406868721572,
0.126717668949516));
#1125=CARTESIAN_POINT('Ctrl Pts',(-0.437728683638051,-0.0284138682804237,
0.131478725340253));
#1126=CARTESIAN_POINT('Ctrl Pts',(-0.437780515070539,-3.65346720559208E-5,
0.132978907385791));
#1127=CARTESIAN_POINT('Ctrl Pts',(-0.743362776065481,0.103146755848512,
0.06));
#1128=CARTESIAN_POINT('Ctrl Pts',(-0.760269501217848,0.0837459816142826,
0.0616304371725994));
#1129=CARTESIAN_POINT('Ctrl Pts',(-0.784089940809252,0.0365935436531923,
0.0648913115177983));
#1130=CARTESIAN_POINT('Ctrl Pts',(-0.782807379734774,-0.0698831861118927,
0.0714130602081959));
#1131=CARTESIAN_POINT('Ctrl Pts',(-0.683433392448253,-0.175206997262634,
0.0795652460711931));
#1132=CARTESIAN_POINT('Ctrl Pts',(-0.511254488101941,-0.145625846478442,
0.0893478691067897));
#1133=CARTESIAN_POINT('Ctrl Pts',(-0.440886617696652,0.0139333387738603,
0.0991304921423863));
#1134=CARTESIAN_POINT('Ctrl Pts',(-0.53450136403616,0.161006666789755,0.108913115177983));
#1135=CARTESIAN_POINT('Ctrl Pts',(-0.708911015727685,0.164540977704928,
0.118695738213579));
#1136=CARTESIAN_POINT('Ctrl Pts',(-0.808447804409053,0.0213378777726066,
0.128478361249176));
#1137=CARTESIAN_POINT('Ctrl Pts',(-0.744428598267478,-0.140884280042534,
0.138260984284772));
#1138=CARTESIAN_POINT('Ctrl Pts',(-0.573901930377574,-0.177483576636364,
0.148043607320369));
#1139=CARTESIAN_POINT('Ctrl Pts',(-0.448945966538091,-0.0558182112269946,
0.157826230355966));
#1140=CARTESIAN_POINT('Ctrl Pts',(-0.480974632453268,0.115619370015279,
0.167608853391563));
#1141=CARTESIAN_POINT('Ctrl Pts',(-0.641432775299252,0.183959359116707,
0.177391476427159));
#1142=CARTESIAN_POINT('Ctrl Pts',(-0.787236929439252,0.0882619994230339,
0.187174099462755));
#1143=CARTESIAN_POINT('Ctrl Pts',(-0.788374378913681,-0.0861387009838996,
0.196956722498352));
#1144=CARTESIAN_POINT('Ctrl Pts',(-0.64383021449264,-0.183729343500056,
0.206739345533948));
#1145=CARTESIAN_POINT('Ctrl Pts',(-0.48249520813651,-0.117487980816362,
0.216521968569545));
#1146=CARTESIAN_POINT('Ctrl Pts',(-0.448232063925192,0.05351774123191,0.226304591605142));
#1147=CARTESIAN_POINT('Ctrl Pts',(-0.571593435542555,0.176801527745705,
0.236087214640738));
#1148=CARTESIAN_POINT('Ctrl Pts',(-0.742577541651936,0.142430931822717,
0.245869837676335));
#1149=CARTESIAN_POINT('Ctrl Pts',(-0.808717499219213,-0.0189458167747547,
0.255652460711931));
#1150=CARTESIAN_POINT('Ctrl Pts',(-0.711035897888649,-0.163428351550528,
0.265435083747528));
#1151=CARTESIAN_POINT('Ctrl Pts',(-0.536636121797187,-0.162181709633434,
0.275217706783125));
#1152=CARTESIAN_POINT('Ctrl Pts',(-0.441030118437304,-0.0163164915808919,
0.285000329818721));
#1153=CARTESIAN_POINT('Ctrl Pts',(-0.509471658783878,0.144096834728039,
0.294782952854318));
#1154=CARTESIAN_POINT('Ctrl Pts',(-0.680928021076431,0.176021274717713,
0.304565575889915));
#1155=CARTESIAN_POINT('Ctrl Pts',(-0.802517403356045,0.0509817805982194,
0.314348198925511));
#1156=CARTESIAN_POINT('Ctrl Pts',(-0.765805741514431,-0.119507929138248,
0.324130821961108));
#1157=CARTESIAN_POINT('Ctrl Pts',(-0.60355351545642,-0.183452555733812,
0.333913444996704));
#1158=CARTESIAN_POINT('Ctrl Pts',(-0.460393004238579,-0.0837716348680294,
0.343696068032301));
#1159=CARTESIAN_POINT('Ctrl Pts',(-0.464076499582615,0.0905290146084774,
0.353478691067897));
#1160=CARTESIAN_POINT('Ctrl Pts',(-0.611130428648112,0.184262214330636,
0.363261314103494));
#1161=CARTESIAN_POINT('Ctrl Pts',(-0.770803019233283,0.113372981019549,
0.37304393713909));
#1162=CARTESIAN_POINT('Ctrl Pts',(-0.795068893809141,-0.0293836716296617,
0.381196123002087));
#1163=CARTESIAN_POINT('Ctrl Pts',(-0.737076425265738,-0.118691076342928,
0.387717871692485));
#1164=CARTESIAN_POINT('Ctrl Pts',(-0.691102040370776,-0.144712638200973,
0.390978746037684));
#1165=CARTESIAN_POINT('Ctrl Pts',(-0.666273411653808,-0.151477739257144,
0.392609183210284));
#1166=CARTESIAN_POINT('Ctrl Pts',(-0.751027456893501,0.109826110526601,
0.0541302722632388));
#1167=CARTESIAN_POINT('Ctrl Pts',(-0.769028991211785,0.0891690228865451,
0.0557607094358382));
#1168=CARTESIAN_POINT('Ctrl Pts',(-0.794391943345732,0.0389631892613077,
0.059021583781037));
#1169=CARTESIAN_POINT('Ctrl Pts',(-0.793026328953268,-0.0744085304354866,
0.0655433324714348));
#1170=CARTESIAN_POINT('Ctrl Pts',(-0.687217295780889,-0.186552673306181,
0.0736955183344319));
#1171=CARTESIAN_POINT('Ctrl Pts',(-0.503888802087311,-0.155055970294987,
0.0834781413700286));
#1172=CARTESIAN_POINT('Ctrl Pts',(-0.428964201220534,0.0148356038112333,
0.093260764405625));
#1173=CARTESIAN_POINT('Ctrl Pts',(-0.528641048968437,0.171432788524548,
0.103043387441222));
#1174=CARTESIAN_POINT('Ctrl Pts',(-0.714344743922365,0.175195966707052,
0.112826010476818));
#1175=CARTESIAN_POINT('Ctrl Pts',(-0.820327120830447,0.022719629942595,
0.122608633512415));
#1176=CARTESIAN_POINT('Ctrl Pts',(-0.75216229730603,-0.150007359748048,
0.132391256548011));
#1177=CARTESIAN_POINT('Ctrl Pts',(-0.570593032026228,-0.188976674486489,
0.142173879583608));
#1178=CARTESIAN_POINT('Ctrl Pts',(-0.4375454399551,-0.0594327663064497,
0.151956502619205));
#1179=CARTESIAN_POINT('Ctrl Pts',(-0.471648148992174,0.123106399283785,
0.161739125654801));
#1180=CARTESIAN_POINT('Ctrl Pts',(-0.642496893444957,0.195871801692205,
0.171521748690398));
#1181=CARTESIAN_POINT('Ctrl Pts',(-0.797742717863663,0.0939774792158207,
0.181304371725994));
#1182=CARTESIAN_POINT('Ctrl Pts',(-0.79895382383272,-0.0917166848055747,
0.191086994761591));
#1183=CARTESIAN_POINT('Ctrl Pts',(-0.645049580823904,-0.195626891221397,
0.200869617797187));
#1184=CARTESIAN_POINT('Ctrl Pts',(-0.473267190829002,-0.125096013544385,
0.210652240832784));
#1185=CARTESIAN_POINT('Ctrl Pts',(-0.436785307979795,0.0569833274475644,
0.22043486386838));
#1186=CARTESIAN_POINT('Ctrl Pts',(-0.56813504867217,0.188250458947921,0.230217486903977));
#1187=CARTESIAN_POINT('Ctrl Pts',(-0.750191373966976,0.151654166261343,
0.240000109939573));
#1188=CARTESIAN_POINT('Ctrl Pts',(-0.820614279954216,-0.0201726690287462,
0.24978273297517));
#1189=CARTESIAN_POINT('Ctrl Pts',(-0.716607224609676,-0.174011291512929,
0.259565356010767));
#1190=CARTESIAN_POINT('Ctrl Pts',(-0.530914044758576,-0.172683922253009,
0.269347979046364));
#1191=CARTESIAN_POINT('Ctrl Pts',(-0.429116994471992,-0.0173730796768946,
0.27913060208196));
#1192=CARTESIAN_POINT('Ctrl Pts',(-0.501990524161603,0.153427946106394,
0.288913225117557));
#1193=CARTESIAN_POINT('Ctrl Pts',(-0.684549686984778,0.187419679980749,
0.298695848153153));
#1194=CARTESIAN_POINT('Ctrl Pts',(-0.81401269168377,0.0542831485562783,
0.30847847118875));
#1195=CARTESIAN_POINT('Ctrl Pts',(-0.774923735391693,-0.127246765313867,
0.318261094224347));
#1196=CARTESIAN_POINT('Ctrl Pts',(-0.602164730363895,-0.195332179831224,
0.328043717259943));
#1197=CARTESIAN_POINT('Ctrl Pts',(-0.449733740181842,-0.0891963373382521,
0.33782634029554));
#1198=CARTESIAN_POINT('Ctrl Pts',(-0.453655763356011,0.0963912968708098,
0.347608963331136));
#1199=CARTESIAN_POINT('Ctrl Pts',(-0.610232292923627,0.196194268549499,
0.357391586366733));
#1200=CARTESIAN_POINT('Ctrl Pts',(-0.780244616020152,0.120714543484722,
0.367174209402329));
#1201=CARTESIAN_POINT('Ctrl Pts',(-0.806081847654531,-0.0312864359283977,
0.375326395265326));
#1202=CARTESIAN_POINT('Ctrl Pts',(-0.744334028175727,-0.12637701653074,
0.381848143955724));
#1203=CARTESIAN_POINT('Ctrl Pts',(-0.695382533430879,-0.154083626449655,
0.385109018300923));
#1204=CARTESIAN_POINT('Ctrl Pts',(-0.668946106039033,-0.161286807298212,
0.386739455473522));
#1205=CARTESIAN_POINT('Ctrl Pts',(-0.75869213772152,0.116505465204689,0.0482605445264776));
#1206=CARTESIAN_POINT('Ctrl Pts',(-0.777788481205722,0.0945920641588075,
0.049890981699077));
#1207=CARTESIAN_POINT('Ctrl Pts',(-0.804693945882213,0.0413328348694231,
0.0531518560442759));
#1208=CARTESIAN_POINT('Ctrl Pts',(-0.803245278171761,-0.0789338747590805,
0.0596736047346736));
#1209=CARTESIAN_POINT('Ctrl Pts',(-0.691001199113526,-0.197898349349727,
0.0678257905976708));
#1210=CARTESIAN_POINT('Ctrl Pts',(-0.49652311607268,-0.164486094111531,
0.0776084136332673));
#1211=CARTESIAN_POINT('Ctrl Pts',(-0.417041784744415,0.0157378688486065,
0.0873910366688639));
#1212=CARTESIAN_POINT('Ctrl Pts',(-0.522780733900715,0.181858910259341,
0.0971736597044604));
#1213=CARTESIAN_POINT('Ctrl Pts',(-0.719778472117045,0.185850955709176,
0.106956282740057));
#1214=CARTESIAN_POINT('Ctrl Pts',(-0.83220643725184,0.0241013821125832,
0.116738905775654));
#1215=CARTESIAN_POINT('Ctrl Pts',(-0.759895996344582,-0.159130439453562,
0.12652152881125));
#1216=CARTESIAN_POINT('Ctrl Pts',(-0.567284133674882,-0.200469772336614,
0.136304151846847));
#1217=CARTESIAN_POINT('Ctrl Pts',(-0.42614491337211,-0.0630473213859047,
0.146086774882443));
#1218=CARTESIAN_POINT('Ctrl Pts',(-0.462321665531079,0.13059342855229,0.15586939791804));
#1219=CARTESIAN_POINT('Ctrl Pts',(-0.643561011590663,0.207784244267703,
0.165652020953637));
#1220=CARTESIAN_POINT('Ctrl Pts',(-0.808248506288074,0.0996929590086073,
0.175434643989233));
#1221=CARTESIAN_POINT('Ctrl Pts',(-0.809533268751757,-0.0972946686272497,
0.18521726702483));
#1222=CARTESIAN_POINT('Ctrl Pts',(-0.646268947155169,-0.207524438942738,
0.194999890060426));
#1223=CARTESIAN_POINT('Ctrl Pts',(-0.464039173521493,-0.132704046272409,
0.204782513096023));
#1224=CARTESIAN_POINT('Ctrl Pts',(-0.425338552034399,0.0604489136632189,
0.214565136131619));
#1225=CARTESIAN_POINT('Ctrl Pts',(-0.564676661801783,0.199699390150138,
0.224347759167216));
#1226=CARTESIAN_POINT('Ctrl Pts',(-0.757805206282017,0.160877400699969,
0.234130382202813));
#1227=CARTESIAN_POINT('Ctrl Pts',(-0.832511060689218,-0.0213995212827378,
0.243913005238409));
#1228=CARTESIAN_POINT('Ctrl Pts',(-0.722178551330703,-0.184594231475331,
0.253695628274006));
#1229=CARTESIAN_POINT('Ctrl Pts',(-0.525191967719965,-0.183186134872584,
0.263478251309602));
#1230=CARTESIAN_POINT('Ctrl Pts',(-0.417203870506679,-0.018429667772897,
0.273260874345199));
#1231=CARTESIAN_POINT('Ctrl Pts',(-0.494509389539328,0.162759057484749,
0.283043497380795));
#1232=CARTESIAN_POINT('Ctrl Pts',(-0.688171352893124,0.198818085243786,
0.292826120416392));
#1233=CARTESIAN_POINT('Ctrl Pts',(-0.825507980011499,0.0575845165143369,
0.302608743451988));
#1234=CARTESIAN_POINT('Ctrl Pts',(-0.784041729268953,-0.134985601489486,
0.312391366487585));
#1235=CARTESIAN_POINT('Ctrl Pts',(-0.600775945271372,-0.207211803928637,
0.322173989523182));
#1236=CARTESIAN_POINT('Ctrl Pts',(-0.439074476125104,-0.0946210398084747,
0.331956612558778));
#1237=CARTESIAN_POINT('Ctrl Pts',(-0.443235027129409,0.102253579133142,
0.341739235594375));
#1238=CARTESIAN_POINT('Ctrl Pts',(-0.609334157199141,0.208126322768361,
0.351521858629971));
#1239=CARTESIAN_POINT('Ctrl Pts',(-0.789686212807021,0.128056105949894,
0.361304481665568));
#1240=CARTESIAN_POINT('Ctrl Pts',(-0.817094801499921,-0.0331892002271338,
0.369456667528565));
#1241=CARTESIAN_POINT('Ctrl Pts',(-0.751591631085717,-0.134062956718551,
0.375978416218963));
#1242=CARTESIAN_POINT('Ctrl Pts',(-0.699663026490982,-0.163454614698338,
0.379239290564162));
#1243=CARTESIAN_POINT('Ctrl Pts',(-0.671618800424259,-0.171095875339279,
0.380869727736761));
#1244=CARTESIAN_POINT('Ctrl Pts',(-0.76635681854954,0.123184819882778,0.0423908167897164));
#1245=CARTESIAN_POINT('Ctrl Pts',(-0.786547971199659,0.10001510543107,0.0440212539623158));
#1246=CARTESIAN_POINT('Ctrl Pts',(-0.814995948418692,0.0437024804775385,
0.0472821283075147));
#1247=CARTESIAN_POINT('Ctrl Pts',(-0.813464227390256,-0.0834592190826744,
0.0538038769979124));
#1248=CARTESIAN_POINT('Ctrl Pts',(-0.694785102446162,-0.209244025393273,
0.0619560628609096));
#1249=CARTESIAN_POINT('Ctrl Pts',(-0.489157430058051,-0.173916217928076,
0.0717386858965061));
#1250=CARTESIAN_POINT('Ctrl Pts',(-0.405119368268294,0.0166401338859796,
0.0815213089321026));
#1251=CARTESIAN_POINT('Ctrl Pts',(-0.516920418832994,0.192285031994134,
0.0913039319676993));
#1252=CARTESIAN_POINT('Ctrl Pts',(-0.725212200311724,0.1965059447113,0.101086555003296));
#1253=CARTESIAN_POINT('Ctrl Pts',(-0.844085753673233,0.0254831342825716,
0.110869178038893));
#1254=CARTESIAN_POINT('Ctrl Pts',(-0.767629695383134,-0.168253519159077,
0.120651801074489));
#1255=CARTESIAN_POINT('Ctrl Pts',(-0.563975235323536,-0.21196287018674,
0.130434424110086));
#1256=CARTESIAN_POINT('Ctrl Pts',(-0.41474438678912,-0.0666618764653599,
0.140217047145682));
#1257=CARTESIAN_POINT('Ctrl Pts',(-0.452995182069986,0.138080457820795,
0.149999670181279));
#1258=CARTESIAN_POINT('Ctrl Pts',(-0.644625129736368,0.219696686843201,
0.159782293216875));
#1259=CARTESIAN_POINT('Ctrl Pts',(-0.818754294712484,0.105408438801394,
0.169564916252472));
#1260=CARTESIAN_POINT('Ctrl Pts',(-0.820112713670796,-0.102872652448925,
0.179347539288069));
#1261=CARTESIAN_POINT('Ctrl Pts',(-0.647488313486433,-0.219421986664079,
0.189130162323665));
#1262=CARTESIAN_POINT('Ctrl Pts',(-0.454811156213985,-0.140312079000432,
0.198912785359262));
#1263=CARTESIAN_POINT('Ctrl Pts',(-0.413891796089003,0.0639144998788735,
0.208695408394858));
#1264=CARTESIAN_POINT('Ctrl Pts',(-0.561218274931396,0.211148321352354,
0.218478031430455));
#1265=CARTESIAN_POINT('Ctrl Pts',(-0.765419038597058,0.170100635138595,
0.228260654466051));
#1266=CARTESIAN_POINT('Ctrl Pts',(-0.84440784142422,-0.0226263735367294,
0.238043277501648));
#1267=CARTESIAN_POINT('Ctrl Pts',(-0.72774987805173,-0.195177171437732,
0.247825900537244));
#1268=CARTESIAN_POINT('Ctrl Pts',(-0.519469890681354,-0.193688347492159,
0.257608523572841));
#1269=CARTESIAN_POINT('Ctrl Pts',(-0.405290746541367,-0.0194862558688995,
0.267391146608438));
#1270=CARTESIAN_POINT('Ctrl Pts',(-0.487028254917052,0.172090168863104,
0.277173769644034));
#1271=CARTESIAN_POINT('Ctrl Pts',(-0.691793018801471,0.210216490506823,
0.286956392679631));
#1272=CARTESIAN_POINT('Ctrl Pts',(-0.837003268339225,0.0608858844723957,
0.296739015715227));
#1273=CARTESIAN_POINT('Ctrl Pts',(-0.793159723146215,-0.142724437665105,
0.306521638750824));
#1274=CARTESIAN_POINT('Ctrl Pts',(-0.599387160178846,-0.219091428026049,
0.316304261786421));
#1275=CARTESIAN_POINT('Ctrl Pts',(-0.428415212068367,-0.100045742278697,
0.326086884822017));
#1276=CARTESIAN_POINT('Ctrl Pts',(-0.432814290902804,0.108115861395474,
0.335869507857614));
#1277=CARTESIAN_POINT('Ctrl Pts',(-0.608436021474657,0.220058376987224,
0.34565213089321));
#1278=CARTESIAN_POINT('Ctrl Pts',(-0.799127809593889,0.135397668415067,
0.355434753928807));
#1279=CARTESIAN_POINT('Ctrl Pts',(-0.828107755345312,-0.0350919645258698,
0.363586939791804));
#1280=CARTESIAN_POINT('Ctrl Pts',(-0.758849233995707,-0.141748896906363,
0.370108688482202));
#1281=CARTESIAN_POINT('Ctrl Pts',(-0.703943519551085,-0.172825602947021,
0.373369562827401));
#1282=CARTESIAN_POINT('Ctrl Pts',(-0.674291494809484,-0.180904943380347,
0.375));
#1283=CARTESIAN_POINT('Ctrl Pts',(-0.743362776065481,0.103146755848512,
0.06));
#1284=CARTESIAN_POINT('Ctrl Pts',(-0.751395738742361,0.0957426904803018,
0.06));
#1285=CARTESIAN_POINT('Ctrl Pts',(-0.758575659181959,0.0875303378095993,
0.0599999999999999));
#1286=CARTESIAN_POINT('Ctrl Pts',(-0.764863709045274,0.0786780032415563,
0.0599999999999999));
#1287=CARTESIAN_POINT('Ctrl Pts',(-0.77048716206837,0.0707612900045083,
0.0599999999999999));
#1288=CARTESIAN_POINT('Ctrl Pts',(-0.775397559603081,0.06233138973801,0.06));
#1289=CARTESIAN_POINT('Ctrl Pts',(-0.779546821813327,0.0534819736257643,
0.06));
#1290=CARTESIAN_POINT('Ctrl Pts',(-0.780986003486179,0.0504125321591027,
0.06));
#1291=CARTESIAN_POINT('Ctrl Pts',(-0.782329201165821,0.0473013553726953,
0.06));
#1292=CARTESIAN_POINT('Ctrl Pts',(-0.783574958291696,0.0441537931375015,
0.06));
#1293=CARTESIAN_POINT('Ctrl Pts',(-0.784515393462139,0.0417776652666235,
0.06));
#1294=CARTESIAN_POINT('Ctrl Pts',(-0.785400360310485,0.0393806525878241,
0.06));
#1295=CARTESIAN_POINT('Ctrl Pts',(-0.786229288262227,0.0369646129474881,
0.06));
#1296=CARTESIAN_POINT('Ctrl Pts',(-0.789256743283878,0.0281406236897122,
0.06));
#1297=CARTESIAN_POINT('Ctrl Pts',(-0.791538205798609,0.0190638917236251,
0.06));
#1298=CARTESIAN_POINT('Ctrl Pts',(-0.793064388648389,0.00984536715744034,
0.0599999999999999));
#1299=CARTESIAN_POINT('Ctrl Pts',(-0.793965995989481,0.00439943423786002,
0.0599999999999999));
#1300=CARTESIAN_POINT('Ctrl Pts',(-0.794603658263176,-0.00109627640109078,
0.06));
#1301=CARTESIAN_POINT('Ctrl Pts',(-0.794972022912617,-0.0066203891053403,
0.06));
#1302=CARTESIAN_POINT('Ctrl Pts',(-0.795179362560423,-0.00972971999329797,
0.06));
#1303=CARTESIAN_POINT('Ctrl Pts',(-0.7953010679564,-0.012846852012621,0.06));
#1304=CARTESIAN_POINT('Ctrl Pts',(-0.795336436219798,-0.0159579117518973,
0.06));
#1305=CARTESIAN_POINT('Ctrl Pts',(-0.79545073631034,-0.0260119651807288,
0.06));
#1306=CARTESIAN_POINT('Ctrl Pts',(-0.794667446801161,-0.0360297620037666,
0.06));
#1307=CARTESIAN_POINT('Ctrl Pts',(-0.792972256210257,-0.0458819182808164,
0.06));
#1308=CARTESIAN_POINT('Ctrl Pts',(-0.791545463066468,-0.0541741947381425,
0.06));
#1309=CARTESIAN_POINT('Ctrl Pts',(-0.789472352900776,-0.0623496798520048,
0.06));
#1310=CARTESIAN_POINT('Ctrl Pts',(-0.786801323894769,-0.0703623980528099,
0.06));
#1311=CARTESIAN_POINT('Ctrl Pts',(-0.785558629008165,-0.0740903111205998,
0.06));
#1312=CARTESIAN_POINT('Ctrl Pts',(-0.784185329428488,-0.0777846602070884,
0.0599999999999999));
#1313=CARTESIAN_POINT('Ctrl Pts',(-0.782692727022542,-0.0814245594713214,
0.0599999999999999));
#1314=CARTESIAN_POINT('Ctrl Pts',(-0.779351784668168,-0.0895718688747411,
0.06));
#1315=CARTESIAN_POINT('Ctrl Pts',(-0.775409118145525,-0.0974638168242824,
0.06));
#1316=CARTESIAN_POINT('Ctrl Pts',(-0.770923659339299,-0.105049870499928,
0.06));
#1317=CARTESIAN_POINT('Ctrl Pts',(-0.767779606434846,-0.110367265023571,
0.06));
#1318=CARTESIAN_POINT('Ctrl Pts',(-0.764368518560754,-0.115534387386328,
0.06));
#1319=CARTESIAN_POINT('Ctrl Pts',(-0.760706555379869,-0.120532803453268,
0.06));
#1320=CARTESIAN_POINT('Ctrl Pts',(-0.758319236346478,-0.123791387230325,
0.06));
#1321=CARTESIAN_POINT('Ctrl Pts',(-0.755825312257658,-0.126977645126568,
0.06));
#1322=CARTESIAN_POINT('Ctrl Pts',(-0.753238107144372,-0.130076196844361,
0.06));
#1323=CARTESIAN_POINT('Ctrl Pts',(-0.745186389427341,-0.139719291485435,
0.06));
#1324=CARTESIAN_POINT('Ctrl Pts',(-0.736215468126351,-0.148541965043314,
0.06));
#1325=CARTESIAN_POINT('Ctrl Pts',(-0.726461606482191,-0.156395245329349,
0.06));
#1326=CARTESIAN_POINT('Ctrl Pts',(-0.72358115814975,-0.15871442607328,0.06));
#1327=CARTESIAN_POINT('Ctrl Pts',(-0.720632130135077,-0.160948892789373,
0.06));
#1328=CARTESIAN_POINT('Ctrl Pts',(-0.717617341981273,-0.163094272211131,
0.06));
#1329=CARTESIAN_POINT('Ctrl Pts',(-0.468109843483201,-0.00012056466200192,
0.160880275824492));
#1330=CARTESIAN_POINT('Ctrl Pts',(-0.467989756166515,-0.0162129958934408,
0.159862260668316));
#1331=CARTESIAN_POINT('Ctrl Pts',(-0.470274896035306,-0.0322721652407627,
0.158844245512141));
#1332=CARTESIAN_POINT('Ctrl Pts',(-0.475110071497201,-0.0475228419215103,
0.157826230355966));
#1333=CARTESIAN_POINT('Ctrl Pts',(-0.490597954484585,-0.0963733330301177,
0.154565356010767));
#1334=CARTESIAN_POINT('Ctrl Pts',(-0.53224994243108,-0.136928454833241,
0.151304481665568));
#1335=CARTESIAN_POINT('Ctrl Pts',(-0.581497047719311,-0.151106132969164,
0.148043607320369));
#1336=CARTESIAN_POINT('Ctrl Pts',(-0.630744153007542,-0.165283811105087,
0.14478273297517));
#1337=CARTESIAN_POINT('Ctrl Pts',(-0.68758637563751,-0.15308404557381,0.141521858629971));
#1338=CARTESIAN_POINT('Ctrl Pts',(-0.726677354642757,-0.119947136505649,
0.138260984284773));
#1339=CARTESIAN_POINT('Ctrl Pts',(-0.765768333648003,-0.0868102274374869,
0.135000109939574));
#1340=CARTESIAN_POINT('Ctrl Pts',(-0.787108069028528,-0.03273617483244,
0.131739235594375));
#1341=CARTESIAN_POINT('Ctrl Pts',(-0.781188471938563,0.018168034792137,
0.128478361249176));
#1342=CARTESIAN_POINT('Ctrl Pts',(-0.775268874848597,0.0690722444167139,
0.125217486903977));
#1343=CARTESIAN_POINT('Ctrl Pts',(-0.742089945288141,0.116806611060821,
0.121956612558778));
#1344=CARTESIAN_POINT('Ctrl Pts',(-0.696432205225992,0.140084742563679,
0.118695738213579));
#1345=CARTESIAN_POINT('Ctrl Pts',(-0.650774465163843,0.163362874066537,
0.115434863868381));
#1346=CARTESIAN_POINT('Ctrl Pts',(-0.592637914600001,0.162184770428146,
0.112173989523182));
#1347=CARTESIAN_POINT('Ctrl Pts',(-0.547967181594829,0.137083497272968,
0.108913115177983));
#1348=CARTESIAN_POINT('Ctrl Pts',(-0.503296448589657,0.11198222411779,0.105652240832784));
#1349=CARTESIAN_POINT('Ctrl Pts',(-0.472091533143155,0.0629577814458251,
0.102391366487585));
#1350=CARTESIAN_POINT('Ctrl Pts',(-0.468217053820785,0.0118523625677923,
0.0991304921423863));
#1351=CARTESIAN_POINT('Ctrl Pts',(-0.467919925167211,0.00793315613045762,
0.0988804200364215));
#1352=CARTESIAN_POINT('Ctrl Pts',(-0.467783530951983,0.00400171115656345,
0.0986303479304567));
#1353=CARTESIAN_POINT('Ctrl Pts',(-0.467803197761306,6.873660166154E-5,
0.0983802758244919));
#1354=CARTESIAN_POINT('Ctrl Pts',(-0.532267858183853,-0.162963185640776,
0.0599999999999999));
#1355=CARTESIAN_POINT('Ctrl Pts',(-0.505556656586499,-0.147763513856833,
0.0616304371725994));
#1356=CARTESIAN_POINT('Ctrl Pts',(-0.46010481520739,-0.104008617706969,
0.0648913115177982));
#1357=CARTESIAN_POINT('Ctrl Pts',(-0.419545694134962,0.0165213214331038,
0.071413060208196));
#1358=CARTESIAN_POINT('Ctrl Pts',(-0.490014950160412,0.174447734537548,
0.079565246071193));
#1359=CARTESIAN_POINT('Ctrl Pts',(-0.695769821949452,0.209025515569776,
0.0893478691067898));
#1360=CARTESIAN_POINT('Ctrl Pts',(-0.838035142199346,0.0569245400417567,
0.0991304921423861));
#1361=CARTESIAN_POINT('Ctrl Pts',(-0.790528333115877,-0.14579123651112,
0.108913115177983));
#1362=CARTESIAN_POINT('Ctrl Pts',(-0.595322339585457,-0.218577902417467,
0.118695738213579));
#1363=CARTESIAN_POINT('Ctrl Pts',(-0.426629233060892,-0.0964208439747753,
0.128478361249176));
#1364=CARTESIAN_POINT('Ctrl Pts',(-0.434798929810832,0.111696091346994,
0.138260984284773));
#1365=CARTESIAN_POINT('Ctrl Pts',(-0.612584126579018,0.220222873579523,
0.148043607320369));
#1366=CARTESIAN_POINT('Ctrl Pts',(-0.801434167541903,0.13237144210282,0.157826230355966));
#1367=CARTESIAN_POINT('Ctrl Pts',(-0.832960620808789,-0.0735135176452187,
0.167608853391562));
#1368=CARTESIAN_POINT('Ctrl Pts',(-0.67904634551028,-0.213847513881658,
0.177391476427159));
#1369=CARTESIAN_POINT('Ctrl Pts',(-0.476939630376231,-0.163492443224417,
0.187174099462756));
#1370=CARTESIAN_POINT('Ctrl Pts',(-0.406858339014766,0.0326489822432991,
0.196956722498352));
#1371=CARTESIAN_POINT('Ctrl Pts',(-0.531294804537687,0.199677378268471,
0.206739345533949));
#1372=CARTESIAN_POINT('Ctrl Pts',(-0.73928834123428,0.188652812458689,0.216521968569545));
#1373=CARTESIAN_POINT('Ctrl Pts',(-0.84537071088388,0.00940603162843631,
0.226304591605142));
#1374=CARTESIAN_POINT('Ctrl Pts',(-0.754947835175824,-0.178228136734281,
0.236087214640738));
#1375=CARTESIAN_POINT('Ctrl Pts',(-0.548650179805437,-0.206935796818864,
0.245869837676335));
#1376=CARTESIAN_POINT('Ctrl Pts',(-0.410433752098654,-0.0511181529445114,
0.255652460711931));
#1377=CARTESIAN_POINT('Ctrl Pts',(-0.463546888178655,0.15028155152187,0.265435083747528));
#1378=CARTESIAN_POINT('Ctrl Pts',(-0.66062776847829,0.217675053163287,0.275217706783125));
#1379=CARTESIAN_POINT('Ctrl Pts',(-0.82594015714073,0.0909665341321158,
0.285000329818721));
#1380=CARTESIAN_POINT('Ctrl Pts',(-0.812071884214945,-0.116855998120998,
0.294782952854318));
#1381=CARTESIAN_POINT('Ctrl Pts',(-0.631394539403686,-0.220479880774286,
0.304565575889914));
#1382=CARTESIAN_POINT('Ctrl Pts',(-0.445008350186738,-0.127496940829187,
0.314348198925511));
#1383=CARTESIAN_POINT('Ctrl Pts',(-0.419134661138031,0.0791669286006738,
0.324130821961108));
#1384=CARTESIAN_POINT('Ctrl Pts',(-0.576805189892194,0.215254089929955,
0.333913444996704));
#1385=CARTESIAN_POINT('Ctrl Pts',(-0.777503390362342,0.159365710350607,
0.343696068032301));
#1386=CARTESIAN_POINT('Ctrl Pts',(-0.842110887892657,-0.0385647174153102,
0.353478691067897));
#1387=CARTESIAN_POINT('Ctrl Pts',(-0.713323557285583,-0.202234969988843,
0.363261314103494));
#1388=CARTESIAN_POINT('Ctrl Pts',(-0.505370635319267,-0.18531538217742,
0.373043937139091));
#1389=CARTESIAN_POINT('Ctrl Pts',(-0.421700720421764,-0.0339680553366051,
0.381196123002087));
#1390=CARTESIAN_POINT('Ctrl Pts',(-0.451841935775955,0.0895795697650126,
0.387717871692486));
#1391=CARTESIAN_POINT('Ctrl Pts',(-0.493400100665951,0.137048293708394,
0.390978746037684));
#1392=CARTESIAN_POINT('Ctrl Pts',(-0.518718984799272,0.15446875350019,0.392609183210284));
#1393=CARTESIAN_POINT('Ctrl Pts',(-0.537296000984551,-0.154126959574921,
0.0541302722632387));
#1394=CARTESIAN_POINT('Ctrl Pts',(-0.512033140096031,-0.139751447772151,
0.0557607094358382));
#1395=CARTESIAN_POINT('Ctrl Pts',(-0.469045798560589,-0.0983690393246354,
0.059021583781037));
#1396=CARTESIAN_POINT('Ctrl Pts',(-0.430685883164088,0.0156254986709532,
0.0655433324714347));
#1397=CARTESIAN_POINT('Ctrl Pts',(-0.497334139529492,0.16498879070929,0.0736955183344318));
#1398=CARTESIAN_POINT('Ctrl Pts',(-0.691932524937081,0.197691687614437,
0.0834781413700285));
#1399=CARTESIAN_POINT('Ctrl Pts',(-0.82648390337787,0.0538379649817148,
0.093260764405625));
#1400=CARTESIAN_POINT('Ctrl Pts',(-0.781553019053594,-0.137886111686962,
0.103043387441222));
#1401=CARTESIAN_POINT('Ctrl Pts',(-0.59693152828349,-0.20672612281972,0.112826010476818));
#1402=CARTESIAN_POINT('Ctrl Pts',(-0.437385336868257,-0.0911926915459208,
0.122608633512415));
#1403=CARTESIAN_POINT('Ctrl Pts',(-0.445112054505533,0.105639681060624,
0.132391256548012));
#1404=CARTESIAN_POINT('Ctrl Pts',(-0.613257342826734,0.208281899989878,
0.142173879583608));
#1405=CARTESIAN_POINT('Ctrl Pts',(-0.791867514901852,0.125193968353245,
0.151956502619205));
#1406=CARTESIAN_POINT('Ctrl Pts',(-0.821684533813824,-0.0695274513551225,
0.161739125654801));
#1407=CARTESIAN_POINT('Ctrl Pts',(-0.676115832553721,-0.202252226462297,
0.171521748690398));
#1408=CARTESIAN_POINT('Ctrl Pts',(-0.484967792640277,-0.154627519636249,
0.181304371725994));
#1409=CARTESIAN_POINT('Ctrl Pts',(-0.418686464632632,0.0308786818727736,
0.191086994761591));
#1410=CARTESIAN_POINT('Ctrl Pts',(-0.536375708469422,0.188850427091248,
0.200869617797188));
#1411=CARTESIAN_POINT('Ctrl Pts',(-0.733091373398466,0.178423637738707,
0.210652240832784));
#1412=CARTESIAN_POINT('Ctrl Pts',(-0.833421721227065,0.00889601569125011,
0.220434863868381));
#1413=CARTESIAN_POINT('Ctrl Pts',(-0.747901774779624,-0.168564211098022,
0.230217486903977));
#1414=CARTESIAN_POINT('Ctrl Pts',(-0.552790036722653,-0.195715278058019,
0.240000109939574));
#1415=CARTESIAN_POINT('Ctrl Pts',(-0.42206801087375,-0.0483464130959645,
0.24978273297517));
#1416=CARTESIAN_POINT('Ctrl Pts',(-0.472301234686301,0.142132951839351,
0.259565356010767));
#1417=CARTESIAN_POINT('Ctrl Pts',(-0.658695951698578,0.205872228058433,
0.269347979046364));
#1418=CARTESIAN_POINT('Ctrl Pts',(-0.815044735286878,0.0860341265036187,
0.27913060208196));
#1419=CARTESIAN_POINT('Ctrl Pts',(-0.801928430937511,-0.110519806222882,
0.288913225117557));
#1420=CARTESIAN_POINT('Ctrl Pts',(-0.631047813267131,-0.208524971683413,
0.298695848153153));
#1421=CARTESIAN_POINT('Ctrl Pts',(-0.454767897421057,-0.120583773370893,
0.30847847118875));
#1422=CARTESIAN_POINT('Ctrl Pts',(-0.430297137289657,0.0748743218054374,
0.318261094224346));
#1423=CARTESIAN_POINT('Ctrl Pts',(-0.579418419595817,0.203582534831531,
0.328043717259943));
#1424=CARTESIAN_POINT('Ctrl Pts',(-0.769234317640471,0.150724547389374,
0.33782634029554));
#1425=CARTESIAN_POINT('Ctrl Pts',(-0.830338653082478,-0.0364736527376803,
0.347608963331136));
#1426=CARTESIAN_POINT('Ctrl Pts',(-0.708534457734987,-0.191269340505003,
0.357391586366733));
#1427=CARTESIAN_POINT('Ctrl Pts',(-0.511857205315289,-0.1752671703438,0.367174209402329));
#1428=CARTESIAN_POINT('Ctrl Pts',(-0.432724059136673,-0.0321262318916869,
0.375326395265326));
#1429=CARTESIAN_POINT('Ctrl Pts',(-0.461230950813881,0.084722366426643,
0.381848143955724));
#1430=CARTESIAN_POINT('Ctrl Pts',(-0.500535739652064,0.129617230671761,
0.385109018300923));
#1431=CARTESIAN_POINT('Ctrl Pts',(-0.524481777623489,0.146093114421513,
0.386739455473523));
#1432=CARTESIAN_POINT('Ctrl Pts',(-0.542324143785249,-0.145290733509065,
0.0482605445264775));
#1433=CARTESIAN_POINT('Ctrl Pts',(-0.518509623605563,-0.13173938168747,
0.049890981699077));
#1434=CARTESIAN_POINT('Ctrl Pts',(-0.477986781913789,-0.0927294609423021,
0.0531518560442759));
#1435=CARTESIAN_POINT('Ctrl Pts',(-0.441826072193215,0.0147296759088028,
0.0596736047346736));
#1436=CARTESIAN_POINT('Ctrl Pts',(-0.50465332889857,0.155529846881032,0.0678257905976707));
#1437=CARTESIAN_POINT('Ctrl Pts',(-0.688095227924712,0.186357859659098,
0.0776084136332673));
#1438=CARTESIAN_POINT('Ctrl Pts',(-0.814932664556394,0.0507513899216728,
0.0873910366688639));
#1439=CARTESIAN_POINT('Ctrl Pts',(-0.772577704991312,-0.129980986862803,
0.0971736597044604));
#1440=CARTESIAN_POINT('Ctrl Pts',(-0.598540716981522,-0.194874343221973,
0.106956282740057));
#1441=CARTESIAN_POINT('Ctrl Pts',(-0.448141440675622,-0.0859645391170662,
0.116738905775654));
#1442=CARTESIAN_POINT('Ctrl Pts',(-0.455425179200235,0.0995832707742536,
0.12652152881125));
#1443=CARTESIAN_POINT('Ctrl Pts',(-0.613930559074449,0.196340926400233,
0.136304151846847));
#1444=CARTESIAN_POINT('Ctrl Pts',(-0.782300862261803,0.11801649460367,0.146086774882443));
#1445=CARTESIAN_POINT('Ctrl Pts',(-0.810408446818858,-0.0655413850650261,
0.15586939791804));
#1446=CARTESIAN_POINT('Ctrl Pts',(-0.673185319597164,-0.190656939042936,
0.165652020953637));
#1447=CARTESIAN_POINT('Ctrl Pts',(-0.492995954904321,-0.14576259604808,
0.175434643989233));
#1448=CARTESIAN_POINT('Ctrl Pts',(-0.430514590250498,0.029108381502248,
0.18521726702483));
#1449=CARTESIAN_POINT('Ctrl Pts',(-0.541456612401156,0.178023475914024,
0.194999890060426));
#1450=CARTESIAN_POINT('Ctrl Pts',(-0.726894405562652,0.168194463018725,
0.204782513096023));
#1451=CARTESIAN_POINT('Ctrl Pts',(-0.82147273157025,0.00838599975406358,
0.21456513613162));
#1452=CARTESIAN_POINT('Ctrl Pts',(-0.740855714383424,-0.158900285461763,
0.224347759167216));
#1453=CARTESIAN_POINT('Ctrl Pts',(-0.55692989363987,-0.184494759297174,
0.234130382202813));
#1454=CARTESIAN_POINT('Ctrl Pts',(-0.433702269648845,-0.0455746732474176,
0.243913005238409));
#1455=CARTESIAN_POINT('Ctrl Pts',(-0.481055581193948,0.133984352156832,
0.253695628274006));
#1456=CARTESIAN_POINT('Ctrl Pts',(-0.656764134918866,0.194069402953579,
0.263478251309602));
#1457=CARTESIAN_POINT('Ctrl Pts',(-0.804149313433025,0.0811017188751219,
0.273260874345199));
#1458=CARTESIAN_POINT('Ctrl Pts',(-0.791784977660079,-0.104183614324765,
0.283043497380795));
#1459=CARTESIAN_POINT('Ctrl Pts',(-0.630701087130575,-0.196570062592541,
0.292826120416392));
#1460=CARTESIAN_POINT('Ctrl Pts',(-0.464527444655376,-0.113670605912599,
0.302608743451989));
#1461=CARTESIAN_POINT('Ctrl Pts',(-0.441459613441284,0.0705817150102008,
0.312391366487585));
#1462=CARTESIAN_POINT('Ctrl Pts',(-0.58203164929944,0.191910979733107,0.322173989523182));
#1463=CARTESIAN_POINT('Ctrl Pts',(-0.760965244918603,0.142083384428141,
0.331956612558778));
#1464=CARTESIAN_POINT('Ctrl Pts',(-0.818566418272298,-0.03438258806005,
0.341739235594375));
#1465=CARTESIAN_POINT('Ctrl Pts',(-0.703745358184391,-0.180303711021164,
0.351521858629971));
#1466=CARTESIAN_POINT('Ctrl Pts',(-0.518343775311311,-0.16521895851018,
0.361304481665568));
#1467=CARTESIAN_POINT('Ctrl Pts',(-0.443747397851581,-0.0302844084467688,
0.369456667528565));
#1468=CARTESIAN_POINT('Ctrl Pts',(-0.470619965851807,0.0798651630882735,
0.375978416218963));
#1469=CARTESIAN_POINT('Ctrl Pts',(-0.507671378638177,0.122186167635128,
0.379239290564162));
#1470=CARTESIAN_POINT('Ctrl Pts',(-0.530244570447706,0.137717475342836,
0.380869727736761));
#1471=CARTESIAN_POINT('Ctrl Pts',(-0.547352286585946,-0.13645450744321,
0.0423908167897163));
#1472=CARTESIAN_POINT('Ctrl Pts',(-0.524986107115095,-0.123727315602788,
0.0440212539623158));
#1473=CARTESIAN_POINT('Ctrl Pts',(-0.486927765266988,-0.0870898825599686,
0.0472821283075147));
#1474=CARTESIAN_POINT('Ctrl Pts',(-0.452966261222342,0.0138338531466522,
0.0538038769979123));
#1475=CARTESIAN_POINT('Ctrl Pts',(-0.51197251826765,0.146070903052773,0.0619560628609096));
#1476=CARTESIAN_POINT('Ctrl Pts',(-0.684257930912342,0.175024031703759,
0.0717386858965061));
#1477=CARTESIAN_POINT('Ctrl Pts',(-0.803381425734918,0.0476648148616309,
0.0815213089321027));
#1478=CARTESIAN_POINT('Ctrl Pts',(-0.763602390929029,-0.122075862038645,
0.0913039319676992));
#1479=CARTESIAN_POINT('Ctrl Pts',(-0.600149905679556,-0.183022563624226,
0.101086555003296));
#1480=CARTESIAN_POINT('Ctrl Pts',(-0.458897544482987,-0.0807363866882118,
0.110869178038892));
#1481=CARTESIAN_POINT('Ctrl Pts',(-0.465738303894937,0.0935268604878833,
0.120651801074489));
#1482=CARTESIAN_POINT('Ctrl Pts',(-0.614603775322165,0.184399952810587,
0.130434424110085));
#1483=CARTESIAN_POINT('Ctrl Pts',(-0.772734209621753,0.110839020854095,
0.140217047145682));
#1484=CARTESIAN_POINT('Ctrl Pts',(-0.799132359823893,-0.0615553187749299,
0.149999670181279));
#1485=CARTESIAN_POINT('Ctrl Pts',(-0.670254806640607,-0.179061651623575,
0.159782293216875));
#1486=CARTESIAN_POINT('Ctrl Pts',(-0.501024117168365,-0.136897672459912,
0.169564916252472));
#1487=CARTESIAN_POINT('Ctrl Pts',(-0.442342715868364,0.0273380811317225,
0.179347539288068));
#1488=CARTESIAN_POINT('Ctrl Pts',(-0.54653751633289,0.1671965247368,0.189130162323665));
#1489=CARTESIAN_POINT('Ctrl Pts',(-0.720697437726838,0.157965288298742,
0.198912785359261));
#1490=CARTESIAN_POINT('Ctrl Pts',(-0.809523741913435,0.00787598381687738,
0.208695408394858));
#1491=CARTESIAN_POINT('Ctrl Pts',(-0.733809653987224,-0.149236359825504,
0.218478031430455));
#1492=CARTESIAN_POINT('Ctrl Pts',(-0.561069750557086,-0.173274240536329,
0.228260654466052));
#1493=CARTESIAN_POINT('Ctrl Pts',(-0.44533652842394,-0.0428029333988708,
0.238043277501648));
#1494=CARTESIAN_POINT('Ctrl Pts',(-0.489809927701594,0.125835752474312,
0.247825900537245));
#1495=CARTESIAN_POINT('Ctrl Pts',(-0.654832318139155,0.182266577848726,
0.257608523572841));
#1496=CARTESIAN_POINT('Ctrl Pts',(-0.793253891579172,0.076169311246625,
0.267391146608437));
#1497=CARTESIAN_POINT('Ctrl Pts',(-0.781641524382647,-0.097847422426649,
0.277173769644035));
#1498=CARTESIAN_POINT('Ctrl Pts',(-0.63035436099402,-0.184615153501669,
0.286956392679631));
#1499=CARTESIAN_POINT('Ctrl Pts',(-0.474286991889695,-0.106757438454306,
0.296739015715228));
#1500=CARTESIAN_POINT('Ctrl Pts',(-0.45262208959291,0.0662891082149642,
0.306521638750824));
#1501=CARTESIAN_POINT('Ctrl Pts',(-0.584644879003064,0.180239424634682,
0.316304261786421));
#1502=CARTESIAN_POINT('Ctrl Pts',(-0.752696172196733,0.133442221466908,
0.326086884822017));
#1503=CARTESIAN_POINT('Ctrl Pts',(-0.806794183462119,-0.0322915233824198,
0.335869507857614));
#1504=CARTESIAN_POINT('Ctrl Pts',(-0.698956258633794,-0.169338081537324,
0.34565213089321));
#1505=CARTESIAN_POINT('Ctrl Pts',(-0.524830345307334,-0.15517074667656,
0.355434753928807));
#1506=CARTESIAN_POINT('Ctrl Pts',(-0.45477073656649,-0.0284425850018506,
0.363586939791804));
#1507=CARTESIAN_POINT('Ctrl Pts',(-0.480008980889733,0.0750079597499039,
0.370108688482202));
#1508=CARTESIAN_POINT('Ctrl Pts',(-0.51480701762429,0.114755104598495,0.373369562827401));
#1509=CARTESIAN_POINT('Ctrl Pts',(-0.536007363271924,0.129341836264159,
0.375));
#1510=CARTESIAN_POINT('Ctrl Pts',(-0.468234884619065,-3.05916987320105E-5,
0.115369724175508));
#1511=CARTESIAN_POINT('Ctrl Pts',(-0.468285821352885,0.0278569008735524,
0.117130416475168));
#1512=CARTESIAN_POINT('Ctrl Pts',(-0.475396959730881,0.055768667964717,
0.118891108774829));
#1513=CARTESIAN_POINT('Ctrl Pts',(-0.489409089230816,0.0796285013456513,
0.120651801074489));
#1514=CARTESIAN_POINT('Ctrl Pts',(-0.515360127704013,0.123817891262118,
0.123912675419688));
#1515=CARTESIAN_POINT('Ctrl Pts',(-0.564981951513089,0.154108922036353,
0.127173549764887));
#1516=CARTESIAN_POINT('Ctrl Pts',(-0.616147935800892,0.156994282097388,
0.130434424110086));
#1517=CARTESIAN_POINT('Ctrl Pts',(-0.667313920088694,0.159879642158423,
0.133695298455284));
#1518=CARTESIAN_POINT('Ctrl Pts',(-0.720024064855223,0.135359331506259,
0.136956172800483));
#1519=CARTESIAN_POINT('Ctrl Pts',(-0.750778828938845,0.0943667862420064,
0.140217047145682));
#1520=CARTESIAN_POINT('Ctrl Pts',(-0.781533593022466,0.0533742409777534,
0.143477921490881));
#1521=CARTESIAN_POINT('Ctrl Pts',(-0.79033297642318,-0.00409053889858826,
0.14673879583608));
#1522=CARTESIAN_POINT('Ctrl Pts',(-0.773253075926322,-0.0524073176448667,
0.149999670181279));
#1523=CARTESIAN_POINT('Ctrl Pts',(-0.756173175429464,-0.100724096391145,
0.153260544526478));
#1524=CARTESIAN_POINT('Ctrl Pts',(-0.713213991035036,-0.13989287400736,
0.156521418871677));
#1525=CARTESIAN_POINT('Ctrl Pts',(-0.663529283925781,-0.152449932954857,
0.159782293216875));
#1526=CARTESIAN_POINT('Ctrl Pts',(-0.613844576816526,-0.165006991902354,
0.163043167562074));
#1527=CARTESIAN_POINT('Ctrl Pts',(-0.557434346992445,-0.150952332181133,
0.166304041907273));
#1528=CARTESIAN_POINT('Ctrl Pts',(-0.519448998530405,-0.116552376721917,
0.169564916252472));
#1529=CARTESIAN_POINT('Ctrl Pts',(-0.487201919018196,-0.0873490616590491,
0.172333185560151));
#1530=CARTESIAN_POINT('Ctrl Pts',(-0.468233468823419,-0.0434830936786467,
0.175101454867829));
#1531=CARTESIAN_POINT('Ctrl Pts',(-0.467879412897673,0.000112143265066549,
0.177869724175508));
#1532=CARTESIAN_POINT('Ctrl Pts',(-0.532267858183853,-0.162963185640776,
0.0599999999999999));
#1533=CARTESIAN_POINT('Ctrl Pts',(-0.522101159681321,-0.155873026442998,
0.0599999999999999));
#1534=CARTESIAN_POINT('Ctrl Pts',(-0.512731109779802,-0.147793398258628,
0.0599999999999999));
#1535=CARTESIAN_POINT('Ctrl Pts',(-0.504250749272853,-0.138866099651066,
0.0599999999999999));
#1536=CARTESIAN_POINT('Ctrl Pts',(-0.497152711473187,-0.131393975923137,
0.0599999999999999));
#1537=CARTESIAN_POINT('Ctrl Pts',(-0.490678286439789,-0.1233267643079,0.0599999999999999));
#1538=CARTESIAN_POINT('Ctrl Pts',(-0.484906358096121,-0.114734270148318,
0.0599999999999999));
#1539=CARTESIAN_POINT('Ctrl Pts',(-0.482902748092691,-0.111751556880327,
0.0599999999999999));
#1540=CARTESIAN_POINT('Ctrl Pts',(-0.480984514611252,-0.108705761289522,
0.0599999999999999));
#1541=CARTESIAN_POINT('Ctrl Pts',(-0.479161741738072,-0.105611662464702,
0.0599999999999999));
#1542=CARTESIAN_POINT('Ctrl Pts',(-0.477184864530123,-0.102255976445929,
0.0599999999999999));
#1543=CARTESIAN_POINT('Ctrl Pts',(-0.47531788049605,-0.0988400563013472,
0.06));
#1544=CARTESIAN_POINT('Ctrl Pts',(-0.473564163417918,-0.0953680717244628,
0.06));
#1545=CARTESIAN_POINT('Ctrl Pts',(-0.468189028311415,-0.0847264543158409,
0.06));
#1546=CARTESIAN_POINT('Ctrl Pts',(-0.463874138518294,-0.073558396511965,
0.0599999999999999));
#1547=CARTESIAN_POINT('Ctrl Pts',(-0.460716306947927,-0.0620459031780393,
0.0599999999999999));
#1548=CARTESIAN_POINT('Ctrl Pts',(-0.459505645231671,-0.0576321988282494,
0.0599999999999999));
#1549=CARTESIAN_POINT('Ctrl Pts',(-0.458465588684558,-0.053167846979271,
0.06));
#1550=CARTESIAN_POINT('Ctrl Pts',(-0.457603684058141,-0.0486633536980024,
0.06));
#1551=CARTESIAN_POINT('Ctrl Pts',(-0.456933861822554,-0.0451627230396081,
0.06));
#1552=CARTESIAN_POINT('Ctrl Pts',(-0.456373488831771,-0.0416472324690246,
0.0599999999999999));
#1553=CARTESIAN_POINT('Ctrl Pts',(-0.45592492286857,-0.0381236599454254,
0.0599999999999999));
#1554=CARTESIAN_POINT('Ctrl Pts',(-0.454817440612743,-0.0294241723178605,
0.0599999999999999));
#1555=CARTESIAN_POINT('Ctrl Pts',(-0.454389554325862,-0.0206715410063243,
0.0599999999999999));
#1556=CARTESIAN_POINT('Ctrl Pts',(-0.454683553135721,-0.0119406459327542,
0.0599999999999999));
#1557=CARTESIAN_POINT('Ctrl Pts',(-0.4549478737441,-0.0040911056619927,
0.0599999999999999));
#1558=CARTESIAN_POINT('Ctrl Pts',(-0.455796136052002,0.00374106926115023,
0.0599999999999999));
#1559=CARTESIAN_POINT('Ctrl Pts',(-0.457204504770116,0.0115009578980993,
0.0599999999999999));
#1560=CARTESIAN_POINT('Ctrl Pts',(-0.458020755511728,0.0159983702399652,
0.0599999999999999));
#1561=CARTESIAN_POINT('Ctrl Pts',(-0.459026437339901,0.0204739679452822,
0.0599999999999999));
#1562=CARTESIAN_POINT('Ctrl Pts',(-0.460210846702214,0.0248936017239373,
0.0599999999999999));
#1563=CARTESIAN_POINT('Ctrl Pts',(-0.462204844562588,0.0323342219847131,
0.0599999999999999));
#1564=CARTESIAN_POINT('Ctrl Pts',(-0.464706759585054,0.0396305741150588,
0.0599999999999999));
#1565=CARTESIAN_POINT('Ctrl Pts',(-0.467690255849287,0.0467309459822112,
0.0599999999999999));
#1566=CARTESIAN_POINT('Ctrl Pts',(-0.470003959501126,0.0522372898363623,
0.06));
#1567=CARTESIAN_POINT('Ctrl Pts',(-0.47260750728627,0.0576257176652014,
0.06));
#1568=CARTESIAN_POINT('Ctrl Pts',(-0.475491787091064,0.0628690749213808,
0.06));
#1569=CARTESIAN_POINT('Ctrl Pts',(-0.477347471503331,0.0662425396982967,
0.06));
#1570=CARTESIAN_POINT('Ctrl Pts',(-0.479317681614771,0.0695523121000203,
0.0599999999999999));
#1571=CARTESIAN_POINT('Ctrl Pts',(-0.481394314225957,0.0727834982078903,
0.0599999999999999));
#1572=CARTESIAN_POINT('Ctrl Pts',(-0.487316827285959,0.0819987738517694,
0.0599999999999999));
#1573=CARTESIAN_POINT('Ctrl Pts',(-0.494114020673866,0.0905984656148416,
0.06));
#1574=CARTESIAN_POINT('Ctrl Pts',(-0.501725596378936,0.0984089664752253,
0.06));
#1575=CARTESIAN_POINT('Ctrl Pts',(-0.503344174422414,0.100069845338029,
0.06));
#1576=CARTESIAN_POINT('Ctrl Pts',(-0.504999668772716,0.101694875183968,
0.06));
#1577=CARTESIAN_POINT('Ctrl Pts',(-0.506691630213195,0.103282101108482,
0.06));
#1578=CARTESIAN_POINT('Origin',(-0.625,0.,0.422167558593664));
#1579=CARTESIAN_POINT('',(-0.624589168798189,5.03123116287586E-20,0.469088264897091));
#1580=CARTESIAN_POINT('',(-0.5465,9.61347737330672E-18,0.422167558593664));
#1581=CARTESIAN_POINT('',(-0.625410831201811,5.03123116287593E-20,0.469088264897091));
#1582=CARTESIAN_POINT('Origin',(-0.625,0.,0.469088264897091));
#1583=CARTESIAN_POINT('Origin',(-0.625,0.,0.469088264897091));
#1584=CARTESIAN_POINT('Origin',(-0.625,0.,0.06));
#1585=CARTESIAN_POINT('',(-0.43,2.38806125833734E-17,0.06));
#1586=CARTESIAN_POINT('Origin',(-0.625,0.,0.06));
#1587=CARTESIAN_POINT('Origin',(-0.625,0.,0.03));
#1588=CARTESIAN_POINT('',(-0.43,2.38806125833734E-17,0.));
#1589=CARTESIAN_POINT('Origin',(-0.625,0.,0.));
#1590=CARTESIAN_POINT('',(-0.43,2.38806125833734E-17,0.03));
#1591=CARTESIAN_POINT('Origin',(-0.625,0.,0.1875));
#1592=CARTESIAN_POINT('Origin',(-0.625,0.,0.1));
#1593=CARTESIAN_POINT('',(-1.25,-7.65404249467096E-17,0.1));
#1594=CARTESIAN_POINT('Origin',(-0.625,0.,0.1));
#1595=CARTESIAN_POINT('',(-1.15,-6.4293956955236E-17,0.));
#1596=CARTESIAN_POINT('Origin',(-1.15,-6.4293956955236E-17,0.1));
#1597=CARTESIAN_POINT('Origin',(-0.625,0.,0.));
#1598=CARTESIAN_POINT('Origin',(-0.625,0.,0.1135));
#1599=CARTESIAN_POINT('',(-1.25,-7.65404249467096E-17,0.227));
#1600=CARTESIAN_POINT('Origin',(-0.625,0.,0.227));
#1601=CARTESIAN_POINT('',(-1.25,-7.65404249467096E-17,0.1135));
#1602=CARTESIAN_POINT('Origin',(0.,0.,0.));
#1603=CARTESIAN_POINT('Origin',(-0.1925,0.,0.227));
#1604=CARTESIAN_POINT('',(-1.0575,-5.2965974063123E-17,0.227));
#1605=CARTESIAN_POINT('Origin',(-0.625,0.,0.227));
#1606=CARTESIAN_POINT('Origin',(-0.625,0.,0.3185));
#1607=CARTESIAN_POINT('',(-1.0575,-5.2965974063123E-17,0.41));
#1608=CARTESIAN_POINT('Origin',(-0.625,0.,0.41));
#1609=CARTESIAN_POINT('',(-1.0575,-5.2965974063123E-17,0.3185));
#1610=CARTESIAN_POINT('Origin',(-0.369589168798189,0.,0.41));
#1611=CARTESIAN_POINT('',(-0.880410831201811,-3.12788056898863E-17,0.41));
#1612=CARTESIAN_POINT('Origin',(-0.625,0.,0.41));
#1613=CARTESIAN_POINT('Origin',(-0.625,0.,0.4725));
#1614=CARTESIAN_POINT('',(-0.880410831201811,-3.12788056898863E-17,0.535));
#1615=CARTESIAN_POINT('Origin',(-0.625,0.,0.535));
#1616=CARTESIAN_POINT('',(-0.880410831201811,-3.12788056898863E-17,0.4725));
#1617=CARTESIAN_POINT('Origin',(-0.625,0.,0.62));
#1618=CARTESIAN_POINT('',(-1.0575,-5.2965974063123E-17,0.705));
#1619=CARTESIAN_POINT('Origin',(-0.625,0.,0.705));
#1620=CARTESIAN_POINT('',(-0.968955415600905,-4.21223898765046E-17,0.62));
#1621=CARTESIAN_POINT('Origin',(-0.625,0.,0.745));
#1622=CARTESIAN_POINT('',(-1.0575,-5.2965974063123E-17,0.785));
#1623=CARTESIAN_POINT('Origin',(-0.625,0.,0.785));
#1624=CARTESIAN_POINT('',(-1.0575,-5.2965974063123E-17,0.745));
#1625=CARTESIAN_POINT('Origin',(-0.251998240298849,0.,0.785));
#1626=CARTESIAN_POINT('',(-0.998001759701151,-4.56795411094344E-17,0.785));
#1627=CARTESIAN_POINT('Origin',(-0.625,0.,0.785));
#1628=CARTESIAN_POINT('Ctrl Pts',(-0.625410831201811,0.,0.517));
#1629=CARTESIAN_POINT('Ctrl Pts',(-0.625410831201811,-0.000410831201810999,
0.517));
#1630=CARTESIAN_POINT('Ctrl Pts',(-0.625,-0.000410831201810999,0.517));
#1631=CARTESIAN_POINT('Ctrl Pts',(-0.624589168798189,-0.000410831201810999,
0.517));
#1632=CARTESIAN_POINT('Ctrl Pts',(-0.624589168798189,0.,0.517));
#1633=CARTESIAN_POINT('Ctrl Pts',(-0.624589168798189,0.000410831201810999,
0.517));
#1634=CARTESIAN_POINT('Ctrl Pts',(-0.625,0.000410831201810999,0.517));
#1635=CARTESIAN_POINT('Ctrl Pts',(-0.625410831201811,0.000410831201810999,
0.517));
#1636=CARTESIAN_POINT('Ctrl Pts',(-0.625410831201811,0.,0.517));
#1637=CARTESIAN_POINT('Ctrl Pts',(-0.908090821356715,0.,0.517));
#1638=CARTESIAN_POINT('Ctrl Pts',(-0.908090821356715,-0.283090821356715,
0.517));
#1639=CARTESIAN_POINT('Ctrl Pts',(-0.625,-0.283090821356715,0.517));
#1640=CARTESIAN_POINT('Ctrl Pts',(-0.341909178643285,-0.283090821356715,
0.517));
#1641=CARTESIAN_POINT('Ctrl Pts',(-0.341909178643285,0.,0.517));
#1642=CARTESIAN_POINT('Ctrl Pts',(-0.341909178643285,0.283090821356715,
0.517));
#1643=CARTESIAN_POINT('Ctrl Pts',(-0.625,0.283090821356715,0.517));
#1644=CARTESIAN_POINT('Ctrl Pts',(-0.908090821356715,0.283090821356715,
0.517));
#1645=CARTESIAN_POINT('Ctrl Pts',(-0.908090821356715,0.,0.517));
#1646=CARTESIAN_POINT('Ctrl Pts',(-0.998001759701151,0.,0.785));
#1647=CARTESIAN_POINT('Ctrl Pts',(-0.99800175970115,-0.373001759701151,
0.785));
#1648=CARTESIAN_POINT('Ctrl Pts',(-0.625,-0.373001759701151,0.785));
#1649=CARTESIAN_POINT('Ctrl Pts',(-0.251998240298849,-0.373001759701151,
0.785));
#1650=CARTESIAN_POINT('Ctrl Pts',(-0.251998240298849,0.,0.785));
#1651=CARTESIAN_POINT('Ctrl Pts',(-0.251998240298849,0.373001759701151,
0.785));
#1652=CARTESIAN_POINT('Ctrl Pts',(-0.625,0.373001759701151,0.785));
#1653=CARTESIAN_POINT('Ctrl Pts',(-0.99800175970115,0.373001759701151,0.785));
#1654=CARTESIAN_POINT('Ctrl Pts',(-0.998001759701151,0.,0.785));
#1655=CARTESIAN_POINT('',(-0.625410831201811,-5.031231162877E-20,0.517));
#1656=CARTESIAN_POINT('Origin',(-0.625410831201811,-5.03123116287593E-20,
0.91));
#1657=CARTESIAN_POINT('Origin',(-0.625,0.,0.517));
#1658=CARTESIAN_POINT('Origin',(-0.625,0.,0.4635));
#1659=CARTESIAN_POINT('',(-0.625410831201811,-5.03123116287593E-20,0.4635));
#1660=UNCERTAINTY_MEASURE_WITH_UNIT(LENGTH_MEASURE(0.000393700787401575),
#1665,'DISTANCE_ACCURACY_VALUE',
'Maximum model space distance between geometric entities at asserted c
onnectivities');
#1661=UNCERTAINTY_MEASURE_WITH_UNIT(LENGTH_MEASURE(0.000393700787401575),
#1665,'DISTANCE_ACCURACY_VALUE',
'Maximum model space distance between geometric entities at asserted c
onnectivities');
#1662=(
GEOMETRIC_REPRESENTATION_CONTEXT(3)
GLOBAL_UNCERTAINTY_ASSIGNED_CONTEXT((#1660))
GLOBAL_UNIT_ASSIGNED_CONTEXT((#1665,#1669,#1670))
REPRESENTATION_CONTEXT('','3D')
);
#1663=(
GEOMETRIC_REPRESENTATION_CONTEXT(3)
GLOBAL_UNCERTAINTY_ASSIGNED_CONTEXT((#1661))
GLOBAL_UNIT_ASSIGNED_CONTEXT((#1665,#1669,#1670))
REPRESENTATION_CONTEXT('','3D')
);
#1664=DIMENSIONAL_EXPONENTS(1.,0.,0.,0.,0.,0.,0.);
#1665=(
CONVERSION_BASED_UNIT('inch',#1668)
LENGTH_UNIT()
NAMED_UNIT(#1664)
);
#1666=(
LENGTH_UNIT()
NAMED_UNIT(*)
SI_UNIT(.MILLI.,.METRE.)
);
#1667=(
LENGTH_UNIT()
NAMED_UNIT(*)
SI_UNIT($,.METRE.)
);
#1668=LENGTH_MEASURE_WITH_UNIT(LENGTH_MEASURE(25.4),#1666);
#1669=(
NAMED_UNIT(*)
PLANE_ANGLE_UNIT()
SI_UNIT($,.RADIAN.)
);
#1670=(
NAMED_UNIT(*)
SI_UNIT($,.STERADIAN.)
SOLID_ANGLE_UNIT()
);
#1671=SHAPE_DEFINITION_REPRESENTATION(#1672,#1673);
#1672=PRODUCT_DEFINITION_SHAPE('',$,#1675);
#1673=SHAPE_REPRESENTATION('',(#496),#1662);
#1674=PRODUCT_DEFINITION_CONTEXT('part definition',#1679,'design');
#1675=PRODUCT_DEFINITION('Base','Base',#1676,#1674);
#1676=PRODUCT_DEFINITION_FORMATION('',$,#1681);
#1677=PRODUCT_RELATED_PRODUCT_CATEGORY('Base','Base',(#1681));
#1678=APPLICATION_PROTOCOL_DEFINITION('international standard',
'automotive_design',2009,#1679);
#1679=APPLICATION_CONTEXT(
'Core Data for Automotive Mechanical Design Process');
#1680=PRODUCT_CONTEXT('part definition',#1679,'mechanical');
#1681=PRODUCT('Base','Base',$,(#1680));
#1682=PRESENTATION_STYLE_ASSIGNMENT((#1683));
#1683=SURFACE_STYLE_USAGE(.BOTH.,#1684);
#1684=SURFACE_SIDE_STYLE('',(#1685));
#1685=SURFACE_STYLE_FILL_AREA(#1686);
#1686=FILL_AREA_STYLE('Steel - Satin',(#1687));
#1687=FILL_AREA_STYLE_COLOUR('Steel - Satin',#1688);
#1688=COLOUR_RGB('Steel - Satin',0.627450980392157,0.627450980392157,0.627450980392157);
ENDSEC;
END-ISO-10303-21;
